market_slug,event_slug,city,target_date,first_seen_utc,max_ask,last_ask,last_scan_utc
highest-temperature-in-london-on-july-24-2026-24corbelow,highest-temperature-in-london-on-july-24-2026,london,2026-07-24,2026-07-22T04:04:45Z,0.03,0.001,2026-07-24T23:45:24Z
highest-temperature-in-london-on-july-24-2026-25c,highest-temperature-in-london-on-july-24-2026,london,2026-07-24,2026-07-22T04:04:45Z,0.37,0.001,2026-07-24T23:45:24Z
highest-temperature-in-london-on-july-24-2026-26c,highest-temperature-in-london-on-july-24-2026,london,2026-07-24,2026-07-22T04:04:45Z,0.37,0.001,2026-07-24T23:45:24Z
highest-temperature-in-london-on-july-24-2026-27c,highest-temperature-in-london-on-july-24-2026,london,2026-07-24,2026-07-22T04:04:45Z,0.4,0.001,2026-07-24T23:45:24Z
highest-temperature-in-london-on-july-24-2026-28c,highest-temperature-in-london-on-july-24-2026,london,2026-07-24,2026-07-22T04:04:45Z,1.0,1.0,2026-07-25T00:11:58Z
highest-temperature-in-london-on-july-24-2026-29c,highest-temperature-in-london-on-july-24-2026,london,2026-07-24,2026-07-22T04:04:45Z,0.44,0.001,2026-07-24T23:45:24Z
highest-temperature-in-london-on-july-24-2026-30c,highest-temperature-in-london-on-july-24-2026,london,2026-07-24,2026-07-22T04:04:45Z,0.37,0.001,2026-07-24T23:45:24Z
highest-temperature-in-london-on-july-24-2026-31c,highest-temperature-in-london-on-july-24-2026,london,2026-07-24,2026-07-22T04:04:45Z,0.37,0.001,2026-07-24T23:45:24Z
highest-temperature-in-london-on-july-24-2026-32c,highest-temperature-in-london-on-july-24-2026,london,2026-07-24,2026-07-22T04:04:45Z,0.37,0.001,2026-07-24T23:45:24Z
highest-temperature-in-london-on-july-24-2026-33c,highest-temperature-in-london-on-july-24-2026,london,2026-07-24,2026-07-22T04:04:45Z,0.37,0.001,2026-07-24T23:45:24Z
highest-temperature-in-london-on-july-24-2026-34corhigher,highest-temperature-in-london-on-july-24-2026,london,2026-07-24,2026-07-22T04:04:45Z,0.37,0.001,2026-07-24T23:45:24Z
highest-temperature-in-paris-on-july-24-2026-24corbelow,highest-temperature-in-paris-on-july-24-2026,paris,2026-07-24,2026-07-22T04:04:45Z,0.02,0.001,2026-07-24T22:24:41Z
highest-temperature-in-paris-on-july-24-2026-25c,highest-temperature-in-paris-on-july-24-2026,paris,2026-07-24,2026-07-22T04:04:45Z,0.03,0.001,2026-07-24T22:24:41Z
highest-temperature-in-paris-on-july-24-2026-26c,highest-temperature-in-paris-on-july-24-2026,paris,2026-07-24,2026-07-22T04:04:45Z,0.37,0.001,2026-07-24T22:24:41Z
highest-temperature-in-paris-on-july-24-2026-27c,highest-temperature-in-paris-on-july-24-2026,paris,2026-07-24,2026-07-22T04:04:45Z,0.5,0.001,2026-07-24T22:24:41Z
highest-temperature-in-paris-on-july-24-2026-28c,highest-temperature-in-paris-on-july-24-2026,paris,2026-07-24,2026-07-22T04:04:45Z,1.0,1.0,2026-07-24T22:26:45Z
highest-temperature-in-paris-on-july-24-2026-29c,highest-temperature-in-paris-on-july-24-2026,paris,2026-07-24,2026-07-22T04:04:45Z,0.37,0.001,2026-07-24T22:24:41Z
highest-temperature-in-paris-on-july-24-2026-30c,highest-temperature-in-paris-on-july-24-2026,paris,2026-07-24,2026-07-22T04:04:45Z,0.37,0.001,2026-07-24T22:24:41Z
highest-temperature-in-paris-on-july-24-2026-31c,highest-temperature-in-paris-on-july-24-2026,paris,2026-07-24,2026-07-22T04:04:45Z,0.07,0.001,2026-07-24T22:24:41Z
highest-temperature-in-paris-on-july-24-2026-32c,highest-temperature-in-paris-on-july-24-2026,paris,2026-07-24,2026-07-22T04:04:45Z,0.07,0.001,2026-07-24T22:24:41Z
highest-temperature-in-paris-on-july-24-2026-33c,highest-temperature-in-paris-on-july-24-2026,paris,2026-07-24,2026-07-22T04:04:45Z,0.07,0.001,2026-07-24T22:24:41Z
highest-temperature-in-paris-on-july-24-2026-34corhigher,highest-temperature-in-paris-on-july-24-2026,paris,2026-07-24,2026-07-22T04:04:45Z,0.07,0.001,2026-07-24T22:24:41Z
highest-temperature-in-seoul-on-july-24-2026-22corbelow,highest-temperature-in-seoul-on-july-24-2026,seoul,2026-07-24,2026-07-22T04:04:45Z,0.37,0.001,2026-07-24T15:21:20Z
highest-temperature-in-seoul-on-july-24-2026-23c,highest-temperature-in-seoul-on-july-24-2026,seoul,2026-07-24,2026-07-22T04:04:45Z,0.37,0.001,2026-07-24T15:21:20Z
highest-temperature-in-seoul-on-july-24-2026-24c,highest-temperature-in-seoul-on-july-24-2026,seoul,2026-07-24,2026-07-22T04:04:45Z,0.37,0.001,2026-07-24T15:21:20Z
highest-temperature-in-seoul-on-july-24-2026-25c,highest-temperature-in-seoul-on-july-24-2026,seoul,2026-07-24,2026-07-22T04:04:45Z,0.37,0.001,2026-07-24T15:21:20Z
highest-temperature-in-seoul-on-july-24-2026-26c,highest-temperature-in-seoul-on-july-24-2026,seoul,2026-07-24,2026-07-22T04:04:45Z,0.053,0.001,2026-07-24T15:21:20Z
highest-temperature-in-seoul-on-july-24-2026-27c,highest-temperature-in-seoul-on-july-24-2026,seoul,2026-07-24,2026-07-22T04:04:45Z,0.37,0.001,2026-07-24T15:21:20Z
highest-temperature-in-seoul-on-july-24-2026-28c,highest-temperature-in-seoul-on-july-24-2026,seoul,2026-07-24,2026-07-22T04:04:45Z,0.37,0.001,2026-07-24T15:21:20Z
highest-temperature-in-seoul-on-july-24-2026-29c,highest-temperature-in-seoul-on-july-24-2026,seoul,2026-07-24,2026-07-22T04:04:45Z,0.45,0.001,2026-07-24T15:21:20Z
highest-temperature-in-seoul-on-july-24-2026-30c,highest-temperature-in-seoul-on-july-24-2026,seoul,2026-07-24,2026-07-22T04:04:45Z,0.51,0.001,2026-07-24T15:21:20Z
highest-temperature-in-seoul-on-july-24-2026-31c,highest-temperature-in-seoul-on-july-24-2026,seoul,2026-07-24,2026-07-22T04:04:45Z,1.0,1.0,2026-07-24T15:41:24Z
highest-temperature-in-seoul-on-july-24-2026-32corhigher,highest-temperature-in-seoul-on-july-24-2026,seoul,2026-07-24,2026-07-22T04:04:45Z,0.587,0.001,2026-07-24T15:21:20Z
highest-temperature-in-ankara-on-july-24-2026-24corbelow,highest-temperature-in-ankara-on-july-24-2026,ankara,2026-07-24,2026-07-22T04:04:45Z,0.03,0.001,2026-07-24T21:44:21Z
highest-temperature-in-ankara-on-july-24-2026-25c,highest-temperature-in-ankara-on-july-24-2026,ankara,2026-07-24,2026-07-22T04:04:45Z,0.94,0.001,2026-07-24T21:44:21Z
highest-temperature-in-ankara-on-july-24-2026-26c,highest-temperature-in-ankara-on-july-24-2026,ankara,2026-07-24,2026-07-22T04:04:45Z,1.0,1.0,2026-07-24T21:54:28Z
highest-temperature-in-ankara-on-july-24-2026-27c,highest-temperature-in-ankara-on-july-24-2026,ankara,2026-07-24,2026-07-22T04:04:45Z,0.94,0.001,2026-07-24T21:44:21Z
highest-temperature-in-ankara-on-july-24-2026-28c,highest-temperature-in-ankara-on-july-24-2026,ankara,2026-07-24,2026-07-22T04:04:45Z,0.94,0.001,2026-07-24T21:44:21Z
highest-temperature-in-ankara-on-july-24-2026-29c,highest-temperature-in-ankara-on-july-24-2026,ankara,2026-07-24,2026-07-22T04:04:45Z,0.94,0.001,2026-07-24T21:44:21Z
highest-temperature-in-ankara-on-july-24-2026-30c,highest-temperature-in-ankara-on-july-24-2026,ankara,2026-07-24,2026-07-22T04:04:45Z,0.24,0.001,2026-07-24T21:44:21Z
highest-temperature-in-ankara-on-july-24-2026-31c,highest-temperature-in-ankara-on-july-24-2026,ankara,2026-07-24,2026-07-22T04:04:45Z,0.15,0.001,2026-07-24T21:44:21Z
highest-temperature-in-ankara-on-july-24-2026-32c,highest-temperature-in-ankara-on-july-24-2026,ankara,2026-07-24,2026-07-22T04:04:45Z,0.07,0.001,2026-07-24T21:44:21Z
highest-temperature-in-ankara-on-july-24-2026-33c,highest-temperature-in-ankara-on-july-24-2026,ankara,2026-07-24,2026-07-22T04:04:45Z,0.07,0.001,2026-07-24T21:44:21Z
highest-temperature-in-ankara-on-july-24-2026-34corhigher,highest-temperature-in-ankara-on-july-24-2026,ankara,2026-07-24,2026-07-22T04:04:45Z,0.07,0.001,2026-07-24T21:44:21Z
highest-temperature-in-wellington-on-july-24-2026-8corbelow,highest-temperature-in-wellington-on-july-24-2026,wellington,2026-07-24,2026-07-22T04:04:45Z,0.07,0.001,2026-07-24T12:25:20Z
highest-temperature-in-wellington-on-july-24-2026-9c,highest-temperature-in-wellington-on-july-24-2026,wellington,2026-07-24,2026-07-22T04:04:45Z,0.07,0.001,2026-07-24T12:25:20Z
highest-temperature-in-wellington-on-july-24-2026-10c,highest-temperature-in-wellington-on-july-24-2026,wellington,2026-07-24,2026-07-22T04:04:45Z,0.37,0.001,2026-07-24T12:25:20Z
highest-temperature-in-wellington-on-july-24-2026-11c,highest-temperature-in-wellington-on-july-24-2026,wellington,2026-07-24,2026-07-22T04:04:45Z,0.37,0.001,2026-07-24T12:25:20Z
highest-temperature-in-wellington-on-july-24-2026-12c,highest-temperature-in-wellington-on-july-24-2026,wellington,2026-07-24,2026-07-22T04:04:45Z,0.37,0.001,2026-07-24T12:25:20Z
highest-temperature-in-wellington-on-july-24-2026-13c,highest-temperature-in-wellington-on-july-24-2026,wellington,2026-07-24,2026-07-22T04:04:45Z,0.833,0.001,2026-07-24T12:25:20Z
highest-temperature-in-wellington-on-july-24-2026-14c,highest-temperature-in-wellington-on-july-24-2026,wellington,2026-07-24,2026-07-22T04:04:45Z,1.0,1.0,2026-07-24T12:45:53Z
highest-temperature-in-wellington-on-july-24-2026-15c,highest-temperature-in-wellington-on-july-24-2026,wellington,2026-07-24,2026-07-22T04:04:45Z,0.26,0.001,2026-07-24T12:30:18Z
highest-temperature-in-wellington-on-july-24-2026-16c,highest-temperature-in-wellington-on-july-24-2026,wellington,2026-07-24,2026-07-22T04:04:45Z,0.19,0.001,2026-07-24T12:25:20Z
highest-temperature-in-wellington-on-july-24-2026-17c,highest-temperature-in-wellington-on-july-24-2026,wellington,2026-07-24,2026-07-22T04:04:45Z,0.07,0.001,2026-07-24T12:25:20Z
highest-temperature-in-wellington-on-july-24-2026-18corhigher,highest-temperature-in-wellington-on-july-24-2026,wellington,2026-07-24,2026-07-22T04:04:45Z,0.07,0.001,2026-07-24T12:30:18Z
highest-temperature-in-lucknow-on-july-24-2026-27corbelow,highest-temperature-in-lucknow-on-july-24-2026,lucknow,2026-07-24,2026-07-22T04:04:45Z,0.07,0.001,2026-07-24T18:52:44Z
highest-temperature-in-lucknow-on-july-24-2026-28c,highest-temperature-in-lucknow-on-july-24-2026,lucknow,2026-07-24,2026-07-22T04:04:45Z,0.07,0.001,2026-07-24T18:52:44Z
highest-temperature-in-lucknow-on-july-24-2026-29c,highest-temperature-in-lucknow-on-july-24-2026,lucknow,2026-07-24,2026-07-22T04:04:45Z,0.2,0.001,2026-07-24T18:52:44Z
highest-temperature-in-lucknow-on-july-24-2026-30c,highest-temperature-in-lucknow-on-july-24-2026,lucknow,2026-07-24,2026-07-22T04:04:45Z,0.99,0.001,2026-07-24T18:52:44Z
highest-temperature-in-lucknow-on-july-24-2026-31c,highest-temperature-in-lucknow-on-july-24-2026,lucknow,2026-07-24,2026-07-22T04:04:45Z,0.99,0.001,2026-07-24T18:52:44Z
highest-temperature-in-lucknow-on-july-24-2026-32c,highest-temperature-in-lucknow-on-july-24-2026,lucknow,2026-07-24,2026-07-22T04:04:45Z,1.0,1.0,2026-07-24T18:57:56Z
highest-temperature-in-lucknow-on-july-24-2026-33c,highest-temperature-in-lucknow-on-july-24-2026,lucknow,2026-07-24,2026-07-22T04:04:45Z,0.99,0.001,2026-07-24T18:52:44Z
highest-temperature-in-lucknow-on-july-24-2026-34c,highest-temperature-in-lucknow-on-july-24-2026,lucknow,2026-07-24,2026-07-22T04:04:45Z,0.99,0.001,2026-07-24T18:52:44Z
highest-temperature-in-lucknow-on-july-24-2026-35c,highest-temperature-in-lucknow-on-july-24-2026,lucknow,2026-07-24,2026-07-22T04:04:45Z,0.199,0.001,2026-07-24T18:52:44Z
highest-temperature-in-lucknow-on-july-24-2026-36c,highest-temperature-in-lucknow-on-july-24-2026,lucknow,2026-07-24,2026-07-22T04:04:45Z,0.1,0.001,2026-07-24T18:52:44Z
highest-temperature-in-lucknow-on-july-24-2026-37corhigher,highest-temperature-in-lucknow-on-july-24-2026,lucknow,2026-07-24,2026-07-22T04:04:45Z,0.07,0.001,2026-07-24T18:52:44Z
highest-temperature-in-munich-on-july-24-2026-20corbelow,highest-temperature-in-munich-on-july-24-2026,munich,2026-07-24,2026-07-22T04:04:45Z,1.0,0.001,2026-07-24T22:44:53Z
highest-temperature-in-munich-on-july-24-2026-21c,highest-temperature-in-munich-on-july-24-2026,munich,2026-07-24,2026-07-22T04:04:45Z,1.0,0.001,2026-07-24T22:44:53Z
highest-temperature-in-munich-on-july-24-2026-22c,highest-temperature-in-munich-on-july-24-2026,munich,2026-07-24,2026-07-22T04:04:45Z,1.0,0.001,2026-07-24T22:44:53Z
highest-temperature-in-munich-on-july-24-2026-23c,highest-temperature-in-munich-on-july-24-2026,munich,2026-07-24,2026-07-22T04:04:45Z,1.0,0.001,2026-07-24T22:44:53Z
highest-temperature-in-munich-on-july-24-2026-24c,highest-temperature-in-munich-on-july-24-2026,munich,2026-07-24,2026-07-22T04:04:45Z,1.0,0.001,2026-07-24T22:44:53Z
highest-temperature-in-munich-on-july-24-2026-25c,highest-temperature-in-munich-on-july-24-2026,munich,2026-07-24,2026-07-22T04:04:45Z,1.0,1.0,2026-07-24T23:35:25Z
highest-temperature-in-munich-on-july-24-2026-26c,highest-temperature-in-munich-on-july-24-2026,munich,2026-07-24,2026-07-22T04:04:45Z,1.0,0.001,2026-07-24T22:44:53Z
highest-temperature-in-munich-on-july-24-2026-27c,highest-temperature-in-munich-on-july-24-2026,munich,2026-07-24,2026-07-22T04:04:45Z,1.0,0.001,2026-07-24T22:44:53Z
highest-temperature-in-munich-on-july-24-2026-28c,highest-temperature-in-munich-on-july-24-2026,munich,2026-07-24,2026-07-22T04:04:45Z,1.0,0.001,2026-07-24T22:44:53Z
highest-temperature-in-munich-on-july-24-2026-29c,highest-temperature-in-munich-on-july-24-2026,munich,2026-07-24,2026-07-22T04:04:45Z,1.0,0.001,2026-07-24T22:44:53Z
highest-temperature-in-munich-on-july-24-2026-30corhigher,highest-temperature-in-munich-on-july-24-2026,munich,2026-07-24,2026-07-22T04:04:45Z,1.0,0.001,2026-07-24T22:44:53Z
highest-temperature-in-tel-aviv-on-july-24-2026-27corbelow,highest-temperature-in-tel-aviv-on-july-24-2026,tel-aviv,2026-07-24,2026-07-22T04:04:45Z,0.07,0.001,2026-07-24T21:44:21Z
highest-temperature-in-tel-aviv-on-july-24-2026-28c,highest-temperature-in-tel-aviv-on-july-24-2026,tel-aviv,2026-07-24,2026-07-22T04:04:45Z,0.07,0.001,2026-07-24T21:44:21Z
highest-temperature-in-tel-aviv-on-july-24-2026-29c,highest-temperature-in-tel-aviv-on-july-24-2026,tel-aviv,2026-07-24,2026-07-22T04:04:45Z,0.16,0.001,2026-07-24T21:44:21Z
highest-temperature-in-tel-aviv-on-july-24-2026-30c,highest-temperature-in-tel-aviv-on-july-24-2026,tel-aviv,2026-07-24,2026-07-22T04:04:45Z,0.99,0.001,2026-07-24T21:44:21Z
highest-temperature-in-tel-aviv-on-july-24-2026-31c,highest-temperature-in-tel-aviv-on-july-24-2026,tel-aviv,2026-07-24,2026-07-22T04:04:45Z,0.99,0.001,2026-07-24T21:44:21Z
highest-temperature-in-tel-aviv-on-july-24-2026-32c,highest-temperature-in-tel-aviv-on-july-24-2026,tel-aviv,2026-07-24,2026-07-22T04:04:45Z,1.0,1.0,2026-07-24T21:49:16Z
highest-temperature-in-tel-aviv-on-july-24-2026-33c,highest-temperature-in-tel-aviv-on-july-24-2026,tel-aviv,2026-07-24,2026-07-22T04:04:45Z,0.99,0.001,2026-07-24T21:44:21Z
highest-temperature-in-tel-aviv-on-july-24-2026-34c,highest-temperature-in-tel-aviv-on-july-24-2026,tel-aviv,2026-07-24,2026-07-22T04:04:45Z,0.6,0.001,2026-07-24T21:44:21Z
highest-temperature-in-tel-aviv-on-july-24-2026-35c,highest-temperature-in-tel-aviv-on-july-24-2026,tel-aviv,2026-07-24,2026-07-22T04:04:45Z,0.126,0.001,2026-07-24T21:44:21Z
highest-temperature-in-tel-aviv-on-july-24-2026-36c,highest-temperature-in-tel-aviv-on-july-24-2026,tel-aviv,2026-07-24,2026-07-22T04:04:45Z,0.16,0.001,2026-07-24T21:44:21Z
highest-temperature-in-tel-aviv-on-july-24-2026-37corhigher,highest-temperature-in-tel-aviv-on-july-24-2026,tel-aviv,2026-07-24,2026-07-22T04:04:45Z,0.6,0.001,2026-07-24T21:44:21Z
highest-temperature-in-tokyo-on-july-24-2026-27corbelow,highest-temperature-in-tokyo-on-july-24-2026,tokyo,2026-07-24,2026-07-22T04:04:45Z,0.03,0.001,2026-07-24T15:26:12Z
highest-temperature-in-tokyo-on-july-24-2026-28c,highest-temperature-in-tokyo-on-july-24-2026,tokyo,2026-07-24,2026-07-22T04:04:45Z,0.98,0.001,2026-07-24T15:26:12Z
highest-temperature-in-tokyo-on-july-24-2026-29c,highest-temperature-in-tokyo-on-july-24-2026,tokyo,2026-07-24,2026-07-22T04:04:45Z,0.99,0.001,2026-07-24T15:26:12Z
highest-temperature-in-tokyo-on-july-24-2026-30c,highest-temperature-in-tokyo-on-july-24-2026,tokyo,2026-07-24,2026-07-22T04:04:45Z,0.99,0.001,2026-07-24T15:26:12Z
highest-temperature-in-tokyo-on-july-24-2026-31c,highest-temperature-in-tokyo-on-july-24-2026,tokyo,2026-07-24,2026-07-22T04:04:45Z,0.99,0.001,2026-07-24T15:26:12Z
highest-temperature-in-tokyo-on-july-24-2026-32c,highest-temperature-in-tokyo-on-july-24-2026,tokyo,2026-07-24,2026-07-22T04:04:45Z,0.99,0.001,2026-07-24T15:26:12Z
highest-temperature-in-tokyo-on-july-24-2026-33c,highest-temperature-in-tokyo-on-july-24-2026,tokyo,2026-07-24,2026-07-22T04:04:45Z,0.6,0.001,2026-07-24T15:26:12Z
highest-temperature-in-tokyo-on-july-24-2026-34c,highest-temperature-in-tokyo-on-july-24-2026,tokyo,2026-07-24,2026-07-22T04:04:45Z,1.0,1.0,2026-07-24T15:31:10Z
highest-temperature-in-tokyo-on-july-24-2026-35c,highest-temperature-in-tokyo-on-july-24-2026,tokyo,2026-07-24,2026-07-22T04:04:45Z,0.2,0.001,2026-07-24T15:26:12Z
highest-temperature-in-tokyo-on-july-24-2026-36c,highest-temperature-in-tokyo-on-july-24-2026,tokyo,2026-07-24,2026-07-22T04:04:45Z,0.15,0.001,2026-07-24T15:26:12Z
highest-temperature-in-tokyo-on-july-24-2026-37corhigher,highest-temperature-in-tokyo-on-july-24-2026,tokyo,2026-07-24,2026-07-22T04:04:45Z,0.07,0.001,2026-07-24T15:26:12Z
highest-temperature-in-hong-kong-on-july-24-2026-26corbelow,highest-temperature-in-hong-kong-on-july-24-2026,hong-kong,2026-07-24,2026-07-22T04:04:45Z,0.07,0.001,2026-07-27T02:51:18Z
highest-temperature-in-hong-kong-on-july-24-2026-27c,highest-temperature-in-hong-kong-on-july-24-2026,hong-kong,2026-07-24,2026-07-22T04:04:45Z,0.07,0.001,2026-07-27T02:51:18Z
highest-temperature-in-hong-kong-on-july-24-2026-28c,highest-temperature-in-hong-kong-on-july-24-2026,hong-kong,2026-07-24,2026-07-22T04:04:45Z,0.07,0.001,2026-07-27T02:51:18Z
highest-temperature-in-hong-kong-on-july-24-2026-29c,highest-temperature-in-hong-kong-on-july-24-2026,hong-kong,2026-07-24,2026-07-22T04:04:45Z,0.07,0.001,2026-07-27T02:51:18Z
highest-temperature-in-hong-kong-on-july-24-2026-30c,highest-temperature-in-hong-kong-on-july-24-2026,hong-kong,2026-07-24,2026-07-22T04:04:45Z,0.37,0.001,2026-07-27T02:51:18Z
highest-temperature-in-hong-kong-on-july-24-2026-31c,highest-temperature-in-hong-kong-on-july-24-2026,hong-kong,2026-07-24,2026-07-22T04:04:45Z,0.37,0.001,2026-07-27T02:51:18Z
highest-temperature-in-hong-kong-on-july-24-2026-32c,highest-temperature-in-hong-kong-on-july-24-2026,hong-kong,2026-07-24,2026-07-22T04:04:45Z,0.37,0.001,2026-07-27T02:51:18Z
highest-temperature-in-hong-kong-on-july-24-2026-33c,highest-temperature-in-hong-kong-on-july-24-2026,hong-kong,2026-07-24,2026-07-22T04:04:45Z,1.0,1.0,2026-07-27T02:56:31Z
highest-temperature-in-hong-kong-on-july-24-2026-34c,highest-temperature-in-hong-kong-on-july-24-2026,hong-kong,2026-07-24,2026-07-22T04:04:45Z,0.66,0.001,2026-07-27T02:51:18Z
highest-temperature-in-hong-kong-on-july-24-2026-35c,highest-temperature-in-hong-kong-on-july-24-2026,hong-kong,2026-07-24,2026-07-22T04:04:45Z,0.24,0.001,2026-07-27T02:51:18Z
highest-temperature-in-hong-kong-on-july-24-2026-36corhigher,highest-temperature-in-hong-kong-on-july-24-2026,hong-kong,2026-07-24,2026-07-22T04:04:45Z,0.07,0.001,2026-07-27T02:51:18Z
highest-temperature-in-shanghai-on-july-24-2026-30corbelow,highest-temperature-in-shanghai-on-july-24-2026,shanghai,2026-07-24,2026-07-22T04:04:45Z,0.03,0.001,2026-07-24T16:31:31Z
highest-temperature-in-shanghai-on-july-24-2026-31c,highest-temperature-in-shanghai-on-july-24-2026,shanghai,2026-07-24,2026-07-22T04:04:45Z,0.37,0.001,2026-07-24T16:31:31Z
highest-temperature-in-shanghai-on-july-24-2026-32c,highest-temperature-in-shanghai-on-july-24-2026,shanghai,2026-07-24,2026-07-22T04:04:45Z,0.37,0.001,2026-07-24T16:31:31Z
highest-temperature-in-shanghai-on-july-24-2026-33c,highest-temperature-in-shanghai-on-july-24-2026,shanghai,2026-07-24,2026-07-22T04:04:45Z,0.37,0.001,2026-07-24T16:31:31Z
highest-temperature-in-shanghai-on-july-24-2026-34c,highest-temperature-in-shanghai-on-july-24-2026,shanghai,2026-07-24,2026-07-22T04:04:45Z,0.37,0.001,2026-07-24T16:31:31Z
highest-temperature-in-shanghai-on-july-24-2026-35c,highest-temperature-in-shanghai-on-july-24-2026,shanghai,2026-07-24,2026-07-22T04:04:45Z,0.72,0.001,2026-07-24T16:31:31Z
highest-temperature-in-shanghai-on-july-24-2026-36c,highest-temperature-in-shanghai-on-july-24-2026,shanghai,2026-07-24,2026-07-22T04:04:45Z,1.0,1.0,2026-07-24T18:17:28Z
highest-temperature-in-shanghai-on-july-24-2026-37c,highest-temperature-in-shanghai-on-july-24-2026,shanghai,2026-07-24,2026-07-22T04:04:45Z,0.5,0.001,2026-07-24T16:31:31Z
highest-temperature-in-shanghai-on-july-24-2026-38c,highest-temperature-in-shanghai-on-july-24-2026,shanghai,2026-07-24,2026-07-22T04:04:45Z,0.109,0.001,2026-07-24T16:31:31Z
highest-temperature-in-shanghai-on-july-24-2026-39c,highest-temperature-in-shanghai-on-july-24-2026,shanghai,2026-07-24,2026-07-22T04:04:45Z,0.1,0.001,2026-07-24T16:31:31Z
highest-temperature-in-shanghai-on-july-24-2026-40corhigher,highest-temperature-in-shanghai-on-july-24-2026,shanghai,2026-07-24,2026-07-22T04:04:45Z,0.07,0.001,2026-07-24T16:31:31Z
highest-temperature-in-singapore-on-july-24-2026-25corbelow,highest-temperature-in-singapore-on-july-24-2026,singapore,2026-07-24,2026-07-22T04:04:45Z,0.01,0.001,2026-07-24T16:21:41Z
highest-temperature-in-singapore-on-july-24-2026-26c,highest-temperature-in-singapore-on-july-24-2026,singapore,2026-07-24,2026-07-22T04:04:45Z,0.01,0.001,2026-07-24T16:21:41Z
highest-temperature-in-singapore-on-july-24-2026-27c,highest-temperature-in-singapore-on-july-24-2026,singapore,2026-07-24,2026-07-22T04:04:45Z,0.37,0.001,2026-07-24T16:21:41Z
highest-temperature-in-singapore-on-july-24-2026-28c,highest-temperature-in-singapore-on-july-24-2026,singapore,2026-07-24,2026-07-22T04:04:45Z,0.37,0.001,2026-07-24T16:21:41Z
highest-temperature-in-singapore-on-july-24-2026-29c,highest-temperature-in-singapore-on-july-24-2026,singapore,2026-07-24,2026-07-22T04:04:45Z,0.046,0.001,2026-07-24T16:21:41Z
highest-temperature-in-singapore-on-july-24-2026-30c,highest-temperature-in-singapore-on-july-24-2026,singapore,2026-07-24,2026-07-22T04:04:45Z,0.37,0.001,2026-07-24T16:21:41Z
highest-temperature-in-singapore-on-july-24-2026-31c,highest-temperature-in-singapore-on-july-24-2026,singapore,2026-07-24,2026-07-22T04:04:45Z,0.49,0.001,2026-07-24T16:21:41Z
highest-temperature-in-singapore-on-july-24-2026-32c,highest-temperature-in-singapore-on-july-24-2026,singapore,2026-07-24,2026-07-22T04:04:45Z,1.0,1.0,2026-07-24T18:17:28Z
highest-temperature-in-singapore-on-july-24-2026-33c,highest-temperature-in-singapore-on-july-24-2026,singapore,2026-07-24,2026-07-22T04:04:45Z,0.37,0.001,2026-07-24T16:21:41Z
highest-temperature-in-singapore-on-july-24-2026-34c,highest-temperature-in-singapore-on-july-24-2026,singapore,2026-07-24,2026-07-22T04:04:45Z,0.37,0.001,2026-07-24T16:21:41Z
highest-temperature-in-singapore-on-july-24-2026-35corhigher,highest-temperature-in-singapore-on-july-24-2026,singapore,2026-07-24,2026-07-22T04:04:45Z,0.01,0.001,2026-07-24T16:21:41Z
highest-temperature-in-milan-on-july-24-2026-28corbelow,highest-temperature-in-milan-on-july-24-2026,milan,2026-07-24,2026-07-22T04:04:45Z,0.173,0.001,2026-07-24T22:44:53Z
highest-temperature-in-milan-on-july-24-2026-29c,highest-temperature-in-milan-on-july-24-2026,milan,2026-07-24,2026-07-22T04:04:45Z,0.98,0.001,2026-07-24T22:44:53Z
highest-temperature-in-milan-on-july-24-2026-30c,highest-temperature-in-milan-on-july-24-2026,milan,2026-07-24,2026-07-22T04:04:45Z,1.0,1.0,2026-07-24T22:49:44Z
highest-temperature-in-milan-on-july-24-2026-31c,highest-temperature-in-milan-on-july-24-2026,milan,2026-07-24,2026-07-22T04:04:45Z,0.99,0.001,2026-07-24T22:44:53Z
highest-temperature-in-milan-on-july-24-2026-32c,highest-temperature-in-milan-on-july-24-2026,milan,2026-07-24,2026-07-22T04:04:45Z,1.0,0.001,2026-07-24T22:44:53Z
highest-temperature-in-milan-on-july-24-2026-33c,highest-temperature-in-milan-on-july-24-2026,milan,2026-07-24,2026-07-22T04:04:45Z,0.18,0.001,2026-07-24T22:44:53Z
highest-temperature-in-milan-on-july-24-2026-34c,highest-temperature-in-milan-on-july-24-2026,milan,2026-07-24,2026-07-22T04:04:45Z,0.164,0.001,2026-07-24T22:44:53Z
highest-temperature-in-milan-on-july-24-2026-35c,highest-temperature-in-milan-on-july-24-2026,milan,2026-07-24,2026-07-22T04:04:45Z,0.099,0.001,2026-07-24T22:44:53Z
highest-temperature-in-milan-on-july-24-2026-36c,highest-temperature-in-milan-on-july-24-2026,milan,2026-07-24,2026-07-22T04:04:45Z,0.07,0.001,2026-07-24T22:44:53Z
highest-temperature-in-milan-on-july-24-2026-37c,highest-temperature-in-milan-on-july-24-2026,milan,2026-07-24,2026-07-22T04:04:45Z,0.07,0.001,2026-07-24T22:44:53Z
highest-temperature-in-milan-on-july-24-2026-38corhigher,highest-temperature-in-milan-on-july-24-2026,milan,2026-07-24,2026-07-22T04:04:45Z,0.07,0.001,2026-07-24T22:44:53Z
highest-temperature-in-madrid-on-july-24-2026-30corbelow,highest-temperature-in-madrid-on-july-24-2026,madrid,2026-07-24,2026-07-22T04:04:45Z,1.0,0.001,2026-07-24T22:29:51Z
highest-temperature-in-madrid-on-july-24-2026-31c,highest-temperature-in-madrid-on-july-24-2026,madrid,2026-07-24,2026-07-22T04:04:45Z,1.0,0.001,2026-07-24T22:29:51Z
highest-temperature-in-madrid-on-july-24-2026-32c,highest-temperature-in-madrid-on-july-24-2026,madrid,2026-07-24,2026-07-22T04:04:45Z,1.0,0.001,2026-07-24T22:29:51Z
highest-temperature-in-madrid-on-july-24-2026-33c,highest-temperature-in-madrid-on-july-24-2026,madrid,2026-07-24,2026-07-22T04:04:45Z,1.0,1.0,2026-07-24T22:41:48Z
highest-temperature-in-madrid-on-july-24-2026-34c,highest-temperature-in-madrid-on-july-24-2026,madrid,2026-07-24,2026-07-22T04:04:45Z,1.0,0.001,2026-07-24T22:29:51Z
highest-temperature-in-madrid-on-july-24-2026-35c,highest-temperature-in-madrid-on-july-24-2026,madrid,2026-07-24,2026-07-22T04:04:45Z,1.0,0.001,2026-07-24T22:29:51Z
highest-temperature-in-madrid-on-july-24-2026-36c,highest-temperature-in-madrid-on-july-24-2026,madrid,2026-07-24,2026-07-22T04:04:45Z,1.0,0.001,2026-07-24T22:29:51Z
highest-temperature-in-madrid-on-july-24-2026-37c,highest-temperature-in-madrid-on-july-24-2026,madrid,2026-07-24,2026-07-22T04:04:45Z,1.0,0.001,2026-07-24T22:29:51Z
highest-temperature-in-madrid-on-july-24-2026-38c,highest-temperature-in-madrid-on-july-24-2026,madrid,2026-07-24,2026-07-22T04:04:45Z,1.0,0.001,2026-07-24T22:29:51Z
highest-temperature-in-madrid-on-july-24-2026-39c,highest-temperature-in-madrid-on-july-24-2026,madrid,2026-07-24,2026-07-22T04:04:45Z,1.0,0.001,2026-07-24T22:29:51Z
highest-temperature-in-madrid-on-july-24-2026-40corhigher,highest-temperature-in-madrid-on-july-24-2026,madrid,2026-07-24,2026-07-22T04:04:45Z,1.0,0.001,2026-07-24T22:29:51Z
highest-temperature-in-warsaw-on-july-24-2026-14corbelow,highest-temperature-in-warsaw-on-july-24-2026,warsaw,2026-07-24,2026-07-22T04:04:45Z,1.0,0.001,2026-07-24T22:24:41Z
highest-temperature-in-warsaw-on-july-24-2026-15c,highest-temperature-in-warsaw-on-july-24-2026,warsaw,2026-07-24,2026-07-22T04:04:45Z,1.0,0.001,2026-07-24T22:24:41Z
highest-temperature-in-warsaw-on-july-24-2026-16c,highest-temperature-in-warsaw-on-july-24-2026,warsaw,2026-07-24,2026-07-22T04:04:45Z,1.0,0.001,2026-07-24T22:24:41Z
highest-temperature-in-warsaw-on-july-24-2026-17c,highest-temperature-in-warsaw-on-july-24-2026,warsaw,2026-07-24,2026-07-22T04:04:45Z,1.0,0.001,2026-07-24T22:24:41Z
highest-temperature-in-warsaw-on-july-24-2026-18c,highest-temperature-in-warsaw-on-july-24-2026,warsaw,2026-07-24,2026-07-22T04:04:45Z,1.0,0.001,2026-07-24T22:24:41Z
highest-temperature-in-warsaw-on-july-24-2026-19c,highest-temperature-in-warsaw-on-july-24-2026,warsaw,2026-07-24,2026-07-22T04:04:45Z,1.0,0.001,2026-07-24T22:24:41Z
highest-temperature-in-warsaw-on-july-24-2026-20c,highest-temperature-in-warsaw-on-july-24-2026,warsaw,2026-07-24,2026-07-22T04:04:45Z,1.0,1.0,2026-07-25T00:11:58Z
highest-temperature-in-warsaw-on-july-24-2026-21c,highest-temperature-in-warsaw-on-july-24-2026,warsaw,2026-07-24,2026-07-22T04:04:45Z,1.0,0.001,2026-07-24T22:24:41Z
highest-temperature-in-warsaw-on-july-24-2026-22c,highest-temperature-in-warsaw-on-july-24-2026,warsaw,2026-07-24,2026-07-22T04:04:45Z,1.0,0.001,2026-07-24T22:24:41Z
highest-temperature-in-warsaw-on-july-24-2026-23c,highest-temperature-in-warsaw-on-july-24-2026,warsaw,2026-07-24,2026-07-22T04:04:45Z,1.0,0.001,2026-07-24T22:24:41Z
highest-temperature-in-warsaw-on-july-24-2026-24corhigher,highest-temperature-in-warsaw-on-july-24-2026,warsaw,2026-07-24,2026-07-22T04:04:45Z,1.0,0.001,2026-07-24T22:24:41Z
highest-temperature-in-taipei-on-july-24-2026-29corbelow,highest-temperature-in-taipei-on-july-24-2026,taipei,2026-07-24,2026-07-22T04:04:45Z,1.0,0.001,2026-07-24T16:31:31Z
highest-temperature-in-taipei-on-july-24-2026-30c,highest-temperature-in-taipei-on-july-24-2026,taipei,2026-07-24,2026-07-22T04:04:45Z,1.0,0.001,2026-07-24T16:31:31Z
highest-temperature-in-taipei-on-july-24-2026-31c,highest-temperature-in-taipei-on-july-24-2026,taipei,2026-07-24,2026-07-22T04:04:45Z,1.0,0.001,2026-07-24T16:31:31Z
highest-temperature-in-taipei-on-july-24-2026-32c,highest-temperature-in-taipei-on-july-24-2026,taipei,2026-07-24,2026-07-22T04:04:45Z,1.0,0.001,2026-07-24T16:31:31Z
highest-temperature-in-taipei-on-july-24-2026-33c,highest-temperature-in-taipei-on-july-24-2026,taipei,2026-07-24,2026-07-22T04:04:45Z,1.0,0.001,2026-07-24T16:31:31Z
highest-temperature-in-taipei-on-july-24-2026-34c,highest-temperature-in-taipei-on-july-24-2026,taipei,2026-07-24,2026-07-22T04:04:45Z,1.0,0.001,2026-07-24T16:31:31Z
highest-temperature-in-taipei-on-july-24-2026-35c,highest-temperature-in-taipei-on-july-24-2026,taipei,2026-07-24,2026-07-22T04:04:45Z,1.0,0.001,2026-07-24T16:31:31Z
highest-temperature-in-taipei-on-july-24-2026-36c,highest-temperature-in-taipei-on-july-24-2026,taipei,2026-07-24,2026-07-22T04:04:45Z,1.0,1.0,2026-07-24T18:17:28Z
highest-temperature-in-taipei-on-july-24-2026-37c,highest-temperature-in-taipei-on-july-24-2026,taipei,2026-07-24,2026-07-22T04:04:45Z,1.0,0.001,2026-07-24T16:31:31Z
highest-temperature-in-taipei-on-july-24-2026-38c,highest-temperature-in-taipei-on-july-24-2026,taipei,2026-07-24,2026-07-22T04:04:45Z,1.0,0.001,2026-07-24T16:31:31Z
highest-temperature-in-taipei-on-july-24-2026-39corhigher,highest-temperature-in-taipei-on-july-24-2026,taipei,2026-07-24,2026-07-22T04:04:45Z,1.0,0.001,2026-07-24T16:31:31Z
highest-temperature-in-chongqing-on-july-24-2026-35corbelow,highest-temperature-in-chongqing-on-july-24-2026,chongqing,2026-07-24,2026-07-22T04:04:45Z,1.0,0.001,2026-07-24T16:26:41Z
highest-temperature-in-chongqing-on-july-24-2026-36c,highest-temperature-in-chongqing-on-july-24-2026,chongqing,2026-07-24,2026-07-22T04:04:45Z,1.0,0.001,2026-07-24T16:26:41Z
highest-temperature-in-chongqing-on-july-24-2026-37c,highest-temperature-in-chongqing-on-july-24-2026,chongqing,2026-07-24,2026-07-22T04:04:45Z,1.0,0.001,2026-07-24T16:26:41Z
highest-temperature-in-chongqing-on-july-24-2026-38c,highest-temperature-in-chongqing-on-july-24-2026,chongqing,2026-07-24,2026-07-22T04:04:45Z,1.0,0.001,2026-07-24T16:26:41Z
highest-temperature-in-chongqing-on-july-24-2026-39c,highest-temperature-in-chongqing-on-july-24-2026,chongqing,2026-07-24,2026-07-22T04:04:45Z,1.0,0.001,2026-07-24T16:26:41Z
highest-temperature-in-chongqing-on-july-24-2026-40c,highest-temperature-in-chongqing-on-july-24-2026,chongqing,2026-07-24,2026-07-22T04:04:45Z,1.0,1.0,2026-07-24T16:31:31Z
highest-temperature-in-chongqing-on-july-24-2026-41c,highest-temperature-in-chongqing-on-july-24-2026,chongqing,2026-07-24,2026-07-22T04:04:45Z,1.0,0.001,2026-07-24T16:26:41Z
highest-temperature-in-chongqing-on-july-24-2026-42c,highest-temperature-in-chongqing-on-july-24-2026,chongqing,2026-07-24,2026-07-22T04:04:45Z,1.0,0.001,2026-07-24T16:26:41Z
highest-temperature-in-chongqing-on-july-24-2026-43c,highest-temperature-in-chongqing-on-july-24-2026,chongqing,2026-07-24,2026-07-22T04:04:45Z,1.0,0.001,2026-07-24T16:26:41Z
highest-temperature-in-chongqing-on-july-24-2026-44c,highest-temperature-in-chongqing-on-july-24-2026,chongqing,2026-07-24,2026-07-22T04:04:45Z,1.0,0.001,2026-07-24T16:26:41Z
highest-temperature-in-chongqing-on-july-24-2026-45corhigher,highest-temperature-in-chongqing-on-july-24-2026,chongqing,2026-07-24,2026-07-22T04:04:45Z,1.0,0.001,2026-07-24T16:26:41Z
highest-temperature-in-beijing-on-july-24-2026-24corbelow,highest-temperature-in-beijing-on-july-24-2026,beijing,2026-07-24,2026-07-22T04:04:45Z,1.0,0.001,2026-07-24T16:26:41Z
highest-temperature-in-beijing-on-july-24-2026-25c,highest-temperature-in-beijing-on-july-24-2026,beijing,2026-07-24,2026-07-22T04:04:45Z,1.0,0.001,2026-07-24T16:26:41Z
highest-temperature-in-beijing-on-july-24-2026-26c,highest-temperature-in-beijing-on-july-24-2026,beijing,2026-07-24,2026-07-22T04:04:45Z,1.0,0.001,2026-07-24T16:26:41Z
highest-temperature-in-beijing-on-july-24-2026-27c,highest-temperature-in-beijing-on-july-24-2026,beijing,2026-07-24,2026-07-22T04:04:45Z,1.0,0.001,2026-07-24T16:26:41Z
highest-temperature-in-beijing-on-july-24-2026-28c,highest-temperature-in-beijing-on-july-24-2026,beijing,2026-07-24,2026-07-22T04:04:45Z,1.0,0.001,2026-07-24T16:26:41Z
highest-temperature-in-beijing-on-july-24-2026-29c,highest-temperature-in-beijing-on-july-24-2026,beijing,2026-07-24,2026-07-22T04:04:45Z,1.0,0.001,2026-07-24T16:26:41Z
highest-temperature-in-beijing-on-july-24-2026-30c,highest-temperature-in-beijing-on-july-24-2026,beijing,2026-07-24,2026-07-22T04:04:45Z,1.0,0.001,2026-07-24T16:26:41Z
highest-temperature-in-beijing-on-july-24-2026-31c,highest-temperature-in-beijing-on-july-24-2026,beijing,2026-07-24,2026-07-22T04:04:45Z,1.0,0.001,2026-07-24T16:26:41Z
highest-temperature-in-beijing-on-july-24-2026-32c,highest-temperature-in-beijing-on-july-24-2026,beijing,2026-07-24,2026-07-22T04:04:45Z,1.0,1.0,2026-07-24T16:31:31Z
highest-temperature-in-beijing-on-july-24-2026-33c,highest-temperature-in-beijing-on-july-24-2026,beijing,2026-07-24,2026-07-22T04:04:45Z,1.0,0.001,2026-07-24T16:26:41Z
highest-temperature-in-beijing-on-july-24-2026-34corhigher,highest-temperature-in-beijing-on-july-24-2026,beijing,2026-07-24,2026-07-22T04:04:45Z,1.0,0.001,2026-07-24T16:26:41Z
highest-temperature-in-wuhan-on-july-24-2026-30corbelow,highest-temperature-in-wuhan-on-july-24-2026,wuhan,2026-07-24,2026-07-22T04:04:45Z,1.0,0.001,2026-07-24T16:26:41Z
highest-temperature-in-wuhan-on-july-24-2026-31c,highest-temperature-in-wuhan-on-july-24-2026,wuhan,2026-07-24,2026-07-22T04:04:45Z,1.0,0.001,2026-07-24T16:26:41Z
highest-temperature-in-wuhan-on-july-24-2026-32c,highest-temperature-in-wuhan-on-july-24-2026,wuhan,2026-07-24,2026-07-22T04:04:45Z,1.0,0.001,2026-07-24T16:26:41Z
highest-temperature-in-wuhan-on-july-24-2026-33c,highest-temperature-in-wuhan-on-july-24-2026,wuhan,2026-07-24,2026-07-22T04:04:45Z,1.0,0.001,2026-07-24T16:26:41Z
highest-temperature-in-wuhan-on-july-24-2026-34c,highest-temperature-in-wuhan-on-july-24-2026,wuhan,2026-07-24,2026-07-22T04:04:45Z,1.0,0.001,2026-07-24T16:26:41Z
highest-temperature-in-wuhan-on-july-24-2026-35c,highest-temperature-in-wuhan-on-july-24-2026,wuhan,2026-07-24,2026-07-22T04:04:45Z,1.0,1.0,2026-07-24T16:31:31Z
highest-temperature-in-wuhan-on-july-24-2026-36c,highest-temperature-in-wuhan-on-july-24-2026,wuhan,2026-07-24,2026-07-22T04:04:45Z,1.0,0.001,2026-07-24T16:26:41Z
highest-temperature-in-wuhan-on-july-24-2026-37c,highest-temperature-in-wuhan-on-july-24-2026,wuhan,2026-07-24,2026-07-22T04:04:45Z,1.0,0.001,2026-07-24T16:26:41Z
highest-temperature-in-wuhan-on-july-24-2026-38c,highest-temperature-in-wuhan-on-july-24-2026,wuhan,2026-07-24,2026-07-22T04:04:45Z,1.0,0.001,2026-07-24T16:26:41Z
highest-temperature-in-wuhan-on-july-24-2026-39c,highest-temperature-in-wuhan-on-july-24-2026,wuhan,2026-07-24,2026-07-22T04:04:45Z,1.0,0.001,2026-07-24T16:26:41Z
highest-temperature-in-wuhan-on-july-24-2026-40corhigher,highest-temperature-in-wuhan-on-july-24-2026,wuhan,2026-07-24,2026-07-22T04:04:45Z,1.0,0.001,2026-07-24T16:26:41Z
highest-temperature-in-chengdu-on-july-24-2026-35corbelow,highest-temperature-in-chengdu-on-july-24-2026,chengdu,2026-07-24,2026-07-22T04:04:45Z,1.0,0.001,2026-07-24T16:26:41Z
highest-temperature-in-chengdu-on-july-24-2026-36c,highest-temperature-in-chengdu-on-july-24-2026,chengdu,2026-07-24,2026-07-22T04:04:45Z,1.0,0.001,2026-07-24T16:26:41Z
highest-temperature-in-chengdu-on-july-24-2026-37c,highest-temperature-in-chengdu-on-july-24-2026,chengdu,2026-07-24,2026-07-22T04:04:45Z,1.0,0.001,2026-07-24T16:26:41Z
highest-temperature-in-chengdu-on-july-24-2026-38c,highest-temperature-in-chengdu-on-july-24-2026,chengdu,2026-07-24,2026-07-22T04:04:45Z,1.0,0.001,2026-07-24T16:26:41Z
highest-temperature-in-chengdu-on-july-24-2026-39c,highest-temperature-in-chengdu-on-july-24-2026,chengdu,2026-07-24,2026-07-22T04:04:45Z,1.0,1.0,2026-07-24T18:17:28Z
highest-temperature-in-chengdu-on-july-24-2026-40c,highest-temperature-in-chengdu-on-july-24-2026,chengdu,2026-07-24,2026-07-22T04:04:45Z,1.0,0.001,2026-07-24T16:26:41Z
highest-temperature-in-chengdu-on-july-24-2026-41c,highest-temperature-in-chengdu-on-july-24-2026,chengdu,2026-07-24,2026-07-22T04:04:45Z,1.0,0.001,2026-07-24T16:26:41Z
highest-temperature-in-chengdu-on-july-24-2026-42c,highest-temperature-in-chengdu-on-july-24-2026,chengdu,2026-07-24,2026-07-22T04:04:45Z,1.0,0.001,2026-07-24T16:26:41Z
highest-temperature-in-chengdu-on-july-24-2026-43c,highest-temperature-in-chengdu-on-july-24-2026,chengdu,2026-07-24,2026-07-22T04:04:45Z,1.0,0.001,2026-07-24T16:26:41Z
highest-temperature-in-chengdu-on-july-24-2026-44c,highest-temperature-in-chengdu-on-july-24-2026,chengdu,2026-07-24,2026-07-22T04:04:45Z,1.0,0.001,2026-07-24T16:26:41Z
highest-temperature-in-chengdu-on-july-24-2026-45corhigher,highest-temperature-in-chengdu-on-july-24-2026,chengdu,2026-07-24,2026-07-22T04:04:45Z,1.0,0.001,2026-07-24T16:26:41Z
highest-temperature-in-shenzhen-on-july-24-2026-27corbelow,highest-temperature-in-shenzhen-on-july-24-2026,shenzhen,2026-07-24,2026-07-22T04:04:45Z,1.0,0.001,2026-07-24T16:41:43Z
highest-temperature-in-shenzhen-on-july-24-2026-28c,highest-temperature-in-shenzhen-on-july-24-2026,shenzhen,2026-07-24,2026-07-22T04:04:45Z,1.0,0.001,2026-07-24T16:41:43Z
highest-temperature-in-shenzhen-on-july-24-2026-29c,highest-temperature-in-shenzhen-on-july-24-2026,shenzhen,2026-07-24,2026-07-22T04:04:45Z,1.0,0.001,2026-07-24T16:41:43Z
highest-temperature-in-shenzhen-on-july-24-2026-30c,highest-temperature-in-shenzhen-on-july-24-2026,shenzhen,2026-07-24,2026-07-22T04:04:45Z,1.0,0.001,2026-07-24T16:41:43Z
highest-temperature-in-shenzhen-on-july-24-2026-31c,highest-temperature-in-shenzhen-on-july-24-2026,shenzhen,2026-07-24,2026-07-22T04:04:45Z,1.0,0.001,2026-07-24T16:41:43Z
highest-temperature-in-shenzhen-on-july-24-2026-32c,highest-temperature-in-shenzhen-on-july-24-2026,shenzhen,2026-07-24,2026-07-22T04:04:45Z,1.0,0.001,2026-07-24T16:41:43Z
highest-temperature-in-shenzhen-on-july-24-2026-33c,highest-temperature-in-shenzhen-on-july-24-2026,shenzhen,2026-07-24,2026-07-22T04:04:45Z,1.0,0.001,2026-07-24T16:41:43Z
highest-temperature-in-shenzhen-on-july-24-2026-34c,highest-temperature-in-shenzhen-on-july-24-2026,shenzhen,2026-07-24,2026-07-22T04:04:45Z,1.0,0.001,2026-07-24T16:41:43Z
highest-temperature-in-shenzhen-on-july-24-2026-35c,highest-temperature-in-shenzhen-on-july-24-2026,shenzhen,2026-07-24,2026-07-22T04:04:45Z,1.0,1.0,2026-07-24T17:26:57Z
highest-temperature-in-shenzhen-on-july-24-2026-36c,highest-temperature-in-shenzhen-on-july-24-2026,shenzhen,2026-07-24,2026-07-22T04:04:45Z,1.0,0.001,2026-07-24T16:41:43Z
highest-temperature-in-shenzhen-on-july-24-2026-37corhigher,highest-temperature-in-shenzhen-on-july-24-2026,shenzhen,2026-07-24,2026-07-22T04:04:45Z,1.0,0.001,2026-07-24T16:41:43Z
highest-temperature-in-moscow-on-july-24-2026-19corbelow,highest-temperature-in-moscow-on-july-24-2026,moscow,2026-07-24,2026-07-22T04:04:45Z,1.0,0.001,2026-07-24T21:24:10Z
highest-temperature-in-moscow-on-july-24-2026-20c,highest-temperature-in-moscow-on-july-24-2026,moscow,2026-07-24,2026-07-22T04:04:45Z,1.0,0.001,2026-07-24T21:24:10Z
highest-temperature-in-moscow-on-july-24-2026-21c,highest-temperature-in-moscow-on-july-24-2026,moscow,2026-07-24,2026-07-22T04:04:45Z,1.0,0.001,2026-07-24T21:24:10Z
highest-temperature-in-moscow-on-july-24-2026-22c,highest-temperature-in-moscow-on-july-24-2026,moscow,2026-07-24,2026-07-22T04:04:45Z,1.0,1.0,2026-07-24T23:35:25Z
highest-temperature-in-moscow-on-july-24-2026-23c,highest-temperature-in-moscow-on-july-24-2026,moscow,2026-07-24,2026-07-22T04:04:45Z,1.0,0.001,2026-07-24T21:24:10Z
highest-temperature-in-moscow-on-july-24-2026-24c,highest-temperature-in-moscow-on-july-24-2026,moscow,2026-07-24,2026-07-22T04:04:45Z,1.0,0.001,2026-07-24T21:24:10Z
highest-temperature-in-moscow-on-july-24-2026-25c,highest-temperature-in-moscow-on-july-24-2026,moscow,2026-07-24,2026-07-22T04:04:45Z,1.0,0.001,2026-07-24T21:24:10Z
highest-temperature-in-moscow-on-july-24-2026-26c,highest-temperature-in-moscow-on-july-24-2026,moscow,2026-07-24,2026-07-22T04:04:45Z,1.0,0.001,2026-07-24T21:24:10Z
highest-temperature-in-moscow-on-july-24-2026-27c,highest-temperature-in-moscow-on-july-24-2026,moscow,2026-07-24,2026-07-22T04:04:45Z,1.0,0.001,2026-07-24T21:24:10Z
highest-temperature-in-moscow-on-july-24-2026-28c,highest-temperature-in-moscow-on-july-24-2026,moscow,2026-07-24,2026-07-22T04:04:45Z,1.0,0.001,2026-07-24T21:24:10Z
highest-temperature-in-moscow-on-july-24-2026-29corhigher,highest-temperature-in-moscow-on-july-24-2026,moscow,2026-07-24,2026-07-22T04:04:45Z,1.0,0.001,2026-07-24T21:24:10Z
highest-temperature-in-istanbul-on-july-24-2026-21corbelow,highest-temperature-in-istanbul-on-july-24-2026,istanbul,2026-07-24,2026-07-22T04:04:45Z,1.0,0.001,2026-07-24T21:44:21Z
highest-temperature-in-istanbul-on-july-24-2026-22c,highest-temperature-in-istanbul-on-july-24-2026,istanbul,2026-07-24,2026-07-22T04:04:45Z,1.0,0.001,2026-07-24T21:44:21Z
highest-temperature-in-istanbul-on-july-24-2026-23c,highest-temperature-in-istanbul-on-july-24-2026,istanbul,2026-07-24,2026-07-22T04:04:45Z,1.0,0.001,2026-07-24T21:44:21Z
highest-temperature-in-istanbul-on-july-24-2026-24c,highest-temperature-in-istanbul-on-july-24-2026,istanbul,2026-07-24,2026-07-22T04:04:45Z,1.0,0.001,2026-07-24T21:44:21Z
highest-temperature-in-istanbul-on-july-24-2026-25c,highest-temperature-in-istanbul-on-july-24-2026,istanbul,2026-07-24,2026-07-22T04:04:45Z,1.0,1.0,2026-07-24T21:54:28Z
highest-temperature-in-istanbul-on-july-24-2026-26c,highest-temperature-in-istanbul-on-july-24-2026,istanbul,2026-07-24,2026-07-22T04:04:45Z,1.0,0.001,2026-07-24T21:44:21Z
highest-temperature-in-istanbul-on-july-24-2026-27c,highest-temperature-in-istanbul-on-july-24-2026,istanbul,2026-07-24,2026-07-22T04:04:45Z,1.0,0.001,2026-07-24T21:44:21Z
highest-temperature-in-istanbul-on-july-24-2026-28c,highest-temperature-in-istanbul-on-july-24-2026,istanbul,2026-07-24,2026-07-22T04:04:45Z,1.0,0.001,2026-07-24T21:44:21Z
highest-temperature-in-istanbul-on-july-24-2026-29c,highest-temperature-in-istanbul-on-july-24-2026,istanbul,2026-07-24,2026-07-22T04:04:45Z,1.0,0.001,2026-07-24T21:44:21Z
highest-temperature-in-istanbul-on-july-24-2026-30c,highest-temperature-in-istanbul-on-july-24-2026,istanbul,2026-07-24,2026-07-22T04:04:45Z,1.0,0.001,2026-07-24T21:44:21Z
highest-temperature-in-istanbul-on-july-24-2026-31corhigher,highest-temperature-in-istanbul-on-july-24-2026,istanbul,2026-07-24,2026-07-22T04:04:45Z,1.0,0.001,2026-07-24T21:44:21Z
highest-temperature-in-busan-on-july-24-2026-30corbelow,highest-temperature-in-busan-on-july-24-2026,busan,2026-07-24,2026-07-22T04:04:45Z,1.0,0.001,2026-07-24T15:21:20Z
highest-temperature-in-busan-on-july-24-2026-31c,highest-temperature-in-busan-on-july-24-2026,busan,2026-07-24,2026-07-22T04:04:45Z,1.0,0.001,2026-07-24T15:21:20Z
highest-temperature-in-busan-on-july-24-2026-32c,highest-temperature-in-busan-on-july-24-2026,busan,2026-07-24,2026-07-22T04:04:45Z,1.0,0.001,2026-07-24T15:21:20Z
highest-temperature-in-busan-on-july-24-2026-33c,highest-temperature-in-busan-on-july-24-2026,busan,2026-07-24,2026-07-22T04:04:45Z,1.0,0.001,2026-07-24T15:21:20Z
highest-temperature-in-busan-on-july-24-2026-34c,highest-temperature-in-busan-on-july-24-2026,busan,2026-07-24,2026-07-22T04:04:45Z,1.0,0.001,2026-07-24T15:21:20Z
highest-temperature-in-busan-on-july-24-2026-35c,highest-temperature-in-busan-on-july-24-2026,busan,2026-07-24,2026-07-22T04:04:45Z,1.0,1.0,2026-07-24T15:26:12Z
highest-temperature-in-busan-on-july-24-2026-36c,highest-temperature-in-busan-on-july-24-2026,busan,2026-07-24,2026-07-22T04:04:45Z,1.0,0.001,2026-07-24T15:21:20Z
highest-temperature-in-busan-on-july-24-2026-37c,highest-temperature-in-busan-on-july-24-2026,busan,2026-07-24,2026-07-22T04:04:45Z,1.0,0.001,2026-07-24T15:21:20Z
highest-temperature-in-busan-on-july-24-2026-38c,highest-temperature-in-busan-on-july-24-2026,busan,2026-07-24,2026-07-22T04:04:45Z,1.0,0.001,2026-07-24T15:21:20Z
highest-temperature-in-busan-on-july-24-2026-39c,highest-temperature-in-busan-on-july-24-2026,busan,2026-07-24,2026-07-22T04:04:45Z,1.0,0.001,2026-07-24T15:21:20Z
highest-temperature-in-busan-on-july-24-2026-40corhigher,highest-temperature-in-busan-on-july-24-2026,busan,2026-07-24,2026-07-22T04:04:45Z,1.0,0.001,2026-07-24T15:21:20Z
highest-temperature-in-amsterdam-on-july-24-2026-18corbelow,highest-temperature-in-amsterdam-on-july-24-2026,amsterdam,2026-07-24,2026-07-22T04:04:45Z,1.0,0.001,2026-07-24T22:49:44Z
highest-temperature-in-amsterdam-on-july-24-2026-19c,highest-temperature-in-amsterdam-on-july-24-2026,amsterdam,2026-07-24,2026-07-22T04:04:45Z,1.0,0.001,2026-07-24T22:49:44Z
highest-temperature-in-amsterdam-on-july-24-2026-20c,highest-temperature-in-amsterdam-on-july-24-2026,amsterdam,2026-07-24,2026-07-22T04:04:45Z,1.0,0.001,2026-07-24T22:49:44Z
highest-temperature-in-amsterdam-on-july-24-2026-21c,highest-temperature-in-amsterdam-on-july-24-2026,amsterdam,2026-07-24,2026-07-22T04:04:45Z,1.0,0.001,2026-07-24T22:49:44Z
highest-temperature-in-amsterdam-on-july-24-2026-22c,highest-temperature-in-amsterdam-on-july-24-2026,amsterdam,2026-07-24,2026-07-22T04:04:45Z,1.0,0.001,2026-07-24T22:49:44Z
highest-temperature-in-amsterdam-on-july-24-2026-23c,highest-temperature-in-amsterdam-on-july-24-2026,amsterdam,2026-07-24,2026-07-22T04:04:45Z,1.0,0.001,2026-07-24T22:49:44Z
highest-temperature-in-amsterdam-on-july-24-2026-24c,highest-temperature-in-amsterdam-on-july-24-2026,amsterdam,2026-07-24,2026-07-22T04:04:45Z,1.0,1.0,2026-07-25T00:26:52Z
highest-temperature-in-amsterdam-on-july-24-2026-25c,highest-temperature-in-amsterdam-on-july-24-2026,amsterdam,2026-07-24,2026-07-22T04:04:45Z,1.0,0.001,2026-07-24T22:49:44Z
highest-temperature-in-amsterdam-on-july-24-2026-26c,highest-temperature-in-amsterdam-on-july-24-2026,amsterdam,2026-07-24,2026-07-22T04:04:45Z,1.0,0.001,2026-07-24T22:49:44Z
highest-temperature-in-amsterdam-on-july-24-2026-27c,highest-temperature-in-amsterdam-on-july-24-2026,amsterdam,2026-07-24,2026-07-22T04:04:45Z,1.0,0.001,2026-07-24T22:49:44Z
highest-temperature-in-amsterdam-on-july-24-2026-28corhigher,highest-temperature-in-amsterdam-on-july-24-2026,amsterdam,2026-07-24,2026-07-22T04:04:45Z,1.0,0.001,2026-07-24T22:49:44Z
highest-temperature-in-helsinki-on-july-24-2026-14corbelow,highest-temperature-in-helsinki-on-july-24-2026,helsinki,2026-07-24,2026-07-22T04:04:45Z,1.0,0.001,2026-07-24T21:44:21Z
highest-temperature-in-helsinki-on-july-24-2026-15c,highest-temperature-in-helsinki-on-july-24-2026,helsinki,2026-07-24,2026-07-22T04:04:45Z,1.0,0.001,2026-07-24T21:44:21Z
highest-temperature-in-helsinki-on-july-24-2026-16c,highest-temperature-in-helsinki-on-july-24-2026,helsinki,2026-07-24,2026-07-22T04:04:45Z,1.0,0.001,2026-07-24T21:44:21Z
highest-temperature-in-helsinki-on-july-24-2026-17c,highest-temperature-in-helsinki-on-july-24-2026,helsinki,2026-07-24,2026-07-22T04:04:45Z,1.0,0.001,2026-07-24T21:44:21Z
highest-temperature-in-helsinki-on-july-24-2026-18c,highest-temperature-in-helsinki-on-july-24-2026,helsinki,2026-07-24,2026-07-22T04:04:45Z,1.0,0.001,2026-07-24T21:44:21Z
highest-temperature-in-helsinki-on-july-24-2026-19c,highest-temperature-in-helsinki-on-july-24-2026,helsinki,2026-07-24,2026-07-22T04:04:45Z,1.0,0.001,2026-07-24T21:44:21Z
highest-temperature-in-helsinki-on-july-24-2026-20c,highest-temperature-in-helsinki-on-july-24-2026,helsinki,2026-07-24,2026-07-22T04:04:45Z,1.0,0.001,2026-07-24T21:44:21Z
highest-temperature-in-helsinki-on-july-24-2026-21c,highest-temperature-in-helsinki-on-july-24-2026,helsinki,2026-07-24,2026-07-22T04:04:45Z,1.0,1.0,2026-07-24T22:06:38Z
highest-temperature-in-helsinki-on-july-24-2026-22c,highest-temperature-in-helsinki-on-july-24-2026,helsinki,2026-07-24,2026-07-22T04:04:45Z,1.0,0.001,2026-07-24T21:44:21Z
highest-temperature-in-helsinki-on-july-24-2026-23c,highest-temperature-in-helsinki-on-july-24-2026,helsinki,2026-07-24,2026-07-22T04:04:45Z,1.0,0.001,2026-07-24T21:44:21Z
highest-temperature-in-helsinki-on-july-24-2026-24corhigher,highest-temperature-in-helsinki-on-july-24-2026,helsinki,2026-07-24,2026-07-22T04:04:45Z,1.0,0.001,2026-07-24T21:44:21Z
highest-temperature-in-kuala-lumpur-on-july-24-2026-25corbelow,highest-temperature-in-kuala-lumpur-on-july-24-2026,kuala-lumpur,2026-07-24,2026-07-22T04:04:45Z,1.0,0.001,2026-07-24T16:31:31Z
highest-temperature-in-kuala-lumpur-on-july-24-2026-26c,highest-temperature-in-kuala-lumpur-on-july-24-2026,kuala-lumpur,2026-07-24,2026-07-22T04:04:45Z,1.0,0.001,2026-07-24T16:31:31Z
highest-temperature-in-kuala-lumpur-on-july-24-2026-27c,highest-temperature-in-kuala-lumpur-on-july-24-2026,kuala-lumpur,2026-07-24,2026-07-22T04:04:45Z,1.0,0.001,2026-07-24T16:31:31Z
highest-temperature-in-kuala-lumpur-on-july-24-2026-28c,highest-temperature-in-kuala-lumpur-on-july-24-2026,kuala-lumpur,2026-07-24,2026-07-22T04:04:45Z,1.0,0.001,2026-07-24T16:31:31Z
highest-temperature-in-kuala-lumpur-on-july-24-2026-29c,highest-temperature-in-kuala-lumpur-on-july-24-2026,kuala-lumpur,2026-07-24,2026-07-22T04:04:45Z,1.0,0.001,2026-07-24T16:31:31Z
highest-temperature-in-kuala-lumpur-on-july-24-2026-30c,highest-temperature-in-kuala-lumpur-on-july-24-2026,kuala-lumpur,2026-07-24,2026-07-22T04:04:45Z,1.0,0.001,2026-07-24T16:31:31Z
highest-temperature-in-kuala-lumpur-on-july-24-2026-31c,highest-temperature-in-kuala-lumpur-on-july-24-2026,kuala-lumpur,2026-07-24,2026-07-22T04:04:45Z,1.0,0.001,2026-07-24T16:31:31Z
highest-temperature-in-kuala-lumpur-on-july-24-2026-32c,highest-temperature-in-kuala-lumpur-on-july-24-2026,kuala-lumpur,2026-07-24,2026-07-22T04:04:45Z,1.0,1.0,2026-07-24T16:31:31Z
highest-temperature-in-kuala-lumpur-on-july-24-2026-33c,highest-temperature-in-kuala-lumpur-on-july-24-2026,kuala-lumpur,2026-07-24,2026-07-22T04:04:45Z,1.0,0.001,2026-07-24T16:31:31Z
highest-temperature-in-kuala-lumpur-on-july-24-2026-34c,highest-temperature-in-kuala-lumpur-on-july-24-2026,kuala-lumpur,2026-07-24,2026-07-22T04:04:45Z,1.0,0.001,2026-07-24T16:31:31Z
highest-temperature-in-kuala-lumpur-on-july-24-2026-35corhigher,highest-temperature-in-kuala-lumpur-on-july-24-2026,kuala-lumpur,2026-07-24,2026-07-22T04:04:45Z,1.0,0.001,2026-07-24T16:31:31Z
highest-temperature-in-jeddah-on-july-24-2026-31corbelow,highest-temperature-in-jeddah-on-july-24-2026,jeddah,2026-07-24,2026-07-22T04:04:45Z,1.0,0.001,2026-07-24T21:24:10Z
highest-temperature-in-jeddah-on-july-24-2026-32c,highest-temperature-in-jeddah-on-july-24-2026,jeddah,2026-07-24,2026-07-22T04:04:45Z,1.0,0.001,2026-07-24T21:24:10Z
highest-temperature-in-jeddah-on-july-24-2026-33c,highest-temperature-in-jeddah-on-july-24-2026,jeddah,2026-07-24,2026-07-22T04:04:45Z,1.0,0.001,2026-07-24T21:24:10Z
highest-temperature-in-jeddah-on-july-24-2026-34c,highest-temperature-in-jeddah-on-july-24-2026,jeddah,2026-07-24,2026-07-22T04:04:45Z,1.0,0.001,2026-07-24T21:24:10Z
highest-temperature-in-jeddah-on-july-24-2026-35c,highest-temperature-in-jeddah-on-july-24-2026,jeddah,2026-07-24,2026-07-22T04:04:45Z,1.0,0.001,2026-07-24T21:24:10Z
highest-temperature-in-jeddah-on-july-24-2026-36c,highest-temperature-in-jeddah-on-july-24-2026,jeddah,2026-07-24,2026-07-22T04:04:45Z,1.0,0.001,2026-07-24T21:18:57Z
highest-temperature-in-jeddah-on-july-24-2026-37c,highest-temperature-in-jeddah-on-july-24-2026,jeddah,2026-07-24,2026-07-22T04:04:45Z,1.0,0.001,2026-07-24T21:24:10Z
highest-temperature-in-jeddah-on-july-24-2026-38c,highest-temperature-in-jeddah-on-july-24-2026,jeddah,2026-07-24,2026-07-22T04:04:45Z,1.0,0.001,2026-07-24T21:18:57Z
highest-temperature-in-jeddah-on-july-24-2026-39c,highest-temperature-in-jeddah-on-july-24-2026,jeddah,2026-07-24,2026-07-22T04:04:45Z,1.0,0.001,2026-07-24T21:24:10Z
highest-temperature-in-jeddah-on-july-24-2026-40c,highest-temperature-in-jeddah-on-july-24-2026,jeddah,2026-07-24,2026-07-22T04:04:45Z,1.0,1.0,2026-07-24T21:51:40Z
highest-temperature-in-jeddah-on-july-24-2026-41corhigher,highest-temperature-in-jeddah-on-july-24-2026,jeddah,2026-07-24,2026-07-22T04:04:45Z,1.0,0.001,2026-07-24T21:18:57Z
highest-temperature-in-cape-town-on-july-24-2026-12corbelow,highest-temperature-in-cape-town-on-july-24-2026,cape-town,2026-07-24,2026-07-22T04:04:45Z,1.0,0.001,2026-07-24T22:24:41Z
highest-temperature-in-cape-town-on-july-24-2026-13c,highest-temperature-in-cape-town-on-july-24-2026,cape-town,2026-07-24,2026-07-22T04:04:45Z,1.0,0.001,2026-07-24T22:24:41Z
highest-temperature-in-cape-town-on-july-24-2026-14c,highest-temperature-in-cape-town-on-july-24-2026,cape-town,2026-07-24,2026-07-22T04:04:45Z,1.0,0.001,2026-07-24T22:24:41Z
highest-temperature-in-cape-town-on-july-24-2026-15c,highest-temperature-in-cape-town-on-july-24-2026,cape-town,2026-07-24,2026-07-22T04:04:45Z,1.0,0.001,2026-07-24T22:24:41Z
highest-temperature-in-cape-town-on-july-24-2026-16c,highest-temperature-in-cape-town-on-july-24-2026,cape-town,2026-07-24,2026-07-22T04:04:45Z,1.0,0.001,2026-07-24T22:24:41Z
highest-temperature-in-cape-town-on-july-24-2026-17c,highest-temperature-in-cape-town-on-july-24-2026,cape-town,2026-07-24,2026-07-22T04:04:45Z,1.0,0.001,2026-07-24T22:24:41Z
highest-temperature-in-cape-town-on-july-24-2026-18c,highest-temperature-in-cape-town-on-july-24-2026,cape-town,2026-07-24,2026-07-22T04:04:45Z,1.0,1.0,2026-07-24T22:39:45Z
highest-temperature-in-cape-town-on-july-24-2026-19c,highest-temperature-in-cape-town-on-july-24-2026,cape-town,2026-07-24,2026-07-22T04:04:45Z,1.0,0.001,2026-07-24T22:24:41Z
highest-temperature-in-cape-town-on-july-24-2026-20c,highest-temperature-in-cape-town-on-july-24-2026,cape-town,2026-07-24,2026-07-22T04:04:45Z,1.0,0.001,2026-07-24T22:24:41Z
highest-temperature-in-cape-town-on-july-24-2026-21c,highest-temperature-in-cape-town-on-july-24-2026,cape-town,2026-07-24,2026-07-22T04:04:45Z,1.0,0.001,2026-07-24T22:24:41Z
highest-temperature-in-cape-town-on-july-24-2026-22corhigher,highest-temperature-in-cape-town-on-july-24-2026,cape-town,2026-07-24,2026-07-22T04:04:45Z,1.0,0.001,2026-07-24T22:24:41Z
highest-temperature-in-guangzhou-on-july-24-2026-28corbelow,highest-temperature-in-guangzhou-on-july-24-2026,guangzhou,2026-07-24,2026-07-22T04:04:45Z,1.0,0.001,2026-07-24T16:31:31Z
highest-temperature-in-guangzhou-on-july-24-2026-29c,highest-temperature-in-guangzhou-on-july-24-2026,guangzhou,2026-07-24,2026-07-22T04:04:45Z,1.0,0.001,2026-07-24T16:31:31Z
highest-temperature-in-guangzhou-on-july-24-2026-30c,highest-temperature-in-guangzhou-on-july-24-2026,guangzhou,2026-07-24,2026-07-22T04:04:45Z,1.0,0.001,2026-07-24T16:31:31Z
highest-temperature-in-guangzhou-on-july-24-2026-31c,highest-temperature-in-guangzhou-on-july-24-2026,guangzhou,2026-07-24,2026-07-22T04:04:45Z,1.0,0.001,2026-07-24T16:31:31Z
highest-temperature-in-guangzhou-on-july-24-2026-32c,highest-temperature-in-guangzhou-on-july-24-2026,guangzhou,2026-07-24,2026-07-22T04:04:45Z,1.0,0.001,2026-07-24T16:31:31Z
highest-temperature-in-guangzhou-on-july-24-2026-33c,highest-temperature-in-guangzhou-on-july-24-2026,guangzhou,2026-07-24,2026-07-22T04:04:45Z,1.0,0.001,2026-07-24T16:31:31Z
highest-temperature-in-guangzhou-on-july-24-2026-34c,highest-temperature-in-guangzhou-on-july-24-2026,guangzhou,2026-07-24,2026-07-22T04:04:45Z,1.0,0.001,2026-07-24T16:31:31Z
highest-temperature-in-guangzhou-on-july-24-2026-35c,highest-temperature-in-guangzhou-on-july-24-2026,guangzhou,2026-07-24,2026-07-22T04:04:45Z,1.0,0.001,2026-07-24T16:31:31Z
highest-temperature-in-guangzhou-on-july-24-2026-36c,highest-temperature-in-guangzhou-on-july-24-2026,guangzhou,2026-07-24,2026-07-22T04:04:45Z,1.0,1.0,2026-07-24T16:31:31Z
highest-temperature-in-guangzhou-on-july-24-2026-37c,highest-temperature-in-guangzhou-on-july-24-2026,guangzhou,2026-07-24,2026-07-22T04:04:45Z,1.0,0.001,2026-07-24T16:31:31Z
highest-temperature-in-guangzhou-on-july-24-2026-38corhigher,highest-temperature-in-guangzhou-on-july-24-2026,guangzhou,2026-07-24,2026-07-22T04:04:45Z,1.0,0.001,2026-07-24T16:31:31Z
highest-temperature-in-qingdao-on-july-24-2026-23corbelow,highest-temperature-in-qingdao-on-july-24-2026,qingdao,2026-07-24,2026-07-22T04:04:45Z,1.0,0.001,2026-07-24T16:26:41Z
highest-temperature-in-qingdao-on-july-24-2026-24c,highest-temperature-in-qingdao-on-july-24-2026,qingdao,2026-07-24,2026-07-22T04:04:45Z,1.0,0.001,2026-07-24T16:26:41Z
highest-temperature-in-qingdao-on-july-24-2026-25c,highest-temperature-in-qingdao-on-july-24-2026,qingdao,2026-07-24,2026-07-22T04:04:45Z,1.0,0.001,2026-07-24T16:26:41Z
highest-temperature-in-qingdao-on-july-24-2026-26c,highest-temperature-in-qingdao-on-july-24-2026,qingdao,2026-07-24,2026-07-22T04:04:45Z,1.0,0.001,2026-07-24T16:26:41Z
highest-temperature-in-qingdao-on-july-24-2026-27c,highest-temperature-in-qingdao-on-july-24-2026,qingdao,2026-07-24,2026-07-22T04:04:45Z,1.0,0.001,2026-07-24T16:26:41Z
highest-temperature-in-qingdao-on-july-24-2026-28c,highest-temperature-in-qingdao-on-july-24-2026,qingdao,2026-07-24,2026-07-22T04:04:45Z,1.0,0.001,2026-07-24T16:26:41Z
highest-temperature-in-qingdao-on-july-24-2026-29c,highest-temperature-in-qingdao-on-july-24-2026,qingdao,2026-07-24,2026-07-22T04:04:45Z,1.0,0.001,2026-07-24T16:26:41Z
highest-temperature-in-qingdao-on-july-24-2026-30c,highest-temperature-in-qingdao-on-july-24-2026,qingdao,2026-07-24,2026-07-22T04:04:45Z,1.0,1.0,2026-07-24T18:17:28Z
highest-temperature-in-qingdao-on-july-24-2026-31c,highest-temperature-in-qingdao-on-july-24-2026,qingdao,2026-07-24,2026-07-22T04:04:45Z,1.0,0.001,2026-07-24T16:26:41Z
highest-temperature-in-qingdao-on-july-24-2026-32c,highest-temperature-in-qingdao-on-july-24-2026,qingdao,2026-07-24,2026-07-22T04:04:45Z,1.0,0.001,2026-07-24T16:26:41Z
highest-temperature-in-qingdao-on-july-24-2026-33corhigher,highest-temperature-in-qingdao-on-july-24-2026,qingdao,2026-07-24,2026-07-22T04:04:45Z,1.0,0.001,2026-07-24T16:26:41Z
highest-temperature-in-karachi-on-july-24-2026-29corbelow,highest-temperature-in-karachi-on-july-24-2026,karachi,2026-07-24,2026-07-22T04:04:45Z,1.0,0.001,2026-07-24T19:23:12Z
highest-temperature-in-karachi-on-july-24-2026-30c,highest-temperature-in-karachi-on-july-24-2026,karachi,2026-07-24,2026-07-22T04:04:45Z,1.0,0.001,2026-07-24T19:23:12Z
highest-temperature-in-karachi-on-july-24-2026-31c,highest-temperature-in-karachi-on-july-24-2026,karachi,2026-07-24,2026-07-22T04:04:45Z,1.0,0.001,2026-07-24T19:23:12Z
highest-temperature-in-karachi-on-july-24-2026-32c,highest-temperature-in-karachi-on-july-24-2026,karachi,2026-07-24,2026-07-22T04:04:45Z,1.0,0.001,2026-07-24T19:23:12Z
highest-temperature-in-karachi-on-july-24-2026-33c,highest-temperature-in-karachi-on-july-24-2026,karachi,2026-07-24,2026-07-22T04:04:45Z,1.0,0.001,2026-07-24T19:23:12Z
highest-temperature-in-karachi-on-july-24-2026-34c,highest-temperature-in-karachi-on-july-24-2026,karachi,2026-07-24,2026-07-22T04:04:45Z,1.0,0.001,2026-07-24T19:23:12Z
highest-temperature-in-karachi-on-july-24-2026-35c,highest-temperature-in-karachi-on-july-24-2026,karachi,2026-07-24,2026-07-22T04:04:45Z,1.0,1.0,2026-07-24T19:28:08Z
highest-temperature-in-karachi-on-july-24-2026-36c,highest-temperature-in-karachi-on-july-24-2026,karachi,2026-07-24,2026-07-22T04:04:45Z,1.0,0.001,2026-07-24T19:23:12Z
highest-temperature-in-karachi-on-july-24-2026-37c,highest-temperature-in-karachi-on-july-24-2026,karachi,2026-07-24,2026-07-22T04:04:45Z,1.0,0.001,2026-07-24T19:23:12Z
highest-temperature-in-karachi-on-july-24-2026-38c,highest-temperature-in-karachi-on-july-24-2026,karachi,2026-07-24,2026-07-22T04:04:45Z,1.0,0.001,2026-07-24T19:23:12Z
highest-temperature-in-karachi-on-july-24-2026-39corhigher,highest-temperature-in-karachi-on-july-24-2026,karachi,2026-07-24,2026-07-22T04:04:45Z,1.0,0.001,2026-07-24T19:23:12Z
highest-temperature-in-manila-on-july-24-2026-25corbelow,highest-temperature-in-manila-on-july-24-2026,manila,2026-07-24,2026-07-22T04:05:30Z,1.0,0.001,2026-07-24T16:26:41Z
highest-temperature-in-manila-on-july-24-2026-26c,highest-temperature-in-manila-on-july-24-2026,manila,2026-07-24,2026-07-22T04:05:30Z,1.0,0.001,2026-07-24T16:26:41Z
highest-temperature-in-manila-on-july-24-2026-27c,highest-temperature-in-manila-on-july-24-2026,manila,2026-07-24,2026-07-22T04:05:30Z,1.0,0.001,2026-07-24T16:26:41Z
highest-temperature-in-manila-on-july-24-2026-28c,highest-temperature-in-manila-on-july-24-2026,manila,2026-07-24,2026-07-22T04:05:30Z,1.0,0.001,2026-07-24T16:26:41Z
highest-temperature-in-manila-on-july-24-2026-29c,highest-temperature-in-manila-on-july-24-2026,manila,2026-07-24,2026-07-22T04:05:30Z,1.0,0.001,2026-07-24T16:26:41Z
highest-temperature-in-manila-on-july-24-2026-30c,highest-temperature-in-manila-on-july-24-2026,manila,2026-07-24,2026-07-22T04:05:30Z,1.0,1.0,2026-07-24T16:31:31Z
highest-temperature-in-manila-on-july-24-2026-31c,highest-temperature-in-manila-on-july-24-2026,manila,2026-07-24,2026-07-22T04:05:30Z,1.0,0.001,2026-07-24T16:26:41Z
highest-temperature-in-manila-on-july-24-2026-32c,highest-temperature-in-manila-on-july-24-2026,manila,2026-07-24,2026-07-22T04:05:30Z,1.0,0.001,2026-07-24T16:26:41Z
highest-temperature-in-manila-on-july-24-2026-33c,highest-temperature-in-manila-on-july-24-2026,manila,2026-07-24,2026-07-22T04:05:30Z,1.0,0.001,2026-07-24T16:26:41Z
highest-temperature-in-manila-on-july-24-2026-34c,highest-temperature-in-manila-on-july-24-2026,manila,2026-07-24,2026-07-22T04:05:30Z,1.0,0.001,2026-07-24T16:26:41Z
highest-temperature-in-manila-on-july-24-2026-35corhigher,highest-temperature-in-manila-on-july-24-2026,manila,2026-07-24,2026-07-22T04:05:30Z,1.0,0.001,2026-07-24T16:26:41Z
highest-temperature-in-sao-paulo-on-july-24-2026-13corbelow,highest-temperature-in-sao-paulo-on-july-24-2026,sao-paulo,2026-07-24,2026-07-23T01:02:50Z,1.0,0.001,2026-07-25T03:27:30Z
highest-temperature-in-sao-paulo-on-july-24-2026-14c,highest-temperature-in-sao-paulo-on-july-24-2026,sao-paulo,2026-07-24,2026-07-23T01:02:50Z,1.0,0.001,2026-07-25T03:27:30Z
highest-temperature-in-sao-paulo-on-july-24-2026-15c,highest-temperature-in-sao-paulo-on-july-24-2026,sao-paulo,2026-07-24,2026-07-23T01:02:50Z,1.0,0.001,2026-07-25T03:27:30Z
highest-temperature-in-sao-paulo-on-july-24-2026-16c,highest-temperature-in-sao-paulo-on-july-24-2026,sao-paulo,2026-07-24,2026-07-23T01:02:50Z,1.0,0.001,2026-07-25T03:27:30Z
highest-temperature-in-sao-paulo-on-july-24-2026-17c,highest-temperature-in-sao-paulo-on-july-24-2026,sao-paulo,2026-07-24,2026-07-23T01:02:50Z,1.0,1.0,2026-07-25T03:27:30Z
highest-temperature-in-sao-paulo-on-july-24-2026-18c,highest-temperature-in-sao-paulo-on-july-24-2026,sao-paulo,2026-07-24,2026-07-23T01:02:50Z,1.0,0.001,2026-07-25T03:27:30Z
highest-temperature-in-sao-paulo-on-july-24-2026-19c,highest-temperature-in-sao-paulo-on-july-24-2026,sao-paulo,2026-07-24,2026-07-23T01:02:50Z,1.0,0.001,2026-07-25T03:27:30Z
highest-temperature-in-sao-paulo-on-july-24-2026-20c,highest-temperature-in-sao-paulo-on-july-24-2026,sao-paulo,2026-07-24,2026-07-23T01:02:50Z,1.0,0.001,2026-07-25T03:27:30Z
highest-temperature-in-sao-paulo-on-july-24-2026-21c,highest-temperature-in-sao-paulo-on-july-24-2026,sao-paulo,2026-07-24,2026-07-23T01:02:50Z,1.0,0.001,2026-07-25T03:27:30Z
highest-temperature-in-sao-paulo-on-july-24-2026-22c,highest-temperature-in-sao-paulo-on-july-24-2026,sao-paulo,2026-07-24,2026-07-23T01:02:50Z,1.0,0.001,2026-07-25T03:27:30Z
highest-temperature-in-sao-paulo-on-july-24-2026-23corhigher,highest-temperature-in-sao-paulo-on-july-24-2026,sao-paulo,2026-07-24,2026-07-23T01:02:50Z,1.0,0.001,2026-07-25T03:27:30Z
highest-temperature-in-buenos-aires-on-july-24-2026-11corbelow,highest-temperature-in-buenos-aires-on-july-24-2026,buenos-aires,2026-07-24,2026-07-23T01:02:50Z,1.0,0.001,2026-07-25T03:32:23Z
highest-temperature-in-buenos-aires-on-july-24-2026-12c,highest-temperature-in-buenos-aires-on-july-24-2026,buenos-aires,2026-07-24,2026-07-23T01:02:50Z,1.0,0.001,2026-07-25T03:32:23Z
highest-temperature-in-buenos-aires-on-july-24-2026-13c,highest-temperature-in-buenos-aires-on-july-24-2026,buenos-aires,2026-07-24,2026-07-23T01:02:50Z,1.0,0.001,2026-07-25T03:32:23Z
highest-temperature-in-buenos-aires-on-july-24-2026-14c,highest-temperature-in-buenos-aires-on-july-24-2026,buenos-aires,2026-07-24,2026-07-23T01:02:50Z,1.0,0.001,2026-07-25T03:32:23Z
highest-temperature-in-buenos-aires-on-july-24-2026-15c,highest-temperature-in-buenos-aires-on-july-24-2026,buenos-aires,2026-07-24,2026-07-23T01:02:50Z,1.0,0.001,2026-07-25T03:32:23Z
highest-temperature-in-buenos-aires-on-july-24-2026-16c,highest-temperature-in-buenos-aires-on-july-24-2026,buenos-aires,2026-07-24,2026-07-23T01:02:50Z,1.0,0.001,2026-07-25T03:32:23Z
highest-temperature-in-buenos-aires-on-july-24-2026-17c,highest-temperature-in-buenos-aires-on-july-24-2026,buenos-aires,2026-07-24,2026-07-23T01:02:50Z,1.0,1.0,2026-07-25T03:37:36Z
highest-temperature-in-buenos-aires-on-july-24-2026-18c,highest-temperature-in-buenos-aires-on-july-24-2026,buenos-aires,2026-07-24,2026-07-23T01:02:50Z,1.0,0.001,2026-07-25T03:32:23Z
highest-temperature-in-buenos-aires-on-july-24-2026-19c,highest-temperature-in-buenos-aires-on-july-24-2026,buenos-aires,2026-07-24,2026-07-23T01:02:50Z,1.0,0.001,2026-07-25T03:32:23Z
highest-temperature-in-buenos-aires-on-july-24-2026-20c,highest-temperature-in-buenos-aires-on-july-24-2026,buenos-aires,2026-07-24,2026-07-23T01:02:50Z,1.0,0.001,2026-07-25T03:32:23Z
highest-temperature-in-buenos-aires-on-july-24-2026-21corhigher,highest-temperature-in-buenos-aires-on-july-24-2026,buenos-aires,2026-07-24,2026-07-23T01:02:50Z,1.0,0.001,2026-07-25T03:32:23Z
highest-temperature-in-toronto-on-july-24-2026-21corbelow,highest-temperature-in-toronto-on-july-24-2026,toronto,2026-07-24,2026-07-23T01:02:50Z,1.0,0.001,2026-07-25T04:27:59Z
highest-temperature-in-toronto-on-july-24-2026-22c,highest-temperature-in-toronto-on-july-24-2026,toronto,2026-07-24,2026-07-23T01:02:50Z,1.0,0.001,2026-07-25T04:27:59Z
highest-temperature-in-toronto-on-july-24-2026-23c,highest-temperature-in-toronto-on-july-24-2026,toronto,2026-07-24,2026-07-23T01:02:50Z,1.0,0.001,2026-07-25T04:27:59Z
highest-temperature-in-toronto-on-july-24-2026-24c,highest-temperature-in-toronto-on-july-24-2026,toronto,2026-07-24,2026-07-23T01:02:50Z,1.0,0.001,2026-07-25T04:27:59Z
highest-temperature-in-toronto-on-july-24-2026-25c,highest-temperature-in-toronto-on-july-24-2026,toronto,2026-07-24,2026-07-23T01:02:50Z,1.0,1.0,2026-07-25T04:32:56Z
highest-temperature-in-toronto-on-july-24-2026-26c,highest-temperature-in-toronto-on-july-24-2026,toronto,2026-07-24,2026-07-23T01:02:50Z,1.0,0.001,2026-07-25T04:27:59Z
highest-temperature-in-toronto-on-july-24-2026-27c,highest-temperature-in-toronto-on-july-24-2026,toronto,2026-07-24,2026-07-23T01:02:50Z,1.0,0.001,2026-07-25T04:27:59Z
highest-temperature-in-toronto-on-july-24-2026-28c,highest-temperature-in-toronto-on-july-24-2026,toronto,2026-07-24,2026-07-23T01:02:50Z,1.0,0.001,2026-07-25T04:27:59Z
highest-temperature-in-toronto-on-july-24-2026-29c,highest-temperature-in-toronto-on-july-24-2026,toronto,2026-07-24,2026-07-23T01:02:50Z,1.0,0.001,2026-07-25T04:27:59Z
highest-temperature-in-toronto-on-july-24-2026-30c,highest-temperature-in-toronto-on-july-24-2026,toronto,2026-07-24,2026-07-23T01:02:50Z,1.0,0.001,2026-07-25T04:27:59Z
highest-temperature-in-toronto-on-july-24-2026-31corhigher,highest-temperature-in-toronto-on-july-24-2026,toronto,2026-07-24,2026-07-23T01:02:50Z,1.0,0.001,2026-07-25T04:27:59Z
highest-temperature-in-seattle-on-july-24-2026-73forbelow,highest-temperature-in-seattle-on-july-24-2026,seattle,2026-07-24,2026-07-23T01:02:50Z,1.0,0.001,2026-07-25T08:19:55Z
highest-temperature-in-seattle-on-july-24-2026-74-75f,highest-temperature-in-seattle-on-july-24-2026,seattle,2026-07-24,2026-07-23T01:02:50Z,1.0,0.001,2026-07-25T08:19:55Z
highest-temperature-in-seattle-on-july-24-2026-76-77f,highest-temperature-in-seattle-on-july-24-2026,seattle,2026-07-24,2026-07-23T01:02:50Z,1.0,0.001,2026-07-25T08:19:55Z
highest-temperature-in-seattle-on-july-24-2026-78-79f,highest-temperature-in-seattle-on-july-24-2026,seattle,2026-07-24,2026-07-23T01:02:50Z,1.0,0.001,2026-07-25T08:19:55Z
highest-temperature-in-seattle-on-july-24-2026-80-81f,highest-temperature-in-seattle-on-july-24-2026,seattle,2026-07-24,2026-07-23T01:02:50Z,1.0,0.001,2026-07-25T08:19:55Z
highest-temperature-in-seattle-on-july-24-2026-82-83f,highest-temperature-in-seattle-on-july-24-2026,seattle,2026-07-24,2026-07-23T01:02:50Z,1.0,1.0,2026-07-25T08:40:21Z
highest-temperature-in-seattle-on-july-24-2026-84-85f,highest-temperature-in-seattle-on-july-24-2026,seattle,2026-07-24,2026-07-23T01:02:50Z,1.0,0.001,2026-07-25T08:19:55Z
highest-temperature-in-seattle-on-july-24-2026-86-87f,highest-temperature-in-seattle-on-july-24-2026,seattle,2026-07-24,2026-07-23T01:02:50Z,1.0,0.001,2026-07-25T08:19:55Z
highest-temperature-in-seattle-on-july-24-2026-88-89f,highest-temperature-in-seattle-on-july-24-2026,seattle,2026-07-24,2026-07-23T01:02:50Z,1.0,0.001,2026-07-25T08:19:55Z
highest-temperature-in-seattle-on-july-24-2026-90-91f,highest-temperature-in-seattle-on-july-24-2026,seattle,2026-07-24,2026-07-23T01:02:50Z,1.0,0.001,2026-07-25T08:19:55Z
highest-temperature-in-seattle-on-july-24-2026-92forhigher,highest-temperature-in-seattle-on-july-24-2026,seattle,2026-07-24,2026-07-23T01:02:50Z,1.0,0.001,2026-07-25T08:19:55Z
highest-temperature-in-nyc-on-july-24-2026-77forbelow,highest-temperature-in-nyc-on-july-24-2026,nyc,2026-07-24,2026-07-23T01:02:50Z,1.0,0.001,2026-07-25T05:18:21Z
highest-temperature-in-nyc-on-july-24-2026-78-79f,highest-temperature-in-nyc-on-july-24-2026,nyc,2026-07-24,2026-07-23T01:02:50Z,1.0,0.001,2026-07-25T05:18:21Z
highest-temperature-in-nyc-on-july-24-2026-80-81f,highest-temperature-in-nyc-on-july-24-2026,nyc,2026-07-24,2026-07-23T01:02:50Z,1.0,0.001,2026-07-25T05:18:21Z
highest-temperature-in-nyc-on-july-24-2026-82-83f,highest-temperature-in-nyc-on-july-24-2026,nyc,2026-07-24,2026-07-23T01:02:50Z,1.0,1.0,2026-07-25T05:23:21Z
highest-temperature-in-nyc-on-july-24-2026-84-85f,highest-temperature-in-nyc-on-july-24-2026,nyc,2026-07-24,2026-07-23T01:02:50Z,1.0,0.001,2026-07-25T05:18:21Z
highest-temperature-in-nyc-on-july-24-2026-86-87f,highest-temperature-in-nyc-on-july-24-2026,nyc,2026-07-24,2026-07-23T01:02:50Z,1.0,0.001,2026-07-25T05:18:21Z
highest-temperature-in-nyc-on-july-24-2026-88-89f,highest-temperature-in-nyc-on-july-24-2026,nyc,2026-07-24,2026-07-23T01:02:50Z,1.0,0.001,2026-07-25T05:18:21Z
highest-temperature-in-nyc-on-july-24-2026-90-91f,highest-temperature-in-nyc-on-july-24-2026,nyc,2026-07-24,2026-07-23T01:02:50Z,1.0,0.001,2026-07-25T05:18:21Z
highest-temperature-in-nyc-on-july-24-2026-92-93f,highest-temperature-in-nyc-on-july-24-2026,nyc,2026-07-24,2026-07-23T01:02:50Z,1.0,0.001,2026-07-25T05:18:21Z
highest-temperature-in-nyc-on-july-24-2026-94-95f,highest-temperature-in-nyc-on-july-24-2026,nyc,2026-07-24,2026-07-23T01:02:50Z,1.0,0.001,2026-07-25T05:18:21Z
highest-temperature-in-nyc-on-july-24-2026-96forhigher,highest-temperature-in-nyc-on-july-24-2026,nyc,2026-07-24,2026-07-23T01:02:50Z,1.0,0.001,2026-07-25T05:18:21Z
highest-temperature-in-dallas-on-july-24-2026-91forbelow,highest-temperature-in-dallas-on-july-24-2026,dallas,2026-07-24,2026-07-23T01:02:50Z,1.0,0.001,2026-07-25T06:18:55Z
highest-temperature-in-dallas-on-july-24-2026-92-93f,highest-temperature-in-dallas-on-july-24-2026,dallas,2026-07-24,2026-07-23T01:02:50Z,1.0,0.001,2026-07-25T06:18:55Z
highest-temperature-in-dallas-on-july-24-2026-94-95f,highest-temperature-in-dallas-on-july-24-2026,dallas,2026-07-24,2026-07-23T01:02:50Z,1.0,1.0,2026-07-25T06:22:24Z
highest-temperature-in-dallas-on-july-24-2026-96-97f,highest-temperature-in-dallas-on-july-24-2026,dallas,2026-07-24,2026-07-23T01:02:50Z,1.0,0.001,2026-07-25T06:18:55Z
highest-temperature-in-dallas-on-july-24-2026-98-99f,highest-temperature-in-dallas-on-july-24-2026,dallas,2026-07-24,2026-07-23T01:02:50Z,1.0,0.001,2026-07-25T06:18:55Z
highest-temperature-in-dallas-on-july-24-2026-100-101f,highest-temperature-in-dallas-on-july-24-2026,dallas,2026-07-24,2026-07-23T01:02:50Z,1.0,0.001,2026-07-25T06:18:55Z
highest-temperature-in-dallas-on-july-24-2026-102-103f,highest-temperature-in-dallas-on-july-24-2026,dallas,2026-07-24,2026-07-23T01:02:50Z,1.0,0.001,2026-07-25T06:18:55Z
highest-temperature-in-dallas-on-july-24-2026-104-105f,highest-temperature-in-dallas-on-july-24-2026,dallas,2026-07-24,2026-07-23T01:02:50Z,1.0,0.001,2026-07-25T06:18:55Z
highest-temperature-in-dallas-on-july-24-2026-106-107f,highest-temperature-in-dallas-on-july-24-2026,dallas,2026-07-24,2026-07-23T01:02:50Z,1.0,0.001,2026-07-25T06:18:55Z
highest-temperature-in-dallas-on-july-24-2026-108-109f,highest-temperature-in-dallas-on-july-24-2026,dallas,2026-07-24,2026-07-23T01:02:50Z,1.0,0.001,2026-07-25T06:18:55Z
highest-temperature-in-dallas-on-july-24-2026-110forhigher,highest-temperature-in-dallas-on-july-24-2026,dallas,2026-07-24,2026-07-23T01:02:50Z,1.0,0.001,2026-07-25T06:18:55Z
highest-temperature-in-atlanta-on-july-24-2026-75forbelow,highest-temperature-in-atlanta-on-july-24-2026,atlanta,2026-07-24,2026-07-23T01:05:56Z,0.07,0.001,2026-07-25T05:18:21Z
highest-temperature-in-atlanta-on-july-24-2026-76-77f,highest-temperature-in-atlanta-on-july-24-2026,atlanta,2026-07-24,2026-07-23T01:05:56Z,0.02,0.001,2026-07-25T05:18:21Z
highest-temperature-in-atlanta-on-july-24-2026-78-79f,highest-temperature-in-atlanta-on-july-24-2026,atlanta,2026-07-24,2026-07-23T01:05:56Z,0.93,0.001,2026-07-25T05:18:21Z
highest-temperature-in-atlanta-on-july-24-2026-80-81f,highest-temperature-in-atlanta-on-july-24-2026,atlanta,2026-07-24,2026-07-23T01:05:56Z,0.93,0.001,2026-07-25T05:18:21Z
highest-temperature-in-atlanta-on-july-24-2026-82-83f,highest-temperature-in-atlanta-on-july-24-2026,atlanta,2026-07-24,2026-07-23T01:05:56Z,0.93,0.001,2026-07-25T05:18:21Z
highest-temperature-in-atlanta-on-july-24-2026-84-85f,highest-temperature-in-atlanta-on-july-24-2026,atlanta,2026-07-24,2026-07-23T01:05:56Z,0.93,0.001,2026-07-25T05:18:21Z
highest-temperature-in-atlanta-on-july-24-2026-86-87f,highest-temperature-in-atlanta-on-july-24-2026,atlanta,2026-07-24,2026-07-23T01:05:56Z,0.93,0.001,2026-07-25T05:18:21Z
highest-temperature-in-atlanta-on-july-24-2026-88-89f,highest-temperature-in-atlanta-on-july-24-2026,atlanta,2026-07-24,2026-07-23T01:05:56Z,1.0,1.0,2026-07-25T05:23:21Z
highest-temperature-in-atlanta-on-july-24-2026-90-91f,highest-temperature-in-atlanta-on-july-24-2026,atlanta,2026-07-24,2026-07-23T01:05:56Z,0.07,0.001,2026-07-25T05:18:21Z
highest-temperature-in-atlanta-on-july-24-2026-92-93f,highest-temperature-in-atlanta-on-july-24-2026,atlanta,2026-07-24,2026-07-23T01:05:56Z,0.099,0.001,2026-07-25T05:18:21Z
highest-temperature-in-atlanta-on-july-24-2026-94forhigher,highest-temperature-in-atlanta-on-july-24-2026,atlanta,2026-07-24,2026-07-23T01:05:56Z,0.07,0.001,2026-07-25T05:18:21Z
highest-temperature-in-miami-on-july-24-2026-79forbelow,highest-temperature-in-miami-on-july-24-2026,miami,2026-07-24,2026-07-23T01:05:56Z,0.07,0.001,2026-07-25T05:23:21Z
highest-temperature-in-miami-on-july-24-2026-80-81f,highest-temperature-in-miami-on-july-24-2026,miami,2026-07-24,2026-07-23T01:05:56Z,0.07,0.001,2026-07-25T05:23:21Z
highest-temperature-in-miami-on-july-24-2026-82-83f,highest-temperature-in-miami-on-july-24-2026,miami,2026-07-24,2026-07-23T01:05:56Z,0.02,0.001,2026-07-25T05:23:21Z
highest-temperature-in-miami-on-july-24-2026-84-85f,highest-temperature-in-miami-on-july-24-2026,miami,2026-07-24,2026-07-23T01:05:56Z,0.99,0.001,2026-07-25T05:23:21Z
highest-temperature-in-miami-on-july-24-2026-86-87f,highest-temperature-in-miami-on-july-24-2026,miami,2026-07-24,2026-07-23T01:05:56Z,0.99,0.001,2026-07-25T05:23:21Z
highest-temperature-in-miami-on-july-24-2026-88-89f,highest-temperature-in-miami-on-july-24-2026,miami,2026-07-24,2026-07-23T01:05:56Z,0.99,0.001,2026-07-25T05:23:21Z
highest-temperature-in-miami-on-july-24-2026-90-91f,highest-temperature-in-miami-on-july-24-2026,miami,2026-07-24,2026-07-23T01:05:56Z,0.99,0.001,2026-07-25T05:23:21Z
highest-temperature-in-miami-on-july-24-2026-92-93f,highest-temperature-in-miami-on-july-24-2026,miami,2026-07-24,2026-07-23T01:05:56Z,1.0,1.0,2026-07-25T06:54:22Z
highest-temperature-in-miami-on-july-24-2026-94-95f,highest-temperature-in-miami-on-july-24-2026,miami,2026-07-24,2026-07-23T01:05:56Z,0.104,0.001,2026-07-25T05:23:21Z
highest-temperature-in-miami-on-july-24-2026-96-97f,highest-temperature-in-miami-on-july-24-2026,miami,2026-07-24,2026-07-23T01:05:56Z,0.158,0.001,2026-07-25T05:23:21Z
highest-temperature-in-miami-on-july-24-2026-98forhigher,highest-temperature-in-miami-on-july-24-2026,miami,2026-07-24,2026-07-23T01:05:56Z,0.19,0.001,2026-07-25T05:23:21Z
highest-temperature-in-chicago-on-july-24-2026-75forbelow,highest-temperature-in-chicago-on-july-24-2026,chicago,2026-07-24,2026-07-23T01:05:56Z,0.179,0.001,2026-07-25T06:13:57Z
highest-temperature-in-chicago-on-july-24-2026-76-77f,highest-temperature-in-chicago-on-july-24-2026,chicago,2026-07-24,2026-07-23T01:05:56Z,0.7,0.001,2026-07-25T06:13:57Z
highest-temperature-in-chicago-on-july-24-2026-78-79f,highest-temperature-in-chicago-on-july-24-2026,chicago,2026-07-24,2026-07-23T01:05:56Z,1.0,1.0,2026-07-25T06:29:04Z
highest-temperature-in-chicago-on-july-24-2026-80-81f,highest-temperature-in-chicago-on-july-24-2026,chicago,2026-07-24,2026-07-23T01:05:56Z,0.7,0.001,2026-07-25T06:13:57Z
highest-temperature-in-chicago-on-july-24-2026-82-83f,highest-temperature-in-chicago-on-july-24-2026,chicago,2026-07-24,2026-07-23T01:05:56Z,0.7,0.001,2026-07-25T06:13:57Z
highest-temperature-in-chicago-on-july-24-2026-84-85f,highest-temperature-in-chicago-on-july-24-2026,chicago,2026-07-24,2026-07-23T01:05:56Z,0.7,0.001,2026-07-25T06:13:57Z
highest-temperature-in-chicago-on-july-24-2026-86-87f,highest-temperature-in-chicago-on-july-24-2026,chicago,2026-07-24,2026-07-23T01:05:56Z,0.07,0.001,2026-07-25T06:13:57Z
highest-temperature-in-chicago-on-july-24-2026-88-89f,highest-temperature-in-chicago-on-july-24-2026,chicago,2026-07-24,2026-07-23T01:05:56Z,0.07,0.001,2026-07-25T06:13:57Z
highest-temperature-in-chicago-on-july-24-2026-90-91f,highest-temperature-in-chicago-on-july-24-2026,chicago,2026-07-24,2026-07-23T01:05:56Z,0.07,0.001,2026-07-25T06:13:57Z
highest-temperature-in-chicago-on-july-24-2026-92-93f,highest-temperature-in-chicago-on-july-24-2026,chicago,2026-07-24,2026-07-23T01:05:56Z,0.07,0.001,2026-07-25T06:13:57Z
highest-temperature-in-chicago-on-july-24-2026-94forhigher,highest-temperature-in-chicago-on-july-24-2026,chicago,2026-07-24,2026-07-23T01:05:56Z,0.07,0.001,2026-07-25T06:13:57Z
highest-temperature-in-austin-on-july-24-2026-87forbelow,highest-temperature-in-austin-on-july-24-2026,austin,2026-07-24,2026-07-23T01:05:56Z,0.02,0.001,2026-07-25T06:18:55Z
highest-temperature-in-austin-on-july-24-2026-88-89f,highest-temperature-in-austin-on-july-24-2026,austin,2026-07-24,2026-07-23T01:05:56Z,0.02,0.001,2026-07-25T06:18:55Z
highest-temperature-in-austin-on-july-24-2026-90-91f,highest-temperature-in-austin-on-july-24-2026,austin,2026-07-24,2026-07-23T01:05:56Z,0.99,0.001,2026-07-25T06:18:55Z
highest-temperature-in-austin-on-july-24-2026-92-93f,highest-temperature-in-austin-on-july-24-2026,austin,2026-07-24,2026-07-23T01:05:56Z,0.99,0.001,2026-07-25T06:18:55Z
highest-temperature-in-austin-on-july-24-2026-94-95f,highest-temperature-in-austin-on-july-24-2026,austin,2026-07-24,2026-07-23T01:05:56Z,1.0,1.0,2026-07-25T06:22:24Z
highest-temperature-in-austin-on-july-24-2026-96-97f,highest-temperature-in-austin-on-july-24-2026,austin,2026-07-24,2026-07-23T01:05:56Z,0.99,0.001,2026-07-25T06:18:55Z
highest-temperature-in-austin-on-july-24-2026-98-99f,highest-temperature-in-austin-on-july-24-2026,austin,2026-07-24,2026-07-23T01:05:56Z,0.99,0.001,2026-07-25T06:18:55Z
highest-temperature-in-austin-on-july-24-2026-100-101f,highest-temperature-in-austin-on-july-24-2026,austin,2026-07-24,2026-07-23T01:05:56Z,0.99,0.001,2026-07-25T06:18:55Z
highest-temperature-in-austin-on-july-24-2026-102-103f,highest-temperature-in-austin-on-july-24-2026,austin,2026-07-24,2026-07-23T01:05:56Z,0.99,0.001,2026-07-25T06:18:55Z
highest-temperature-in-austin-on-july-24-2026-104-105f,highest-temperature-in-austin-on-july-24-2026,austin,2026-07-24,2026-07-23T01:05:56Z,0.99,0.001,2026-07-25T06:18:55Z
highest-temperature-in-austin-on-july-24-2026-106forhigher,highest-temperature-in-austin-on-july-24-2026,austin,2026-07-24,2026-07-23T01:05:56Z,0.99,0.001,2026-07-25T06:18:55Z
highest-temperature-in-denver-on-july-24-2026-81forbelow,highest-temperature-in-denver-on-july-24-2026,denver,2026-07-24,2026-07-23T01:05:56Z,0.02,0.001,2026-07-25T07:39:33Z
highest-temperature-in-denver-on-july-24-2026-82-83f,highest-temperature-in-denver-on-july-24-2026,denver,2026-07-24,2026-07-23T01:05:56Z,0.07,0.001,2026-07-25T07:39:33Z
highest-temperature-in-denver-on-july-24-2026-84-85f,highest-temperature-in-denver-on-july-24-2026,denver,2026-07-24,2026-07-23T01:05:56Z,0.07,0.001,2026-07-25T07:39:33Z
highest-temperature-in-denver-on-july-24-2026-86-87f,highest-temperature-in-denver-on-july-24-2026,denver,2026-07-24,2026-07-23T01:05:56Z,0.07,0.001,2026-07-25T07:39:33Z
highest-temperature-in-denver-on-july-24-2026-88-89f,highest-temperature-in-denver-on-july-24-2026,denver,2026-07-24,2026-07-23T01:05:56Z,0.99,0.001,2026-07-25T07:39:33Z
highest-temperature-in-denver-on-july-24-2026-90-91f,highest-temperature-in-denver-on-july-24-2026,denver,2026-07-24,2026-07-23T01:05:56Z,0.99,0.001,2026-07-25T07:39:33Z
highest-temperature-in-denver-on-july-24-2026-92-93f,highest-temperature-in-denver-on-july-24-2026,denver,2026-07-24,2026-07-23T01:05:56Z,0.99,0.001,2026-07-25T07:39:33Z
highest-temperature-in-denver-on-july-24-2026-94-95f,highest-temperature-in-denver-on-july-24-2026,denver,2026-07-24,2026-07-23T01:05:56Z,0.99,0.001,2026-07-25T07:39:33Z
highest-temperature-in-denver-on-july-24-2026-96-97f,highest-temperature-in-denver-on-july-24-2026,denver,2026-07-24,2026-07-23T01:05:56Z,1.0,1.0,2026-07-25T07:44:39Z
highest-temperature-in-denver-on-july-24-2026-98-99f,highest-temperature-in-denver-on-july-24-2026,denver,2026-07-24,2026-07-23T01:05:56Z,0.212,0.001,2026-07-25T07:39:33Z
highest-temperature-in-denver-on-july-24-2026-100forhigher,highest-temperature-in-denver-on-july-24-2026,denver,2026-07-24,2026-07-23T01:05:56Z,0.599,0.001,2026-07-25T07:39:33Z
highest-temperature-in-houston-on-july-24-2026-81forbelow,highest-temperature-in-houston-on-july-24-2026,houston,2026-07-24,2026-07-23T01:05:56Z,0.02,0.001,2026-07-25T06:18:55Z
highest-temperature-in-houston-on-july-24-2026-82-83f,highest-temperature-in-houston-on-july-24-2026,houston,2026-07-24,2026-07-23T01:05:56Z,0.07,0.001,2026-07-25T06:18:55Z
highest-temperature-in-houston-on-july-24-2026-84-85f,highest-temperature-in-houston-on-july-24-2026,houston,2026-07-24,2026-07-23T01:05:56Z,0.07,0.001,2026-07-25T06:18:55Z
highest-temperature-in-houston-on-july-24-2026-86-87f,highest-temperature-in-houston-on-july-24-2026,houston,2026-07-24,2026-07-23T01:05:56Z,0.158,0.001,2026-07-25T06:18:55Z
highest-temperature-in-houston-on-july-24-2026-88-89f,highest-temperature-in-houston-on-july-24-2026,houston,2026-07-24,2026-07-23T01:05:56Z,0.4,0.001,2026-07-25T06:18:55Z
highest-temperature-in-houston-on-july-24-2026-90-91f,highest-temperature-in-houston-on-july-24-2026,houston,2026-07-24,2026-07-23T01:05:56Z,0.4,0.001,2026-07-25T06:18:55Z
highest-temperature-in-houston-on-july-24-2026-92-93f,highest-temperature-in-houston-on-july-24-2026,houston,2026-07-24,2026-07-23T01:05:56Z,1.0,1.0,2026-07-25T06:22:24Z
highest-temperature-in-houston-on-july-24-2026-94-95f,highest-temperature-in-houston-on-july-24-2026,houston,2026-07-24,2026-07-23T01:05:56Z,0.7,0.001,2026-07-25T06:18:55Z
highest-temperature-in-houston-on-july-24-2026-96-97f,highest-temperature-in-houston-on-july-24-2026,houston,2026-07-24,2026-07-23T01:05:56Z,0.4,0.001,2026-07-25T06:18:55Z
highest-temperature-in-houston-on-july-24-2026-98-99f,highest-temperature-in-houston-on-july-24-2026,houston,2026-07-24,2026-07-23T01:05:56Z,0.178,0.001,2026-07-25T06:18:55Z
highest-temperature-in-houston-on-july-24-2026-100forhigher,highest-temperature-in-houston-on-july-24-2026,houston,2026-07-24,2026-07-23T01:05:56Z,0.07,0.001,2026-07-25T06:18:55Z
highest-temperature-in-san-francisco-on-july-24-2026-59forbelow,highest-temperature-in-san-francisco-on-july-24-2026,san-francisco,2026-07-24,2026-07-23T01:05:56Z,0.02,0.001,2026-07-25T08:19:55Z
highest-temperature-in-san-francisco-on-july-24-2026-60-61f,highest-temperature-in-san-francisco-on-july-24-2026,san-francisco,2026-07-24,2026-07-23T01:05:56Z,0.98,0.001,2026-07-25T08:19:55Z
highest-temperature-in-san-francisco-on-july-24-2026-62-63f,highest-temperature-in-san-francisco-on-july-24-2026,san-francisco,2026-07-24,2026-07-23T01:05:56Z,0.99,0.001,2026-07-25T08:19:55Z
highest-temperature-in-san-francisco-on-july-24-2026-64-65f,highest-temperature-in-san-francisco-on-july-24-2026,san-francisco,2026-07-24,2026-07-23T01:05:56Z,0.99,0.001,2026-07-25T08:19:55Z
highest-temperature-in-san-francisco-on-july-24-2026-66-67f,highest-temperature-in-san-francisco-on-july-24-2026,san-francisco,2026-07-24,2026-07-23T01:05:56Z,0.99,0.001,2026-07-25T08:19:55Z
highest-temperature-in-san-francisco-on-july-24-2026-68-69f,highest-temperature-in-san-francisco-on-july-24-2026,san-francisco,2026-07-24,2026-07-23T01:05:56Z,0.99,0.001,2026-07-25T08:19:55Z
highest-temperature-in-san-francisco-on-july-24-2026-70-71f,highest-temperature-in-san-francisco-on-july-24-2026,san-francisco,2026-07-24,2026-07-23T01:05:56Z,1.0,1.0,2026-07-25T08:24:47Z
highest-temperature-in-san-francisco-on-july-24-2026-72-73f,highest-temperature-in-san-francisco-on-july-24-2026,san-francisco,2026-07-24,2026-07-23T01:05:56Z,0.99,0.001,2026-07-25T08:19:55Z
highest-temperature-in-san-francisco-on-july-24-2026-74-75f,highest-temperature-in-san-francisco-on-july-24-2026,san-francisco,2026-07-24,2026-07-23T01:05:56Z,0.99,0.001,2026-07-25T08:19:55Z
highest-temperature-in-san-francisco-on-july-24-2026-76-77f,highest-temperature-in-san-francisco-on-july-24-2026,san-francisco,2026-07-24,2026-07-23T01:05:56Z,0.99,0.001,2026-07-25T08:19:55Z
highest-temperature-in-san-francisco-on-july-24-2026-78forhigher,highest-temperature-in-san-francisco-on-july-24-2026,san-francisco,2026-07-24,2026-07-23T01:05:56Z,0.99,0.001,2026-07-25T08:19:55Z
highest-temperature-in-mexico-city-on-july-24-2026-24corbelow,highest-temperature-in-mexico-city-on-july-24-2026,mexico-city,2026-07-24,2026-07-23T01:05:56Z,0.02,0.001,2026-07-25T07:19:24Z
highest-temperature-in-mexico-city-on-july-24-2026-25c,highest-temperature-in-mexico-city-on-july-24-2026,mexico-city,2026-07-24,2026-07-23T01:05:56Z,0.088,0.001,2026-07-25T07:19:24Z
highest-temperature-in-mexico-city-on-july-24-2026-26c,highest-temperature-in-mexico-city-on-july-24-2026,mexico-city,2026-07-24,2026-07-23T01:05:56Z,0.99,0.001,2026-07-25T07:19:24Z
highest-temperature-in-mexico-city-on-july-24-2026-27c,highest-temperature-in-mexico-city-on-july-24-2026,mexico-city,2026-07-24,2026-07-23T01:05:56Z,1.0,1.0,2026-07-25T08:45:18Z
highest-temperature-in-mexico-city-on-july-24-2026-28c,highest-temperature-in-mexico-city-on-july-24-2026,mexico-city,2026-07-24,2026-07-23T01:05:56Z,0.99,0.001,2026-07-25T07:19:24Z
highest-temperature-in-mexico-city-on-july-24-2026-29c,highest-temperature-in-mexico-city-on-july-24-2026,mexico-city,2026-07-24,2026-07-23T01:05:56Z,0.99,0.001,2026-07-25T07:19:24Z
highest-temperature-in-mexico-city-on-july-24-2026-30c,highest-temperature-in-mexico-city-on-july-24-2026,mexico-city,2026-07-24,2026-07-23T01:05:56Z,0.99,0.001,2026-07-25T07:19:24Z
highest-temperature-in-mexico-city-on-july-24-2026-31c,highest-temperature-in-mexico-city-on-july-24-2026,mexico-city,2026-07-24,2026-07-23T01:05:56Z,0.17,0.001,2026-07-25T07:19:24Z
highest-temperature-in-mexico-city-on-july-24-2026-32c,highest-temperature-in-mexico-city-on-july-24-2026,mexico-city,2026-07-24,2026-07-23T01:05:56Z,0.2,0.001,2026-07-25T07:19:24Z
highest-temperature-in-mexico-city-on-july-24-2026-33c,highest-temperature-in-mexico-city-on-july-24-2026,mexico-city,2026-07-24,2026-07-23T01:05:56Z,0.7,0.001,2026-07-25T07:19:24Z
highest-temperature-in-mexico-city-on-july-24-2026-34corhigher,highest-temperature-in-mexico-city-on-july-24-2026,mexico-city,2026-07-24,2026-07-23T01:05:56Z,0.07,0.001,2026-07-25T07:19:24Z
highest-temperature-in-panama-city-on-july-24-2026-24corbelow,highest-temperature-in-panama-city-on-july-24-2026,panama-city,2026-07-24,2026-07-23T01:05:56Z,0.04,0.001,2026-07-25T05:23:21Z
highest-temperature-in-panama-city-on-july-24-2026-25c,highest-temperature-in-panama-city-on-july-24-2026,panama-city,2026-07-24,2026-07-23T01:05:56Z,0.02,0.001,2026-07-25T05:23:21Z
highest-temperature-in-panama-city-on-july-24-2026-26c,highest-temperature-in-panama-city-on-july-24-2026,panama-city,2026-07-24,2026-07-23T01:05:56Z,0.04,0.001,2026-07-25T05:23:21Z
highest-temperature-in-panama-city-on-july-24-2026-27c,highest-temperature-in-panama-city-on-july-24-2026,panama-city,2026-07-24,2026-07-23T01:05:56Z,0.07,0.001,2026-07-25T05:23:21Z
highest-temperature-in-panama-city-on-july-24-2026-28c,highest-temperature-in-panama-city-on-july-24-2026,panama-city,2026-07-24,2026-07-23T01:05:56Z,0.99,0.001,2026-07-25T05:23:21Z
highest-temperature-in-panama-city-on-july-24-2026-29c,highest-temperature-in-panama-city-on-july-24-2026,panama-city,2026-07-24,2026-07-23T01:05:56Z,0.99,0.001,2026-07-25T05:23:21Z
highest-temperature-in-panama-city-on-july-24-2026-30c,highest-temperature-in-panama-city-on-july-24-2026,panama-city,2026-07-24,2026-07-23T01:05:56Z,1.0,1.0,2026-07-25T07:14:27Z
highest-temperature-in-panama-city-on-july-24-2026-31c,highest-temperature-in-panama-city-on-july-24-2026,panama-city,2026-07-24,2026-07-23T01:05:56Z,0.99,0.001,2026-07-25T05:23:21Z
highest-temperature-in-panama-city-on-july-24-2026-32c,highest-temperature-in-panama-city-on-july-24-2026,panama-city,2026-07-24,2026-07-23T01:05:56Z,0.99,0.001,2026-07-25T05:23:21Z
highest-temperature-in-panama-city-on-july-24-2026-33c,highest-temperature-in-panama-city-on-july-24-2026,panama-city,2026-07-24,2026-07-23T01:05:56Z,0.07,0.001,2026-07-25T05:23:21Z
highest-temperature-in-panama-city-on-july-24-2026-34corhigher,highest-temperature-in-panama-city-on-july-24-2026,panama-city,2026-07-24,2026-07-23T01:05:56Z,0.187,0.001,2026-07-25T05:23:21Z
highest-temperature-in-london-on-july-25-2026-25corbelow,highest-temperature-in-london-on-july-25-2026,london,2026-07-25,2026-07-23T04:02:56Z,1.0,0.001,2026-07-25T23:43:38Z
highest-temperature-in-london-on-july-25-2026-26c,highest-temperature-in-london-on-july-25-2026,london,2026-07-25,2026-07-23T04:02:56Z,1.0,0.001,2026-07-25T23:43:38Z
highest-temperature-in-london-on-july-25-2026-27c,highest-temperature-in-london-on-july-25-2026,london,2026-07-25,2026-07-23T04:02:56Z,1.0,0.001,2026-07-25T23:43:38Z
highest-temperature-in-london-on-july-25-2026-28c,highest-temperature-in-london-on-july-25-2026,london,2026-07-25,2026-07-23T04:02:56Z,1.0,0.001,2026-07-25T23:43:38Z
highest-temperature-in-london-on-july-25-2026-29c,highest-temperature-in-london-on-july-25-2026,london,2026-07-25,2026-07-23T04:02:56Z,1.0,1.0,2026-07-26T01:09:08Z
highest-temperature-in-london-on-july-25-2026-30c,highest-temperature-in-london-on-july-25-2026,london,2026-07-25,2026-07-23T04:02:56Z,1.0,0.001,2026-07-25T23:43:38Z
highest-temperature-in-london-on-july-25-2026-31c,highest-temperature-in-london-on-july-25-2026,london,2026-07-25,2026-07-23T04:02:56Z,1.0,0.001,2026-07-25T23:43:38Z
highest-temperature-in-london-on-july-25-2026-32c,highest-temperature-in-london-on-july-25-2026,london,2026-07-25,2026-07-23T04:02:56Z,1.0,0.001,2026-07-25T23:43:38Z
highest-temperature-in-london-on-july-25-2026-33c,highest-temperature-in-london-on-july-25-2026,london,2026-07-25,2026-07-23T04:02:56Z,1.0,0.001,2026-07-25T23:43:38Z
highest-temperature-in-london-on-july-25-2026-34c,highest-temperature-in-london-on-july-25-2026,london,2026-07-25,2026-07-23T04:02:56Z,1.0,0.001,2026-07-25T23:43:38Z
highest-temperature-in-london-on-july-25-2026-35corhigher,highest-temperature-in-london-on-july-25-2026,london,2026-07-25,2026-07-23T04:02:56Z,1.0,0.001,2026-07-25T23:43:38Z
highest-temperature-in-paris-on-july-25-2026-26corbelow,highest-temperature-in-paris-on-july-25-2026,paris,2026-07-25,2026-07-23T04:02:56Z,1.0,0.001,2026-07-25T22:27:45Z
highest-temperature-in-paris-on-july-25-2026-27c,highest-temperature-in-paris-on-july-25-2026,paris,2026-07-25,2026-07-23T04:02:56Z,1.0,0.001,2026-07-25T22:27:45Z
highest-temperature-in-paris-on-july-25-2026-28c,highest-temperature-in-paris-on-july-25-2026,paris,2026-07-25,2026-07-23T04:02:56Z,1.0,0.001,2026-07-25T22:27:45Z
highest-temperature-in-paris-on-july-25-2026-29c,highest-temperature-in-paris-on-july-25-2026,paris,2026-07-25,2026-07-23T04:02:56Z,1.0,0.001,2026-07-25T22:27:45Z
highest-temperature-in-paris-on-july-25-2026-30c,highest-temperature-in-paris-on-july-25-2026,paris,2026-07-25,2026-07-23T04:02:56Z,1.0,1.0,2026-07-25T22:28:48Z
highest-temperature-in-paris-on-july-25-2026-31c,highest-temperature-in-paris-on-july-25-2026,paris,2026-07-25,2026-07-23T04:02:56Z,1.0,0.001,2026-07-25T22:27:45Z
highest-temperature-in-paris-on-july-25-2026-32c,highest-temperature-in-paris-on-july-25-2026,paris,2026-07-25,2026-07-23T04:02:56Z,1.0,0.001,2026-07-25T22:27:45Z
highest-temperature-in-paris-on-july-25-2026-33c,highest-temperature-in-paris-on-july-25-2026,paris,2026-07-25,2026-07-23T04:02:56Z,1.0,0.001,2026-07-25T22:27:45Z
highest-temperature-in-paris-on-july-25-2026-34c,highest-temperature-in-paris-on-july-25-2026,paris,2026-07-25,2026-07-23T04:02:56Z,1.0,0.001,2026-07-25T22:27:45Z
highest-temperature-in-paris-on-july-25-2026-35c,highest-temperature-in-paris-on-july-25-2026,paris,2026-07-25,2026-07-23T04:02:56Z,1.0,0.001,2026-07-25T22:27:45Z
highest-temperature-in-paris-on-july-25-2026-36corhigher,highest-temperature-in-paris-on-july-25-2026,paris,2026-07-25,2026-07-23T04:02:56Z,1.0,0.001,2026-07-25T22:27:45Z
highest-temperature-in-seoul-on-july-25-2026-22corbelow,highest-temperature-in-seoul-on-july-25-2026,seoul,2026-07-25,2026-07-23T04:02:56Z,1.0,0.001,2026-07-25T15:18:36Z
highest-temperature-in-seoul-on-july-25-2026-23c,highest-temperature-in-seoul-on-july-25-2026,seoul,2026-07-25,2026-07-23T04:02:56Z,1.0,0.001,2026-07-25T15:18:36Z
highest-temperature-in-seoul-on-july-25-2026-24c,highest-temperature-in-seoul-on-july-25-2026,seoul,2026-07-25,2026-07-23T04:02:56Z,1.0,0.001,2026-07-25T15:18:36Z
highest-temperature-in-seoul-on-july-25-2026-25c,highest-temperature-in-seoul-on-july-25-2026,seoul,2026-07-25,2026-07-23T04:02:56Z,1.0,0.001,2026-07-25T15:18:36Z
highest-temperature-in-seoul-on-july-25-2026-26c,highest-temperature-in-seoul-on-july-25-2026,seoul,2026-07-25,2026-07-23T04:02:56Z,1.0,0.001,2026-07-25T15:18:36Z
highest-temperature-in-seoul-on-july-25-2026-27c,highest-temperature-in-seoul-on-july-25-2026,seoul,2026-07-25,2026-07-23T04:02:56Z,1.0,0.001,2026-07-25T15:18:36Z
highest-temperature-in-seoul-on-july-25-2026-28c,highest-temperature-in-seoul-on-july-25-2026,seoul,2026-07-25,2026-07-23T04:02:56Z,1.0,0.001,2026-07-25T15:18:36Z
highest-temperature-in-seoul-on-july-25-2026-29c,highest-temperature-in-seoul-on-july-25-2026,seoul,2026-07-25,2026-07-23T04:02:56Z,1.0,0.001,2026-07-25T15:18:36Z
highest-temperature-in-seoul-on-july-25-2026-30c,highest-temperature-in-seoul-on-july-25-2026,seoul,2026-07-25,2026-07-23T04:02:56Z,1.0,0.001,2026-07-25T15:18:36Z
highest-temperature-in-seoul-on-july-25-2026-31c,highest-temperature-in-seoul-on-july-25-2026,seoul,2026-07-25,2026-07-23T04:02:56Z,1.0,1.0,2026-07-25T15:48:54Z
highest-temperature-in-seoul-on-july-25-2026-32corhigher,highest-temperature-in-seoul-on-july-25-2026,seoul,2026-07-25,2026-07-23T04:02:56Z,1.0,0.001,2026-07-25T15:18:36Z
highest-temperature-in-ankara-on-july-25-2026-16corbelow,highest-temperature-in-ankara-on-july-25-2026,ankara,2026-07-25,2026-07-23T04:02:56Z,1.0,0.001,2026-07-25T21:47:03Z
highest-temperature-in-ankara-on-july-25-2026-17c,highest-temperature-in-ankara-on-july-25-2026,ankara,2026-07-25,2026-07-23T04:02:56Z,1.0,1.0,2026-07-25T22:22:33Z
highest-temperature-in-ankara-on-july-25-2026-18c,highest-temperature-in-ankara-on-july-25-2026,ankara,2026-07-25,2026-07-23T04:02:56Z,1.0,0.001,2026-07-25T21:47:03Z
highest-temperature-in-ankara-on-july-25-2026-19c,highest-temperature-in-ankara-on-july-25-2026,ankara,2026-07-25,2026-07-23T04:02:56Z,1.0,0.001,2026-07-25T21:52:17Z
highest-temperature-in-ankara-on-july-25-2026-20c,highest-temperature-in-ankara-on-july-25-2026,ankara,2026-07-25,2026-07-23T04:02:56Z,1.0,0.001,2026-07-25T21:47:03Z
highest-temperature-in-ankara-on-july-25-2026-21c,highest-temperature-in-ankara-on-july-25-2026,ankara,2026-07-25,2026-07-23T04:02:56Z,1.0,0.001,2026-07-25T21:52:17Z
highest-temperature-in-ankara-on-july-25-2026-22c,highest-temperature-in-ankara-on-july-25-2026,ankara,2026-07-25,2026-07-23T04:02:56Z,1.0,0.001,2026-07-25T21:52:17Z
highest-temperature-in-ankara-on-july-25-2026-23c,highest-temperature-in-ankara-on-july-25-2026,ankara,2026-07-25,2026-07-23T04:02:56Z,1.0,0.001,2026-07-25T21:47:03Z
highest-temperature-in-ankara-on-july-25-2026-24c,highest-temperature-in-ankara-on-july-25-2026,ankara,2026-07-25,2026-07-23T04:02:56Z,1.0,0.001,2026-07-25T21:52:17Z
highest-temperature-in-ankara-on-july-25-2026-25c,highest-temperature-in-ankara-on-july-25-2026,ankara,2026-07-25,2026-07-23T04:02:56Z,1.0,0.001,2026-07-25T21:52:17Z
highest-temperature-in-ankara-on-july-25-2026-26corhigher,highest-temperature-in-ankara-on-july-25-2026,ankara,2026-07-25,2026-07-23T04:02:56Z,1.0,0.001,2026-07-25T21:47:03Z
highest-temperature-in-wellington-on-july-25-2026-7corbelow,highest-temperature-in-wellington-on-july-25-2026,wellington,2026-07-25,2026-07-23T04:07:33Z,0.07,0.001,2026-07-25T12:28:06Z
highest-temperature-in-wellington-on-july-25-2026-8c,highest-temperature-in-wellington-on-july-25-2026,wellington,2026-07-25,2026-07-23T04:07:33Z,0.02,0.001,2026-07-25T12:28:06Z
highest-temperature-in-wellington-on-july-25-2026-9c,highest-temperature-in-wellington-on-july-25-2026,wellington,2026-07-25,2026-07-23T04:07:33Z,0.37,0.001,2026-07-25T12:28:06Z
highest-temperature-in-wellington-on-july-25-2026-10c,highest-temperature-in-wellington-on-july-25-2026,wellington,2026-07-25,2026-07-23T04:07:33Z,0.37,0.001,2026-07-25T12:28:06Z
highest-temperature-in-wellington-on-july-25-2026-11c,highest-temperature-in-wellington-on-july-25-2026,wellington,2026-07-25,2026-07-23T04:07:33Z,0.37,0.001,2026-07-25T12:28:06Z
highest-temperature-in-wellington-on-july-25-2026-12c,highest-temperature-in-wellington-on-july-25-2026,wellington,2026-07-25,2026-07-23T04:07:33Z,1.0,1.0,2026-07-25T12:28:06Z
highest-temperature-in-wellington-on-july-25-2026-13c,highest-temperature-in-wellington-on-july-25-2026,wellington,2026-07-25,2026-07-23T04:07:33Z,0.72,0.001,2026-07-25T12:28:06Z
highest-temperature-in-wellington-on-july-25-2026-14c,highest-temperature-in-wellington-on-july-25-2026,wellington,2026-07-25,2026-07-23T04:07:33Z,0.1,0.001,2026-07-25T12:28:06Z
highest-temperature-in-wellington-on-july-25-2026-15c,highest-temperature-in-wellington-on-july-25-2026,wellington,2026-07-25,2026-07-23T04:07:33Z,0.18,0.001,2026-07-25T12:28:06Z
highest-temperature-in-wellington-on-july-25-2026-16c,highest-temperature-in-wellington-on-july-25-2026,wellington,2026-07-25,2026-07-23T04:07:33Z,0.08,0.001,2026-07-25T12:28:06Z
highest-temperature-in-wellington-on-july-25-2026-17corhigher,highest-temperature-in-wellington-on-july-25-2026,wellington,2026-07-25,2026-07-23T04:07:33Z,0.07,0.001,2026-07-25T12:28:06Z
highest-temperature-in-munich-on-july-25-2026-26corbelow,highest-temperature-in-munich-on-july-25-2026,munich,2026-07-25,2026-07-23T04:07:33Z,0.042,0.001,2026-07-25T22:48:04Z
highest-temperature-in-munich-on-july-25-2026-27c,highest-temperature-in-munich-on-july-25-2026,munich,2026-07-25,2026-07-23T04:07:33Z,0.08,0.001,2026-07-25T22:48:04Z
highest-temperature-in-munich-on-july-25-2026-28c,highest-temperature-in-munich-on-july-25-2026,munich,2026-07-25,2026-07-23T04:07:33Z,0.29,0.001,2026-07-25T22:48:04Z
highest-temperature-in-munich-on-july-25-2026-29c,highest-temperature-in-munich-on-july-25-2026,munich,2026-07-25,2026-07-23T04:07:33Z,0.3,0.001,2026-07-25T22:48:04Z
highest-temperature-in-munich-on-july-25-2026-30c,highest-temperature-in-munich-on-july-25-2026,munich,2026-07-25,2026-07-23T04:07:33Z,0.42,0.001,2026-07-25T22:48:04Z
highest-temperature-in-munich-on-july-25-2026-31c,highest-temperature-in-munich-on-july-25-2026,munich,2026-07-25,2026-07-23T04:07:33Z,1.0,1.0,2026-07-26T01:34:16Z
highest-temperature-in-munich-on-july-25-2026-32c,highest-temperature-in-munich-on-july-25-2026,munich,2026-07-25,2026-07-23T04:07:33Z,0.57,0.001,2026-07-25T22:48:04Z
highest-temperature-in-munich-on-july-25-2026-33c,highest-temperature-in-munich-on-july-25-2026,munich,2026-07-25,2026-07-23T04:07:33Z,0.25,0.001,2026-07-25T22:48:04Z
highest-temperature-in-munich-on-july-25-2026-34c,highest-temperature-in-munich-on-july-25-2026,munich,2026-07-25,2026-07-23T04:07:33Z,0.2,0.001,2026-07-25T22:48:04Z
highest-temperature-in-munich-on-july-25-2026-35c,highest-temperature-in-munich-on-july-25-2026,munich,2026-07-25,2026-07-23T04:07:33Z,0.14,0.001,2026-07-25T22:48:04Z
highest-temperature-in-munich-on-july-25-2026-36corhigher,highest-temperature-in-munich-on-july-25-2026,munich,2026-07-25,2026-07-23T04:07:33Z,0.07,0.001,2026-07-25T22:48:04Z
highest-temperature-in-tel-aviv-on-july-25-2026-31corbelow,highest-temperature-in-tel-aviv-on-july-25-2026,tel-aviv,2026-07-25,2026-07-23T04:07:33Z,0.07,0.001,2026-07-25T21:52:17Z
highest-temperature-in-tel-aviv-on-july-25-2026-32c,highest-temperature-in-tel-aviv-on-july-25-2026,tel-aviv,2026-07-25,2026-07-23T04:07:33Z,0.599,0.001,2026-07-25T21:47:03Z
highest-temperature-in-tel-aviv-on-july-25-2026-33c,highest-temperature-in-tel-aviv-on-july-25-2026,tel-aviv,2026-07-25,2026-07-23T04:07:33Z,1.0,1.0,2026-07-25T22:13:54Z
highest-temperature-in-tel-aviv-on-july-25-2026-34c,highest-temperature-in-tel-aviv-on-july-25-2026,tel-aviv,2026-07-25,2026-07-23T04:07:33Z,0.79,0.001,2026-07-25T21:52:17Z
highest-temperature-in-tel-aviv-on-july-25-2026-35c,highest-temperature-in-tel-aviv-on-july-25-2026,tel-aviv,2026-07-25,2026-07-23T04:07:33Z,0.7,0.001,2026-07-25T21:47:03Z
highest-temperature-in-tel-aviv-on-july-25-2026-36c,highest-temperature-in-tel-aviv-on-july-25-2026,tel-aviv,2026-07-25,2026-07-23T04:07:33Z,0.7,0.001,2026-07-25T21:52:17Z
highest-temperature-in-tel-aviv-on-july-25-2026-37c,highest-temperature-in-tel-aviv-on-july-25-2026,tel-aviv,2026-07-25,2026-07-23T04:07:33Z,0.7,0.001,2026-07-25T21:47:03Z
highest-temperature-in-tel-aviv-on-july-25-2026-38c,highest-temperature-in-tel-aviv-on-july-25-2026,tel-aviv,2026-07-25,2026-07-23T04:07:33Z,0.16,0.001,2026-07-25T21:52:17Z
highest-temperature-in-tel-aviv-on-july-25-2026-39c,highest-temperature-in-tel-aviv-on-july-25-2026,tel-aviv,2026-07-25,2026-07-23T04:07:33Z,0.16,0.001,2026-07-25T21:47:03Z
highest-temperature-in-tel-aviv-on-july-25-2026-40c,highest-temperature-in-tel-aviv-on-july-25-2026,tel-aviv,2026-07-25,2026-07-23T04:07:33Z,0.16,0.001,2026-07-25T21:52:17Z
highest-temperature-in-tel-aviv-on-july-25-2026-41corhigher,highest-temperature-in-tel-aviv-on-july-25-2026,tel-aviv,2026-07-25,2026-07-23T04:07:33Z,0.07,0.001,2026-07-25T21:47:03Z
highest-temperature-in-tokyo-on-july-25-2026-26corbelow,highest-temperature-in-tokyo-on-july-25-2026,tokyo,2026-07-25,2026-07-23T04:07:33Z,0.02,0.001,2026-07-25T15:28:53Z
highest-temperature-in-tokyo-on-july-25-2026-27c,highest-temperature-in-tokyo-on-july-25-2026,tokyo,2026-07-25,2026-07-23T04:07:33Z,0.02,0.001,2026-07-25T15:28:53Z
highest-temperature-in-tokyo-on-july-25-2026-28c,highest-temperature-in-tokyo-on-july-25-2026,tokyo,2026-07-25,2026-07-23T04:07:33Z,0.02,0.001,2026-07-25T15:28:53Z
highest-temperature-in-tokyo-on-july-25-2026-29c,highest-temperature-in-tokyo-on-july-25-2026,tokyo,2026-07-25,2026-07-23T04:07:33Z,0.38,0.001,2026-07-25T15:28:53Z
highest-temperature-in-tokyo-on-july-25-2026-30c,highest-temperature-in-tokyo-on-july-25-2026,tokyo,2026-07-25,2026-07-23T04:07:33Z,0.38,0.001,2026-07-25T15:28:53Z
highest-temperature-in-tokyo-on-july-25-2026-31c,highest-temperature-in-tokyo-on-july-25-2026,tokyo,2026-07-25,2026-07-23T04:07:33Z,0.38,0.001,2026-07-25T15:28:53Z
highest-temperature-in-tokyo-on-july-25-2026-32c,highest-temperature-in-tokyo-on-july-25-2026,tokyo,2026-07-25,2026-07-23T04:07:33Z,0.41,0.001,2026-07-25T15:28:53Z
highest-temperature-in-tokyo-on-july-25-2026-33c,highest-temperature-in-tokyo-on-july-25-2026,tokyo,2026-07-25,2026-07-23T04:07:33Z,0.41,0.001,2026-07-25T15:28:53Z
highest-temperature-in-tokyo-on-july-25-2026-34c,highest-temperature-in-tokyo-on-july-25-2026,tokyo,2026-07-25,2026-07-23T04:07:33Z,0.63,0.001,2026-07-25T15:28:53Z
highest-temperature-in-tokyo-on-july-25-2026-35c,highest-temperature-in-tokyo-on-july-25-2026,tokyo,2026-07-25,2026-07-23T04:07:33Z,0.852,0.001,2026-07-25T15:28:53Z
highest-temperature-in-tokyo-on-july-25-2026-36corhigher,highest-temperature-in-tokyo-on-july-25-2026,tokyo,2026-07-25,2026-07-23T04:07:33Z,1.0,1.0,2026-07-25T15:43:57Z
highest-temperature-in-hong-kong-on-july-25-2026-29corbelow,highest-temperature-in-hong-kong-on-july-25-2026,hong-kong,2026-07-25,2026-07-23T04:07:33Z,0.04,0.001,2026-07-27T02:51:18Z
highest-temperature-in-hong-kong-on-july-25-2026-30c,highest-temperature-in-hong-kong-on-july-25-2026,hong-kong,2026-07-25,2026-07-23T04:07:33Z,0.36,0.001,2026-07-27T02:51:18Z
highest-temperature-in-hong-kong-on-july-25-2026-31c,highest-temperature-in-hong-kong-on-july-25-2026,hong-kong,2026-07-25,2026-07-23T04:07:33Z,0.37,0.001,2026-07-27T02:51:18Z
highest-temperature-in-hong-kong-on-july-25-2026-32c,highest-temperature-in-hong-kong-on-july-25-2026,hong-kong,2026-07-25,2026-07-23T04:07:33Z,0.69,0.001,2026-07-27T02:51:18Z
highest-temperature-in-hong-kong-on-july-25-2026-33c,highest-temperature-in-hong-kong-on-july-25-2026,hong-kong,2026-07-25,2026-07-23T04:07:33Z,0.98,0.001,2026-07-27T02:51:18Z
highest-temperature-in-hong-kong-on-july-25-2026-34c,highest-temperature-in-hong-kong-on-july-25-2026,hong-kong,2026-07-25,2026-07-23T04:07:33Z,1.0,1.0,2026-07-27T02:56:31Z
highest-temperature-in-hong-kong-on-july-25-2026-35c,highest-temperature-in-hong-kong-on-july-25-2026,hong-kong,2026-07-25,2026-07-23T04:07:33Z,0.28,0.001,2026-07-27T02:51:18Z
highest-temperature-in-hong-kong-on-july-25-2026-36c,highest-temperature-in-hong-kong-on-july-25-2026,hong-kong,2026-07-25,2026-07-23T04:07:33Z,0.177,0.001,2026-07-27T02:51:18Z
highest-temperature-in-hong-kong-on-july-25-2026-37c,highest-temperature-in-hong-kong-on-july-25-2026,hong-kong,2026-07-25,2026-07-23T04:07:33Z,0.06,0.001,2026-07-27T02:51:18Z
highest-temperature-in-hong-kong-on-july-25-2026-38c,highest-temperature-in-hong-kong-on-july-25-2026,hong-kong,2026-07-25,2026-07-23T04:07:33Z,0.06,0.001,2026-07-27T02:51:18Z
highest-temperature-in-hong-kong-on-july-25-2026-39corhigher,highest-temperature-in-hong-kong-on-july-25-2026,hong-kong,2026-07-25,2026-07-23T04:07:33Z,0.06,0.001,2026-07-27T02:51:18Z
highest-temperature-in-shanghai-on-july-25-2026-29corbelow,highest-temperature-in-shanghai-on-july-25-2026,shanghai,2026-07-25,2026-07-23T04:07:33Z,0.02,0.001,2026-07-25T16:29:09Z
highest-temperature-in-shanghai-on-july-25-2026-30c,highest-temperature-in-shanghai-on-july-25-2026,shanghai,2026-07-25,2026-07-23T04:07:33Z,0.02,0.001,2026-07-25T16:29:09Z
highest-temperature-in-shanghai-on-july-25-2026-31c,highest-temperature-in-shanghai-on-july-25-2026,shanghai,2026-07-25,2026-07-23T04:07:33Z,0.18,0.001,2026-07-25T16:29:09Z
highest-temperature-in-shanghai-on-july-25-2026-32c,highest-temperature-in-shanghai-on-july-25-2026,shanghai,2026-07-25,2026-07-23T04:07:33Z,0.26,0.001,2026-07-25T16:29:09Z
highest-temperature-in-shanghai-on-july-25-2026-33c,highest-temperature-in-shanghai-on-july-25-2026,shanghai,2026-07-25,2026-07-23T04:07:33Z,0.34,0.001,2026-07-25T16:29:09Z
highest-temperature-in-shanghai-on-july-25-2026-34c,highest-temperature-in-shanghai-on-july-25-2026,shanghai,2026-07-25,2026-07-23T04:07:33Z,0.37,0.001,2026-07-25T16:29:09Z
highest-temperature-in-shanghai-on-july-25-2026-35c,highest-temperature-in-shanghai-on-july-25-2026,shanghai,2026-07-25,2026-07-23T04:07:33Z,1.0,1.0,2026-07-25T17:04:04Z
highest-temperature-in-shanghai-on-july-25-2026-36c,highest-temperature-in-shanghai-on-july-25-2026,shanghai,2026-07-25,2026-07-23T04:07:33Z,0.55,0.001,2026-07-25T16:29:09Z
highest-temperature-in-shanghai-on-july-25-2026-37c,highest-temperature-in-shanghai-on-july-25-2026,shanghai,2026-07-25,2026-07-23T04:07:33Z,0.25,0.001,2026-07-25T16:29:09Z
highest-temperature-in-shanghai-on-july-25-2026-38c,highest-temperature-in-shanghai-on-july-25-2026,shanghai,2026-07-25,2026-07-23T04:07:33Z,0.22,0.001,2026-07-25T16:29:09Z
highest-temperature-in-shanghai-on-july-25-2026-39corhigher,highest-temperature-in-shanghai-on-july-25-2026,shanghai,2026-07-25,2026-07-23T04:07:33Z,0.07,0.001,2026-07-25T16:29:09Z
highest-temperature-in-singapore-on-july-25-2026-24corbelow,highest-temperature-in-singapore-on-july-25-2026,singapore,2026-07-25,2026-07-23T04:07:33Z,0.01,0.001,2026-07-25T16:23:53Z
highest-temperature-in-singapore-on-july-25-2026-25c,highest-temperature-in-singapore-on-july-25-2026,singapore,2026-07-25,2026-07-23T04:07:33Z,0.01,0.001,2026-07-25T16:23:53Z
highest-temperature-in-singapore-on-july-25-2026-26c,highest-temperature-in-singapore-on-july-25-2026,singapore,2026-07-25,2026-07-23T04:07:33Z,0.01,0.001,2026-07-25T16:23:53Z
highest-temperature-in-singapore-on-july-25-2026-27c,highest-temperature-in-singapore-on-july-25-2026,singapore,2026-07-25,2026-07-23T04:07:33Z,0.37,0.001,2026-07-25T16:23:53Z
highest-temperature-in-singapore-on-july-25-2026-28c,highest-temperature-in-singapore-on-july-25-2026,singapore,2026-07-25,2026-07-23T04:07:33Z,0.212,0.001,2026-07-25T16:23:53Z
highest-temperature-in-singapore-on-july-25-2026-29c,highest-temperature-in-singapore-on-july-25-2026,singapore,2026-07-25,2026-07-23T04:07:33Z,0.39,0.001,2026-07-25T16:23:53Z
highest-temperature-in-singapore-on-july-25-2026-30c,highest-temperature-in-singapore-on-july-25-2026,singapore,2026-07-25,2026-07-23T04:07:33Z,1.0,1.0,2026-07-25T16:29:09Z
highest-temperature-in-singapore-on-july-25-2026-31c,highest-temperature-in-singapore-on-july-25-2026,singapore,2026-07-25,2026-07-23T04:07:33Z,0.43,0.001,2026-07-25T16:23:53Z
highest-temperature-in-singapore-on-july-25-2026-32c,highest-temperature-in-singapore-on-july-25-2026,singapore,2026-07-25,2026-07-23T04:07:33Z,0.37,0.001,2026-07-25T16:23:53Z
highest-temperature-in-singapore-on-july-25-2026-33c,highest-temperature-in-singapore-on-july-25-2026,singapore,2026-07-25,2026-07-23T04:07:33Z,0.37,0.001,2026-07-25T16:23:53Z
highest-temperature-in-singapore-on-july-25-2026-34corhigher,highest-temperature-in-singapore-on-july-25-2026,singapore,2026-07-25,2026-07-23T04:07:33Z,0.07,0.001,2026-07-25T16:23:53Z
highest-temperature-in-milan-on-july-25-2026-28corbelow,highest-temperature-in-milan-on-july-25-2026,milan,2026-07-25,2026-07-23T04:07:33Z,0.6,0.001,2026-07-25T22:48:04Z
highest-temperature-in-milan-on-july-25-2026-29c,highest-temperature-in-milan-on-july-25-2026,milan,2026-07-25,2026-07-23T04:07:33Z,0.94,0.001,2026-07-25T22:48:04Z
highest-temperature-in-milan-on-july-25-2026-30c,highest-temperature-in-milan-on-july-25-2026,milan,2026-07-25,2026-07-23T04:07:33Z,1.0,1.0,2026-07-25T23:13:06Z
highest-temperature-in-milan-on-july-25-2026-31c,highest-temperature-in-milan-on-july-25-2026,milan,2026-07-25,2026-07-23T04:07:33Z,0.67,0.001,2026-07-25T22:48:04Z
highest-temperature-in-milan-on-july-25-2026-32c,highest-temperature-in-milan-on-july-25-2026,milan,2026-07-25,2026-07-23T04:07:33Z,0.07,0.001,2026-07-25T22:48:04Z
highest-temperature-in-milan-on-july-25-2026-33c,highest-temperature-in-milan-on-july-25-2026,milan,2026-07-25,2026-07-23T04:07:33Z,0.07,0.001,2026-07-25T22:48:04Z
highest-temperature-in-milan-on-july-25-2026-34c,highest-temperature-in-milan-on-july-25-2026,milan,2026-07-25,2026-07-23T04:07:33Z,0.07,0.001,2026-07-25T22:48:04Z
highest-temperature-in-milan-on-july-25-2026-35c,highest-temperature-in-milan-on-july-25-2026,milan,2026-07-25,2026-07-23T04:07:33Z,0.07,0.001,2026-07-25T22:48:04Z
highest-temperature-in-milan-on-july-25-2026-36c,highest-temperature-in-milan-on-july-25-2026,milan,2026-07-25,2026-07-23T04:07:33Z,0.07,0.001,2026-07-25T22:48:04Z
highest-temperature-in-milan-on-july-25-2026-37c,highest-temperature-in-milan-on-july-25-2026,milan,2026-07-25,2026-07-23T04:07:33Z,0.07,0.001,2026-07-25T22:48:04Z
highest-temperature-in-milan-on-july-25-2026-38corhigher,highest-temperature-in-milan-on-july-25-2026,milan,2026-07-25,2026-07-23T04:07:33Z,0.07,0.001,2026-07-25T22:48:04Z
highest-temperature-in-madrid-on-july-25-2026-27corbelow,highest-temperature-in-madrid-on-july-25-2026,madrid,2026-07-25,2026-07-23T04:07:33Z,0.45,0.001,2026-07-25T22:27:45Z
highest-temperature-in-madrid-on-july-25-2026-28c,highest-temperature-in-madrid-on-july-25-2026,madrid,2026-07-25,2026-07-23T04:07:33Z,0.6,0.001,2026-07-25T22:27:45Z
highest-temperature-in-madrid-on-july-25-2026-29c,highest-temperature-in-madrid-on-july-25-2026,madrid,2026-07-25,2026-07-23T04:07:33Z,1.0,1.0,2026-07-25T22:32:54Z
highest-temperature-in-madrid-on-july-25-2026-30c,highest-temperature-in-madrid-on-july-25-2026,madrid,2026-07-25,2026-07-23T04:07:33Z,0.75,0.001,2026-07-25T22:27:45Z
highest-temperature-in-madrid-on-july-25-2026-31c,highest-temperature-in-madrid-on-july-25-2026,madrid,2026-07-25,2026-07-23T04:07:33Z,0.46,0.001,2026-07-25T22:27:45Z
highest-temperature-in-madrid-on-july-25-2026-32c,highest-temperature-in-madrid-on-july-25-2026,madrid,2026-07-25,2026-07-23T04:07:33Z,0.46,0.001,2026-07-25T22:27:45Z
highest-temperature-in-madrid-on-july-25-2026-33c,highest-temperature-in-madrid-on-july-25-2026,madrid,2026-07-25,2026-07-23T04:07:33Z,0.46,0.001,2026-07-25T22:27:45Z
highest-temperature-in-madrid-on-july-25-2026-34c,highest-temperature-in-madrid-on-july-25-2026,madrid,2026-07-25,2026-07-23T04:07:33Z,0.08,0.001,2026-07-25T22:27:45Z
highest-temperature-in-madrid-on-july-25-2026-35c,highest-temperature-in-madrid-on-july-25-2026,madrid,2026-07-25,2026-07-23T04:07:33Z,0.07,0.001,2026-07-25T22:27:45Z
highest-temperature-in-madrid-on-july-25-2026-36c,highest-temperature-in-madrid-on-july-25-2026,madrid,2026-07-25,2026-07-23T04:07:33Z,0.07,0.001,2026-07-25T22:27:45Z
highest-temperature-in-madrid-on-july-25-2026-37corhigher,highest-temperature-in-madrid-on-july-25-2026,madrid,2026-07-25,2026-07-23T04:07:33Z,0.07,0.001,2026-07-25T22:27:45Z
highest-temperature-in-warsaw-on-july-25-2026-20corbelow,highest-temperature-in-warsaw-on-july-25-2026,warsaw,2026-07-25,2026-07-23T04:07:33Z,0.02,0.001,2026-07-25T22:27:45Z
highest-temperature-in-warsaw-on-july-25-2026-21c,highest-temperature-in-warsaw-on-july-25-2026,warsaw,2026-07-25,2026-07-23T04:07:33Z,0.02,0.001,2026-07-25T22:27:45Z
highest-temperature-in-warsaw-on-july-25-2026-22c,highest-temperature-in-warsaw-on-july-25-2026,warsaw,2026-07-25,2026-07-23T04:07:33Z,0.39,0.001,2026-07-25T22:27:45Z
highest-temperature-in-warsaw-on-july-25-2026-23c,highest-temperature-in-warsaw-on-july-25-2026,warsaw,2026-07-25,2026-07-23T04:07:33Z,0.39,0.001,2026-07-25T22:27:45Z
highest-temperature-in-warsaw-on-july-25-2026-24c,highest-temperature-in-warsaw-on-july-25-2026,warsaw,2026-07-25,2026-07-23T04:07:33Z,1.0,1.0,2026-07-25T22:28:48Z
highest-temperature-in-warsaw-on-july-25-2026-25c,highest-temperature-in-warsaw-on-july-25-2026,warsaw,2026-07-25,2026-07-23T04:07:33Z,0.74,0.001,2026-07-25T22:27:45Z
highest-temperature-in-warsaw-on-july-25-2026-26c,highest-temperature-in-warsaw-on-july-25-2026,warsaw,2026-07-25,2026-07-23T04:07:33Z,0.31,0.001,2026-07-25T22:27:45Z
highest-temperature-in-warsaw-on-july-25-2026-27c,highest-temperature-in-warsaw-on-july-25-2026,warsaw,2026-07-25,2026-07-23T04:07:33Z,0.2,0.001,2026-07-25T22:27:45Z
highest-temperature-in-warsaw-on-july-25-2026-28c,highest-temperature-in-warsaw-on-july-25-2026,warsaw,2026-07-25,2026-07-23T04:07:33Z,0.186,0.001,2026-07-25T22:27:45Z
highest-temperature-in-warsaw-on-july-25-2026-29c,highest-temperature-in-warsaw-on-july-25-2026,warsaw,2026-07-25,2026-07-23T04:07:33Z,0.14,0.001,2026-07-25T22:27:45Z
highest-temperature-in-warsaw-on-july-25-2026-30corhigher,highest-temperature-in-warsaw-on-july-25-2026,warsaw,2026-07-25,2026-07-23T04:07:33Z,0.07,0.001,2026-07-25T22:27:45Z
highest-temperature-in-taipei-on-july-25-2026-27corbelow,highest-temperature-in-taipei-on-july-25-2026,taipei,2026-07-25,2026-07-23T04:07:33Z,0.02,0.001,2026-07-25T16:34:06Z
highest-temperature-in-taipei-on-july-25-2026-28c,highest-temperature-in-taipei-on-july-25-2026,taipei,2026-07-25,2026-07-23T04:07:33Z,0.02,0.001,2026-07-25T16:34:06Z
highest-temperature-in-taipei-on-july-25-2026-29c,highest-temperature-in-taipei-on-july-25-2026,taipei,2026-07-25,2026-07-23T04:07:33Z,0.02,0.001,2026-07-25T16:34:06Z
highest-temperature-in-taipei-on-july-25-2026-30c,highest-temperature-in-taipei-on-july-25-2026,taipei,2026-07-25,2026-07-23T04:07:33Z,0.02,0.001,2026-07-25T16:34:06Z
highest-temperature-in-taipei-on-july-25-2026-31c,highest-temperature-in-taipei-on-july-25-2026,taipei,2026-07-25,2026-07-23T04:07:33Z,0.34,0.001,2026-07-25T16:34:06Z
highest-temperature-in-taipei-on-july-25-2026-32c,highest-temperature-in-taipei-on-july-25-2026,taipei,2026-07-25,2026-07-23T04:07:33Z,0.37,0.001,2026-07-25T16:34:06Z
highest-temperature-in-taipei-on-july-25-2026-33c,highest-temperature-in-taipei-on-july-25-2026,taipei,2026-07-25,2026-07-23T04:07:33Z,0.37,0.001,2026-07-25T16:34:06Z
highest-temperature-in-taipei-on-july-25-2026-34c,highest-temperature-in-taipei-on-july-25-2026,taipei,2026-07-25,2026-07-23T04:07:33Z,0.37,0.001,2026-07-25T16:34:06Z
highest-temperature-in-taipei-on-july-25-2026-35c,highest-temperature-in-taipei-on-july-25-2026,taipei,2026-07-25,2026-07-23T04:07:33Z,0.57,0.001,2026-07-25T16:34:06Z
highest-temperature-in-taipei-on-july-25-2026-36c,highest-temperature-in-taipei-on-july-25-2026,taipei,2026-07-25,2026-07-23T04:07:33Z,1.0,1.0,2026-07-26T01:19:23Z
highest-temperature-in-taipei-on-july-25-2026-37corhigher,highest-temperature-in-taipei-on-july-25-2026,taipei,2026-07-25,2026-07-23T04:07:33Z,0.48,0.001,2026-07-25T16:34:06Z
highest-temperature-in-chongqing-on-july-25-2026-34corbelow,highest-temperature-in-chongqing-on-july-25-2026,chongqing,2026-07-25,2026-07-23T04:07:33Z,0.02,0.001,2026-07-25T16:29:09Z
highest-temperature-in-chongqing-on-july-25-2026-35c,highest-temperature-in-chongqing-on-july-25-2026,chongqing,2026-07-25,2026-07-23T04:07:33Z,0.04,0.001,2026-07-25T16:29:09Z
highest-temperature-in-chongqing-on-july-25-2026-36c,highest-temperature-in-chongqing-on-july-25-2026,chongqing,2026-07-25,2026-07-23T04:07:33Z,0.04,0.001,2026-07-25T16:29:09Z
highest-temperature-in-chongqing-on-july-25-2026-37c,highest-temperature-in-chongqing-on-july-25-2026,chongqing,2026-07-25,2026-07-23T04:07:33Z,0.38,0.001,2026-07-25T16:29:09Z
highest-temperature-in-chongqing-on-july-25-2026-38c,highest-temperature-in-chongqing-on-july-25-2026,chongqing,2026-07-25,2026-07-23T04:07:33Z,0.38,0.001,2026-07-25T16:29:09Z
highest-temperature-in-chongqing-on-july-25-2026-39c,highest-temperature-in-chongqing-on-july-25-2026,chongqing,2026-07-25,2026-07-23T04:07:33Z,1.0,1.0,2026-07-25T17:04:04Z
highest-temperature-in-chongqing-on-july-25-2026-40c,highest-temperature-in-chongqing-on-july-25-2026,chongqing,2026-07-25,2026-07-23T04:07:33Z,0.77,0.001,2026-07-25T16:29:09Z
highest-temperature-in-chongqing-on-july-25-2026-41c,highest-temperature-in-chongqing-on-july-25-2026,chongqing,2026-07-25,2026-07-23T04:07:33Z,0.37,0.001,2026-07-25T16:29:09Z
highest-temperature-in-chongqing-on-july-25-2026-42c,highest-temperature-in-chongqing-on-july-25-2026,chongqing,2026-07-25,2026-07-23T04:07:33Z,0.2,0.001,2026-07-25T16:29:09Z
highest-temperature-in-chongqing-on-july-25-2026-43c,highest-temperature-in-chongqing-on-july-25-2026,chongqing,2026-07-25,2026-07-23T04:07:33Z,0.12,0.001,2026-07-25T16:34:06Z
highest-temperature-in-chongqing-on-july-25-2026-44corhigher,highest-temperature-in-chongqing-on-july-25-2026,chongqing,2026-07-25,2026-07-23T04:07:33Z,0.98,0.001,2026-07-25T16:34:06Z
highest-temperature-in-beijing-on-july-25-2026-26corbelow,highest-temperature-in-beijing-on-july-25-2026,beijing,2026-07-25,2026-07-23T04:07:33Z,0.02,0.001,2026-07-25T16:29:09Z
highest-temperature-in-beijing-on-july-25-2026-27c,highest-temperature-in-beijing-on-july-25-2026,beijing,2026-07-25,2026-07-23T04:07:33Z,0.02,0.001,2026-07-25T16:29:09Z
highest-temperature-in-beijing-on-july-25-2026-28c,highest-temperature-in-beijing-on-july-25-2026,beijing,2026-07-25,2026-07-23T04:07:33Z,0.047,0.001,2026-07-25T16:29:09Z
highest-temperature-in-beijing-on-july-25-2026-29c,highest-temperature-in-beijing-on-july-25-2026,beijing,2026-07-25,2026-07-23T04:07:33Z,0.189,0.001,2026-07-25T16:29:09Z
highest-temperature-in-beijing-on-july-25-2026-30c,highest-temperature-in-beijing-on-july-25-2026,beijing,2026-07-25,2026-07-23T04:07:33Z,0.37,0.001,2026-07-25T16:29:09Z
highest-temperature-in-beijing-on-july-25-2026-31c,highest-temperature-in-beijing-on-july-25-2026,beijing,2026-07-25,2026-07-23T04:07:33Z,1.0,1.0,2026-07-25T16:33:22Z
highest-temperature-in-beijing-on-july-25-2026-32c,highest-temperature-in-beijing-on-july-25-2026,beijing,2026-07-25,2026-07-23T04:07:33Z,0.59,0.001,2026-07-25T16:29:09Z
highest-temperature-in-beijing-on-july-25-2026-33c,highest-temperature-in-beijing-on-july-25-2026,beijing,2026-07-25,2026-07-23T04:07:33Z,0.43,0.001,2026-07-25T16:29:09Z
highest-temperature-in-beijing-on-july-25-2026-34c,highest-temperature-in-beijing-on-july-25-2026,beijing,2026-07-25,2026-07-23T04:07:33Z,0.37,0.001,2026-07-25T16:29:09Z
highest-temperature-in-beijing-on-july-25-2026-35c,highest-temperature-in-beijing-on-july-25-2026,beijing,2026-07-25,2026-07-23T04:07:33Z,0.08,0.001,2026-07-25T16:29:09Z
highest-temperature-in-beijing-on-july-25-2026-36corhigher,highest-temperature-in-beijing-on-july-25-2026,beijing,2026-07-25,2026-07-23T04:07:33Z,0.07,0.001,2026-07-25T16:29:09Z
highest-temperature-in-wuhan-on-july-25-2026-30corbelow,highest-temperature-in-wuhan-on-july-25-2026,wuhan,2026-07-25,2026-07-23T04:07:33Z,0.02,0.001,2026-07-25T16:29:09Z
highest-temperature-in-wuhan-on-july-25-2026-31c,highest-temperature-in-wuhan-on-july-25-2026,wuhan,2026-07-25,2026-07-23T04:07:33Z,0.02,0.001,2026-07-25T16:29:09Z
highest-temperature-in-wuhan-on-july-25-2026-32c,highest-temperature-in-wuhan-on-july-25-2026,wuhan,2026-07-25,2026-07-23T04:07:33Z,0.02,0.001,2026-07-25T16:29:09Z
highest-temperature-in-wuhan-on-july-25-2026-33c,highest-temperature-in-wuhan-on-july-25-2026,wuhan,2026-07-25,2026-07-23T04:07:33Z,0.33,0.001,2026-07-25T16:29:09Z
highest-temperature-in-wuhan-on-july-25-2026-34c,highest-temperature-in-wuhan-on-july-25-2026,wuhan,2026-07-25,2026-07-23T04:07:33Z,0.38,0.001,2026-07-25T16:29:09Z
highest-temperature-in-wuhan-on-july-25-2026-35c,highest-temperature-in-wuhan-on-july-25-2026,wuhan,2026-07-25,2026-07-23T04:07:33Z,0.38,0.001,2026-07-25T16:29:09Z
highest-temperature-in-wuhan-on-july-25-2026-36c,highest-temperature-in-wuhan-on-july-25-2026,wuhan,2026-07-25,2026-07-23T04:07:33Z,1.0,1.0,2026-07-25T17:04:04Z
highest-temperature-in-wuhan-on-july-25-2026-37c,highest-temperature-in-wuhan-on-july-25-2026,wuhan,2026-07-25,2026-07-23T04:07:33Z,0.46,0.001,2026-07-25T16:29:09Z
highest-temperature-in-wuhan-on-july-25-2026-38c,highest-temperature-in-wuhan-on-july-25-2026,wuhan,2026-07-25,2026-07-23T04:07:33Z,0.21,0.001,2026-07-25T16:29:09Z
highest-temperature-in-wuhan-on-july-25-2026-39c,highest-temperature-in-wuhan-on-july-25-2026,wuhan,2026-07-25,2026-07-23T04:07:33Z,0.12,0.001,2026-07-25T16:29:09Z
highest-temperature-in-wuhan-on-july-25-2026-40corhigher,highest-temperature-in-wuhan-on-july-25-2026,wuhan,2026-07-25,2026-07-23T04:07:33Z,0.35,0.001,2026-07-25T16:29:09Z
highest-temperature-in-chengdu-on-july-25-2026-33corbelow,highest-temperature-in-chengdu-on-july-25-2026,chengdu,2026-07-25,2026-07-23T04:07:33Z,0.02,0.001,2026-07-25T16:34:06Z
highest-temperature-in-chengdu-on-july-25-2026-34c,highest-temperature-in-chengdu-on-july-25-2026,chengdu,2026-07-25,2026-07-23T04:07:33Z,0.04,0.001,2026-07-25T16:34:06Z
highest-temperature-in-chengdu-on-july-25-2026-35c,highest-temperature-in-chengdu-on-july-25-2026,chengdu,2026-07-25,2026-07-23T04:07:33Z,0.07,0.001,2026-07-25T16:29:09Z
highest-temperature-in-chengdu-on-july-25-2026-36c,highest-temperature-in-chengdu-on-july-25-2026,chengdu,2026-07-25,2026-07-23T04:07:33Z,0.154,0.001,2026-07-25T16:34:06Z
highest-temperature-in-chengdu-on-july-25-2026-37c,highest-temperature-in-chengdu-on-july-25-2026,chengdu,2026-07-25,2026-07-23T04:07:33Z,0.28,0.001,2026-07-25T16:34:06Z
highest-temperature-in-chengdu-on-july-25-2026-38c,highest-temperature-in-chengdu-on-july-25-2026,chengdu,2026-07-25,2026-07-23T04:07:33Z,0.4,0.001,2026-07-25T16:34:06Z
highest-temperature-in-chengdu-on-july-25-2026-39c,highest-temperature-in-chengdu-on-july-25-2026,chengdu,2026-07-25,2026-07-23T04:07:33Z,0.82,0.001,2026-07-25T16:29:09Z
highest-temperature-in-chengdu-on-july-25-2026-40c,highest-temperature-in-chengdu-on-july-25-2026,chengdu,2026-07-25,2026-07-23T04:07:33Z,0.99,0.001,2026-07-25T16:34:06Z
highest-temperature-in-chengdu-on-july-25-2026-41c,highest-temperature-in-chengdu-on-july-25-2026,chengdu,2026-07-25,2026-07-23T04:07:33Z,1.0,1.0,2026-07-25T18:04:42Z
highest-temperature-in-chengdu-on-july-25-2026-42c,highest-temperature-in-chengdu-on-july-25-2026,chengdu,2026-07-25,2026-07-23T04:07:33Z,0.38,0.001,2026-07-25T16:34:06Z
highest-temperature-in-chengdu-on-july-25-2026-43corhigher,highest-temperature-in-chengdu-on-july-25-2026,chengdu,2026-07-25,2026-07-23T04:07:33Z,0.95,0.001,2026-07-25T16:29:09Z
highest-temperature-in-shenzhen-on-july-25-2026-29corbelow,highest-temperature-in-shenzhen-on-july-25-2026,shenzhen,2026-07-25,2026-07-23T04:07:33Z,0.02,0.001,2026-07-25T16:49:07Z
highest-temperature-in-shenzhen-on-july-25-2026-30c,highest-temperature-in-shenzhen-on-july-25-2026,shenzhen,2026-07-25,2026-07-23T04:07:33Z,0.12,0.001,2026-07-25T16:49:07Z
highest-temperature-in-shenzhen-on-july-25-2026-31c,highest-temperature-in-shenzhen-on-july-25-2026,shenzhen,2026-07-25,2026-07-23T04:07:33Z,0.07,0.001,2026-07-25T16:49:07Z
highest-temperature-in-shenzhen-on-july-25-2026-32c,highest-temperature-in-shenzhen-on-july-25-2026,shenzhen,2026-07-25,2026-07-23T04:07:33Z,0.24,0.001,2026-07-25T16:49:07Z
highest-temperature-in-shenzhen-on-july-25-2026-33c,highest-temperature-in-shenzhen-on-july-25-2026,shenzhen,2026-07-25,2026-07-23T04:07:33Z,0.37,0.001,2026-07-25T16:49:07Z
highest-temperature-in-shenzhen-on-july-25-2026-34c,highest-temperature-in-shenzhen-on-july-25-2026,shenzhen,2026-07-25,2026-07-23T04:07:33Z,0.66,0.001,2026-07-25T16:49:07Z
highest-temperature-in-shenzhen-on-july-25-2026-35c,highest-temperature-in-shenzhen-on-july-25-2026,shenzhen,2026-07-25,2026-07-23T04:07:33Z,1.0,1.0,2026-07-25T16:53:20Z
highest-temperature-in-shenzhen-on-july-25-2026-36c,highest-temperature-in-shenzhen-on-july-25-2026,shenzhen,2026-07-25,2026-07-23T04:07:33Z,0.784,0.001,2026-07-25T16:49:07Z
highest-temperature-in-shenzhen-on-july-25-2026-37c,highest-temperature-in-shenzhen-on-july-25-2026,shenzhen,2026-07-25,2026-07-23T04:07:33Z,0.22,0.001,2026-07-25T16:49:07Z
highest-temperature-in-shenzhen-on-july-25-2026-38c,highest-temperature-in-shenzhen-on-july-25-2026,shenzhen,2026-07-25,2026-07-23T04:07:33Z,0.07,0.001,2026-07-25T16:49:07Z
highest-temperature-in-shenzhen-on-july-25-2026-39corhigher,highest-temperature-in-shenzhen-on-july-25-2026,shenzhen,2026-07-25,2026-07-23T04:07:33Z,0.07,0.001,2026-07-25T16:49:07Z
highest-temperature-in-moscow-on-july-25-2026-17corbelow,highest-temperature-in-moscow-on-july-25-2026,moscow,2026-07-25,2026-07-23T04:07:33Z,0.37,0.001,2026-07-25T21:26:56Z
highest-temperature-in-moscow-on-july-25-2026-18c,highest-temperature-in-moscow-on-july-25-2026,moscow,2026-07-25,2026-07-23T04:07:33Z,0.36,0.001,2026-07-25T21:26:56Z
highest-temperature-in-moscow-on-july-25-2026-19c,highest-temperature-in-moscow-on-july-25-2026,moscow,2026-07-25,2026-07-23T04:07:33Z,0.37,0.001,2026-07-25T21:26:56Z
highest-temperature-in-moscow-on-july-25-2026-20c,highest-temperature-in-moscow-on-july-25-2026,moscow,2026-07-25,2026-07-23T04:07:33Z,0.37,0.001,2026-07-25T21:26:56Z
highest-temperature-in-moscow-on-july-25-2026-21c,highest-temperature-in-moscow-on-july-25-2026,moscow,2026-07-25,2026-07-23T04:07:33Z,0.37,0.001,2026-07-25T21:26:56Z
highest-temperature-in-moscow-on-july-25-2026-22c,highest-temperature-in-moscow-on-july-25-2026,moscow,2026-07-25,2026-07-23T04:07:33Z,0.7,0.001,2026-07-25T21:26:56Z
highest-temperature-in-moscow-on-july-25-2026-23c,highest-temperature-in-moscow-on-july-25-2026,moscow,2026-07-25,2026-07-23T04:07:33Z,1.0,1.0,2026-07-25T21:32:09Z
highest-temperature-in-moscow-on-july-25-2026-24c,highest-temperature-in-moscow-on-july-25-2026,moscow,2026-07-25,2026-07-23T04:07:33Z,0.14,0.001,2026-07-25T21:26:56Z
highest-temperature-in-moscow-on-july-25-2026-25c,highest-temperature-in-moscow-on-july-25-2026,moscow,2026-07-25,2026-07-23T04:07:33Z,0.07,0.001,2026-07-25T21:26:56Z
highest-temperature-in-moscow-on-july-25-2026-26c,highest-temperature-in-moscow-on-july-25-2026,moscow,2026-07-25,2026-07-23T04:07:33Z,0.07,0.001,2026-07-25T21:26:56Z
highest-temperature-in-moscow-on-july-25-2026-27corhigher,highest-temperature-in-moscow-on-july-25-2026,moscow,2026-07-25,2026-07-23T04:07:33Z,0.16,0.001,2026-07-25T21:26:56Z
highest-temperature-in-istanbul-on-july-25-2026-18corbelow,highest-temperature-in-istanbul-on-july-25-2026,istanbul,2026-07-25,2026-07-23T04:07:33Z,0.938,0.001,2026-07-25T21:47:03Z
highest-temperature-in-istanbul-on-july-25-2026-19c,highest-temperature-in-istanbul-on-july-25-2026,istanbul,2026-07-25,2026-07-23T04:07:33Z,0.95,0.001,2026-07-25T21:52:17Z
highest-temperature-in-istanbul-on-july-25-2026-20c,highest-temperature-in-istanbul-on-july-25-2026,istanbul,2026-07-25,2026-07-23T04:07:33Z,1.0,0.001,2026-07-25T21:52:17Z
highest-temperature-in-istanbul-on-july-25-2026-21c,highest-temperature-in-istanbul-on-july-25-2026,istanbul,2026-07-25,2026-07-23T04:07:33Z,0.95,0.001,2026-07-25T21:52:17Z
highest-temperature-in-istanbul-on-july-25-2026-22c,highest-temperature-in-istanbul-on-july-25-2026,istanbul,2026-07-25,2026-07-23T04:07:33Z,0.95,0.001,2026-07-25T21:47:03Z
highest-temperature-in-istanbul-on-july-25-2026-23c,highest-temperature-in-istanbul-on-july-25-2026,istanbul,2026-07-25,2026-07-23T04:07:33Z,1.0,1.0,2026-07-25T22:22:33Z
highest-temperature-in-istanbul-on-july-25-2026-24c,highest-temperature-in-istanbul-on-july-25-2026,istanbul,2026-07-25,2026-07-23T04:07:33Z,0.74,0.001,2026-07-25T21:47:03Z
highest-temperature-in-istanbul-on-july-25-2026-25c,highest-temperature-in-istanbul-on-july-25-2026,istanbul,2026-07-25,2026-07-23T04:07:33Z,0.174,0.001,2026-07-25T21:47:03Z
highest-temperature-in-istanbul-on-july-25-2026-26c,highest-temperature-in-istanbul-on-july-25-2026,istanbul,2026-07-25,2026-07-23T04:07:33Z,0.2,0.001,2026-07-25T21:52:17Z
highest-temperature-in-istanbul-on-july-25-2026-27c,highest-temperature-in-istanbul-on-july-25-2026,istanbul,2026-07-25,2026-07-23T04:07:33Z,0.199,0.001,2026-07-25T21:52:17Z
highest-temperature-in-istanbul-on-july-25-2026-28corhigher,highest-temperature-in-istanbul-on-july-25-2026,istanbul,2026-07-25,2026-07-23T04:07:33Z,0.938,0.001,2026-07-25T21:47:03Z
highest-temperature-in-busan-on-july-25-2026-30corbelow,highest-temperature-in-busan-on-july-25-2026,busan,2026-07-25,2026-07-23T04:07:33Z,0.024,0.001,2026-07-25T15:23:34Z
highest-temperature-in-busan-on-july-25-2026-31c,highest-temperature-in-busan-on-july-25-2026,busan,2026-07-25,2026-07-23T04:07:33Z,0.07,0.001,2026-07-25T15:23:34Z
highest-temperature-in-busan-on-july-25-2026-32c,highest-temperature-in-busan-on-july-25-2026,busan,2026-07-25,2026-07-23T04:07:33Z,0.38,0.001,2026-07-25T15:23:34Z
highest-temperature-in-busan-on-july-25-2026-33c,highest-temperature-in-busan-on-july-25-2026,busan,2026-07-25,2026-07-23T04:07:33Z,0.38,0.001,2026-07-25T15:23:34Z
highest-temperature-in-busan-on-july-25-2026-34c,highest-temperature-in-busan-on-july-25-2026,busan,2026-07-25,2026-07-23T04:07:33Z,0.49,0.001,2026-07-25T15:23:34Z
highest-temperature-in-busan-on-july-25-2026-35c,highest-temperature-in-busan-on-july-25-2026,busan,2026-07-25,2026-07-23T04:07:33Z,1.0,1.0,2026-07-25T15:33:51Z
highest-temperature-in-busan-on-july-25-2026-36c,highest-temperature-in-busan-on-july-25-2026,busan,2026-07-25,2026-07-23T04:07:33Z,0.53,0.001,2026-07-25T15:23:34Z
highest-temperature-in-busan-on-july-25-2026-37c,highest-temperature-in-busan-on-july-25-2026,busan,2026-07-25,2026-07-23T04:07:33Z,0.2,0.001,2026-07-25T15:23:34Z
highest-temperature-in-busan-on-july-25-2026-38c,highest-temperature-in-busan-on-july-25-2026,busan,2026-07-25,2026-07-23T04:07:33Z,0.155,0.001,2026-07-25T15:23:34Z
highest-temperature-in-busan-on-july-25-2026-39c,highest-temperature-in-busan-on-july-25-2026,busan,2026-07-25,2026-07-23T04:07:33Z,0.07,0.001,2026-07-25T15:23:34Z
highest-temperature-in-busan-on-july-25-2026-40corhigher,highest-temperature-in-busan-on-july-25-2026,busan,2026-07-25,2026-07-23T04:07:33Z,0.07,0.001,2026-07-25T15:23:34Z
highest-temperature-in-amsterdam-on-july-25-2026-20corbelow,highest-temperature-in-amsterdam-on-july-25-2026,amsterdam,2026-07-25,2026-07-23T04:07:33Z,0.02,0.001,2026-07-25T22:48:04Z
highest-temperature-in-amsterdam-on-july-25-2026-21c,highest-temperature-in-amsterdam-on-july-25-2026,amsterdam,2026-07-25,2026-07-23T04:07:33Z,0.17,0.001,2026-07-25T22:48:04Z
highest-temperature-in-amsterdam-on-july-25-2026-22c,highest-temperature-in-amsterdam-on-july-25-2026,amsterdam,2026-07-25,2026-07-23T04:07:33Z,0.37,0.001,2026-07-25T22:48:04Z
highest-temperature-in-amsterdam-on-july-25-2026-23c,highest-temperature-in-amsterdam-on-july-25-2026,amsterdam,2026-07-25,2026-07-23T04:07:33Z,0.43,0.001,2026-07-25T22:48:04Z
highest-temperature-in-amsterdam-on-july-25-2026-24c,highest-temperature-in-amsterdam-on-july-25-2026,amsterdam,2026-07-25,2026-07-23T04:07:33Z,0.55,0.001,2026-07-25T22:48:04Z
highest-temperature-in-amsterdam-on-july-25-2026-25c,highest-temperature-in-amsterdam-on-july-25-2026,amsterdam,2026-07-25,2026-07-23T04:07:33Z,1.0,1.0,2026-07-25T23:19:00Z
highest-temperature-in-amsterdam-on-july-25-2026-26c,highest-temperature-in-amsterdam-on-july-25-2026,amsterdam,2026-07-25,2026-07-23T04:07:33Z,0.39,0.001,2026-07-25T22:48:04Z
highest-temperature-in-amsterdam-on-july-25-2026-27c,highest-temperature-in-amsterdam-on-july-25-2026,amsterdam,2026-07-25,2026-07-23T04:07:33Z,0.07,0.001,2026-07-25T22:48:04Z
highest-temperature-in-amsterdam-on-july-25-2026-28c,highest-temperature-in-amsterdam-on-july-25-2026,amsterdam,2026-07-25,2026-07-23T04:07:33Z,0.07,0.001,2026-07-25T22:48:04Z
highest-temperature-in-amsterdam-on-july-25-2026-29c,highest-temperature-in-amsterdam-on-july-25-2026,amsterdam,2026-07-25,2026-07-23T04:07:33Z,0.07,0.001,2026-07-25T22:48:04Z
highest-temperature-in-amsterdam-on-july-25-2026-30corhigher,highest-temperature-in-amsterdam-on-july-25-2026,amsterdam,2026-07-25,2026-07-23T04:07:33Z,0.07,0.001,2026-07-25T22:48:04Z
highest-temperature-in-helsinki-on-july-25-2026-15corbelow,highest-temperature-in-helsinki-on-july-25-2026,helsinki,2026-07-25,2026-07-23T04:07:33Z,0.02,0.001,2026-07-25T21:42:08Z
highest-temperature-in-helsinki-on-july-25-2026-16c,highest-temperature-in-helsinki-on-july-25-2026,helsinki,2026-07-25,2026-07-23T04:07:33Z,0.02,0.001,2026-07-25T21:42:08Z
highest-temperature-in-helsinki-on-july-25-2026-17c,highest-temperature-in-helsinki-on-july-25-2026,helsinki,2026-07-25,2026-07-23T04:07:33Z,0.2,0.001,2026-07-25T21:42:08Z
highest-temperature-in-helsinki-on-july-25-2026-18c,highest-temperature-in-helsinki-on-july-25-2026,helsinki,2026-07-25,2026-07-23T04:07:33Z,0.598,0.001,2026-07-25T21:42:08Z
highest-temperature-in-helsinki-on-july-25-2026-19c,highest-temperature-in-helsinki-on-july-25-2026,helsinki,2026-07-25,2026-07-23T04:07:33Z,0.75,0.001,2026-07-25T21:42:08Z
highest-temperature-in-helsinki-on-july-25-2026-20c,highest-temperature-in-helsinki-on-july-25-2026,helsinki,2026-07-25,2026-07-23T04:07:33Z,1.0,1.0,2026-07-25T23:08:58Z
highest-temperature-in-helsinki-on-july-25-2026-21c,highest-temperature-in-helsinki-on-july-25-2026,helsinki,2026-07-25,2026-07-23T04:07:33Z,0.35,0.004,2026-07-25T21:42:08Z
highest-temperature-in-helsinki-on-july-25-2026-22c,highest-temperature-in-helsinki-on-july-25-2026,helsinki,2026-07-25,2026-07-23T04:07:33Z,0.27,0.001,2026-07-25T21:42:08Z
highest-temperature-in-helsinki-on-july-25-2026-23c,highest-temperature-in-helsinki-on-july-25-2026,helsinki,2026-07-25,2026-07-23T04:07:33Z,0.159,0.001,2026-07-25T21:42:08Z
highest-temperature-in-helsinki-on-july-25-2026-24c,highest-temperature-in-helsinki-on-july-25-2026,helsinki,2026-07-25,2026-07-23T04:07:33Z,0.1,0.001,2026-07-25T21:42:08Z
highest-temperature-in-helsinki-on-july-25-2026-25corhigher,highest-temperature-in-helsinki-on-july-25-2026,helsinki,2026-07-25,2026-07-23T04:07:33Z,0.07,0.001,2026-07-25T21:42:08Z
highest-temperature-in-kuala-lumpur-on-july-25-2026-23corbelow,highest-temperature-in-kuala-lumpur-on-july-25-2026,kuala-lumpur,2026-07-25,2026-07-23T04:07:33Z,0.01,0.001,2026-07-25T16:34:06Z
highest-temperature-in-kuala-lumpur-on-july-25-2026-24c,highest-temperature-in-kuala-lumpur-on-july-25-2026,kuala-lumpur,2026-07-25,2026-07-23T04:07:33Z,0.01,0.001,2026-07-25T16:34:06Z
highest-temperature-in-kuala-lumpur-on-july-25-2026-25c,highest-temperature-in-kuala-lumpur-on-july-25-2026,kuala-lumpur,2026-07-25,2026-07-23T04:07:33Z,0.01,0.001,2026-07-25T16:34:06Z
highest-temperature-in-kuala-lumpur-on-july-25-2026-26c,highest-temperature-in-kuala-lumpur-on-july-25-2026,kuala-lumpur,2026-07-25,2026-07-23T04:07:33Z,0.01,0.001,2026-07-25T16:34:06Z
highest-temperature-in-kuala-lumpur-on-july-25-2026-27c,highest-temperature-in-kuala-lumpur-on-july-25-2026,kuala-lumpur,2026-07-25,2026-07-23T04:07:33Z,0.02,0.001,2026-07-25T16:34:06Z
highest-temperature-in-kuala-lumpur-on-july-25-2026-28c,highest-temperature-in-kuala-lumpur-on-july-25-2026,kuala-lumpur,2026-07-25,2026-07-23T04:07:33Z,0.99,0.001,2026-07-25T16:34:06Z
highest-temperature-in-kuala-lumpur-on-july-25-2026-29c,highest-temperature-in-kuala-lumpur-on-july-25-2026,kuala-lumpur,2026-07-25,2026-07-23T04:07:33Z,0.99,0.001,2026-07-25T16:34:06Z
highest-temperature-in-kuala-lumpur-on-july-25-2026-30c,highest-temperature-in-kuala-lumpur-on-july-25-2026,kuala-lumpur,2026-07-25,2026-07-23T04:07:33Z,1.0,1.0,2026-07-25T18:04:42Z
highest-temperature-in-kuala-lumpur-on-july-25-2026-31c,highest-temperature-in-kuala-lumpur-on-july-25-2026,kuala-lumpur,2026-07-25,2026-07-23T04:07:33Z,0.99,0.001,2026-07-25T16:34:06Z
highest-temperature-in-kuala-lumpur-on-july-25-2026-32c,highest-temperature-in-kuala-lumpur-on-july-25-2026,kuala-lumpur,2026-07-25,2026-07-23T04:07:33Z,0.99,0.001,2026-07-25T16:34:06Z
highest-temperature-in-kuala-lumpur-on-july-25-2026-33corhigher,highest-temperature-in-kuala-lumpur-on-july-25-2026,kuala-lumpur,2026-07-25,2026-07-23T04:07:33Z,0.99,0.001,2026-07-25T16:34:06Z
highest-temperature-in-jeddah-on-july-25-2026-33corbelow,highest-temperature-in-jeddah-on-july-25-2026,jeddah,2026-07-25,2026-07-23T04:07:33Z,0.02,0.001,2026-07-25T21:22:00Z
highest-temperature-in-jeddah-on-july-25-2026-34c,highest-temperature-in-jeddah-on-july-25-2026,jeddah,2026-07-25,2026-07-23T04:07:33Z,0.98,0.001,2026-07-25T21:22:00Z
highest-temperature-in-jeddah-on-july-25-2026-35c,highest-temperature-in-jeddah-on-july-25-2026,jeddah,2026-07-25,2026-07-23T04:07:33Z,0.99,0.001,2026-07-25T21:22:00Z
highest-temperature-in-jeddah-on-july-25-2026-36c,highest-temperature-in-jeddah-on-july-25-2026,jeddah,2026-07-25,2026-07-23T04:07:33Z,0.99,0.001,2026-07-25T21:22:00Z
highest-temperature-in-jeddah-on-july-25-2026-37c,highest-temperature-in-jeddah-on-july-25-2026,jeddah,2026-07-25,2026-07-23T04:07:33Z,0.99,0.001,2026-07-25T21:22:00Z
highest-temperature-in-jeddah-on-july-25-2026-38c,highest-temperature-in-jeddah-on-july-25-2026,jeddah,2026-07-25,2026-07-23T04:07:33Z,0.99,0.001,2026-07-25T21:22:00Z
highest-temperature-in-jeddah-on-july-25-2026-39c,highest-temperature-in-jeddah-on-july-25-2026,jeddah,2026-07-25,2026-07-23T04:07:33Z,0.99,0.001,2026-07-25T21:22:00Z
highest-temperature-in-jeddah-on-july-25-2026-40c,highest-temperature-in-jeddah-on-july-25-2026,jeddah,2026-07-25,2026-07-23T04:07:33Z,1.0,1.0,2026-07-25T22:48:49Z
highest-temperature-in-jeddah-on-july-25-2026-41c,highest-temperature-in-jeddah-on-july-25-2026,jeddah,2026-07-25,2026-07-23T04:07:33Z,0.99,0.001,2026-07-25T21:22:00Z
highest-temperature-in-jeddah-on-july-25-2026-42c,highest-temperature-in-jeddah-on-july-25-2026,jeddah,2026-07-25,2026-07-23T04:07:33Z,0.99,0.001,2026-07-25T21:22:00Z
highest-temperature-in-jeddah-on-july-25-2026-43corhigher,highest-temperature-in-jeddah-on-july-25-2026,jeddah,2026-07-25,2026-07-23T04:07:33Z,0.99,0.001,2026-07-25T21:22:00Z
highest-temperature-in-guangzhou-on-july-25-2026-31corbelow,highest-temperature-in-guangzhou-on-july-25-2026,guangzhou,2026-07-25,2026-07-23T04:07:33Z,0.02,0.001,2026-07-25T16:29:09Z
highest-temperature-in-guangzhou-on-july-25-2026-32c,highest-temperature-in-guangzhou-on-july-25-2026,guangzhou,2026-07-25,2026-07-23T04:07:33Z,0.36,0.001,2026-07-25T16:29:09Z
highest-temperature-in-guangzhou-on-july-25-2026-33c,highest-temperature-in-guangzhou-on-july-25-2026,guangzhou,2026-07-25,2026-07-23T04:07:33Z,0.37,0.001,2026-07-25T16:29:09Z
highest-temperature-in-guangzhou-on-july-25-2026-34c,highest-temperature-in-guangzhou-on-july-25-2026,guangzhou,2026-07-25,2026-07-23T04:07:33Z,0.37,0.001,2026-07-25T16:29:09Z
highest-temperature-in-guangzhou-on-july-25-2026-35c,highest-temperature-in-guangzhou-on-july-25-2026,guangzhou,2026-07-25,2026-07-23T04:07:33Z,0.37,0.001,2026-07-25T16:29:09Z
highest-temperature-in-guangzhou-on-july-25-2026-36c,highest-temperature-in-guangzhou-on-july-25-2026,guangzhou,2026-07-25,2026-07-23T04:07:33Z,0.37,0.001,2026-07-25T16:29:09Z
highest-temperature-in-guangzhou-on-july-25-2026-37c,highest-temperature-in-guangzhou-on-july-25-2026,guangzhou,2026-07-25,2026-07-23T04:07:33Z,1.0,1.0,2026-07-26T01:14:16Z
highest-temperature-in-guangzhou-on-july-25-2026-38c,highest-temperature-in-guangzhou-on-july-25-2026,guangzhou,2026-07-25,2026-07-23T04:07:33Z,0.43,0.001,2026-07-25T16:29:09Z
highest-temperature-in-guangzhou-on-july-25-2026-39c,highest-temperature-in-guangzhou-on-july-25-2026,guangzhou,2026-07-25,2026-07-23T04:07:33Z,0.37,0.001,2026-07-25T16:29:09Z
highest-temperature-in-guangzhou-on-july-25-2026-40c,highest-temperature-in-guangzhou-on-july-25-2026,guangzhou,2026-07-25,2026-07-23T04:07:33Z,0.37,0.001,2026-07-25T16:29:09Z
highest-temperature-in-guangzhou-on-july-25-2026-41corhigher,highest-temperature-in-guangzhou-on-july-25-2026,guangzhou,2026-07-25,2026-07-23T04:07:33Z,0.37,0.001,2026-07-25T16:29:09Z
highest-temperature-in-qingdao-on-july-25-2026-24corbelow,highest-temperature-in-qingdao-on-july-25-2026,qingdao,2026-07-25,2026-07-23T04:07:33Z,0.98,0.001,2026-07-25T16:29:09Z
highest-temperature-in-qingdao-on-july-25-2026-25c,highest-temperature-in-qingdao-on-july-25-2026,qingdao,2026-07-25,2026-07-23T04:07:33Z,0.02,0.001,2026-07-25T16:29:09Z
highest-temperature-in-qingdao-on-july-25-2026-26c,highest-temperature-in-qingdao-on-july-25-2026,qingdao,2026-07-25,2026-07-23T04:07:33Z,1.0,0.001,2026-07-25T16:29:09Z
highest-temperature-in-qingdao-on-july-25-2026-27c,highest-temperature-in-qingdao-on-july-25-2026,qingdao,2026-07-25,2026-07-23T04:07:33Z,0.99,0.001,2026-07-25T16:29:09Z
highest-temperature-in-qingdao-on-july-25-2026-28c,highest-temperature-in-qingdao-on-july-25-2026,qingdao,2026-07-25,2026-07-23T04:07:33Z,0.99,0.001,2026-07-25T16:29:09Z
highest-temperature-in-qingdao-on-july-25-2026-29c,highest-temperature-in-qingdao-on-july-25-2026,qingdao,2026-07-25,2026-07-23T04:07:33Z,0.99,0.001,2026-07-25T16:29:09Z
highest-temperature-in-qingdao-on-july-25-2026-30c,highest-temperature-in-qingdao-on-july-25-2026,qingdao,2026-07-25,2026-07-23T04:07:33Z,0.99,0.001,2026-07-25T16:29:09Z
highest-temperature-in-qingdao-on-july-25-2026-31c,highest-temperature-in-qingdao-on-july-25-2026,qingdao,2026-07-25,2026-07-23T04:07:33Z,1.0,1.0,2026-07-25T16:49:07Z
highest-temperature-in-qingdao-on-july-25-2026-32c,highest-temperature-in-qingdao-on-july-25-2026,qingdao,2026-07-25,2026-07-23T04:07:33Z,0.99,0.001,2026-07-25T16:29:09Z
highest-temperature-in-qingdao-on-july-25-2026-33c,highest-temperature-in-qingdao-on-july-25-2026,qingdao,2026-07-25,2026-07-23T04:07:33Z,0.99,0.001,2026-07-25T16:29:09Z
highest-temperature-in-qingdao-on-july-25-2026-34corhigher,highest-temperature-in-qingdao-on-july-25-2026,qingdao,2026-07-25,2026-07-23T04:07:33Z,0.99,0.001,2026-07-25T16:34:06Z
highest-temperature-in-manila-on-july-25-2026-25corbelow,highest-temperature-in-manila-on-july-25-2026,manila,2026-07-25,2026-07-23T04:07:33Z,0.02,0.001,2026-07-25T16:29:09Z
highest-temperature-in-manila-on-july-25-2026-26c,highest-temperature-in-manila-on-july-25-2026,manila,2026-07-25,2026-07-23T04:07:33Z,0.02,0.001,2026-07-25T16:29:09Z
highest-temperature-in-manila-on-july-25-2026-27c,highest-temperature-in-manila-on-july-25-2026,manila,2026-07-25,2026-07-23T04:07:33Z,0.99,0.001,2026-07-25T16:29:09Z
highest-temperature-in-manila-on-july-25-2026-28c,highest-temperature-in-manila-on-july-25-2026,manila,2026-07-25,2026-07-23T04:07:33Z,0.179,0.001,2026-07-25T16:29:09Z
highest-temperature-in-manila-on-july-25-2026-29c,highest-temperature-in-manila-on-july-25-2026,manila,2026-07-25,2026-07-23T04:07:33Z,0.99,0.001,2026-07-25T16:29:09Z
highest-temperature-in-manila-on-july-25-2026-30c,highest-temperature-in-manila-on-july-25-2026,manila,2026-07-25,2026-07-23T04:07:33Z,0.99,0.001,2026-07-25T16:29:09Z
highest-temperature-in-manila-on-july-25-2026-31c,highest-temperature-in-manila-on-july-25-2026,manila,2026-07-25,2026-07-23T04:07:33Z,0.99,0.001,2026-07-25T16:29:09Z
highest-temperature-in-manila-on-july-25-2026-32c,highest-temperature-in-manila-on-july-25-2026,manila,2026-07-25,2026-07-23T04:07:33Z,1.0,1.0,2026-07-25T17:04:04Z
highest-temperature-in-manila-on-july-25-2026-33c,highest-temperature-in-manila-on-july-25-2026,manila,2026-07-25,2026-07-23T04:07:33Z,0.99,0.001,2026-07-25T16:29:09Z
highest-temperature-in-manila-on-july-25-2026-34c,highest-temperature-in-manila-on-july-25-2026,manila,2026-07-25,2026-07-23T04:07:33Z,0.99,0.001,2026-07-25T16:29:09Z
highest-temperature-in-manila-on-july-25-2026-35corhigher,highest-temperature-in-manila-on-july-25-2026,manila,2026-07-25,2026-07-23T04:07:33Z,0.08,0.001,2026-07-25T16:29:09Z
highest-temperature-in-lucknow-on-july-25-2026-25corbelow,highest-temperature-in-lucknow-on-july-25-2026,lucknow,2026-07-25,2026-07-23T05:02:46Z,1.0,0.001,2026-07-25T18:55:07Z
highest-temperature-in-lucknow-on-july-25-2026-26c,highest-temperature-in-lucknow-on-july-25-2026,lucknow,2026-07-25,2026-07-23T05:02:46Z,1.0,0.001,2026-07-25T18:55:07Z
highest-temperature-in-lucknow-on-july-25-2026-27c,highest-temperature-in-lucknow-on-july-25-2026,lucknow,2026-07-25,2026-07-23T05:02:46Z,1.0,0.001,2026-07-25T18:55:07Z
highest-temperature-in-lucknow-on-july-25-2026-28c,highest-temperature-in-lucknow-on-july-25-2026,lucknow,2026-07-25,2026-07-23T05:02:46Z,1.0,0.001,2026-07-25T18:55:07Z
highest-temperature-in-lucknow-on-july-25-2026-29c,highest-temperature-in-lucknow-on-july-25-2026,lucknow,2026-07-25,2026-07-23T05:02:46Z,1.0,0.001,2026-07-25T18:55:07Z
highest-temperature-in-lucknow-on-july-25-2026-30c,highest-temperature-in-lucknow-on-july-25-2026,lucknow,2026-07-25,2026-07-23T05:02:46Z,1.0,0.001,2026-07-25T18:55:07Z
highest-temperature-in-lucknow-on-july-25-2026-31c,highest-temperature-in-lucknow-on-july-25-2026,lucknow,2026-07-25,2026-07-23T05:02:46Z,1.0,0.001,2026-07-25T18:55:07Z
highest-temperature-in-lucknow-on-july-25-2026-32c,highest-temperature-in-lucknow-on-july-25-2026,lucknow,2026-07-25,2026-07-23T05:02:46Z,1.0,0.001,2026-07-25T18:55:07Z
highest-temperature-in-lucknow-on-july-25-2026-33c,highest-temperature-in-lucknow-on-july-25-2026,lucknow,2026-07-25,2026-07-23T05:02:46Z,1.0,0.001,2026-07-25T18:55:07Z
highest-temperature-in-lucknow-on-july-25-2026-34c,highest-temperature-in-lucknow-on-july-25-2026,lucknow,2026-07-25,2026-07-23T05:02:46Z,1.0,1.0,2026-07-25T20:26:20Z
highest-temperature-in-lucknow-on-july-25-2026-35corhigher,highest-temperature-in-lucknow-on-july-25-2026,lucknow,2026-07-25,2026-07-23T05:02:46Z,1.0,0.001,2026-07-25T18:55:07Z
highest-temperature-in-cape-town-on-july-25-2026-13corbelow,highest-temperature-in-cape-town-on-july-25-2026,cape-town,2026-07-25,2026-07-23T05:07:47Z,0.02,0.001,2026-07-25T22:27:45Z
highest-temperature-in-cape-town-on-july-25-2026-14c,highest-temperature-in-cape-town-on-july-25-2026,cape-town,2026-07-25,2026-07-23T05:07:47Z,0.02,0.001,2026-07-25T22:27:45Z
highest-temperature-in-cape-town-on-july-25-2026-15c,highest-temperature-in-cape-town-on-july-25-2026,cape-town,2026-07-25,2026-07-23T05:07:47Z,0.02,0.001,2026-07-25T22:27:45Z
highest-temperature-in-cape-town-on-july-25-2026-16c,highest-temperature-in-cape-town-on-july-25-2026,cape-town,2026-07-25,2026-07-23T05:07:47Z,0.02,0.001,2026-07-25T22:27:45Z
highest-temperature-in-cape-town-on-july-25-2026-17c,highest-temperature-in-cape-town-on-july-25-2026,cape-town,2026-07-25,2026-07-23T05:07:47Z,0.37,0.001,2026-07-25T22:27:45Z
highest-temperature-in-cape-town-on-july-25-2026-18c,highest-temperature-in-cape-town-on-july-25-2026,cape-town,2026-07-25,2026-07-23T05:07:47Z,0.37,0.001,2026-07-25T22:27:45Z
highest-temperature-in-cape-town-on-july-25-2026-19c,highest-temperature-in-cape-town-on-july-25-2026,cape-town,2026-07-25,2026-07-23T05:07:47Z,0.37,0.001,2026-07-25T22:27:45Z
highest-temperature-in-cape-town-on-july-25-2026-20c,highest-temperature-in-cape-town-on-july-25-2026,cape-town,2026-07-25,2026-07-23T05:07:47Z,0.79,0.001,2026-07-25T22:27:45Z
highest-temperature-in-cape-town-on-july-25-2026-21c,highest-temperature-in-cape-town-on-july-25-2026,cape-town,2026-07-25,2026-07-23T05:07:47Z,1.0,1.0,2026-07-25T22:53:58Z
highest-temperature-in-cape-town-on-july-25-2026-22c,highest-temperature-in-cape-town-on-july-25-2026,cape-town,2026-07-25,2026-07-23T05:07:47Z,0.37,0.001,2026-07-25T22:27:45Z
highest-temperature-in-cape-town-on-july-25-2026-23corhigher,highest-temperature-in-cape-town-on-july-25-2026,cape-town,2026-07-25,2026-07-23T05:07:47Z,0.37,0.001,2026-07-25T22:27:45Z
highest-temperature-in-karachi-on-july-25-2026-28corbelow,highest-temperature-in-karachi-on-july-25-2026,karachi,2026-07-25,2026-07-23T05:07:47Z,0.02,0.001,2026-07-25T19:20:21Z
highest-temperature-in-karachi-on-july-25-2026-29c,highest-temperature-in-karachi-on-july-25-2026,karachi,2026-07-25,2026-07-23T05:07:47Z,0.02,0.001,2026-07-25T19:20:21Z
highest-temperature-in-karachi-on-july-25-2026-30c,highest-temperature-in-karachi-on-july-25-2026,karachi,2026-07-25,2026-07-23T05:07:47Z,0.148,0.001,2026-07-25T19:20:21Z
highest-temperature-in-karachi-on-july-25-2026-31c,highest-temperature-in-karachi-on-july-25-2026,karachi,2026-07-25,2026-07-23T05:07:47Z,0.46,0.001,2026-07-25T19:25:33Z
highest-temperature-in-karachi-on-july-25-2026-32c,highest-temperature-in-karachi-on-july-25-2026,karachi,2026-07-25,2026-07-23T05:07:47Z,0.46,0.001,2026-07-25T19:25:33Z
highest-temperature-in-karachi-on-july-25-2026-33c,highest-temperature-in-karachi-on-july-25-2026,karachi,2026-07-25,2026-07-23T05:07:47Z,1.0,1.0,2026-07-25T19:28:40Z
highest-temperature-in-karachi-on-july-25-2026-34c,highest-temperature-in-karachi-on-july-25-2026,karachi,2026-07-25,2026-07-23T05:07:47Z,0.75,0.001,2026-07-25T19:25:33Z
highest-temperature-in-karachi-on-july-25-2026-35c,highest-temperature-in-karachi-on-july-25-2026,karachi,2026-07-25,2026-07-23T05:07:47Z,0.46,0.001,2026-07-25T19:25:33Z
highest-temperature-in-karachi-on-july-25-2026-36c,highest-temperature-in-karachi-on-july-25-2026,karachi,2026-07-25,2026-07-23T05:07:47Z,0.11,0.001,2026-07-25T19:25:33Z
highest-temperature-in-karachi-on-july-25-2026-37c,highest-temperature-in-karachi-on-july-25-2026,karachi,2026-07-25,2026-07-23T05:07:47Z,0.349,0.001,2026-07-25T19:25:33Z
highest-temperature-in-karachi-on-july-25-2026-38corhigher,highest-temperature-in-karachi-on-july-25-2026,karachi,2026-07-25,2026-07-23T05:07:47Z,0.07,0.001,2026-07-25T19:20:21Z
highest-temperature-in-sao-paulo-on-july-25-2026-16corbelow,highest-temperature-in-sao-paulo-on-july-25-2026,sao-paulo,2026-07-25,2026-07-24T01:04:11Z,1.0,0.001,2026-07-26T03:25:26Z
highest-temperature-in-sao-paulo-on-july-25-2026-17c,highest-temperature-in-sao-paulo-on-july-25-2026,sao-paulo,2026-07-25,2026-07-24T01:04:11Z,1.0,0.001,2026-07-26T03:25:26Z
highest-temperature-in-sao-paulo-on-july-25-2026-18c,highest-temperature-in-sao-paulo-on-july-25-2026,sao-paulo,2026-07-25,2026-07-24T01:04:11Z,1.0,0.001,2026-07-26T03:25:26Z
highest-temperature-in-sao-paulo-on-july-25-2026-19c,highest-temperature-in-sao-paulo-on-july-25-2026,sao-paulo,2026-07-25,2026-07-24T01:04:11Z,1.0,0.001,2026-07-26T03:25:26Z
highest-temperature-in-sao-paulo-on-july-25-2026-20c,highest-temperature-in-sao-paulo-on-july-25-2026,sao-paulo,2026-07-25,2026-07-24T01:04:11Z,1.0,0.001,2026-07-26T03:25:26Z
highest-temperature-in-sao-paulo-on-july-25-2026-21c,highest-temperature-in-sao-paulo-on-july-25-2026,sao-paulo,2026-07-25,2026-07-24T01:04:11Z,1.0,1.0,2026-07-26T03:30:33Z
highest-temperature-in-sao-paulo-on-july-25-2026-22c,highest-temperature-in-sao-paulo-on-july-25-2026,sao-paulo,2026-07-25,2026-07-24T01:04:11Z,1.0,0.001,2026-07-26T03:25:26Z
highest-temperature-in-sao-paulo-on-july-25-2026-23c,highest-temperature-in-sao-paulo-on-july-25-2026,sao-paulo,2026-07-25,2026-07-24T01:04:11Z,1.0,0.001,2026-07-26T03:25:26Z
highest-temperature-in-sao-paulo-on-july-25-2026-24c,highest-temperature-in-sao-paulo-on-july-25-2026,sao-paulo,2026-07-25,2026-07-24T01:04:11Z,1.0,0.001,2026-07-26T03:25:26Z
highest-temperature-in-sao-paulo-on-july-25-2026-25c,highest-temperature-in-sao-paulo-on-july-25-2026,sao-paulo,2026-07-25,2026-07-24T01:04:11Z,1.0,0.001,2026-07-26T03:25:26Z
highest-temperature-in-sao-paulo-on-july-25-2026-26corhigher,highest-temperature-in-sao-paulo-on-july-25-2026,sao-paulo,2026-07-25,2026-07-24T01:04:11Z,1.0,0.001,2026-07-26T03:25:26Z
highest-temperature-in-buenos-aires-on-july-25-2026-12corbelow,highest-temperature-in-buenos-aires-on-july-25-2026,buenos-aires,2026-07-25,2026-07-24T01:04:11Z,1.0,0.001,2026-07-26T03:25:26Z
highest-temperature-in-buenos-aires-on-july-25-2026-13c,highest-temperature-in-buenos-aires-on-july-25-2026,buenos-aires,2026-07-25,2026-07-24T01:04:11Z,1.0,0.001,2026-07-26T03:25:26Z
highest-temperature-in-buenos-aires-on-july-25-2026-14c,highest-temperature-in-buenos-aires-on-july-25-2026,buenos-aires,2026-07-25,2026-07-24T01:04:11Z,1.0,0.001,2026-07-26T03:25:26Z
highest-temperature-in-buenos-aires-on-july-25-2026-15c,highest-temperature-in-buenos-aires-on-july-25-2026,buenos-aires,2026-07-25,2026-07-24T01:04:11Z,1.0,0.001,2026-07-26T03:25:26Z
highest-temperature-in-buenos-aires-on-july-25-2026-16c,highest-temperature-in-buenos-aires-on-july-25-2026,buenos-aires,2026-07-25,2026-07-24T01:04:11Z,1.0,0.001,2026-07-26T03:25:26Z
highest-temperature-in-buenos-aires-on-july-25-2026-17c,highest-temperature-in-buenos-aires-on-july-25-2026,buenos-aires,2026-07-25,2026-07-24T01:04:11Z,1.0,0.001,2026-07-26T03:25:26Z
highest-temperature-in-buenos-aires-on-july-25-2026-18c,highest-temperature-in-buenos-aires-on-july-25-2026,buenos-aires,2026-07-25,2026-07-24T01:04:11Z,1.0,1.0,2026-07-26T03:35:39Z
highest-temperature-in-buenos-aires-on-july-25-2026-19c,highest-temperature-in-buenos-aires-on-july-25-2026,buenos-aires,2026-07-25,2026-07-24T01:04:11Z,1.0,0.001,2026-07-26T03:25:26Z
highest-temperature-in-buenos-aires-on-july-25-2026-20c,highest-temperature-in-buenos-aires-on-july-25-2026,buenos-aires,2026-07-25,2026-07-24T01:04:11Z,1.0,0.001,2026-07-26T03:25:26Z
highest-temperature-in-buenos-aires-on-july-25-2026-21c,highest-temperature-in-buenos-aires-on-july-25-2026,buenos-aires,2026-07-25,2026-07-24T01:04:11Z,1.0,0.001,2026-07-26T03:25:26Z
highest-temperature-in-buenos-aires-on-july-25-2026-22corhigher,highest-temperature-in-buenos-aires-on-july-25-2026,buenos-aires,2026-07-25,2026-07-24T01:04:11Z,1.0,0.001,2026-07-26T03:25:26Z
highest-temperature-in-toronto-on-july-25-2026-22corbelow,highest-temperature-in-toronto-on-july-25-2026,toronto,2026-07-25,2026-07-24T01:04:11Z,1.0,0.001,2026-07-26T04:25:47Z
highest-temperature-in-toronto-on-july-25-2026-23c,highest-temperature-in-toronto-on-july-25-2026,toronto,2026-07-25,2026-07-24T01:04:11Z,1.0,0.001,2026-07-26T04:25:47Z
highest-temperature-in-toronto-on-july-25-2026-24c,highest-temperature-in-toronto-on-july-25-2026,toronto,2026-07-25,2026-07-24T01:04:11Z,1.0,0.001,2026-07-26T04:25:47Z
highest-temperature-in-toronto-on-july-25-2026-25c,highest-temperature-in-toronto-on-july-25-2026,toronto,2026-07-25,2026-07-24T01:04:11Z,1.0,0.001,2026-07-26T04:25:47Z
highest-temperature-in-toronto-on-july-25-2026-26c,highest-temperature-in-toronto-on-july-25-2026,toronto,2026-07-25,2026-07-24T01:04:11Z,1.0,1.0,2026-07-26T04:30:55Z
highest-temperature-in-toronto-on-july-25-2026-27c,highest-temperature-in-toronto-on-july-25-2026,toronto,2026-07-25,2026-07-24T01:04:11Z,1.0,0.001,2026-07-26T04:25:47Z
highest-temperature-in-toronto-on-july-25-2026-28c,highest-temperature-in-toronto-on-july-25-2026,toronto,2026-07-25,2026-07-24T01:04:11Z,1.0,0.001,2026-07-26T04:25:47Z
highest-temperature-in-toronto-on-july-25-2026-29c,highest-temperature-in-toronto-on-july-25-2026,toronto,2026-07-25,2026-07-24T01:04:11Z,1.0,0.001,2026-07-26T04:25:47Z
highest-temperature-in-toronto-on-july-25-2026-30c,highest-temperature-in-toronto-on-july-25-2026,toronto,2026-07-25,2026-07-24T01:04:11Z,1.0,0.001,2026-07-26T04:25:47Z
highest-temperature-in-toronto-on-july-25-2026-31c,highest-temperature-in-toronto-on-july-25-2026,toronto,2026-07-25,2026-07-24T01:04:11Z,1.0,0.001,2026-07-26T04:25:47Z
highest-temperature-in-toronto-on-july-25-2026-32corhigher,highest-temperature-in-toronto-on-july-25-2026,toronto,2026-07-25,2026-07-24T01:04:11Z,1.0,0.001,2026-07-26T04:25:47Z
highest-temperature-in-seattle-on-july-25-2026-63forbelow,highest-temperature-in-seattle-on-july-25-2026,seattle,2026-07-25,2026-07-24T01:04:11Z,1.0,0.001,2026-07-26T08:17:52Z
highest-temperature-in-seattle-on-july-25-2026-64-65f,highest-temperature-in-seattle-on-july-25-2026,seattle,2026-07-25,2026-07-24T01:04:11Z,1.0,0.001,2026-07-26T08:17:52Z
highest-temperature-in-seattle-on-july-25-2026-66-67f,highest-temperature-in-seattle-on-july-25-2026,seattle,2026-07-25,2026-07-24T01:04:11Z,1.0,0.001,2026-07-26T08:17:52Z
highest-temperature-in-seattle-on-july-25-2026-68-69f,highest-temperature-in-seattle-on-july-25-2026,seattle,2026-07-25,2026-07-24T01:04:11Z,1.0,0.001,2026-07-26T08:17:52Z
highest-temperature-in-seattle-on-july-25-2026-70-71f,highest-temperature-in-seattle-on-july-25-2026,seattle,2026-07-25,2026-07-24T01:04:11Z,1.0,0.001,2026-07-26T08:17:52Z
highest-temperature-in-seattle-on-july-25-2026-72-73f,highest-temperature-in-seattle-on-july-25-2026,seattle,2026-07-25,2026-07-24T01:04:11Z,1.0,1.0,2026-07-26T08:22:43Z
highest-temperature-in-seattle-on-july-25-2026-74-75f,highest-temperature-in-seattle-on-july-25-2026,seattle,2026-07-25,2026-07-24T01:04:11Z,1.0,0.001,2026-07-26T08:17:52Z
highest-temperature-in-seattle-on-july-25-2026-76-77f,highest-temperature-in-seattle-on-july-25-2026,seattle,2026-07-25,2026-07-24T01:04:11Z,1.0,0.001,2026-07-26T08:17:52Z
highest-temperature-in-seattle-on-july-25-2026-78-79f,highest-temperature-in-seattle-on-july-25-2026,seattle,2026-07-25,2026-07-24T01:04:11Z,1.0,0.001,2026-07-26T08:17:52Z
highest-temperature-in-seattle-on-july-25-2026-80-81f,highest-temperature-in-seattle-on-july-25-2026,seattle,2026-07-25,2026-07-24T01:04:11Z,1.0,0.001,2026-07-26T08:17:52Z
highest-temperature-in-seattle-on-july-25-2026-82forhigher,highest-temperature-in-seattle-on-july-25-2026,seattle,2026-07-25,2026-07-24T01:04:11Z,1.0,0.001,2026-07-26T08:17:52Z
highest-temperature-in-nyc-on-july-25-2026-77forbelow,highest-temperature-in-nyc-on-july-25-2026,nyc,2026-07-25,2026-07-24T01:04:11Z,1.0,0.001,2026-07-26T05:21:18Z
highest-temperature-in-nyc-on-july-25-2026-78-79f,highest-temperature-in-nyc-on-july-25-2026,nyc,2026-07-25,2026-07-24T01:04:11Z,1.0,1.0,2026-07-26T05:26:25Z
highest-temperature-in-nyc-on-july-25-2026-80-81f,highest-temperature-in-nyc-on-july-25-2026,nyc,2026-07-25,2026-07-24T01:04:11Z,1.0,0.001,2026-07-26T05:21:18Z
highest-temperature-in-nyc-on-july-25-2026-82-83f,highest-temperature-in-nyc-on-july-25-2026,nyc,2026-07-25,2026-07-24T01:04:11Z,1.0,0.001,2026-07-26T05:21:18Z
highest-temperature-in-nyc-on-july-25-2026-84-85f,highest-temperature-in-nyc-on-july-25-2026,nyc,2026-07-25,2026-07-24T01:04:11Z,1.0,0.001,2026-07-26T05:21:18Z
highest-temperature-in-nyc-on-july-25-2026-86-87f,highest-temperature-in-nyc-on-july-25-2026,nyc,2026-07-25,2026-07-24T01:04:11Z,1.0,0.001,2026-07-26T05:21:18Z
highest-temperature-in-nyc-on-july-25-2026-88-89f,highest-temperature-in-nyc-on-july-25-2026,nyc,2026-07-25,2026-07-24T01:04:11Z,1.0,0.001,2026-07-26T05:21:18Z
highest-temperature-in-nyc-on-july-25-2026-90-91f,highest-temperature-in-nyc-on-july-25-2026,nyc,2026-07-25,2026-07-24T01:04:11Z,1.0,0.001,2026-07-26T05:21:18Z
highest-temperature-in-nyc-on-july-25-2026-92-93f,highest-temperature-in-nyc-on-july-25-2026,nyc,2026-07-25,2026-07-24T01:04:11Z,1.0,0.001,2026-07-26T05:21:18Z
highest-temperature-in-nyc-on-july-25-2026-94-95f,highest-temperature-in-nyc-on-july-25-2026,nyc,2026-07-25,2026-07-24T01:04:11Z,1.0,0.001,2026-07-26T05:21:18Z
highest-temperature-in-nyc-on-july-25-2026-96forhigher,highest-temperature-in-nyc-on-july-25-2026,nyc,2026-07-25,2026-07-24T01:04:11Z,1.0,0.001,2026-07-26T05:21:18Z
highest-temperature-in-dallas-on-july-25-2026-95forbelow,highest-temperature-in-dallas-on-july-25-2026,dallas,2026-07-25,2026-07-24T01:04:11Z,1.0,0.001,2026-07-26T06:16:45Z
highest-temperature-in-dallas-on-july-25-2026-96-97f,highest-temperature-in-dallas-on-july-25-2026,dallas,2026-07-25,2026-07-24T01:04:11Z,1.0,0.001,2026-07-26T06:16:45Z
highest-temperature-in-dallas-on-july-25-2026-98-99f,highest-temperature-in-dallas-on-july-25-2026,dallas,2026-07-25,2026-07-24T01:04:11Z,1.0,1.0,2026-07-26T06:44:29Z
highest-temperature-in-dallas-on-july-25-2026-100-101f,highest-temperature-in-dallas-on-july-25-2026,dallas,2026-07-25,2026-07-24T01:04:11Z,1.0,0.001,2026-07-26T06:16:45Z
highest-temperature-in-dallas-on-july-25-2026-102-103f,highest-temperature-in-dallas-on-july-25-2026,dallas,2026-07-25,2026-07-24T01:04:11Z,1.0,0.001,2026-07-26T06:16:45Z
highest-temperature-in-dallas-on-july-25-2026-104-105f,highest-temperature-in-dallas-on-july-25-2026,dallas,2026-07-25,2026-07-24T01:04:11Z,1.0,0.001,2026-07-26T06:16:45Z
highest-temperature-in-dallas-on-july-25-2026-106-107f,highest-temperature-in-dallas-on-july-25-2026,dallas,2026-07-25,2026-07-24T01:04:11Z,1.0,0.001,2026-07-26T06:16:45Z
highest-temperature-in-dallas-on-july-25-2026-108-109f,highest-temperature-in-dallas-on-july-25-2026,dallas,2026-07-25,2026-07-24T01:04:11Z,1.0,0.001,2026-07-26T06:16:45Z
highest-temperature-in-dallas-on-july-25-2026-110-111f,highest-temperature-in-dallas-on-july-25-2026,dallas,2026-07-25,2026-07-24T01:04:11Z,1.0,0.001,2026-07-26T06:16:45Z
highest-temperature-in-dallas-on-july-25-2026-112-113f,highest-temperature-in-dallas-on-july-25-2026,dallas,2026-07-25,2026-07-24T01:04:11Z,1.0,0.001,2026-07-26T06:16:45Z
highest-temperature-in-dallas-on-july-25-2026-114forhigher,highest-temperature-in-dallas-on-july-25-2026,dallas,2026-07-25,2026-07-24T01:04:11Z,1.0,0.001,2026-07-26T06:16:45Z
highest-temperature-in-atlanta-on-july-25-2026-73forbelow,highest-temperature-in-atlanta-on-july-25-2026,atlanta,2026-07-25,2026-07-24T01:04:11Z,1.0,0.001,2026-07-26T05:21:18Z
highest-temperature-in-atlanta-on-july-25-2026-74-75f,highest-temperature-in-atlanta-on-july-25-2026,atlanta,2026-07-25,2026-07-24T01:04:11Z,1.0,0.001,2026-07-26T05:21:18Z
highest-temperature-in-atlanta-on-july-25-2026-76-77f,highest-temperature-in-atlanta-on-july-25-2026,atlanta,2026-07-25,2026-07-24T01:04:11Z,1.0,0.001,2026-07-26T05:21:18Z
highest-temperature-in-atlanta-on-july-25-2026-78-79f,highest-temperature-in-atlanta-on-july-25-2026,atlanta,2026-07-25,2026-07-24T01:04:11Z,1.0,0.001,2026-07-26T05:21:18Z
highest-temperature-in-atlanta-on-july-25-2026-80-81f,highest-temperature-in-atlanta-on-july-25-2026,atlanta,2026-07-25,2026-07-24T01:04:11Z,1.0,0.001,2026-07-26T05:21:18Z
highest-temperature-in-atlanta-on-july-25-2026-82-83f,highest-temperature-in-atlanta-on-july-25-2026,atlanta,2026-07-25,2026-07-24T01:04:11Z,1.0,0.001,2026-07-26T05:21:18Z
highest-temperature-in-atlanta-on-july-25-2026-84-85f,highest-temperature-in-atlanta-on-july-25-2026,atlanta,2026-07-25,2026-07-24T01:04:11Z,1.0,0.001,2026-07-26T05:21:18Z
highest-temperature-in-atlanta-on-july-25-2026-86-87f,highest-temperature-in-atlanta-on-july-25-2026,atlanta,2026-07-25,2026-07-24T01:04:11Z,1.0,0.001,2026-07-26T05:21:18Z
highest-temperature-in-atlanta-on-july-25-2026-88-89f,highest-temperature-in-atlanta-on-july-25-2026,atlanta,2026-07-25,2026-07-24T01:04:11Z,1.0,1.0,2026-07-26T05:26:25Z
highest-temperature-in-atlanta-on-july-25-2026-90-91f,highest-temperature-in-atlanta-on-july-25-2026,atlanta,2026-07-25,2026-07-24T01:04:11Z,1.0,0.001,2026-07-26T05:21:18Z
highest-temperature-in-atlanta-on-july-25-2026-92forhigher,highest-temperature-in-atlanta-on-july-25-2026,atlanta,2026-07-25,2026-07-24T01:04:11Z,1.0,0.001,2026-07-26T05:21:18Z
highest-temperature-in-miami-on-july-25-2026-79forbelow,highest-temperature-in-miami-on-july-25-2026,miami,2026-07-25,2026-07-24T01:04:11Z,1.0,0.001,2026-07-26T05:21:18Z
highest-temperature-in-miami-on-july-25-2026-80-81f,highest-temperature-in-miami-on-july-25-2026,miami,2026-07-25,2026-07-24T01:04:11Z,1.0,0.001,2026-07-26T05:21:18Z
highest-temperature-in-miami-on-july-25-2026-82-83f,highest-temperature-in-miami-on-july-25-2026,miami,2026-07-25,2026-07-24T01:04:11Z,1.0,0.001,2026-07-26T05:26:25Z
highest-temperature-in-miami-on-july-25-2026-84-85f,highest-temperature-in-miami-on-july-25-2026,miami,2026-07-25,2026-07-24T01:04:11Z,1.0,0.001,2026-07-26T05:26:25Z
highest-temperature-in-miami-on-july-25-2026-86-87f,highest-temperature-in-miami-on-july-25-2026,miami,2026-07-25,2026-07-24T01:04:11Z,1.0,0.001,2026-07-26T05:26:25Z
highest-temperature-in-miami-on-july-25-2026-88-89f,highest-temperature-in-miami-on-july-25-2026,miami,2026-07-25,2026-07-24T01:04:11Z,1.0,0.001,2026-07-26T05:21:18Z
highest-temperature-in-miami-on-july-25-2026-90-91f,highest-temperature-in-miami-on-july-25-2026,miami,2026-07-25,2026-07-24T01:04:11Z,1.0,0.001,2026-07-26T05:21:18Z
highest-temperature-in-miami-on-july-25-2026-92-93f,highest-temperature-in-miami-on-july-25-2026,miami,2026-07-25,2026-07-24T01:04:11Z,1.0,1.0,2026-07-26T05:36:30Z
highest-temperature-in-miami-on-july-25-2026-94-95f,highest-temperature-in-miami-on-july-25-2026,miami,2026-07-25,2026-07-24T01:04:11Z,1.0,0.001,2026-07-26T05:21:18Z
highest-temperature-in-miami-on-july-25-2026-96-97f,highest-temperature-in-miami-on-july-25-2026,miami,2026-07-25,2026-07-24T01:04:11Z,1.0,0.001,2026-07-26T05:21:18Z
highest-temperature-in-miami-on-july-25-2026-98forhigher,highest-temperature-in-miami-on-july-25-2026,miami,2026-07-25,2026-07-24T01:04:11Z,1.0,0.001,2026-07-26T05:21:18Z
highest-temperature-in-chicago-on-july-25-2026-79forbelow,highest-temperature-in-chicago-on-july-25-2026,chicago,2026-07-25,2026-07-24T01:04:11Z,1.0,0.001,2026-07-26T05:46:34Z
highest-temperature-in-chicago-on-july-25-2026-80-81f,highest-temperature-in-chicago-on-july-25-2026,chicago,2026-07-25,2026-07-24T01:04:11Z,1.0,1.0,2026-07-26T06:16:45Z
highest-temperature-in-chicago-on-july-25-2026-82-83f,highest-temperature-in-chicago-on-july-25-2026,chicago,2026-07-25,2026-07-24T01:04:11Z,1.0,0.001,2026-07-26T05:46:34Z
highest-temperature-in-chicago-on-july-25-2026-84-85f,highest-temperature-in-chicago-on-july-25-2026,chicago,2026-07-25,2026-07-24T01:04:11Z,1.0,0.001,2026-07-26T05:46:34Z
highest-temperature-in-chicago-on-july-25-2026-86-87f,highest-temperature-in-chicago-on-july-25-2026,chicago,2026-07-25,2026-07-24T01:04:11Z,1.0,0.001,2026-07-26T05:46:34Z
highest-temperature-in-chicago-on-july-25-2026-88-89f,highest-temperature-in-chicago-on-july-25-2026,chicago,2026-07-25,2026-07-24T01:04:11Z,1.0,0.001,2026-07-26T05:46:34Z
highest-temperature-in-chicago-on-july-25-2026-90-91f,highest-temperature-in-chicago-on-july-25-2026,chicago,2026-07-25,2026-07-24T01:04:11Z,1.0,0.001,2026-07-26T05:46:34Z
highest-temperature-in-chicago-on-july-25-2026-92-93f,highest-temperature-in-chicago-on-july-25-2026,chicago,2026-07-25,2026-07-24T01:04:11Z,1.0,0.001,2026-07-26T05:46:34Z
highest-temperature-in-chicago-on-july-25-2026-94-95f,highest-temperature-in-chicago-on-july-25-2026,chicago,2026-07-25,2026-07-24T01:04:11Z,1.0,0.001,2026-07-26T05:46:34Z
highest-temperature-in-chicago-on-july-25-2026-96-97f,highest-temperature-in-chicago-on-july-25-2026,chicago,2026-07-25,2026-07-24T01:04:11Z,1.0,0.001,2026-07-26T05:46:34Z
highest-temperature-in-chicago-on-july-25-2026-98forhigher,highest-temperature-in-chicago-on-july-25-2026,chicago,2026-07-25,2026-07-24T01:04:11Z,1.0,0.001,2026-07-26T05:46:34Z
highest-temperature-in-austin-on-july-25-2026-87forbelow,highest-temperature-in-austin-on-july-25-2026,austin,2026-07-25,2026-07-24T01:04:11Z,1.0,0.001,2026-07-26T06:16:45Z
highest-temperature-in-austin-on-july-25-2026-88-89f,highest-temperature-in-austin-on-july-25-2026,austin,2026-07-25,2026-07-24T01:04:11Z,1.0,0.001,2026-07-26T06:16:45Z
highest-temperature-in-austin-on-july-25-2026-90-91f,highest-temperature-in-austin-on-july-25-2026,austin,2026-07-25,2026-07-24T01:04:11Z,1.0,0.001,2026-07-26T06:16:45Z
highest-temperature-in-austin-on-july-25-2026-92-93f,highest-temperature-in-austin-on-july-25-2026,austin,2026-07-25,2026-07-24T01:04:11Z,1.0,0.001,2026-07-26T06:16:45Z
highest-temperature-in-austin-on-july-25-2026-94-95f,highest-temperature-in-austin-on-july-25-2026,austin,2026-07-25,2026-07-24T01:04:11Z,1.0,0.001,2026-07-26T06:16:45Z
highest-temperature-in-austin-on-july-25-2026-96-97f,highest-temperature-in-austin-on-july-25-2026,austin,2026-07-25,2026-07-24T01:04:11Z,1.0,1.0,2026-07-26T06:21:46Z
highest-temperature-in-austin-on-july-25-2026-98-99f,highest-temperature-in-austin-on-july-25-2026,austin,2026-07-25,2026-07-24T01:04:11Z,1.0,0.001,2026-07-26T06:16:45Z
highest-temperature-in-austin-on-july-25-2026-100-101f,highest-temperature-in-austin-on-july-25-2026,austin,2026-07-25,2026-07-24T01:04:11Z,1.0,0.001,2026-07-26T06:16:45Z
highest-temperature-in-austin-on-july-25-2026-102-103f,highest-temperature-in-austin-on-july-25-2026,austin,2026-07-25,2026-07-24T01:04:11Z,1.0,0.001,2026-07-26T06:16:45Z
highest-temperature-in-austin-on-july-25-2026-104-105f,highest-temperature-in-austin-on-july-25-2026,austin,2026-07-25,2026-07-24T01:04:11Z,1.0,0.001,2026-07-26T06:16:45Z
highest-temperature-in-austin-on-july-25-2026-106forhigher,highest-temperature-in-austin-on-july-25-2026,austin,2026-07-25,2026-07-24T01:04:11Z,1.0,0.001,2026-07-26T06:16:45Z
highest-temperature-in-denver-on-july-25-2026-89forbelow,highest-temperature-in-denver-on-july-25-2026,denver,2026-07-25,2026-07-24T01:04:11Z,1.0,0.001,2026-07-26T07:42:23Z
highest-temperature-in-denver-on-july-25-2026-90-91f,highest-temperature-in-denver-on-july-25-2026,denver,2026-07-25,2026-07-24T01:04:11Z,1.0,0.001,2026-07-26T07:42:23Z
highest-temperature-in-denver-on-july-25-2026-92-93f,highest-temperature-in-denver-on-july-25-2026,denver,2026-07-25,2026-07-24T01:04:11Z,1.0,0.001,2026-07-26T07:42:23Z
highest-temperature-in-denver-on-july-25-2026-94-95f,highest-temperature-in-denver-on-july-25-2026,denver,2026-07-25,2026-07-24T01:04:11Z,1.0,0.001,2026-07-26T07:42:23Z
highest-temperature-in-denver-on-july-25-2026-96-97f,highest-temperature-in-denver-on-july-25-2026,denver,2026-07-25,2026-07-24T01:04:11Z,1.0,0.001,2026-07-26T07:42:23Z
highest-temperature-in-denver-on-july-25-2026-98-99f,highest-temperature-in-denver-on-july-25-2026,denver,2026-07-25,2026-07-24T01:04:11Z,1.0,0.001,2026-07-26T07:42:23Z
highest-temperature-in-denver-on-july-25-2026-100-101f,highest-temperature-in-denver-on-july-25-2026,denver,2026-07-25,2026-07-24T01:04:11Z,1.0,1.0,2026-07-26T07:47:15Z
highest-temperature-in-denver-on-july-25-2026-102-103f,highest-temperature-in-denver-on-july-25-2026,denver,2026-07-25,2026-07-24T01:04:11Z,1.0,0.001,2026-07-26T07:42:23Z
highest-temperature-in-denver-on-july-25-2026-104-105f,highest-temperature-in-denver-on-july-25-2026,denver,2026-07-25,2026-07-24T01:04:11Z,1.0,0.001,2026-07-26T07:42:23Z
highest-temperature-in-denver-on-july-25-2026-106-107f,highest-temperature-in-denver-on-july-25-2026,denver,2026-07-25,2026-07-24T01:04:11Z,1.0,0.001,2026-07-26T07:42:23Z
highest-temperature-in-denver-on-july-25-2026-108forhigher,highest-temperature-in-denver-on-july-25-2026,denver,2026-07-25,2026-07-24T01:04:11Z,1.0,0.001,2026-07-26T07:42:23Z
highest-temperature-in-houston-on-july-25-2026-83forbelow,highest-temperature-in-houston-on-july-25-2026,houston,2026-07-25,2026-07-24T01:04:11Z,1.0,0.001,2026-07-26T06:16:45Z
highest-temperature-in-houston-on-july-25-2026-84-85f,highest-temperature-in-houston-on-july-25-2026,houston,2026-07-25,2026-07-24T01:04:11Z,1.0,0.001,2026-07-26T06:16:45Z
highest-temperature-in-houston-on-july-25-2026-86-87f,highest-temperature-in-houston-on-july-25-2026,houston,2026-07-25,2026-07-24T01:04:11Z,1.0,0.001,2026-07-26T06:16:45Z
highest-temperature-in-houston-on-july-25-2026-88-89f,highest-temperature-in-houston-on-july-25-2026,houston,2026-07-25,2026-07-24T01:04:11Z,1.0,0.001,2026-07-26T06:16:45Z
highest-temperature-in-houston-on-july-25-2026-90-91f,highest-temperature-in-houston-on-july-25-2026,houston,2026-07-25,2026-07-24T01:04:11Z,1.0,0.001,2026-07-26T06:16:45Z
highest-temperature-in-houston-on-july-25-2026-92-93f,highest-temperature-in-houston-on-july-25-2026,houston,2026-07-25,2026-07-24T01:04:11Z,1.0,1.0,2026-07-26T06:41:47Z
highest-temperature-in-houston-on-july-25-2026-94-95f,highest-temperature-in-houston-on-july-25-2026,houston,2026-07-25,2026-07-24T01:04:11Z,1.0,0.001,2026-07-26T06:16:45Z
highest-temperature-in-houston-on-july-25-2026-96-97f,highest-temperature-in-houston-on-july-25-2026,houston,2026-07-25,2026-07-24T01:04:11Z,1.0,0.001,2026-07-26T06:16:45Z
highest-temperature-in-houston-on-july-25-2026-98-99f,highest-temperature-in-houston-on-july-25-2026,houston,2026-07-25,2026-07-24T01:04:11Z,1.0,0.001,2026-07-26T06:16:45Z
highest-temperature-in-houston-on-july-25-2026-100-101f,highest-temperature-in-houston-on-july-25-2026,houston,2026-07-25,2026-07-24T01:04:11Z,1.0,0.001,2026-07-26T06:16:45Z
highest-temperature-in-houston-on-july-25-2026-102forhigher,highest-temperature-in-houston-on-july-25-2026,houston,2026-07-25,2026-07-24T01:04:11Z,1.0,0.001,2026-07-26T06:16:45Z
highest-temperature-in-san-francisco-on-july-25-2026-59forbelow,highest-temperature-in-san-francisco-on-july-25-2026,san-francisco,2026-07-25,2026-07-24T01:04:11Z,1.0,0.001,2026-07-26T08:22:43Z
highest-temperature-in-san-francisco-on-july-25-2026-60-61f,highest-temperature-in-san-francisco-on-july-25-2026,san-francisco,2026-07-25,2026-07-24T01:04:11Z,1.0,0.001,2026-07-26T08:22:43Z
highest-temperature-in-san-francisco-on-july-25-2026-62-63f,highest-temperature-in-san-francisco-on-july-25-2026,san-francisco,2026-07-25,2026-07-24T01:04:11Z,1.0,0.001,2026-07-26T08:22:43Z
highest-temperature-in-san-francisco-on-july-25-2026-64-65f,highest-temperature-in-san-francisco-on-july-25-2026,san-francisco,2026-07-25,2026-07-24T01:04:11Z,1.0,0.001,2026-07-26T08:22:43Z
highest-temperature-in-san-francisco-on-july-25-2026-66-67f,highest-temperature-in-san-francisco-on-july-25-2026,san-francisco,2026-07-25,2026-07-24T01:04:11Z,1.0,0.001,2026-07-26T08:22:43Z
highest-temperature-in-san-francisco-on-july-25-2026-68-69f,highest-temperature-in-san-francisco-on-july-25-2026,san-francisco,2026-07-25,2026-07-24T01:04:11Z,1.0,0.001,2026-07-26T08:22:43Z
highest-temperature-in-san-francisco-on-july-25-2026-70-71f,highest-temperature-in-san-francisco-on-july-25-2026,san-francisco,2026-07-25,2026-07-24T01:04:11Z,1.0,1.0,2026-07-26T08:24:51Z
highest-temperature-in-san-francisco-on-july-25-2026-72-73f,highest-temperature-in-san-francisco-on-july-25-2026,san-francisco,2026-07-25,2026-07-24T01:04:11Z,1.0,0.001,2026-07-26T08:22:43Z
highest-temperature-in-san-francisco-on-july-25-2026-74-75f,highest-temperature-in-san-francisco-on-july-25-2026,san-francisco,2026-07-25,2026-07-24T01:04:11Z,1.0,0.001,2026-07-26T08:22:43Z
highest-temperature-in-san-francisco-on-july-25-2026-76-77f,highest-temperature-in-san-francisco-on-july-25-2026,san-francisco,2026-07-25,2026-07-24T01:04:11Z,1.0,0.001,2026-07-26T08:22:43Z
highest-temperature-in-san-francisco-on-july-25-2026-78forhigher,highest-temperature-in-san-francisco-on-july-25-2026,san-francisco,2026-07-25,2026-07-24T01:04:11Z,1.0,0.001,2026-07-26T08:22:43Z
highest-temperature-in-mexico-city-on-july-25-2026-23corbelow,highest-temperature-in-mexico-city-on-july-25-2026,mexico-city,2026-07-25,2026-07-24T01:04:11Z,1.0,0.001,2026-07-26T07:22:18Z
highest-temperature-in-mexico-city-on-july-25-2026-24c,highest-temperature-in-mexico-city-on-july-25-2026,mexico-city,2026-07-25,2026-07-24T01:04:11Z,1.0,0.001,2026-07-26T07:22:18Z
highest-temperature-in-mexico-city-on-july-25-2026-25c,highest-temperature-in-mexico-city-on-july-25-2026,mexico-city,2026-07-25,2026-07-24T01:04:11Z,1.0,0.001,2026-07-26T07:22:18Z
highest-temperature-in-mexico-city-on-july-25-2026-26c,highest-temperature-in-mexico-city-on-july-25-2026,mexico-city,2026-07-25,2026-07-24T01:04:11Z,1.0,0.001,2026-07-26T07:22:18Z
highest-temperature-in-mexico-city-on-july-25-2026-27c,highest-temperature-in-mexico-city-on-july-25-2026,mexico-city,2026-07-25,2026-07-24T01:04:11Z,1.0,1.0,2026-07-26T07:42:23Z
highest-temperature-in-mexico-city-on-july-25-2026-28c,highest-temperature-in-mexico-city-on-july-25-2026,mexico-city,2026-07-25,2026-07-24T01:04:11Z,1.0,0.001,2026-07-26T07:22:18Z
highest-temperature-in-mexico-city-on-july-25-2026-29c,highest-temperature-in-mexico-city-on-july-25-2026,mexico-city,2026-07-25,2026-07-24T01:04:11Z,1.0,0.001,2026-07-26T07:22:18Z
highest-temperature-in-mexico-city-on-july-25-2026-30c,highest-temperature-in-mexico-city-on-july-25-2026,mexico-city,2026-07-25,2026-07-24T01:04:11Z,1.0,0.001,2026-07-26T07:22:18Z
highest-temperature-in-mexico-city-on-july-25-2026-31c,highest-temperature-in-mexico-city-on-july-25-2026,mexico-city,2026-07-25,2026-07-24T01:04:11Z,1.0,0.001,2026-07-26T07:22:18Z
highest-temperature-in-mexico-city-on-july-25-2026-32c,highest-temperature-in-mexico-city-on-july-25-2026,mexico-city,2026-07-25,2026-07-24T01:04:11Z,1.0,0.001,2026-07-26T07:22:18Z
highest-temperature-in-mexico-city-on-july-25-2026-33corhigher,highest-temperature-in-mexico-city-on-july-25-2026,mexico-city,2026-07-25,2026-07-24T01:04:11Z,1.0,0.001,2026-07-26T07:22:18Z
highest-temperature-in-panama-city-on-july-25-2026-27corbelow,highest-temperature-in-panama-city-on-july-25-2026,panama-city,2026-07-25,2026-07-24T01:04:11Z,1.0,0.001,2026-07-26T05:26:25Z
highest-temperature-in-panama-city-on-july-25-2026-28c,highest-temperature-in-panama-city-on-july-25-2026,panama-city,2026-07-25,2026-07-24T01:04:11Z,1.0,0.001,2026-07-26T05:26:25Z
highest-temperature-in-panama-city-on-july-25-2026-29c,highest-temperature-in-panama-city-on-july-25-2026,panama-city,2026-07-25,2026-07-24T01:04:11Z,1.0,0.001,2026-07-26T05:26:25Z
highest-temperature-in-panama-city-on-july-25-2026-30c,highest-temperature-in-panama-city-on-july-25-2026,panama-city,2026-07-25,2026-07-24T01:04:11Z,1.0,0.001,2026-07-26T05:26:25Z
highest-temperature-in-panama-city-on-july-25-2026-31c,highest-temperature-in-panama-city-on-july-25-2026,panama-city,2026-07-25,2026-07-24T01:04:11Z,1.0,0.001,2026-07-26T05:26:25Z
highest-temperature-in-panama-city-on-july-25-2026-32c,highest-temperature-in-panama-city-on-july-25-2026,panama-city,2026-07-25,2026-07-24T01:04:11Z,1.0,0.001,2026-07-26T05:26:25Z
highest-temperature-in-panama-city-on-july-25-2026-33c,highest-temperature-in-panama-city-on-july-25-2026,panama-city,2026-07-25,2026-07-24T01:04:11Z,1.0,1.0,2026-07-26T05:31:27Z
highest-temperature-in-panama-city-on-july-25-2026-34c,highest-temperature-in-panama-city-on-july-25-2026,panama-city,2026-07-25,2026-07-24T01:04:11Z,1.0,0.001,2026-07-26T05:26:25Z
highest-temperature-in-panama-city-on-july-25-2026-35c,highest-temperature-in-panama-city-on-july-25-2026,panama-city,2026-07-25,2026-07-24T01:04:11Z,1.0,0.001,2026-07-26T05:26:25Z
highest-temperature-in-panama-city-on-july-25-2026-36c,highest-temperature-in-panama-city-on-july-25-2026,panama-city,2026-07-25,2026-07-24T01:04:11Z,1.0,0.001,2026-07-26T05:26:25Z
highest-temperature-in-panama-city-on-july-25-2026-37corhigher,highest-temperature-in-panama-city-on-july-25-2026,panama-city,2026-07-25,2026-07-24T01:04:11Z,1.0,0.001,2026-07-26T05:26:25Z
highest-temperature-in-london-on-july-26-2026-22corbelow,highest-temperature-in-london-on-july-26-2026,london,2026-07-26,2026-07-24T04:05:22Z,1.0,0.001,2026-07-26T23:44:32Z
highest-temperature-in-london-on-july-26-2026-23c,highest-temperature-in-london-on-july-26-2026,london,2026-07-26,2026-07-24T04:05:22Z,1.0,0.001,2026-07-26T23:44:32Z
highest-temperature-in-london-on-july-26-2026-24c,highest-temperature-in-london-on-july-26-2026,london,2026-07-26,2026-07-24T04:05:22Z,1.0,0.001,2026-07-26T23:44:32Z
highest-temperature-in-london-on-july-26-2026-25c,highest-temperature-in-london-on-july-26-2026,london,2026-07-26,2026-07-24T04:05:22Z,1.0,0.001,2026-07-26T23:44:32Z
highest-temperature-in-london-on-july-26-2026-26c,highest-temperature-in-london-on-july-26-2026,london,2026-07-26,2026-07-24T04:05:22Z,1.0,0.001,2026-07-26T23:44:32Z
highest-temperature-in-london-on-july-26-2026-27c,highest-temperature-in-london-on-july-26-2026,london,2026-07-26,2026-07-24T04:05:22Z,1.0,1.0,2026-07-27T00:11:06Z
highest-temperature-in-london-on-july-26-2026-28c,highest-temperature-in-london-on-july-26-2026,london,2026-07-26,2026-07-24T04:05:22Z,1.0,0.001,2026-07-26T23:44:32Z
highest-temperature-in-london-on-july-26-2026-29c,highest-temperature-in-london-on-july-26-2026,london,2026-07-26,2026-07-24T04:05:22Z,1.0,0.001,2026-07-26T23:44:32Z
highest-temperature-in-london-on-july-26-2026-30c,highest-temperature-in-london-on-july-26-2026,london,2026-07-26,2026-07-24T04:05:22Z,1.0,0.001,2026-07-26T23:44:32Z
highest-temperature-in-london-on-july-26-2026-31c,highest-temperature-in-london-on-july-26-2026,london,2026-07-26,2026-07-24T04:05:22Z,1.0,0.001,2026-07-26T23:44:32Z
highest-temperature-in-london-on-july-26-2026-32corhigher,highest-temperature-in-london-on-july-26-2026,london,2026-07-26,2026-07-24T04:05:22Z,1.0,0.001,2026-07-26T23:44:32Z
highest-temperature-in-paris-on-july-26-2026-19corbelow,highest-temperature-in-paris-on-july-26-2026,paris,2026-07-26,2026-07-24T04:05:22Z,0.07,0.001,2026-07-26T22:54:08Z
highest-temperature-in-paris-on-july-26-2026-20c,highest-temperature-in-paris-on-july-26-2026,paris,2026-07-26,2026-07-24T04:05:22Z,0.07,0.001,2026-07-26T22:54:08Z
highest-temperature-in-paris-on-july-26-2026-21c,highest-temperature-in-paris-on-july-26-2026,paris,2026-07-26,2026-07-24T04:05:22Z,0.07,0.001,2026-07-26T22:54:08Z
highest-temperature-in-paris-on-july-26-2026-22c,highest-temperature-in-paris-on-july-26-2026,paris,2026-07-26,2026-07-24T04:05:22Z,0.37,0.001,2026-07-26T22:54:08Z
highest-temperature-in-paris-on-july-26-2026-23c,highest-temperature-in-paris-on-july-26-2026,paris,2026-07-26,2026-07-24T04:05:22Z,0.37,0.001,2026-07-26T22:54:08Z
highest-temperature-in-paris-on-july-26-2026-24c,highest-temperature-in-paris-on-july-26-2026,paris,2026-07-26,2026-07-24T04:05:22Z,0.63,0.001,2026-07-26T22:54:08Z
highest-temperature-in-paris-on-july-26-2026-25c,highest-temperature-in-paris-on-july-26-2026,paris,2026-07-26,2026-07-24T04:05:22Z,0.85,0.001,2026-07-26T22:54:08Z
highest-temperature-in-paris-on-july-26-2026-26c,highest-temperature-in-paris-on-july-26-2026,paris,2026-07-26,2026-07-24T04:05:22Z,1.0,1.0,2026-07-26T22:58:53Z
highest-temperature-in-paris-on-july-26-2026-27c,highest-temperature-in-paris-on-july-26-2026,paris,2026-07-26,2026-07-24T04:05:22Z,0.1,0.001,2026-07-26T22:54:08Z
highest-temperature-in-paris-on-july-26-2026-28c,highest-temperature-in-paris-on-july-26-2026,paris,2026-07-26,2026-07-24T04:05:22Z,0.07,0.001,2026-07-26T22:54:08Z
highest-temperature-in-paris-on-july-26-2026-29corhigher,highest-temperature-in-paris-on-july-26-2026,paris,2026-07-26,2026-07-24T04:05:22Z,0.07,0.001,2026-07-26T22:54:08Z
highest-temperature-in-seoul-on-july-26-2026-23corbelow,highest-temperature-in-seoul-on-july-26-2026,seoul,2026-07-26,2026-07-24T04:05:22Z,0.37,0.001,2026-07-26T15:21:03Z
highest-temperature-in-seoul-on-july-26-2026-24c,highest-temperature-in-seoul-on-july-26-2026,seoul,2026-07-26,2026-07-24T04:05:22Z,0.37,0.001,2026-07-26T15:21:03Z
highest-temperature-in-seoul-on-july-26-2026-25c,highest-temperature-in-seoul-on-july-26-2026,seoul,2026-07-26,2026-07-24T04:05:22Z,0.37,0.001,2026-07-26T15:21:03Z
highest-temperature-in-seoul-on-july-26-2026-26c,highest-temperature-in-seoul-on-july-26-2026,seoul,2026-07-26,2026-07-24T04:05:22Z,0.37,0.001,2026-07-26T15:21:03Z
highest-temperature-in-seoul-on-july-26-2026-27c,highest-temperature-in-seoul-on-july-26-2026,seoul,2026-07-26,2026-07-24T04:05:22Z,0.37,0.001,2026-07-26T15:21:03Z
highest-temperature-in-seoul-on-july-26-2026-28c,highest-temperature-in-seoul-on-july-26-2026,seoul,2026-07-26,2026-07-24T04:05:22Z,0.37,0.001,2026-07-26T15:21:03Z
highest-temperature-in-seoul-on-july-26-2026-29c,highest-temperature-in-seoul-on-july-26-2026,seoul,2026-07-26,2026-07-24T04:05:22Z,0.37,0.001,2026-07-26T15:21:03Z
highest-temperature-in-seoul-on-july-26-2026-30c,highest-temperature-in-seoul-on-july-26-2026,seoul,2026-07-26,2026-07-24T04:05:22Z,0.48,0.001,2026-07-26T15:21:03Z
highest-temperature-in-seoul-on-july-26-2026-31c,highest-temperature-in-seoul-on-july-26-2026,seoul,2026-07-26,2026-07-24T04:05:22Z,1.0,1.0,2026-07-26T15:26:19Z
highest-temperature-in-seoul-on-july-26-2026-32c,highest-temperature-in-seoul-on-july-26-2026,seoul,2026-07-26,2026-07-24T04:05:22Z,0.54,0.001,2026-07-26T15:21:03Z
highest-temperature-in-seoul-on-july-26-2026-33corhigher,highest-temperature-in-seoul-on-july-26-2026,seoul,2026-07-26,2026-07-24T04:05:22Z,0.37,0.001,2026-07-26T15:21:03Z
highest-temperature-in-ankara-on-july-26-2026-17corbelow,highest-temperature-in-ankara-on-july-26-2026,ankara,2026-07-26,2026-07-24T04:05:22Z,0.02,0.001,2026-07-26T22:44:02Z
highest-temperature-in-ankara-on-july-26-2026-18c,highest-temperature-in-ankara-on-july-26-2026,ankara,2026-07-26,2026-07-24T04:05:22Z,0.02,0.001,2026-07-26T22:44:02Z
highest-temperature-in-ankara-on-july-26-2026-19c,highest-temperature-in-ankara-on-july-26-2026,ankara,2026-07-26,2026-07-24T04:05:22Z,0.07,0.001,2026-07-26T22:44:02Z
highest-temperature-in-ankara-on-july-26-2026-20c,highest-temperature-in-ankara-on-july-26-2026,ankara,2026-07-26,2026-07-24T04:05:22Z,0.4,0.001,2026-07-26T22:44:02Z
highest-temperature-in-ankara-on-july-26-2026-21c,highest-temperature-in-ankara-on-july-26-2026,ankara,2026-07-26,2026-07-24T04:05:22Z,0.4,0.001,2026-07-26T22:44:02Z
highest-temperature-in-ankara-on-july-26-2026-22c,highest-temperature-in-ankara-on-july-26-2026,ankara,2026-07-26,2026-07-24T04:05:22Z,0.4,0.001,2026-07-26T22:44:02Z
highest-temperature-in-ankara-on-july-26-2026-23c,highest-temperature-in-ankara-on-july-26-2026,ankara,2026-07-26,2026-07-24T04:05:22Z,0.58,0.001,2026-07-26T22:44:02Z
highest-temperature-in-ankara-on-july-26-2026-24c,highest-temperature-in-ankara-on-july-26-2026,ankara,2026-07-26,2026-07-24T04:05:22Z,1.0,1.0,2026-07-26T23:06:02Z
highest-temperature-in-ankara-on-july-26-2026-25c,highest-temperature-in-ankara-on-july-26-2026,ankara,2026-07-26,2026-07-24T04:05:22Z,0.14,0.001,2026-07-26T22:44:02Z
highest-temperature-in-ankara-on-july-26-2026-26c,highest-temperature-in-ankara-on-july-26-2026,ankara,2026-07-26,2026-07-24T04:05:22Z,0.07,0.001,2026-07-26T22:44:02Z
highest-temperature-in-ankara-on-july-26-2026-27corhigher,highest-temperature-in-ankara-on-july-26-2026,ankara,2026-07-26,2026-07-24T04:05:22Z,0.07,0.001,2026-07-26T22:44:02Z
highest-temperature-in-wellington-on-july-26-2026-4corbelow,highest-temperature-in-wellington-on-july-26-2026,wellington,2026-07-26,2026-07-24T04:05:22Z,0.02,0.001,2026-07-26T12:24:51Z
highest-temperature-in-wellington-on-july-26-2026-5c,highest-temperature-in-wellington-on-july-26-2026,wellington,2026-07-26,2026-07-24T04:05:22Z,0.02,0.001,2026-07-26T12:24:51Z
highest-temperature-in-wellington-on-july-26-2026-6c,highest-temperature-in-wellington-on-july-26-2026,wellington,2026-07-26,2026-07-24T04:05:22Z,0.02,0.001,2026-07-26T12:24:51Z
highest-temperature-in-wellington-on-july-26-2026-7c,highest-temperature-in-wellington-on-july-26-2026,wellington,2026-07-26,2026-07-24T04:05:22Z,0.37,0.001,2026-07-26T12:24:51Z
highest-temperature-in-wellington-on-july-26-2026-8c,highest-temperature-in-wellington-on-july-26-2026,wellington,2026-07-26,2026-07-24T04:05:22Z,0.37,0.001,2026-07-26T12:24:51Z
highest-temperature-in-wellington-on-july-26-2026-9c,highest-temperature-in-wellington-on-july-26-2026,wellington,2026-07-26,2026-07-24T04:05:22Z,0.46,0.001,2026-07-26T12:24:51Z
highest-temperature-in-wellington-on-july-26-2026-10c,highest-temperature-in-wellington-on-july-26-2026,wellington,2026-07-26,2026-07-24T04:05:22Z,1.0,1.0,2026-07-26T12:40:02Z
highest-temperature-in-wellington-on-july-26-2026-11c,highest-temperature-in-wellington-on-july-26-2026,wellington,2026-07-26,2026-07-24T04:05:22Z,0.43,0.001,2026-07-26T12:24:51Z
highest-temperature-in-wellington-on-july-26-2026-12c,highest-temperature-in-wellington-on-july-26-2026,wellington,2026-07-26,2026-07-24T04:05:22Z,0.07,0.001,2026-07-26T12:24:51Z
highest-temperature-in-wellington-on-july-26-2026-13c,highest-temperature-in-wellington-on-july-26-2026,wellington,2026-07-26,2026-07-24T04:05:22Z,0.07,0.001,2026-07-26T12:24:51Z
highest-temperature-in-wellington-on-july-26-2026-14corhigher,highest-temperature-in-wellington-on-july-26-2026,wellington,2026-07-26,2026-07-24T04:05:22Z,0.07,0.001,2026-07-26T12:24:51Z
highest-temperature-in-munich-on-july-26-2026-22corbelow,highest-temperature-in-munich-on-july-26-2026,munich,2026-07-26,2026-07-24T04:05:22Z,0.07,0.001,2026-07-26T22:54:08Z
highest-temperature-in-munich-on-july-26-2026-23c,highest-temperature-in-munich-on-july-26-2026,munich,2026-07-26,2026-07-24T04:05:22Z,0.18,0.001,2026-07-26T22:54:08Z
highest-temperature-in-munich-on-july-26-2026-24c,highest-temperature-in-munich-on-july-26-2026,munich,2026-07-26,2026-07-24T04:05:22Z,0.411,0.001,2026-07-26T22:54:08Z
highest-temperature-in-munich-on-july-26-2026-25c,highest-temperature-in-munich-on-july-26-2026,munich,2026-07-26,2026-07-24T04:05:22Z,0.99,0.001,2026-07-26T22:54:08Z
highest-temperature-in-munich-on-july-26-2026-26c,highest-temperature-in-munich-on-july-26-2026,munich,2026-07-26,2026-07-24T04:05:22Z,0.99,0.001,2026-07-26T22:54:08Z
highest-temperature-in-munich-on-july-26-2026-27c,highest-temperature-in-munich-on-july-26-2026,munich,2026-07-26,2026-07-24T04:05:22Z,1.0,1.0,2026-07-26T23:00:21Z
highest-temperature-in-munich-on-july-26-2026-28c,highest-temperature-in-munich-on-july-26-2026,munich,2026-07-26,2026-07-24T04:05:22Z,0.99,0.001,2026-07-26T22:54:08Z
highest-temperature-in-munich-on-july-26-2026-29c,highest-temperature-in-munich-on-july-26-2026,munich,2026-07-26,2026-07-24T04:05:22Z,0.99,0.001,2026-07-26T22:54:08Z
highest-temperature-in-munich-on-july-26-2026-30c,highest-temperature-in-munich-on-july-26-2026,munich,2026-07-26,2026-07-24T04:05:22Z,0.1,0.001,2026-07-26T22:54:08Z
highest-temperature-in-munich-on-july-26-2026-31c,highest-temperature-in-munich-on-july-26-2026,munich,2026-07-26,2026-07-24T04:05:22Z,0.07,0.001,2026-07-26T22:54:08Z
highest-temperature-in-munich-on-july-26-2026-32corhigher,highest-temperature-in-munich-on-july-26-2026,munich,2026-07-26,2026-07-24T04:05:22Z,0.07,0.001,2026-07-26T22:54:08Z
highest-temperature-in-tel-aviv-on-july-26-2026-27corbelow,highest-temperature-in-tel-aviv-on-july-26-2026,tel-aviv,2026-07-26,2026-07-24T04:05:22Z,1.0,0.001,2026-07-26T22:44:02Z
highest-temperature-in-tel-aviv-on-july-26-2026-28c,highest-temperature-in-tel-aviv-on-july-26-2026,tel-aviv,2026-07-26,2026-07-24T04:05:22Z,1.0,0.001,2026-07-26T22:44:02Z
highest-temperature-in-tel-aviv-on-july-26-2026-29c,highest-temperature-in-tel-aviv-on-july-26-2026,tel-aviv,2026-07-26,2026-07-24T04:05:22Z,1.0,0.001,2026-07-26T22:44:02Z
highest-temperature-in-tel-aviv-on-july-26-2026-30c,highest-temperature-in-tel-aviv-on-july-26-2026,tel-aviv,2026-07-26,2026-07-24T04:05:22Z,1.0,0.001,2026-07-26T22:44:02Z
highest-temperature-in-tel-aviv-on-july-26-2026-31c,highest-temperature-in-tel-aviv-on-july-26-2026,tel-aviv,2026-07-26,2026-07-24T04:05:22Z,1.0,1.0,2026-07-26T23:14:18Z
highest-temperature-in-tel-aviv-on-july-26-2026-32c,highest-temperature-in-tel-aviv-on-july-26-2026,tel-aviv,2026-07-26,2026-07-24T04:05:22Z,1.0,0.001,2026-07-26T22:44:02Z
highest-temperature-in-tel-aviv-on-july-26-2026-33c,highest-temperature-in-tel-aviv-on-july-26-2026,tel-aviv,2026-07-26,2026-07-24T04:05:22Z,1.0,0.001,2026-07-26T22:44:02Z
highest-temperature-in-tel-aviv-on-july-26-2026-34c,highest-temperature-in-tel-aviv-on-july-26-2026,tel-aviv,2026-07-26,2026-07-24T04:05:22Z,1.0,0.001,2026-07-26T22:44:02Z
highest-temperature-in-tel-aviv-on-july-26-2026-35c,highest-temperature-in-tel-aviv-on-july-26-2026,tel-aviv,2026-07-26,2026-07-24T04:05:22Z,1.0,0.001,2026-07-26T22:44:02Z
highest-temperature-in-tel-aviv-on-july-26-2026-36c,highest-temperature-in-tel-aviv-on-july-26-2026,tel-aviv,2026-07-26,2026-07-24T04:05:22Z,1.0,0.001,2026-07-26T22:44:02Z
highest-temperature-in-tel-aviv-on-july-26-2026-37corhigher,highest-temperature-in-tel-aviv-on-july-26-2026,tel-aviv,2026-07-26,2026-07-24T04:05:22Z,1.0,0.001,2026-07-26T22:44:02Z
highest-temperature-in-tokyo-on-july-26-2026-26corbelow,highest-temperature-in-tokyo-on-july-26-2026,tokyo,2026-07-26,2026-07-24T04:05:22Z,1.0,0.001,2026-07-26T15:26:19Z
highest-temperature-in-tokyo-on-july-26-2026-27c,highest-temperature-in-tokyo-on-july-26-2026,tokyo,2026-07-26,2026-07-24T04:05:22Z,1.0,0.001,2026-07-26T15:26:19Z
highest-temperature-in-tokyo-on-july-26-2026-28c,highest-temperature-in-tokyo-on-july-26-2026,tokyo,2026-07-26,2026-07-24T04:05:22Z,1.0,0.001,2026-07-26T15:26:19Z
highest-temperature-in-tokyo-on-july-26-2026-29c,highest-temperature-in-tokyo-on-july-26-2026,tokyo,2026-07-26,2026-07-24T04:05:22Z,1.0,0.001,2026-07-26T15:26:19Z
highest-temperature-in-tokyo-on-july-26-2026-30c,highest-temperature-in-tokyo-on-july-26-2026,tokyo,2026-07-26,2026-07-24T04:05:22Z,1.0,0.001,2026-07-26T15:26:19Z
highest-temperature-in-tokyo-on-july-26-2026-31c,highest-temperature-in-tokyo-on-july-26-2026,tokyo,2026-07-26,2026-07-24T04:05:22Z,1.0,0.001,2026-07-26T15:26:19Z
highest-temperature-in-tokyo-on-july-26-2026-32c,highest-temperature-in-tokyo-on-july-26-2026,tokyo,2026-07-26,2026-07-24T04:05:22Z,1.0,1.0,2026-07-26T15:31:08Z
highest-temperature-in-tokyo-on-july-26-2026-33c,highest-temperature-in-tokyo-on-july-26-2026,tokyo,2026-07-26,2026-07-24T04:05:22Z,1.0,0.001,2026-07-26T15:26:19Z
highest-temperature-in-tokyo-on-july-26-2026-34c,highest-temperature-in-tokyo-on-july-26-2026,tokyo,2026-07-26,2026-07-24T04:05:22Z,1.0,0.001,2026-07-26T15:26:19Z
highest-temperature-in-tokyo-on-july-26-2026-35c,highest-temperature-in-tokyo-on-july-26-2026,tokyo,2026-07-26,2026-07-24T04:05:22Z,1.0,0.001,2026-07-26T15:26:19Z
highest-temperature-in-tokyo-on-july-26-2026-36corhigher,highest-temperature-in-tokyo-on-july-26-2026,tokyo,2026-07-26,2026-07-24T04:05:22Z,1.0,0.001,2026-07-26T15:26:19Z
highest-temperature-in-hong-kong-on-july-26-2026-24corbelow,highest-temperature-in-hong-kong-on-july-26-2026,hong-kong,2026-07-26,2026-07-24T04:05:22Z,1.0,0.001,2026-07-27T02:51:18Z
highest-temperature-in-hong-kong-on-july-26-2026-25c,highest-temperature-in-hong-kong-on-july-26-2026,hong-kong,2026-07-26,2026-07-24T04:05:22Z,1.0,0.001,2026-07-27T02:51:18Z
highest-temperature-in-hong-kong-on-july-26-2026-26c,highest-temperature-in-hong-kong-on-july-26-2026,hong-kong,2026-07-26,2026-07-24T04:05:22Z,1.0,0.001,2026-07-27T02:51:18Z
highest-temperature-in-hong-kong-on-july-26-2026-27c,highest-temperature-in-hong-kong-on-july-26-2026,hong-kong,2026-07-26,2026-07-24T04:05:22Z,1.0,0.001,2026-07-27T02:51:18Z
highest-temperature-in-hong-kong-on-july-26-2026-28c,highest-temperature-in-hong-kong-on-july-26-2026,hong-kong,2026-07-26,2026-07-24T04:05:22Z,1.0,1.0,2026-07-27T02:56:31Z
highest-temperature-in-hong-kong-on-july-26-2026-29c,highest-temperature-in-hong-kong-on-july-26-2026,hong-kong,2026-07-26,2026-07-24T04:05:22Z,1.0,0.001,2026-07-27T02:51:18Z
highest-temperature-in-hong-kong-on-july-26-2026-30c,highest-temperature-in-hong-kong-on-july-26-2026,hong-kong,2026-07-26,2026-07-24T04:05:22Z,1.0,0.001,2026-07-27T02:51:18Z
highest-temperature-in-hong-kong-on-july-26-2026-31c,highest-temperature-in-hong-kong-on-july-26-2026,hong-kong,2026-07-26,2026-07-24T04:05:22Z,1.0,0.001,2026-07-27T02:51:18Z
highest-temperature-in-hong-kong-on-july-26-2026-32c,highest-temperature-in-hong-kong-on-july-26-2026,hong-kong,2026-07-26,2026-07-24T04:05:22Z,1.0,0.001,2026-07-27T02:51:18Z
highest-temperature-in-hong-kong-on-july-26-2026-33c,highest-temperature-in-hong-kong-on-july-26-2026,hong-kong,2026-07-26,2026-07-24T04:05:22Z,1.0,0.001,2026-07-27T02:51:18Z
highest-temperature-in-hong-kong-on-july-26-2026-34corhigher,highest-temperature-in-hong-kong-on-july-26-2026,hong-kong,2026-07-26,2026-07-24T04:05:22Z,1.0,0.001,2026-07-27T02:51:18Z
highest-temperature-in-shanghai-on-july-26-2026-29corbelow,highest-temperature-in-shanghai-on-july-26-2026,shanghai,2026-07-26,2026-07-24T04:05:22Z,1.0,0.001,2026-07-26T16:26:35Z
highest-temperature-in-shanghai-on-july-26-2026-30c,highest-temperature-in-shanghai-on-july-26-2026,shanghai,2026-07-26,2026-07-24T04:05:22Z,1.0,0.001,2026-07-26T16:36:32Z
highest-temperature-in-shanghai-on-july-26-2026-31c,highest-temperature-in-shanghai-on-july-26-2026,shanghai,2026-07-26,2026-07-24T04:05:22Z,1.0,0.001,2026-07-26T16:26:35Z
highest-temperature-in-shanghai-on-july-26-2026-32c,highest-temperature-in-shanghai-on-july-26-2026,shanghai,2026-07-26,2026-07-24T04:05:22Z,1.0,0.001,2026-07-26T16:31:30Z
highest-temperature-in-shanghai-on-july-26-2026-33c,highest-temperature-in-shanghai-on-july-26-2026,shanghai,2026-07-26,2026-07-24T04:05:22Z,1.0,0.001,2026-07-26T16:26:35Z
highest-temperature-in-shanghai-on-july-26-2026-34c,highest-temperature-in-shanghai-on-july-26-2026,shanghai,2026-07-26,2026-07-24T04:05:22Z,1.0,0.001,2026-07-26T16:31:30Z
highest-temperature-in-shanghai-on-july-26-2026-35c,highest-temperature-in-shanghai-on-july-26-2026,shanghai,2026-07-26,2026-07-24T04:05:22Z,1.0,1.0,2026-07-26T16:36:32Z
highest-temperature-in-shanghai-on-july-26-2026-36c,highest-temperature-in-shanghai-on-july-26-2026,shanghai,2026-07-26,2026-07-24T04:05:22Z,1.0,0.001,2026-07-26T16:36:32Z
highest-temperature-in-shanghai-on-july-26-2026-37c,highest-temperature-in-shanghai-on-july-26-2026,shanghai,2026-07-26,2026-07-24T04:05:22Z,1.0,0.001,2026-07-26T16:31:30Z
highest-temperature-in-shanghai-on-july-26-2026-38c,highest-temperature-in-shanghai-on-july-26-2026,shanghai,2026-07-26,2026-07-24T04:05:22Z,1.0,0.001,2026-07-26T16:36:32Z
highest-temperature-in-shanghai-on-july-26-2026-39corhigher,highest-temperature-in-shanghai-on-july-26-2026,shanghai,2026-07-26,2026-07-24T04:05:22Z,1.0,0.001,2026-07-26T16:36:32Z
highest-temperature-in-singapore-on-july-26-2026-24corbelow,highest-temperature-in-singapore-on-july-26-2026,singapore,2026-07-26,2026-07-24T04:05:22Z,1.0,0.001,2026-07-26T16:26:35Z
highest-temperature-in-singapore-on-july-26-2026-25c,highest-temperature-in-singapore-on-july-26-2026,singapore,2026-07-26,2026-07-24T04:05:22Z,1.0,0.001,2026-07-26T16:26:35Z
highest-temperature-in-singapore-on-july-26-2026-26c,highest-temperature-in-singapore-on-july-26-2026,singapore,2026-07-26,2026-07-24T04:05:22Z,1.0,0.001,2026-07-26T16:26:35Z
highest-temperature-in-singapore-on-july-26-2026-27c,highest-temperature-in-singapore-on-july-26-2026,singapore,2026-07-26,2026-07-24T04:05:22Z,1.0,0.001,2026-07-26T16:26:35Z
highest-temperature-in-singapore-on-july-26-2026-28c,highest-temperature-in-singapore-on-july-26-2026,singapore,2026-07-26,2026-07-24T04:05:22Z,1.0,0.001,2026-07-26T16:26:35Z
highest-temperature-in-singapore-on-july-26-2026-29c,highest-temperature-in-singapore-on-july-26-2026,singapore,2026-07-26,2026-07-24T04:05:22Z,1.0,0.001,2026-07-26T16:26:35Z
highest-temperature-in-singapore-on-july-26-2026-30c,highest-temperature-in-singapore-on-july-26-2026,singapore,2026-07-26,2026-07-24T04:05:22Z,1.0,1.0,2026-07-26T16:31:30Z
highest-temperature-in-singapore-on-july-26-2026-31c,highest-temperature-in-singapore-on-july-26-2026,singapore,2026-07-26,2026-07-24T04:05:22Z,1.0,0.001,2026-07-26T16:26:35Z
highest-temperature-in-singapore-on-july-26-2026-32c,highest-temperature-in-singapore-on-july-26-2026,singapore,2026-07-26,2026-07-24T04:05:22Z,1.0,0.001,2026-07-26T16:26:35Z
highest-temperature-in-singapore-on-july-26-2026-33c,highest-temperature-in-singapore-on-july-26-2026,singapore,2026-07-26,2026-07-24T04:05:22Z,1.0,0.001,2026-07-26T16:26:35Z
highest-temperature-in-singapore-on-july-26-2026-34corhigher,highest-temperature-in-singapore-on-july-26-2026,singapore,2026-07-26,2026-07-24T04:05:22Z,1.0,0.001,2026-07-26T16:26:35Z
highest-temperature-in-milan-on-july-26-2026-25corbelow,highest-temperature-in-milan-on-july-26-2026,milan,2026-07-26,2026-07-24T04:05:22Z,1.0,0.001,2026-07-26T22:54:08Z
highest-temperature-in-milan-on-july-26-2026-26c,highest-temperature-in-milan-on-july-26-2026,milan,2026-07-26,2026-07-24T04:05:22Z,1.0,0.001,2026-07-26T22:54:08Z
highest-temperature-in-milan-on-july-26-2026-27c,highest-temperature-in-milan-on-july-26-2026,milan,2026-07-26,2026-07-24T04:05:22Z,1.0,0.001,2026-07-26T22:54:08Z
highest-temperature-in-milan-on-july-26-2026-28c,highest-temperature-in-milan-on-july-26-2026,milan,2026-07-26,2026-07-24T04:05:22Z,1.0,0.001,2026-07-26T22:54:08Z
highest-temperature-in-milan-on-july-26-2026-29c,highest-temperature-in-milan-on-july-26-2026,milan,2026-07-26,2026-07-24T04:05:22Z,1.0,0.001,2026-07-26T22:54:08Z
highest-temperature-in-milan-on-july-26-2026-30c,highest-temperature-in-milan-on-july-26-2026,milan,2026-07-26,2026-07-24T04:05:22Z,1.0,0.001,2026-07-26T22:54:08Z
highest-temperature-in-milan-on-july-26-2026-31c,highest-temperature-in-milan-on-july-26-2026,milan,2026-07-26,2026-07-24T04:05:22Z,1.0,1.0,2026-07-27T00:31:18Z
highest-temperature-in-milan-on-july-26-2026-32c,highest-temperature-in-milan-on-july-26-2026,milan,2026-07-26,2026-07-24T04:05:22Z,1.0,0.001,2026-07-26T22:54:08Z
highest-temperature-in-milan-on-july-26-2026-33c,highest-temperature-in-milan-on-july-26-2026,milan,2026-07-26,2026-07-24T04:05:22Z,1.0,0.001,2026-07-26T22:54:08Z
highest-temperature-in-milan-on-july-26-2026-34c,highest-temperature-in-milan-on-july-26-2026,milan,2026-07-26,2026-07-24T04:05:22Z,1.0,0.001,2026-07-26T22:54:08Z
highest-temperature-in-milan-on-july-26-2026-35corhigher,highest-temperature-in-milan-on-july-26-2026,milan,2026-07-26,2026-07-24T04:05:22Z,1.0,0.001,2026-07-26T22:54:08Z
highest-temperature-in-madrid-on-july-26-2026-27corbelow,highest-temperature-in-madrid-on-july-26-2026,madrid,2026-07-26,2026-07-24T04:05:22Z,1.0,0.001,2026-07-26T22:54:08Z
highest-temperature-in-madrid-on-july-26-2026-28c,highest-temperature-in-madrid-on-july-26-2026,madrid,2026-07-26,2026-07-24T04:05:22Z,1.0,0.001,2026-07-26T22:54:08Z
highest-temperature-in-madrid-on-july-26-2026-29c,highest-temperature-in-madrid-on-july-26-2026,madrid,2026-07-26,2026-07-24T04:05:22Z,1.0,0.001,2026-07-26T22:54:08Z
highest-temperature-in-madrid-on-july-26-2026-30c,highest-temperature-in-madrid-on-july-26-2026,madrid,2026-07-26,2026-07-24T04:05:22Z,1.0,0.001,2026-07-26T22:54:08Z
highest-temperature-in-madrid-on-july-26-2026-31c,highest-temperature-in-madrid-on-july-26-2026,madrid,2026-07-26,2026-07-24T04:05:22Z,1.0,1.0,2026-07-26T23:00:21Z
highest-temperature-in-madrid-on-july-26-2026-32c,highest-temperature-in-madrid-on-july-26-2026,madrid,2026-07-26,2026-07-24T04:05:22Z,1.0,0.001,2026-07-26T22:54:08Z
highest-temperature-in-madrid-on-july-26-2026-33c,highest-temperature-in-madrid-on-july-26-2026,madrid,2026-07-26,2026-07-24T04:05:22Z,1.0,0.001,2026-07-26T22:54:08Z
highest-temperature-in-madrid-on-july-26-2026-34c,highest-temperature-in-madrid-on-july-26-2026,madrid,2026-07-26,2026-07-24T04:05:22Z,1.0,0.001,2026-07-26T22:54:08Z
highest-temperature-in-madrid-on-july-26-2026-35c,highest-temperature-in-madrid-on-july-26-2026,madrid,2026-07-26,2026-07-24T04:05:22Z,1.0,0.001,2026-07-26T22:54:08Z
highest-temperature-in-madrid-on-july-26-2026-36c,highest-temperature-in-madrid-on-july-26-2026,madrid,2026-07-26,2026-07-24T04:05:22Z,1.0,0.001,2026-07-26T22:54:08Z
highest-temperature-in-madrid-on-july-26-2026-37corhigher,highest-temperature-in-madrid-on-july-26-2026,madrid,2026-07-26,2026-07-24T04:05:22Z,1.0,0.001,2026-07-26T22:54:08Z
highest-temperature-in-warsaw-on-july-26-2026-25corbelow,highest-temperature-in-warsaw-on-july-26-2026,warsaw,2026-07-26,2026-07-24T04:05:22Z,1.0,0.001,2026-07-26T22:54:08Z
highest-temperature-in-warsaw-on-july-26-2026-26c,highest-temperature-in-warsaw-on-july-26-2026,warsaw,2026-07-26,2026-07-24T04:05:22Z,1.0,0.001,2026-07-26T22:54:08Z
highest-temperature-in-warsaw-on-july-26-2026-27c,highest-temperature-in-warsaw-on-july-26-2026,warsaw,2026-07-26,2026-07-24T04:05:22Z,1.0,0.001,2026-07-26T22:54:08Z
highest-temperature-in-warsaw-on-july-26-2026-28c,highest-temperature-in-warsaw-on-july-26-2026,warsaw,2026-07-26,2026-07-24T04:05:22Z,1.0,1.0,2026-07-26T22:58:53Z
highest-temperature-in-warsaw-on-july-26-2026-29c,highest-temperature-in-warsaw-on-july-26-2026,warsaw,2026-07-26,2026-07-24T04:05:22Z,1.0,0.001,2026-07-26T22:54:08Z
highest-temperature-in-warsaw-on-july-26-2026-30c,highest-temperature-in-warsaw-on-july-26-2026,warsaw,2026-07-26,2026-07-24T04:05:22Z,1.0,0.001,2026-07-26T22:54:08Z
highest-temperature-in-warsaw-on-july-26-2026-31c,highest-temperature-in-warsaw-on-july-26-2026,warsaw,2026-07-26,2026-07-24T04:05:22Z,1.0,0.001,2026-07-26T22:54:08Z
highest-temperature-in-warsaw-on-july-26-2026-32c,highest-temperature-in-warsaw-on-july-26-2026,warsaw,2026-07-26,2026-07-24T04:05:22Z,1.0,0.001,2026-07-26T22:54:08Z
highest-temperature-in-warsaw-on-july-26-2026-33c,highest-temperature-in-warsaw-on-july-26-2026,warsaw,2026-07-26,2026-07-24T04:05:22Z,1.0,0.001,2026-07-26T22:54:08Z
highest-temperature-in-warsaw-on-july-26-2026-34c,highest-temperature-in-warsaw-on-july-26-2026,warsaw,2026-07-26,2026-07-24T04:05:22Z,1.0,0.001,2026-07-26T22:54:08Z
highest-temperature-in-warsaw-on-july-26-2026-35corhigher,highest-temperature-in-warsaw-on-july-26-2026,warsaw,2026-07-26,2026-07-24T04:05:22Z,1.0,0.001,2026-07-26T22:54:08Z
highest-temperature-in-taipei-on-july-26-2026-29corbelow,highest-temperature-in-taipei-on-july-26-2026,taipei,2026-07-26,2026-07-24T04:05:22Z,1.0,0.001,2026-07-26T16:36:32Z
highest-temperature-in-taipei-on-july-26-2026-30c,highest-temperature-in-taipei-on-july-26-2026,taipei,2026-07-26,2026-07-24T04:05:22Z,1.0,0.001,2026-07-26T16:36:32Z
highest-temperature-in-taipei-on-july-26-2026-31c,highest-temperature-in-taipei-on-july-26-2026,taipei,2026-07-26,2026-07-24T04:05:22Z,1.0,0.001,2026-07-26T16:36:32Z
highest-temperature-in-taipei-on-july-26-2026-32c,highest-temperature-in-taipei-on-july-26-2026,taipei,2026-07-26,2026-07-24T04:05:22Z,1.0,0.001,2026-07-26T16:36:32Z
highest-temperature-in-taipei-on-july-26-2026-33c,highest-temperature-in-taipei-on-july-26-2026,taipei,2026-07-26,2026-07-24T04:05:22Z,1.0,0.001,2026-07-26T16:36:32Z
highest-temperature-in-taipei-on-july-26-2026-34c,highest-temperature-in-taipei-on-july-26-2026,taipei,2026-07-26,2026-07-24T04:05:22Z,1.0,0.001,2026-07-26T16:36:32Z
highest-temperature-in-taipei-on-july-26-2026-35c,highest-temperature-in-taipei-on-july-26-2026,taipei,2026-07-26,2026-07-24T04:05:22Z,1.0,0.001,2026-07-26T16:36:32Z
highest-temperature-in-taipei-on-july-26-2026-36c,highest-temperature-in-taipei-on-july-26-2026,taipei,2026-07-26,2026-07-24T04:05:22Z,1.0,0.001,2026-07-26T16:36:32Z
highest-temperature-in-taipei-on-july-26-2026-37c,highest-temperature-in-taipei-on-july-26-2026,taipei,2026-07-26,2026-07-24T04:05:22Z,1.0,1.0,2026-07-26T16:41:22Z
highest-temperature-in-taipei-on-july-26-2026-38c,highest-temperature-in-taipei-on-july-26-2026,taipei,2026-07-26,2026-07-24T04:05:22Z,1.0,0.001,2026-07-26T16:36:32Z
highest-temperature-in-taipei-on-july-26-2026-39corhigher,highest-temperature-in-taipei-on-july-26-2026,taipei,2026-07-26,2026-07-24T04:05:22Z,1.0,0.001,2026-07-26T16:36:32Z
highest-temperature-in-chongqing-on-july-26-2026-34corbelow,highest-temperature-in-chongqing-on-july-26-2026,chongqing,2026-07-26,2026-07-24T04:05:22Z,1.0,0.001,2026-07-26T16:36:32Z
highest-temperature-in-chongqing-on-july-26-2026-35c,highest-temperature-in-chongqing-on-july-26-2026,chongqing,2026-07-26,2026-07-24T04:05:22Z,1.0,0.001,2026-07-26T16:36:32Z
highest-temperature-in-chongqing-on-july-26-2026-36c,highest-temperature-in-chongqing-on-july-26-2026,chongqing,2026-07-26,2026-07-24T04:05:22Z,1.0,0.001,2026-07-26T16:26:35Z
highest-temperature-in-chongqing-on-july-26-2026-37c,highest-temperature-in-chongqing-on-july-26-2026,chongqing,2026-07-26,2026-07-24T04:05:22Z,1.0,0.001,2026-07-26T16:26:35Z
highest-temperature-in-chongqing-on-july-26-2026-38c,highest-temperature-in-chongqing-on-july-26-2026,chongqing,2026-07-26,2026-07-24T04:05:22Z,1.0,0.001,2026-07-26T16:26:35Z
highest-temperature-in-chongqing-on-july-26-2026-39c,highest-temperature-in-chongqing-on-july-26-2026,chongqing,2026-07-26,2026-07-24T04:05:22Z,1.0,0.001,2026-07-26T16:36:32Z
highest-temperature-in-chongqing-on-july-26-2026-40c,highest-temperature-in-chongqing-on-july-26-2026,chongqing,2026-07-26,2026-07-24T04:05:22Z,1.0,0.001,2026-07-26T16:31:30Z
highest-temperature-in-chongqing-on-july-26-2026-41c,highest-temperature-in-chongqing-on-july-26-2026,chongqing,2026-07-26,2026-07-24T04:05:22Z,1.0,1.0,2026-07-26T16:46:40Z
highest-temperature-in-chongqing-on-july-26-2026-42c,highest-temperature-in-chongqing-on-july-26-2026,chongqing,2026-07-26,2026-07-24T04:05:22Z,1.0,0.001,2026-07-26T16:31:30Z
highest-temperature-in-chongqing-on-july-26-2026-43c,highest-temperature-in-chongqing-on-july-26-2026,chongqing,2026-07-26,2026-07-24T04:05:22Z,1.0,0.001,2026-07-26T16:36:32Z
highest-temperature-in-chongqing-on-july-26-2026-44corhigher,highest-temperature-in-chongqing-on-july-26-2026,chongqing,2026-07-26,2026-07-24T04:05:22Z,1.0,0.001,2026-07-26T16:31:30Z
highest-temperature-in-beijing-on-july-26-2026-26corbelow,highest-temperature-in-beijing-on-july-26-2026,beijing,2026-07-26,2026-07-24T04:05:22Z,1.0,0.001,2026-07-26T16:31:30Z
highest-temperature-in-beijing-on-july-26-2026-27c,highest-temperature-in-beijing-on-july-26-2026,beijing,2026-07-26,2026-07-24T04:05:22Z,1.0,0.001,2026-07-26T16:31:30Z
highest-temperature-in-beijing-on-july-26-2026-28c,highest-temperature-in-beijing-on-july-26-2026,beijing,2026-07-26,2026-07-24T04:05:22Z,1.0,0.001,2026-07-26T16:31:30Z
highest-temperature-in-beijing-on-july-26-2026-29c,highest-temperature-in-beijing-on-july-26-2026,beijing,2026-07-26,2026-07-24T04:05:22Z,1.0,0.001,2026-07-26T16:31:30Z
highest-temperature-in-beijing-on-july-26-2026-30c,highest-temperature-in-beijing-on-july-26-2026,beijing,2026-07-26,2026-07-24T04:05:22Z,1.0,0.001,2026-07-26T16:31:30Z
highest-temperature-in-beijing-on-july-26-2026-31c,highest-temperature-in-beijing-on-july-26-2026,beijing,2026-07-26,2026-07-24T04:05:22Z,1.0,0.001,2026-07-26T16:31:30Z
highest-temperature-in-beijing-on-july-26-2026-32c,highest-temperature-in-beijing-on-july-26-2026,beijing,2026-07-26,2026-07-24T04:05:22Z,1.0,0.001,2026-07-26T16:31:30Z
highest-temperature-in-beijing-on-july-26-2026-33c,highest-temperature-in-beijing-on-july-26-2026,beijing,2026-07-26,2026-07-24T04:05:22Z,1.0,0.001,2026-07-26T16:31:30Z
highest-temperature-in-beijing-on-july-26-2026-34c,highest-temperature-in-beijing-on-july-26-2026,beijing,2026-07-26,2026-07-24T04:05:22Z,1.0,1.0,2026-07-26T16:46:40Z
highest-temperature-in-beijing-on-july-26-2026-35c,highest-temperature-in-beijing-on-july-26-2026,beijing,2026-07-26,2026-07-24T04:05:22Z,1.0,0.001,2026-07-26T16:31:30Z
highest-temperature-in-beijing-on-july-26-2026-36corhigher,highest-temperature-in-beijing-on-july-26-2026,beijing,2026-07-26,2026-07-24T04:05:22Z,1.0,0.001,2026-07-26T16:31:30Z
highest-temperature-in-wuhan-on-july-26-2026-28corbelow,highest-temperature-in-wuhan-on-july-26-2026,wuhan,2026-07-26,2026-07-24T04:05:22Z,1.0,0.001,2026-07-26T16:31:30Z
highest-temperature-in-wuhan-on-july-26-2026-29c,highest-temperature-in-wuhan-on-july-26-2026,wuhan,2026-07-26,2026-07-24T04:05:22Z,1.0,0.001,2026-07-26T16:36:32Z
highest-temperature-in-wuhan-on-july-26-2026-30c,highest-temperature-in-wuhan-on-july-26-2026,wuhan,2026-07-26,2026-07-24T04:05:22Z,1.0,0.001,2026-07-26T16:26:35Z
highest-temperature-in-wuhan-on-july-26-2026-31c,highest-temperature-in-wuhan-on-july-26-2026,wuhan,2026-07-26,2026-07-24T04:05:22Z,1.0,0.001,2026-07-26T16:26:35Z
highest-temperature-in-wuhan-on-july-26-2026-32c,highest-temperature-in-wuhan-on-july-26-2026,wuhan,2026-07-26,2026-07-24T04:05:22Z,1.0,0.001,2026-07-26T16:31:30Z
highest-temperature-in-wuhan-on-july-26-2026-33c,highest-temperature-in-wuhan-on-july-26-2026,wuhan,2026-07-26,2026-07-24T04:05:22Z,1.0,0.001,2026-07-26T16:26:35Z
highest-temperature-in-wuhan-on-july-26-2026-34c,highest-temperature-in-wuhan-on-july-26-2026,wuhan,2026-07-26,2026-07-24T04:05:22Z,1.0,0.001,2026-07-26T16:36:32Z
highest-temperature-in-wuhan-on-july-26-2026-35c,highest-temperature-in-wuhan-on-july-26-2026,wuhan,2026-07-26,2026-07-24T04:05:22Z,1.0,0.001,2026-07-26T16:31:30Z
highest-temperature-in-wuhan-on-july-26-2026-36c,highest-temperature-in-wuhan-on-july-26-2026,wuhan,2026-07-26,2026-07-24T04:05:22Z,1.0,1.0,2026-07-26T16:36:32Z
highest-temperature-in-wuhan-on-july-26-2026-37c,highest-temperature-in-wuhan-on-july-26-2026,wuhan,2026-07-26,2026-07-24T04:05:22Z,1.0,0.001,2026-07-26T16:26:35Z
highest-temperature-in-wuhan-on-july-26-2026-38corhigher,highest-temperature-in-wuhan-on-july-26-2026,wuhan,2026-07-26,2026-07-24T04:05:22Z,1.0,0.001,2026-07-26T16:26:35Z
highest-temperature-in-chengdu-on-july-26-2026-33corbelow,highest-temperature-in-chengdu-on-july-26-2026,chengdu,2026-07-26,2026-07-24T04:05:22Z,1.0,0.001,2026-07-26T16:26:35Z
highest-temperature-in-chengdu-on-july-26-2026-34c,highest-temperature-in-chengdu-on-july-26-2026,chengdu,2026-07-26,2026-07-24T04:05:22Z,1.0,0.001,2026-07-26T16:26:35Z
highest-temperature-in-chengdu-on-july-26-2026-35c,highest-temperature-in-chengdu-on-july-26-2026,chengdu,2026-07-26,2026-07-24T04:05:22Z,1.0,0.001,2026-07-26T16:26:35Z
highest-temperature-in-chengdu-on-july-26-2026-36c,highest-temperature-in-chengdu-on-july-26-2026,chengdu,2026-07-26,2026-07-24T04:05:22Z,1.0,0.001,2026-07-26T16:26:35Z
highest-temperature-in-chengdu-on-july-26-2026-37c,highest-temperature-in-chengdu-on-july-26-2026,chengdu,2026-07-26,2026-07-24T04:05:22Z,1.0,1.0,2026-07-26T16:36:32Z
highest-temperature-in-chengdu-on-july-26-2026-38c,highest-temperature-in-chengdu-on-july-26-2026,chengdu,2026-07-26,2026-07-24T04:05:22Z,1.0,0.001,2026-07-26T16:26:35Z
highest-temperature-in-chengdu-on-july-26-2026-39c,highest-temperature-in-chengdu-on-july-26-2026,chengdu,2026-07-26,2026-07-24T04:05:22Z,1.0,0.001,2026-07-26T16:26:35Z
highest-temperature-in-chengdu-on-july-26-2026-40c,highest-temperature-in-chengdu-on-july-26-2026,chengdu,2026-07-26,2026-07-24T04:05:22Z,1.0,0.001,2026-07-26T16:26:35Z
highest-temperature-in-chengdu-on-july-26-2026-41c,highest-temperature-in-chengdu-on-july-26-2026,chengdu,2026-07-26,2026-07-24T04:05:22Z,1.0,0.001,2026-07-26T16:26:35Z
highest-temperature-in-chengdu-on-july-26-2026-42c,highest-temperature-in-chengdu-on-july-26-2026,chengdu,2026-07-26,2026-07-24T04:05:22Z,1.0,0.001,2026-07-26T16:26:35Z
highest-temperature-in-chengdu-on-july-26-2026-43corhigher,highest-temperature-in-chengdu-on-july-26-2026,chengdu,2026-07-26,2026-07-24T04:05:22Z,1.0,0.001,2026-07-26T16:26:35Z
highest-temperature-in-shenzhen-on-july-26-2026-24corbelow,highest-temperature-in-shenzhen-on-july-26-2026,shenzhen,2026-07-26,2026-07-24T04:05:22Z,1.0,0.001,2026-07-26T16:41:22Z
highest-temperature-in-shenzhen-on-july-26-2026-25c,highest-temperature-in-shenzhen-on-july-26-2026,shenzhen,2026-07-26,2026-07-24T04:05:22Z,1.0,0.001,2026-07-26T16:41:22Z
highest-temperature-in-shenzhen-on-july-26-2026-26c,highest-temperature-in-shenzhen-on-july-26-2026,shenzhen,2026-07-26,2026-07-24T04:05:22Z,1.0,0.001,2026-07-26T16:41:22Z
highest-temperature-in-shenzhen-on-july-26-2026-27c,highest-temperature-in-shenzhen-on-july-26-2026,shenzhen,2026-07-26,2026-07-24T04:05:22Z,1.0,0.001,2026-07-26T16:41:22Z
highest-temperature-in-shenzhen-on-july-26-2026-28c,highest-temperature-in-shenzhen-on-july-26-2026,shenzhen,2026-07-26,2026-07-24T04:05:22Z,1.0,0.001,2026-07-26T16:41:22Z
highest-temperature-in-shenzhen-on-july-26-2026-29c,highest-temperature-in-shenzhen-on-july-26-2026,shenzhen,2026-07-26,2026-07-24T04:05:22Z,1.0,1.0,2026-07-26T16:46:40Z
highest-temperature-in-shenzhen-on-july-26-2026-30c,highest-temperature-in-shenzhen-on-july-26-2026,shenzhen,2026-07-26,2026-07-24T04:05:22Z,1.0,0.001,2026-07-26T16:41:22Z
highest-temperature-in-shenzhen-on-july-26-2026-31c,highest-temperature-in-shenzhen-on-july-26-2026,shenzhen,2026-07-26,2026-07-24T04:05:22Z,1.0,0.001,2026-07-26T16:41:22Z
highest-temperature-in-shenzhen-on-july-26-2026-32c,highest-temperature-in-shenzhen-on-july-26-2026,shenzhen,2026-07-26,2026-07-24T04:05:22Z,1.0,0.001,2026-07-26T16:41:22Z
highest-temperature-in-shenzhen-on-july-26-2026-33c,highest-temperature-in-shenzhen-on-july-26-2026,shenzhen,2026-07-26,2026-07-24T04:05:22Z,1.0,0.001,2026-07-26T16:41:22Z
highest-temperature-in-shenzhen-on-july-26-2026-34corhigher,highest-temperature-in-shenzhen-on-july-26-2026,shenzhen,2026-07-26,2026-07-24T04:05:22Z,1.0,0.001,2026-07-26T16:41:22Z
highest-temperature-in-moscow-on-july-26-2026-19corbelow,highest-temperature-in-moscow-on-july-26-2026,moscow,2026-07-26,2026-07-24T04:05:22Z,1.0,0.001,2026-07-26T22:38:50Z
highest-temperature-in-moscow-on-july-26-2026-20c,highest-temperature-in-moscow-on-july-26-2026,moscow,2026-07-26,2026-07-24T04:05:22Z,1.0,1.0,2026-07-26T23:06:02Z
highest-temperature-in-moscow-on-july-26-2026-21c,highest-temperature-in-moscow-on-july-26-2026,moscow,2026-07-26,2026-07-24T04:05:22Z,1.0,0.001,2026-07-26T22:38:50Z
highest-temperature-in-moscow-on-july-26-2026-22c,highest-temperature-in-moscow-on-july-26-2026,moscow,2026-07-26,2026-07-24T04:05:22Z,1.0,0.001,2026-07-26T22:38:50Z
highest-temperature-in-moscow-on-july-26-2026-23c,highest-temperature-in-moscow-on-july-26-2026,moscow,2026-07-26,2026-07-24T04:05:22Z,1.0,0.001,2026-07-26T22:38:50Z
highest-temperature-in-moscow-on-july-26-2026-24c,highest-temperature-in-moscow-on-july-26-2026,moscow,2026-07-26,2026-07-24T04:05:22Z,1.0,0.001,2026-07-26T22:38:50Z
highest-temperature-in-moscow-on-july-26-2026-25c,highest-temperature-in-moscow-on-july-26-2026,moscow,2026-07-26,2026-07-24T04:05:22Z,1.0,0.001,2026-07-26T22:38:50Z
highest-temperature-in-moscow-on-july-26-2026-26c,highest-temperature-in-moscow-on-july-26-2026,moscow,2026-07-26,2026-07-24T04:05:22Z,1.0,0.001,2026-07-26T22:38:50Z
highest-temperature-in-moscow-on-july-26-2026-27c,highest-temperature-in-moscow-on-july-26-2026,moscow,2026-07-26,2026-07-24T04:05:22Z,1.0,0.001,2026-07-26T22:38:50Z
highest-temperature-in-moscow-on-july-26-2026-28c,highest-temperature-in-moscow-on-july-26-2026,moscow,2026-07-26,2026-07-24T04:05:22Z,1.0,0.001,2026-07-26T22:38:50Z
highest-temperature-in-moscow-on-july-26-2026-29corhigher,highest-temperature-in-moscow-on-july-26-2026,moscow,2026-07-26,2026-07-24T04:05:22Z,1.0,0.001,2026-07-26T22:38:50Z
highest-temperature-in-istanbul-on-july-26-2026-22corbelow,highest-temperature-in-istanbul-on-july-26-2026,istanbul,2026-07-26,2026-07-24T04:05:22Z,1.0,0.001,2026-07-26T22:44:02Z
highest-temperature-in-istanbul-on-july-26-2026-23c,highest-temperature-in-istanbul-on-july-26-2026,istanbul,2026-07-26,2026-07-24T04:05:22Z,1.0,0.001,2026-07-26T22:44:02Z
highest-temperature-in-istanbul-on-july-26-2026-24c,highest-temperature-in-istanbul-on-july-26-2026,istanbul,2026-07-26,2026-07-24T04:05:22Z,1.0,0.001,2026-07-26T22:44:02Z
highest-temperature-in-istanbul-on-july-26-2026-25c,highest-temperature-in-istanbul-on-july-26-2026,istanbul,2026-07-26,2026-07-24T04:05:22Z,1.0,0.001,2026-07-26T22:44:02Z
highest-temperature-in-istanbul-on-july-26-2026-26c,highest-temperature-in-istanbul-on-july-26-2026,istanbul,2026-07-26,2026-07-24T04:05:22Z,1.0,0.001,2026-07-26T22:44:02Z
highest-temperature-in-istanbul-on-july-26-2026-27c,highest-temperature-in-istanbul-on-july-26-2026,istanbul,2026-07-26,2026-07-24T04:05:22Z,1.0,0.001,2026-07-26T22:44:02Z
highest-temperature-in-istanbul-on-july-26-2026-28c,highest-temperature-in-istanbul-on-july-26-2026,istanbul,2026-07-26,2026-07-24T04:05:22Z,1.0,1.0,2026-07-26T22:48:56Z
highest-temperature-in-istanbul-on-july-26-2026-29c,highest-temperature-in-istanbul-on-july-26-2026,istanbul,2026-07-26,2026-07-24T04:05:22Z,1.0,0.001,2026-07-26T22:44:02Z
highest-temperature-in-istanbul-on-july-26-2026-30c,highest-temperature-in-istanbul-on-july-26-2026,istanbul,2026-07-26,2026-07-24T04:05:22Z,1.0,0.001,2026-07-26T22:44:02Z
highest-temperature-in-istanbul-on-july-26-2026-31c,highest-temperature-in-istanbul-on-july-26-2026,istanbul,2026-07-26,2026-07-24T04:05:22Z,1.0,0.001,2026-07-26T22:44:02Z
highest-temperature-in-istanbul-on-july-26-2026-32corhigher,highest-temperature-in-istanbul-on-july-26-2026,istanbul,2026-07-26,2026-07-24T04:05:22Z,1.0,0.001,2026-07-26T22:44:02Z
highest-temperature-in-busan-on-july-26-2026-32corbelow,highest-temperature-in-busan-on-july-26-2026,busan,2026-07-26,2026-07-24T04:05:22Z,1.0,0.001,2026-07-26T15:26:19Z
highest-temperature-in-busan-on-july-26-2026-33c,highest-temperature-in-busan-on-july-26-2026,busan,2026-07-26,2026-07-24T04:05:22Z,1.0,0.001,2026-07-26T15:26:19Z
highest-temperature-in-busan-on-july-26-2026-34c,highest-temperature-in-busan-on-july-26-2026,busan,2026-07-26,2026-07-24T04:05:22Z,1.0,0.001,2026-07-26T15:26:19Z
highest-temperature-in-busan-on-july-26-2026-35c,highest-temperature-in-busan-on-july-26-2026,busan,2026-07-26,2026-07-24T04:05:22Z,1.0,0.001,2026-07-26T15:26:19Z
highest-temperature-in-busan-on-july-26-2026-36c,highest-temperature-in-busan-on-july-26-2026,busan,2026-07-26,2026-07-24T04:05:22Z,1.0,0.001,2026-07-26T15:26:19Z
highest-temperature-in-busan-on-july-26-2026-37c,highest-temperature-in-busan-on-july-26-2026,busan,2026-07-26,2026-07-24T04:05:22Z,1.0,1.0,2026-07-26T15:30:30Z
highest-temperature-in-busan-on-july-26-2026-38c,highest-temperature-in-busan-on-july-26-2026,busan,2026-07-26,2026-07-24T04:05:22Z,1.0,0.001,2026-07-26T15:26:19Z
highest-temperature-in-busan-on-july-26-2026-39c,highest-temperature-in-busan-on-july-26-2026,busan,2026-07-26,2026-07-24T04:05:22Z,1.0,0.001,2026-07-26T15:21:03Z
highest-temperature-in-busan-on-july-26-2026-40c,highest-temperature-in-busan-on-july-26-2026,busan,2026-07-26,2026-07-24T04:05:22Z,1.0,0.001,2026-07-26T15:26:19Z
highest-temperature-in-busan-on-july-26-2026-41c,highest-temperature-in-busan-on-july-26-2026,busan,2026-07-26,2026-07-24T04:05:22Z,1.0,0.001,2026-07-26T15:21:03Z
highest-temperature-in-busan-on-july-26-2026-42corhigher,highest-temperature-in-busan-on-july-26-2026,busan,2026-07-26,2026-07-24T04:05:22Z,1.0,0.001,2026-07-26T15:26:19Z
highest-temperature-in-amsterdam-on-july-26-2026-18corbelow,highest-temperature-in-amsterdam-on-july-26-2026,amsterdam,2026-07-26,2026-07-24T04:05:22Z,1.0,0.001,2026-07-26T22:54:08Z
highest-temperature-in-amsterdam-on-july-26-2026-19c,highest-temperature-in-amsterdam-on-july-26-2026,amsterdam,2026-07-26,2026-07-24T04:05:22Z,1.0,0.001,2026-07-26T22:54:08Z
highest-temperature-in-amsterdam-on-july-26-2026-20c,highest-temperature-in-amsterdam-on-july-26-2026,amsterdam,2026-07-26,2026-07-24T04:05:22Z,1.0,0.001,2026-07-26T22:54:08Z
highest-temperature-in-amsterdam-on-july-26-2026-21c,highest-temperature-in-amsterdam-on-july-26-2026,amsterdam,2026-07-26,2026-07-24T04:05:22Z,1.0,0.001,2026-07-26T22:54:08Z
highest-temperature-in-amsterdam-on-july-26-2026-22c,highest-temperature-in-amsterdam-on-july-26-2026,amsterdam,2026-07-26,2026-07-24T04:05:22Z,1.0,1.0,2026-07-26T23:00:21Z
highest-temperature-in-amsterdam-on-july-26-2026-23c,highest-temperature-in-amsterdam-on-july-26-2026,amsterdam,2026-07-26,2026-07-24T04:05:22Z,1.0,0.001,2026-07-26T22:54:08Z
highest-temperature-in-amsterdam-on-july-26-2026-24c,highest-temperature-in-amsterdam-on-july-26-2026,amsterdam,2026-07-26,2026-07-24T04:05:22Z,1.0,0.001,2026-07-26T22:54:08Z
highest-temperature-in-amsterdam-on-july-26-2026-25c,highest-temperature-in-amsterdam-on-july-26-2026,amsterdam,2026-07-26,2026-07-24T04:05:22Z,1.0,0.001,2026-07-26T22:54:08Z
highest-temperature-in-amsterdam-on-july-26-2026-26c,highest-temperature-in-amsterdam-on-july-26-2026,amsterdam,2026-07-26,2026-07-24T04:05:22Z,1.0,0.001,2026-07-26T22:54:08Z
highest-temperature-in-amsterdam-on-july-26-2026-27c,highest-temperature-in-amsterdam-on-july-26-2026,amsterdam,2026-07-26,2026-07-24T04:05:22Z,1.0,0.001,2026-07-26T22:54:08Z
highest-temperature-in-amsterdam-on-july-26-2026-28corhigher,highest-temperature-in-amsterdam-on-july-26-2026,amsterdam,2026-07-26,2026-07-24T04:05:22Z,1.0,0.001,2026-07-26T22:54:08Z
highest-temperature-in-helsinki-on-july-26-2026-12corbelow,highest-temperature-in-helsinki-on-july-26-2026,helsinki,2026-07-26,2026-07-24T04:05:22Z,1.0,0.001,2026-07-26T22:44:02Z
highest-temperature-in-helsinki-on-july-26-2026-13c,highest-temperature-in-helsinki-on-july-26-2026,helsinki,2026-07-26,2026-07-24T04:05:22Z,1.0,0.001,2026-07-26T22:44:02Z
highest-temperature-in-helsinki-on-july-26-2026-14c,highest-temperature-in-helsinki-on-july-26-2026,helsinki,2026-07-26,2026-07-24T04:05:22Z,1.0,0.001,2026-07-26T22:44:02Z
highest-temperature-in-helsinki-on-july-26-2026-15c,highest-temperature-in-helsinki-on-july-26-2026,helsinki,2026-07-26,2026-07-24T04:05:22Z,1.0,0.001,2026-07-26T22:44:02Z
highest-temperature-in-helsinki-on-july-26-2026-16c,highest-temperature-in-helsinki-on-july-26-2026,helsinki,2026-07-26,2026-07-24T04:05:22Z,1.0,0.001,2026-07-26T22:44:02Z
highest-temperature-in-helsinki-on-july-26-2026-17c,highest-temperature-in-helsinki-on-july-26-2026,helsinki,2026-07-26,2026-07-24T04:05:22Z,1.0,0.001,2026-07-26T22:44:02Z
highest-temperature-in-helsinki-on-july-26-2026-18c,highest-temperature-in-helsinki-on-july-26-2026,helsinki,2026-07-26,2026-07-24T04:05:22Z,1.0,0.001,2026-07-26T22:44:02Z
highest-temperature-in-helsinki-on-july-26-2026-19c,highest-temperature-in-helsinki-on-july-26-2026,helsinki,2026-07-26,2026-07-24T04:05:22Z,1.0,1.0,2026-07-26T22:48:56Z
highest-temperature-in-helsinki-on-july-26-2026-20c,highest-temperature-in-helsinki-on-july-26-2026,helsinki,2026-07-26,2026-07-24T04:05:22Z,1.0,0.001,2026-07-26T22:44:02Z
highest-temperature-in-helsinki-on-july-26-2026-21c,highest-temperature-in-helsinki-on-july-26-2026,helsinki,2026-07-26,2026-07-24T04:05:22Z,1.0,0.001,2026-07-26T22:44:02Z
highest-temperature-in-helsinki-on-july-26-2026-22corhigher,highest-temperature-in-helsinki-on-july-26-2026,helsinki,2026-07-26,2026-07-24T04:05:22Z,1.0,0.001,2026-07-26T22:44:02Z
highest-temperature-in-kuala-lumpur-on-july-26-2026-26corbelow,highest-temperature-in-kuala-lumpur-on-july-26-2026,kuala-lumpur,2026-07-26,2026-07-24T04:05:22Z,1.0,0.001,2026-07-26T16:36:32Z
highest-temperature-in-kuala-lumpur-on-july-26-2026-27c,highest-temperature-in-kuala-lumpur-on-july-26-2026,kuala-lumpur,2026-07-26,2026-07-24T04:05:22Z,1.0,0.001,2026-07-26T16:36:32Z
highest-temperature-in-kuala-lumpur-on-july-26-2026-28c,highest-temperature-in-kuala-lumpur-on-july-26-2026,kuala-lumpur,2026-07-26,2026-07-24T04:05:22Z,1.0,0.001,2026-07-26T16:36:32Z
highest-temperature-in-kuala-lumpur-on-july-26-2026-29c,highest-temperature-in-kuala-lumpur-on-july-26-2026,kuala-lumpur,2026-07-26,2026-07-24T04:05:22Z,1.0,0.001,2026-07-26T16:36:32Z
highest-temperature-in-kuala-lumpur-on-july-26-2026-30c,highest-temperature-in-kuala-lumpur-on-july-26-2026,kuala-lumpur,2026-07-26,2026-07-24T04:05:22Z,1.0,0.001,2026-07-26T16:36:32Z
highest-temperature-in-kuala-lumpur-on-july-26-2026-31c,highest-temperature-in-kuala-lumpur-on-july-26-2026,kuala-lumpur,2026-07-26,2026-07-24T04:05:22Z,1.0,0.001,2026-07-26T16:36:32Z
highest-temperature-in-kuala-lumpur-on-july-26-2026-32c,highest-temperature-in-kuala-lumpur-on-july-26-2026,kuala-lumpur,2026-07-26,2026-07-24T04:05:22Z,1.0,0.001,2026-07-26T16:36:32Z
highest-temperature-in-kuala-lumpur-on-july-26-2026-33c,highest-temperature-in-kuala-lumpur-on-july-26-2026,kuala-lumpur,2026-07-26,2026-07-24T04:05:22Z,1.0,1.0,2026-07-26T16:46:40Z
highest-temperature-in-kuala-lumpur-on-july-26-2026-34c,highest-temperature-in-kuala-lumpur-on-july-26-2026,kuala-lumpur,2026-07-26,2026-07-24T04:05:22Z,1.0,0.001,2026-07-26T16:36:32Z
highest-temperature-in-kuala-lumpur-on-july-26-2026-35c,highest-temperature-in-kuala-lumpur-on-july-26-2026,kuala-lumpur,2026-07-26,2026-07-24T04:05:22Z,1.0,0.001,2026-07-26T16:36:32Z
highest-temperature-in-kuala-lumpur-on-july-26-2026-36corhigher,highest-temperature-in-kuala-lumpur-on-july-26-2026,kuala-lumpur,2026-07-26,2026-07-24T04:05:22Z,1.0,0.001,2026-07-26T16:36:32Z
highest-temperature-in-jeddah-on-july-26-2026-32corbelow,highest-temperature-in-jeddah-on-july-26-2026,jeddah,2026-07-26,2026-07-24T04:05:22Z,1.0,0.001,2026-07-26T22:38:50Z
highest-temperature-in-jeddah-on-july-26-2026-33c,highest-temperature-in-jeddah-on-july-26-2026,jeddah,2026-07-26,2026-07-24T04:05:22Z,1.0,0.001,2026-07-26T22:38:50Z
highest-temperature-in-jeddah-on-july-26-2026-34c,highest-temperature-in-jeddah-on-july-26-2026,jeddah,2026-07-26,2026-07-24T04:05:22Z,1.0,0.001,2026-07-26T22:38:50Z
highest-temperature-in-jeddah-on-july-26-2026-35c,highest-temperature-in-jeddah-on-july-26-2026,jeddah,2026-07-26,2026-07-24T04:05:22Z,1.0,0.001,2026-07-26T22:38:50Z
highest-temperature-in-jeddah-on-july-26-2026-36c,highest-temperature-in-jeddah-on-july-26-2026,jeddah,2026-07-26,2026-07-24T04:05:22Z,1.0,0.001,2026-07-26T22:38:50Z
highest-temperature-in-jeddah-on-july-26-2026-37c,highest-temperature-in-jeddah-on-july-26-2026,jeddah,2026-07-26,2026-07-24T04:05:22Z,1.0,0.001,2026-07-26T22:38:50Z
highest-temperature-in-jeddah-on-july-26-2026-38c,highest-temperature-in-jeddah-on-july-26-2026,jeddah,2026-07-26,2026-07-24T04:05:22Z,1.0,0.001,2026-07-26T22:38:50Z
highest-temperature-in-jeddah-on-july-26-2026-39c,highest-temperature-in-jeddah-on-july-26-2026,jeddah,2026-07-26,2026-07-24T04:05:22Z,1.0,0.001,2026-07-26T22:38:50Z
highest-temperature-in-jeddah-on-july-26-2026-40c,highest-temperature-in-jeddah-on-july-26-2026,jeddah,2026-07-26,2026-07-24T04:05:22Z,1.0,1.0,2026-07-26T22:44:02Z
highest-temperature-in-jeddah-on-july-26-2026-41c,highest-temperature-in-jeddah-on-july-26-2026,jeddah,2026-07-26,2026-07-24T04:05:22Z,1.0,0.001,2026-07-26T22:38:50Z
highest-temperature-in-jeddah-on-july-26-2026-42corhigher,highest-temperature-in-jeddah-on-july-26-2026,jeddah,2026-07-26,2026-07-24T04:05:22Z,1.0,0.001,2026-07-26T22:38:50Z
highest-temperature-in-guangzhou-on-july-26-2026-24corbelow,highest-temperature-in-guangzhou-on-july-26-2026,guangzhou,2026-07-26,2026-07-24T04:05:22Z,1.0,0.001,2026-07-26T16:31:30Z
highest-temperature-in-guangzhou-on-july-26-2026-25c,highest-temperature-in-guangzhou-on-july-26-2026,guangzhou,2026-07-26,2026-07-24T04:05:22Z,1.0,0.001,2026-07-26T16:31:30Z
highest-temperature-in-guangzhou-on-july-26-2026-26c,highest-temperature-in-guangzhou-on-july-26-2026,guangzhou,2026-07-26,2026-07-24T04:05:22Z,1.0,0.001,2026-07-26T16:31:30Z
highest-temperature-in-guangzhou-on-july-26-2026-27c,highest-temperature-in-guangzhou-on-july-26-2026,guangzhou,2026-07-26,2026-07-24T04:05:22Z,1.0,0.001,2026-07-26T16:31:30Z
highest-temperature-in-guangzhou-on-july-26-2026-28c,highest-temperature-in-guangzhou-on-july-26-2026,guangzhou,2026-07-26,2026-07-24T04:05:22Z,1.0,0.001,2026-07-26T16:31:30Z
highest-temperature-in-guangzhou-on-july-26-2026-29c,highest-temperature-in-guangzhou-on-july-26-2026,guangzhou,2026-07-26,2026-07-24T04:05:22Z,1.0,1.0,2026-07-26T16:46:40Z
highest-temperature-in-guangzhou-on-july-26-2026-30c,highest-temperature-in-guangzhou-on-july-26-2026,guangzhou,2026-07-26,2026-07-24T04:05:22Z,1.0,0.001,2026-07-26T16:31:30Z
highest-temperature-in-guangzhou-on-july-26-2026-31c,highest-temperature-in-guangzhou-on-july-26-2026,guangzhou,2026-07-26,2026-07-24T04:05:22Z,1.0,0.001,2026-07-26T16:31:30Z
highest-temperature-in-guangzhou-on-july-26-2026-32c,highest-temperature-in-guangzhou-on-july-26-2026,guangzhou,2026-07-26,2026-07-24T04:05:22Z,1.0,0.001,2026-07-26T16:31:30Z
highest-temperature-in-guangzhou-on-july-26-2026-33c,highest-temperature-in-guangzhou-on-july-26-2026,guangzhou,2026-07-26,2026-07-24T04:05:22Z,1.0,0.001,2026-07-26T16:31:30Z
highest-temperature-in-guangzhou-on-july-26-2026-34corhigher,highest-temperature-in-guangzhou-on-july-26-2026,guangzhou,2026-07-26,2026-07-24T04:05:22Z,1.0,0.001,2026-07-26T16:31:30Z
highest-temperature-in-qingdao-on-july-26-2026-23corbelow,highest-temperature-in-qingdao-on-july-26-2026,qingdao,2026-07-26,2026-07-24T04:05:22Z,1.0,0.001,2026-07-26T16:26:35Z
highest-temperature-in-qingdao-on-july-26-2026-24c,highest-temperature-in-qingdao-on-july-26-2026,qingdao,2026-07-26,2026-07-24T04:05:22Z,1.0,0.001,2026-07-26T16:26:35Z
highest-temperature-in-qingdao-on-july-26-2026-25c,highest-temperature-in-qingdao-on-july-26-2026,qingdao,2026-07-26,2026-07-24T04:05:22Z,1.0,0.001,2026-07-26T16:26:35Z
highest-temperature-in-qingdao-on-july-26-2026-26c,highest-temperature-in-qingdao-on-july-26-2026,qingdao,2026-07-26,2026-07-24T04:05:22Z,1.0,0.001,2026-07-26T16:26:35Z
highest-temperature-in-qingdao-on-july-26-2026-27c,highest-temperature-in-qingdao-on-july-26-2026,qingdao,2026-07-26,2026-07-24T04:05:22Z,1.0,0.001,2026-07-26T16:26:35Z
highest-temperature-in-qingdao-on-july-26-2026-28c,highest-temperature-in-qingdao-on-july-26-2026,qingdao,2026-07-26,2026-07-24T04:05:22Z,1.0,0.001,2026-07-26T16:31:30Z
highest-temperature-in-qingdao-on-july-26-2026-29c,highest-temperature-in-qingdao-on-july-26-2026,qingdao,2026-07-26,2026-07-24T04:05:22Z,1.0,0.001,2026-07-26T16:31:30Z
highest-temperature-in-qingdao-on-july-26-2026-30c,highest-temperature-in-qingdao-on-july-26-2026,qingdao,2026-07-26,2026-07-24T04:05:22Z,1.0,0.001,2026-07-26T16:31:30Z
highest-temperature-in-qingdao-on-july-26-2026-31c,highest-temperature-in-qingdao-on-july-26-2026,qingdao,2026-07-26,2026-07-24T04:05:22Z,1.0,1.0,2026-07-26T16:35:29Z
highest-temperature-in-qingdao-on-july-26-2026-32c,highest-temperature-in-qingdao-on-july-26-2026,qingdao,2026-07-26,2026-07-24T04:05:22Z,1.0,0.001,2026-07-26T16:31:30Z
highest-temperature-in-qingdao-on-july-26-2026-33corhigher,highest-temperature-in-qingdao-on-july-26-2026,qingdao,2026-07-26,2026-07-24T04:05:22Z,1.0,0.001,2026-07-26T16:31:30Z
highest-temperature-in-manila-on-july-26-2026-26corbelow,highest-temperature-in-manila-on-july-26-2026,manila,2026-07-26,2026-07-24T04:05:22Z,1.0,0.001,2026-07-26T16:26:35Z
highest-temperature-in-manila-on-july-26-2026-27c,highest-temperature-in-manila-on-july-26-2026,manila,2026-07-26,2026-07-24T04:05:22Z,1.0,0.001,2026-07-26T16:26:35Z
highest-temperature-in-manila-on-july-26-2026-28c,highest-temperature-in-manila-on-july-26-2026,manila,2026-07-26,2026-07-24T04:05:22Z,1.0,0.001,2026-07-26T16:26:35Z
highest-temperature-in-manila-on-july-26-2026-29c,highest-temperature-in-manila-on-july-26-2026,manila,2026-07-26,2026-07-24T04:05:22Z,1.0,0.001,2026-07-26T16:26:35Z
highest-temperature-in-manila-on-july-26-2026-30c,highest-temperature-in-manila-on-july-26-2026,manila,2026-07-26,2026-07-24T04:05:22Z,1.0,0.001,2026-07-26T16:26:35Z
highest-temperature-in-manila-on-july-26-2026-31c,highest-temperature-in-manila-on-july-26-2026,manila,2026-07-26,2026-07-24T04:05:22Z,1.0,1.0,2026-07-26T16:46:40Z
highest-temperature-in-manila-on-july-26-2026-32c,highest-temperature-in-manila-on-july-26-2026,manila,2026-07-26,2026-07-24T04:05:22Z,1.0,0.001,2026-07-26T16:26:35Z
highest-temperature-in-manila-on-july-26-2026-33c,highest-temperature-in-manila-on-july-26-2026,manila,2026-07-26,2026-07-24T04:05:22Z,1.0,0.001,2026-07-26T16:26:35Z
highest-temperature-in-manila-on-july-26-2026-34c,highest-temperature-in-manila-on-july-26-2026,manila,2026-07-26,2026-07-24T04:05:22Z,1.0,0.001,2026-07-26T16:26:35Z
highest-temperature-in-manila-on-july-26-2026-35c,highest-temperature-in-manila-on-july-26-2026,manila,2026-07-26,2026-07-24T04:05:22Z,1.0,0.001,2026-07-26T16:26:35Z
highest-temperature-in-manila-on-july-26-2026-36corhigher,highest-temperature-in-manila-on-july-26-2026,manila,2026-07-26,2026-07-24T04:05:22Z,1.0,0.001,2026-07-26T16:26:35Z
highest-temperature-in-lucknow-on-july-26-2026-28corbelow,highest-temperature-in-lucknow-on-july-26-2026,lucknow,2026-07-26,2026-07-24T05:05:31Z,0.02,0.001,2026-07-26T20:43:04Z
highest-temperature-in-lucknow-on-july-26-2026-29c,highest-temperature-in-lucknow-on-july-26-2026,lucknow,2026-07-26,2026-07-24T05:05:31Z,0.01,0.001,2026-07-26T20:43:04Z
highest-temperature-in-lucknow-on-july-26-2026-30c,highest-temperature-in-lucknow-on-july-26-2026,lucknow,2026-07-26,2026-07-24T05:05:31Z,0.07,0.001,2026-07-26T20:43:04Z
highest-temperature-in-lucknow-on-july-26-2026-31c,highest-temperature-in-lucknow-on-july-26-2026,lucknow,2026-07-26,2026-07-24T05:05:31Z,0.07,0.001,2026-07-26T20:43:04Z
highest-temperature-in-lucknow-on-july-26-2026-32c,highest-temperature-in-lucknow-on-july-26-2026,lucknow,2026-07-26,2026-07-24T05:05:31Z,0.98,0.001,2026-07-26T20:43:04Z
highest-temperature-in-lucknow-on-july-26-2026-33c,highest-temperature-in-lucknow-on-july-26-2026,lucknow,2026-07-26,2026-07-24T05:05:31Z,0.98,0.001,2026-07-26T20:43:04Z
highest-temperature-in-lucknow-on-july-26-2026-34c,highest-temperature-in-lucknow-on-july-26-2026,lucknow,2026-07-26,2026-07-24T05:05:31Z,0.98,0.001,2026-07-26T20:43:04Z
highest-temperature-in-lucknow-on-july-26-2026-35c,highest-temperature-in-lucknow-on-july-26-2026,lucknow,2026-07-26,2026-07-24T05:05:31Z,0.98,0.001,2026-07-26T20:43:04Z
highest-temperature-in-lucknow-on-july-26-2026-36c,highest-temperature-in-lucknow-on-july-26-2026,lucknow,2026-07-26,2026-07-24T05:05:31Z,1.0,1.0,2026-07-26T20:51:02Z
highest-temperature-in-lucknow-on-july-26-2026-37c,highest-temperature-in-lucknow-on-july-26-2026,lucknow,2026-07-26,2026-07-24T05:05:31Z,0.15,0.001,2026-07-26T20:43:04Z
highest-temperature-in-lucknow-on-july-26-2026-38corhigher,highest-temperature-in-lucknow-on-july-26-2026,lucknow,2026-07-26,2026-07-24T05:05:31Z,0.07,0.001,2026-07-26T20:43:04Z
highest-temperature-in-cape-town-on-july-26-2026-14corbelow,highest-temperature-in-cape-town-on-july-26-2026,cape-town,2026-07-26,2026-07-24T05:05:31Z,1.0,0.001,2026-07-26T22:54:08Z
highest-temperature-in-cape-town-on-july-26-2026-15c,highest-temperature-in-cape-town-on-july-26-2026,cape-town,2026-07-26,2026-07-24T05:05:31Z,1.0,0.001,2026-07-26T22:54:08Z
highest-temperature-in-cape-town-on-july-26-2026-16c,highest-temperature-in-cape-town-on-july-26-2026,cape-town,2026-07-26,2026-07-24T05:05:31Z,1.0,0.001,2026-07-26T22:54:08Z
highest-temperature-in-cape-town-on-july-26-2026-17c,highest-temperature-in-cape-town-on-july-26-2026,cape-town,2026-07-26,2026-07-24T05:05:31Z,1.0,0.001,2026-07-26T22:54:08Z
highest-temperature-in-cape-town-on-july-26-2026-18c,highest-temperature-in-cape-town-on-july-26-2026,cape-town,2026-07-26,2026-07-24T05:05:31Z,1.0,0.001,2026-07-26T22:54:08Z
highest-temperature-in-cape-town-on-july-26-2026-19c,highest-temperature-in-cape-town-on-july-26-2026,cape-town,2026-07-26,2026-07-24T05:05:31Z,1.0,0.001,2026-07-26T22:54:08Z
highest-temperature-in-cape-town-on-july-26-2026-20c,highest-temperature-in-cape-town-on-july-26-2026,cape-town,2026-07-26,2026-07-24T05:05:31Z,1.0,0.001,2026-07-26T22:54:08Z
highest-temperature-in-cape-town-on-july-26-2026-21c,highest-temperature-in-cape-town-on-july-26-2026,cape-town,2026-07-26,2026-07-24T05:05:31Z,1.0,0.001,2026-07-26T22:54:08Z
highest-temperature-in-cape-town-on-july-26-2026-22c,highest-temperature-in-cape-town-on-july-26-2026,cape-town,2026-07-26,2026-07-24T05:05:31Z,1.0,0.001,2026-07-26T22:54:08Z
highest-temperature-in-cape-town-on-july-26-2026-23c,highest-temperature-in-cape-town-on-july-26-2026,cape-town,2026-07-26,2026-07-24T05:05:31Z,1.0,0.001,2026-07-26T22:54:08Z
highest-temperature-in-cape-town-on-july-26-2026-24corhigher,highest-temperature-in-cape-town-on-july-26-2026,cape-town,2026-07-26,2026-07-24T05:05:31Z,1.0,1.0,2026-07-26T23:00:21Z
highest-temperature-in-karachi-on-july-26-2026-28corbelow,highest-temperature-in-karachi-on-july-26-2026,karachi,2026-07-26,2026-07-24T05:05:31Z,1.0,0.001,2026-07-26T20:53:06Z
highest-temperature-in-karachi-on-july-26-2026-29c,highest-temperature-in-karachi-on-july-26-2026,karachi,2026-07-26,2026-07-24T05:05:31Z,1.0,0.001,2026-07-26T20:53:06Z
highest-temperature-in-karachi-on-july-26-2026-30c,highest-temperature-in-karachi-on-july-26-2026,karachi,2026-07-26,2026-07-24T05:05:31Z,1.0,0.001,2026-07-26T20:53:06Z
highest-temperature-in-karachi-on-july-26-2026-31c,highest-temperature-in-karachi-on-july-26-2026,karachi,2026-07-26,2026-07-24T05:05:31Z,1.0,0.001,2026-07-26T20:53:06Z
highest-temperature-in-karachi-on-july-26-2026-32c,highest-temperature-in-karachi-on-july-26-2026,karachi,2026-07-26,2026-07-24T05:05:31Z,1.0,0.001,2026-07-26T20:53:06Z
highest-temperature-in-karachi-on-july-26-2026-33c,highest-temperature-in-karachi-on-july-26-2026,karachi,2026-07-26,2026-07-24T05:05:31Z,1.0,0.001,2026-07-26T20:53:06Z
highest-temperature-in-karachi-on-july-26-2026-34c,highest-temperature-in-karachi-on-july-26-2026,karachi,2026-07-26,2026-07-24T05:05:31Z,1.0,0.001,2026-07-26T20:53:06Z
highest-temperature-in-karachi-on-july-26-2026-35c,highest-temperature-in-karachi-on-july-26-2026,karachi,2026-07-26,2026-07-24T05:05:31Z,1.0,1.0,2026-07-26T21:21:01Z
highest-temperature-in-karachi-on-july-26-2026-36c,highest-temperature-in-karachi-on-july-26-2026,karachi,2026-07-26,2026-07-24T05:05:31Z,1.0,0.001,2026-07-26T20:53:06Z
highest-temperature-in-karachi-on-july-26-2026-37c,highest-temperature-in-karachi-on-july-26-2026,karachi,2026-07-26,2026-07-24T05:05:31Z,1.0,0.001,2026-07-26T20:53:06Z
highest-temperature-in-karachi-on-july-26-2026-38corhigher,highest-temperature-in-karachi-on-july-26-2026,karachi,2026-07-26,2026-07-24T05:05:31Z,1.0,0.001,2026-07-26T20:53:06Z
highest-temperature-in-sao-paulo-on-july-26-2026-16corbelow,highest-temperature-in-sao-paulo-on-july-26-2026,sao-paulo,2026-07-26,2026-07-25T01:06:16Z,0.01,0.001,2026-07-27T03:26:27Z
highest-temperature-in-sao-paulo-on-july-26-2026-17c,highest-temperature-in-sao-paulo-on-july-26-2026,sao-paulo,2026-07-26,2026-07-25T01:06:16Z,0.02,0.001,2026-07-27T03:26:27Z
highest-temperature-in-sao-paulo-on-july-26-2026-18c,highest-temperature-in-sao-paulo-on-july-26-2026,sao-paulo,2026-07-26,2026-07-25T01:06:16Z,0.02,0.001,2026-07-27T03:26:27Z
highest-temperature-in-sao-paulo-on-july-26-2026-19c,highest-temperature-in-sao-paulo-on-july-26-2026,sao-paulo,2026-07-26,2026-07-25T01:06:16Z,0.02,0.001,2026-07-27T03:26:27Z
highest-temperature-in-sao-paulo-on-july-26-2026-20c,highest-temperature-in-sao-paulo-on-july-26-2026,sao-paulo,2026-07-26,2026-07-25T01:06:16Z,0.02,0.001,2026-07-27T03:26:27Z
highest-temperature-in-sao-paulo-on-july-26-2026-21c,highest-temperature-in-sao-paulo-on-july-26-2026,sao-paulo,2026-07-26,2026-07-25T01:06:16Z,0.04,0.001,2026-07-27T03:26:27Z
highest-temperature-in-sao-paulo-on-july-26-2026-22c,highest-temperature-in-sao-paulo-on-july-26-2026,sao-paulo,2026-07-26,2026-07-25T01:06:16Z,0.99,0.001,2026-07-27T03:26:27Z
highest-temperature-in-sao-paulo-on-july-26-2026-23c,highest-temperature-in-sao-paulo-on-july-26-2026,sao-paulo,2026-07-26,2026-07-25T01:06:16Z,0.99,0.001,2026-07-27T03:26:27Z
highest-temperature-in-sao-paulo-on-july-26-2026-24c,highest-temperature-in-sao-paulo-on-july-26-2026,sao-paulo,2026-07-26,2026-07-25T01:06:16Z,0.99,0.001,2026-07-27T03:26:27Z
highest-temperature-in-sao-paulo-on-july-26-2026-25c,highest-temperature-in-sao-paulo-on-july-26-2026,sao-paulo,2026-07-26,2026-07-25T01:06:16Z,1.0,1.0,2026-07-27T03:31:38Z
highest-temperature-in-sao-paulo-on-july-26-2026-26corhigher,highest-temperature-in-sao-paulo-on-july-26-2026,sao-paulo,2026-07-26,2026-07-25T01:06:16Z,0.42,0.001,2026-07-27T03:26:27Z
highest-temperature-in-buenos-aires-on-july-26-2026-14corbelow,highest-temperature-in-buenos-aires-on-july-26-2026,buenos-aires,2026-07-26,2026-07-25T01:06:16Z,0.02,0.001,2026-07-27T03:26:27Z
highest-temperature-in-buenos-aires-on-july-26-2026-15c,highest-temperature-in-buenos-aires-on-july-26-2026,buenos-aires,2026-07-26,2026-07-25T01:06:16Z,0.02,0.001,2026-07-27T03:26:27Z
highest-temperature-in-buenos-aires-on-july-26-2026-16c,highest-temperature-in-buenos-aires-on-july-26-2026,buenos-aires,2026-07-26,2026-07-25T01:06:16Z,0.04,0.001,2026-07-27T03:26:27Z
highest-temperature-in-buenos-aires-on-july-26-2026-17c,highest-temperature-in-buenos-aires-on-july-26-2026,buenos-aires,2026-07-26,2026-07-25T01:06:16Z,0.94,0.001,2026-07-27T03:26:27Z
highest-temperature-in-buenos-aires-on-july-26-2026-18c,highest-temperature-in-buenos-aires-on-july-26-2026,buenos-aires,2026-07-26,2026-07-25T01:06:16Z,0.94,0.001,2026-07-27T03:26:27Z
highest-temperature-in-buenos-aires-on-july-26-2026-19c,highest-temperature-in-buenos-aires-on-july-26-2026,buenos-aires,2026-07-26,2026-07-25T01:06:16Z,0.94,0.001,2026-07-27T03:26:27Z
highest-temperature-in-buenos-aires-on-july-26-2026-20c,highest-temperature-in-buenos-aires-on-july-26-2026,buenos-aires,2026-07-26,2026-07-25T01:06:16Z,1.0,1.0,2026-07-27T03:41:20Z
highest-temperature-in-buenos-aires-on-july-26-2026-21c,highest-temperature-in-buenos-aires-on-july-26-2026,buenos-aires,2026-07-26,2026-07-25T01:06:16Z,0.94,0.001,2026-07-27T03:26:27Z
highest-temperature-in-buenos-aires-on-july-26-2026-22c,highest-temperature-in-buenos-aires-on-july-26-2026,buenos-aires,2026-07-26,2026-07-25T01:06:16Z,0.16,0.001,2026-07-27T03:26:27Z
highest-temperature-in-buenos-aires-on-july-26-2026-23c,highest-temperature-in-buenos-aires-on-july-26-2026,buenos-aires,2026-07-26,2026-07-25T01:06:16Z,0.07,0.001,2026-07-27T03:26:27Z
highest-temperature-in-buenos-aires-on-july-26-2026-24corhigher,highest-temperature-in-buenos-aires-on-july-26-2026,buenos-aires,2026-07-26,2026-07-25T01:06:16Z,0.07,0.001,2026-07-27T03:26:27Z
highest-temperature-in-toronto-on-july-26-2026-25corbelow,highest-temperature-in-toronto-on-july-26-2026,toronto,2026-07-26,2026-07-25T01:06:16Z,0.98,0.001,2026-07-27T04:27:10Z
highest-temperature-in-toronto-on-july-26-2026-26c,highest-temperature-in-toronto-on-july-26-2026,toronto,2026-07-26,2026-07-25T01:06:16Z,0.98,0.001,2026-07-27T04:27:10Z
highest-temperature-in-toronto-on-july-26-2026-27c,highest-temperature-in-toronto-on-july-26-2026,toronto,2026-07-26,2026-07-25T01:06:16Z,1.0,1.0,2026-07-27T04:36:28Z
highest-temperature-in-toronto-on-july-26-2026-28c,highest-temperature-in-toronto-on-july-26-2026,toronto,2026-07-26,2026-07-25T01:06:16Z,0.99,0.001,2026-07-27T04:27:10Z
highest-temperature-in-toronto-on-july-26-2026-29c,highest-temperature-in-toronto-on-july-26-2026,toronto,2026-07-26,2026-07-25T01:06:16Z,0.99,0.001,2026-07-27T04:27:10Z
highest-temperature-in-toronto-on-july-26-2026-30c,highest-temperature-in-toronto-on-july-26-2026,toronto,2026-07-26,2026-07-25T01:06:16Z,0.99,0.001,2026-07-27T04:27:10Z
highest-temperature-in-toronto-on-july-26-2026-31c,highest-temperature-in-toronto-on-july-26-2026,toronto,2026-07-26,2026-07-25T01:06:16Z,0.99,0.001,2026-07-27T04:27:10Z
highest-temperature-in-toronto-on-july-26-2026-32c,highest-temperature-in-toronto-on-july-26-2026,toronto,2026-07-26,2026-07-25T01:06:16Z,0.99,0.001,2026-07-27T04:27:10Z
highest-temperature-in-toronto-on-july-26-2026-33c,highest-temperature-in-toronto-on-july-26-2026,toronto,2026-07-26,2026-07-25T01:06:16Z,0.97,0.001,2026-07-27T04:27:10Z
highest-temperature-in-toronto-on-july-26-2026-34c,highest-temperature-in-toronto-on-july-26-2026,toronto,2026-07-26,2026-07-25T01:06:16Z,0.99,0.001,2026-07-27T04:27:10Z
highest-temperature-in-toronto-on-july-26-2026-35corhigher,highest-temperature-in-toronto-on-july-26-2026,toronto,2026-07-26,2026-07-25T01:06:16Z,0.99,0.001,2026-07-27T04:27:10Z
highest-temperature-in-seattle-on-july-26-2026-63forbelow,highest-temperature-in-seattle-on-july-26-2026,seattle,2026-07-26,2026-07-25T01:06:16Z,0.07,0.001,2026-07-27T08:28:44Z
highest-temperature-in-seattle-on-july-26-2026-64-65f,highest-temperature-in-seattle-on-july-26-2026,seattle,2026-07-26,2026-07-25T01:06:16Z,0.07,0.001,2026-07-27T08:28:44Z
highest-temperature-in-seattle-on-july-26-2026-66-67f,highest-temperature-in-seattle-on-july-26-2026,seattle,2026-07-26,2026-07-25T01:06:16Z,0.96,0.001,2026-07-27T08:28:44Z
highest-temperature-in-seattle-on-july-26-2026-68-69f,highest-temperature-in-seattle-on-july-26-2026,seattle,2026-07-26,2026-07-25T01:06:16Z,0.96,0.001,2026-07-27T08:28:44Z
highest-temperature-in-seattle-on-july-26-2026-70-71f,highest-temperature-in-seattle-on-july-26-2026,seattle,2026-07-26,2026-07-25T01:06:16Z,0.96,0.001,2026-07-27T08:28:44Z
highest-temperature-in-seattle-on-july-26-2026-72-73f,highest-temperature-in-seattle-on-july-26-2026,seattle,2026-07-26,2026-07-25T01:06:16Z,1.0,1.0,2026-07-27T08:34:01Z
highest-temperature-in-seattle-on-july-26-2026-74-75f,highest-temperature-in-seattle-on-july-26-2026,seattle,2026-07-26,2026-07-25T01:06:16Z,0.96,0.001,2026-07-27T08:28:44Z
highest-temperature-in-seattle-on-july-26-2026-76-77f,highest-temperature-in-seattle-on-july-26-2026,seattle,2026-07-26,2026-07-25T01:06:16Z,0.11,0.001,2026-07-27T08:28:44Z
highest-temperature-in-seattle-on-july-26-2026-78-79f,highest-temperature-in-seattle-on-july-26-2026,seattle,2026-07-26,2026-07-25T01:06:16Z,0.07,0.001,2026-07-27T08:28:44Z
highest-temperature-in-seattle-on-july-26-2026-80-81f,highest-temperature-in-seattle-on-july-26-2026,seattle,2026-07-26,2026-07-25T01:06:16Z,0.07,0.001,2026-07-27T08:28:44Z
highest-temperature-in-seattle-on-july-26-2026-82forhigher,highest-temperature-in-seattle-on-july-26-2026,seattle,2026-07-26,2026-07-25T01:06:16Z,0.07,0.001,2026-07-27T08:28:44Z
highest-temperature-in-nyc-on-july-26-2026-77forbelow,highest-temperature-in-nyc-on-july-26-2026,nyc,2026-07-26,2026-07-25T01:06:16Z,0.37,0.001,2026-07-27T05:17:29Z
highest-temperature-in-nyc-on-july-26-2026-78-79f,highest-temperature-in-nyc-on-july-26-2026,nyc,2026-07-26,2026-07-25T01:06:16Z,0.37,0.001,2026-07-27T05:17:29Z
highest-temperature-in-nyc-on-july-26-2026-80-81f,highest-temperature-in-nyc-on-july-26-2026,nyc,2026-07-26,2026-07-25T01:06:16Z,0.37,0.001,2026-07-27T05:17:29Z
highest-temperature-in-nyc-on-july-26-2026-82-83f,highest-temperature-in-nyc-on-july-26-2026,nyc,2026-07-26,2026-07-25T01:06:16Z,1.0,1.0,2026-07-27T05:22:41Z
highest-temperature-in-nyc-on-july-26-2026-84-85f,highest-temperature-in-nyc-on-july-26-2026,nyc,2026-07-26,2026-07-25T01:06:16Z,0.46,0.001,2026-07-27T05:17:29Z
highest-temperature-in-nyc-on-july-26-2026-86-87f,highest-temperature-in-nyc-on-july-26-2026,nyc,2026-07-26,2026-07-25T01:06:16Z,0.37,0.001,2026-07-27T05:17:29Z
highest-temperature-in-nyc-on-july-26-2026-88-89f,highest-temperature-in-nyc-on-july-26-2026,nyc,2026-07-26,2026-07-25T01:06:16Z,0.37,0.001,2026-07-27T05:17:29Z
highest-temperature-in-nyc-on-july-26-2026-90-91f,highest-temperature-in-nyc-on-july-26-2026,nyc,2026-07-26,2026-07-25T01:06:16Z,0.37,0.001,2026-07-27T05:17:29Z
highest-temperature-in-nyc-on-july-26-2026-92-93f,highest-temperature-in-nyc-on-july-26-2026,nyc,2026-07-26,2026-07-25T01:06:16Z,0.37,0.001,2026-07-27T05:17:29Z
highest-temperature-in-nyc-on-july-26-2026-94-95f,highest-temperature-in-nyc-on-july-26-2026,nyc,2026-07-26,2026-07-25T01:06:16Z,0.37,0.001,2026-07-27T05:17:29Z
highest-temperature-in-nyc-on-july-26-2026-96forhigher,highest-temperature-in-nyc-on-july-26-2026,nyc,2026-07-26,2026-07-25T01:06:16Z,0.37,0.001,2026-07-27T05:17:29Z
highest-temperature-in-dallas-on-july-26-2026-95forbelow,highest-temperature-in-dallas-on-july-26-2026,dallas,2026-07-26,2026-07-25T01:06:16Z,0.07,0.001,2026-07-27T06:18:00Z
highest-temperature-in-dallas-on-july-26-2026-96-97f,highest-temperature-in-dallas-on-july-26-2026,dallas,2026-07-26,2026-07-25T01:06:16Z,0.3,0.001,2026-07-27T06:18:00Z
highest-temperature-in-dallas-on-july-26-2026-98-99f,highest-temperature-in-dallas-on-july-26-2026,dallas,2026-07-26,2026-07-25T01:06:16Z,1.0,1.0,2026-07-27T06:48:09Z
highest-temperature-in-dallas-on-july-26-2026-100-101f,highest-temperature-in-dallas-on-july-26-2026,dallas,2026-07-26,2026-07-25T01:06:16Z,0.68,0.001,2026-07-27T06:18:00Z
highest-temperature-in-dallas-on-july-26-2026-102-103f,highest-temperature-in-dallas-on-july-26-2026,dallas,2026-07-26,2026-07-25T01:06:16Z,0.37,0.001,2026-07-27T06:18:00Z
highest-temperature-in-dallas-on-july-26-2026-104-105f,highest-temperature-in-dallas-on-july-26-2026,dallas,2026-07-26,2026-07-25T01:06:16Z,0.36,0.001,2026-07-27T06:18:00Z
highest-temperature-in-dallas-on-july-26-2026-106-107f,highest-temperature-in-dallas-on-july-26-2026,dallas,2026-07-26,2026-07-25T01:06:16Z,0.37,0.001,2026-07-27T06:18:00Z
highest-temperature-in-dallas-on-july-26-2026-108-109f,highest-temperature-in-dallas-on-july-26-2026,dallas,2026-07-26,2026-07-25T01:06:16Z,0.07,0.001,2026-07-27T06:18:00Z
highest-temperature-in-dallas-on-july-26-2026-110-111f,highest-temperature-in-dallas-on-july-26-2026,dallas,2026-07-26,2026-07-25T01:06:16Z,0.07,0.001,2026-07-27T06:18:00Z
highest-temperature-in-dallas-on-july-26-2026-112-113f,highest-temperature-in-dallas-on-july-26-2026,dallas,2026-07-26,2026-07-25T01:06:16Z,0.07,0.001,2026-07-27T06:18:00Z
highest-temperature-in-dallas-on-july-26-2026-114forhigher,highest-temperature-in-dallas-on-july-26-2026,dallas,2026-07-26,2026-07-25T01:06:16Z,0.07,0.001,2026-07-27T06:18:00Z
highest-temperature-in-atlanta-on-july-26-2026-79forbelow,highest-temperature-in-atlanta-on-july-26-2026,atlanta,2026-07-26,2026-07-25T01:06:16Z,0.07,0.001,2026-07-27T05:17:29Z
highest-temperature-in-atlanta-on-july-26-2026-80-81f,highest-temperature-in-atlanta-on-july-26-2026,atlanta,2026-07-26,2026-07-25T01:06:16Z,0.07,0.001,2026-07-27T05:17:29Z
highest-temperature-in-atlanta-on-july-26-2026-82-83f,highest-temperature-in-atlanta-on-july-26-2026,atlanta,2026-07-26,2026-07-25T01:06:16Z,0.07,0.001,2026-07-27T05:17:29Z
highest-temperature-in-atlanta-on-july-26-2026-84-85f,highest-temperature-in-atlanta-on-july-26-2026,atlanta,2026-07-26,2026-07-25T01:06:16Z,0.94,0.001,2026-07-27T05:17:29Z
highest-temperature-in-atlanta-on-july-26-2026-86-87f,highest-temperature-in-atlanta-on-july-26-2026,atlanta,2026-07-26,2026-07-25T01:06:16Z,0.94,0.001,2026-07-27T05:17:29Z
highest-temperature-in-atlanta-on-july-26-2026-88-89f,highest-temperature-in-atlanta-on-july-26-2026,atlanta,2026-07-26,2026-07-25T01:06:16Z,0.94,0.001,2026-07-27T05:17:29Z
highest-temperature-in-atlanta-on-july-26-2026-90-91f,highest-temperature-in-atlanta-on-july-26-2026,atlanta,2026-07-26,2026-07-25T01:06:16Z,1.0,1.0,2026-07-27T05:27:26Z
highest-temperature-in-atlanta-on-july-26-2026-92-93f,highest-temperature-in-atlanta-on-july-26-2026,atlanta,2026-07-26,2026-07-25T01:06:16Z,0.94,0.001,2026-07-27T05:17:29Z
highest-temperature-in-atlanta-on-july-26-2026-94-95f,highest-temperature-in-atlanta-on-july-26-2026,atlanta,2026-07-26,2026-07-25T01:06:16Z,0.09,0.001,2026-07-27T05:17:29Z
highest-temperature-in-atlanta-on-july-26-2026-96-97f,highest-temperature-in-atlanta-on-july-26-2026,atlanta,2026-07-26,2026-07-25T01:06:16Z,0.07,0.001,2026-07-27T05:17:29Z
highest-temperature-in-atlanta-on-july-26-2026-98forhigher,highest-temperature-in-atlanta-on-july-26-2026,atlanta,2026-07-26,2026-07-25T01:06:16Z,0.07,0.001,2026-07-27T05:17:29Z
highest-temperature-in-miami-on-july-26-2026-79forbelow,highest-temperature-in-miami-on-july-26-2026,miami,2026-07-26,2026-07-25T01:06:16Z,0.07,0.001,2026-07-27T05:17:29Z
highest-temperature-in-miami-on-july-26-2026-80-81f,highest-temperature-in-miami-on-july-26-2026,miami,2026-07-26,2026-07-25T01:06:16Z,0.01,0.001,2026-07-27T05:17:29Z
highest-temperature-in-miami-on-july-26-2026-82-83f,highest-temperature-in-miami-on-july-26-2026,miami,2026-07-26,2026-07-25T01:06:16Z,0.07,0.001,2026-07-27T05:17:29Z
highest-temperature-in-miami-on-july-26-2026-84-85f,highest-temperature-in-miami-on-july-26-2026,miami,2026-07-26,2026-07-25T01:06:16Z,0.99,0.001,2026-07-27T05:17:29Z
highest-temperature-in-miami-on-july-26-2026-86-87f,highest-temperature-in-miami-on-july-26-2026,miami,2026-07-26,2026-07-25T01:06:16Z,0.99,0.001,2026-07-27T05:17:29Z
highest-temperature-in-miami-on-july-26-2026-88-89f,highest-temperature-in-miami-on-july-26-2026,miami,2026-07-26,2026-07-25T01:06:16Z,0.99,0.001,2026-07-27T05:17:29Z
highest-temperature-in-miami-on-july-26-2026-90-91f,highest-temperature-in-miami-on-july-26-2026,miami,2026-07-26,2026-07-25T01:06:16Z,0.99,0.001,2026-07-27T05:17:29Z
highest-temperature-in-miami-on-july-26-2026-92-93f,highest-temperature-in-miami-on-july-26-2026,miami,2026-07-26,2026-07-25T01:06:16Z,0.99,0.001,2026-07-27T05:17:29Z
highest-temperature-in-miami-on-july-26-2026-94-95f,highest-temperature-in-miami-on-july-26-2026,miami,2026-07-26,2026-07-25T01:06:16Z,1.0,1.0,2026-07-27T05:27:26Z
highest-temperature-in-miami-on-july-26-2026-96-97f,highest-temperature-in-miami-on-july-26-2026,miami,2026-07-26,2026-07-25T01:06:16Z,0.1,0.001,2026-07-27T05:17:29Z
highest-temperature-in-miami-on-july-26-2026-98forhigher,highest-temperature-in-miami-on-july-26-2026,miami,2026-07-26,2026-07-25T01:06:16Z,0.07,0.001,2026-07-27T05:17:29Z
highest-temperature-in-chicago-on-july-26-2026-85forbelow,highest-temperature-in-chicago-on-july-26-2026,chicago,2026-07-26,2026-07-25T01:06:16Z,0.98,0.001,2026-07-27T06:18:00Z
highest-temperature-in-chicago-on-july-26-2026-86-87f,highest-temperature-in-chicago-on-july-26-2026,chicago,2026-07-26,2026-07-25T01:06:16Z,0.98,0.001,2026-07-27T06:18:00Z
highest-temperature-in-chicago-on-july-26-2026-88-89f,highest-temperature-in-chicago-on-july-26-2026,chicago,2026-07-26,2026-07-25T01:06:16Z,0.99,0.001,2026-07-27T06:18:00Z
highest-temperature-in-chicago-on-july-26-2026-90-91f,highest-temperature-in-chicago-on-july-26-2026,chicago,2026-07-26,2026-07-25T01:06:16Z,1.0,1.0,2026-07-27T06:23:08Z
highest-temperature-in-chicago-on-july-26-2026-92-93f,highest-temperature-in-chicago-on-july-26-2026,chicago,2026-07-26,2026-07-25T01:06:16Z,0.99,0.001,2026-07-27T06:18:00Z
highest-temperature-in-chicago-on-july-26-2026-94-95f,highest-temperature-in-chicago-on-july-26-2026,chicago,2026-07-26,2026-07-25T01:06:16Z,0.18,0.001,2026-07-27T06:18:00Z
highest-temperature-in-chicago-on-july-26-2026-96-97f,highest-temperature-in-chicago-on-july-26-2026,chicago,2026-07-26,2026-07-25T01:06:16Z,0.17,0.001,2026-07-27T06:18:00Z
highest-temperature-in-chicago-on-july-26-2026-98-99f,highest-temperature-in-chicago-on-july-26-2026,chicago,2026-07-26,2026-07-25T01:06:16Z,0.07,0.001,2026-07-27T06:18:00Z
highest-temperature-in-chicago-on-july-26-2026-100-101f,highest-temperature-in-chicago-on-july-26-2026,chicago,2026-07-26,2026-07-25T01:06:16Z,0.07,0.001,2026-07-27T06:18:00Z
highest-temperature-in-chicago-on-july-26-2026-102-103f,highest-temperature-in-chicago-on-july-26-2026,chicago,2026-07-26,2026-07-25T01:06:16Z,0.07,0.001,2026-07-27T06:18:00Z
highest-temperature-in-chicago-on-july-26-2026-104forhigher,highest-temperature-in-chicago-on-july-26-2026,chicago,2026-07-26,2026-07-25T01:06:16Z,0.07,0.001,2026-07-27T06:18:00Z
highest-temperature-in-austin-on-july-26-2026-89forbelow,highest-temperature-in-austin-on-july-26-2026,austin,2026-07-26,2026-07-25T01:06:16Z,0.95,0.001,2026-07-27T06:18:00Z
highest-temperature-in-austin-on-july-26-2026-90-91f,highest-temperature-in-austin-on-july-26-2026,austin,2026-07-26,2026-07-25T01:06:16Z,0.95,0.001,2026-07-27T06:18:00Z
highest-temperature-in-austin-on-july-26-2026-92-93f,highest-temperature-in-austin-on-july-26-2026,austin,2026-07-26,2026-07-25T01:06:16Z,0.95,0.001,2026-07-27T06:18:00Z
highest-temperature-in-austin-on-july-26-2026-94-95f,highest-temperature-in-austin-on-july-26-2026,austin,2026-07-26,2026-07-25T01:06:16Z,0.99,0.001,2026-07-27T06:18:00Z
highest-temperature-in-austin-on-july-26-2026-96-97f,highest-temperature-in-austin-on-july-26-2026,austin,2026-07-26,2026-07-25T01:06:16Z,1.0,1.0,2026-07-27T06:23:08Z
highest-temperature-in-austin-on-july-26-2026-98-99f,highest-temperature-in-austin-on-july-26-2026,austin,2026-07-26,2026-07-25T01:06:16Z,0.99,0.001,2026-07-27T06:18:00Z
highest-temperature-in-austin-on-july-26-2026-100-101f,highest-temperature-in-austin-on-july-26-2026,austin,2026-07-26,2026-07-25T01:06:16Z,0.99,0.001,2026-07-27T06:18:00Z
highest-temperature-in-austin-on-july-26-2026-102-103f,highest-temperature-in-austin-on-july-26-2026,austin,2026-07-26,2026-07-25T01:06:16Z,0.99,0.001,2026-07-27T06:18:00Z
highest-temperature-in-austin-on-july-26-2026-104-105f,highest-temperature-in-austin-on-july-26-2026,austin,2026-07-26,2026-07-25T01:06:16Z,0.99,0.001,2026-07-27T06:18:00Z
highest-temperature-in-austin-on-july-26-2026-106-107f,highest-temperature-in-austin-on-july-26-2026,austin,2026-07-26,2026-07-25T01:06:16Z,0.99,0.001,2026-07-27T06:18:00Z
highest-temperature-in-austin-on-july-26-2026-108forhigher,highest-temperature-in-austin-on-july-26-2026,austin,2026-07-26,2026-07-25T01:06:16Z,0.99,0.001,2026-07-27T06:18:00Z
highest-temperature-in-denver-on-july-26-2026-89forbelow,highest-temperature-in-denver-on-july-26-2026,denver,2026-07-26,2026-07-25T01:06:16Z,0.07,0.001,2026-07-27T08:18:31Z
highest-temperature-in-denver-on-july-26-2026-90-91f,highest-temperature-in-denver-on-july-26-2026,denver,2026-07-26,2026-07-25T01:06:16Z,0.07,0.001,2026-07-27T08:18:31Z
highest-temperature-in-denver-on-july-26-2026-92-93f,highest-temperature-in-denver-on-july-26-2026,denver,2026-07-26,2026-07-25T01:06:16Z,0.07,0.001,2026-07-27T08:18:31Z
highest-temperature-in-denver-on-july-26-2026-94-95f,highest-temperature-in-denver-on-july-26-2026,denver,2026-07-26,2026-07-25T01:06:16Z,0.99,0.001,2026-07-27T08:18:31Z
highest-temperature-in-denver-on-july-26-2026-96-97f,highest-temperature-in-denver-on-july-26-2026,denver,2026-07-26,2026-07-25T01:06:16Z,0.99,0.001,2026-07-27T08:18:31Z
highest-temperature-in-denver-on-july-26-2026-98-99f,highest-temperature-in-denver-on-july-26-2026,denver,2026-07-26,2026-07-25T01:06:16Z,1.0,0.001,2026-07-27T08:18:31Z
highest-temperature-in-denver-on-july-26-2026-100-101f,highest-temperature-in-denver-on-july-26-2026,denver,2026-07-26,2026-07-25T01:06:16Z,1.0,1.0,2026-07-27T08:23:48Z
highest-temperature-in-denver-on-july-26-2026-102-103f,highest-temperature-in-denver-on-july-26-2026,denver,2026-07-26,2026-07-25T01:06:16Z,0.99,0.001,2026-07-27T08:18:31Z
highest-temperature-in-denver-on-july-26-2026-104-105f,highest-temperature-in-denver-on-july-26-2026,denver,2026-07-26,2026-07-25T01:06:16Z,0.1,0.001,2026-07-27T08:18:31Z
highest-temperature-in-denver-on-july-26-2026-106-107f,highest-temperature-in-denver-on-july-26-2026,denver,2026-07-26,2026-07-25T01:06:16Z,0.07,0.001,2026-07-27T08:18:31Z
highest-temperature-in-denver-on-july-26-2026-108forhigher,highest-temperature-in-denver-on-july-26-2026,denver,2026-07-26,2026-07-25T01:06:16Z,0.07,0.001,2026-07-27T08:18:31Z
highest-temperature-in-houston-on-july-26-2026-83forbelow,highest-temperature-in-houston-on-july-26-2026,houston,2026-07-26,2026-07-25T01:06:16Z,0.07,0.001,2026-07-27T06:18:00Z
highest-temperature-in-houston-on-july-26-2026-84-85f,highest-temperature-in-houston-on-july-26-2026,houston,2026-07-26,2026-07-25T01:06:16Z,0.07,0.001,2026-07-27T06:18:00Z
highest-temperature-in-houston-on-july-26-2026-86-87f,highest-temperature-in-houston-on-july-26-2026,houston,2026-07-26,2026-07-25T01:06:16Z,0.07,0.001,2026-07-27T06:18:00Z
highest-temperature-in-houston-on-july-26-2026-88-89f,highest-temperature-in-houston-on-july-26-2026,houston,2026-07-26,2026-07-25T01:06:16Z,0.07,0.001,2026-07-27T06:18:00Z
highest-temperature-in-houston-on-july-26-2026-90-91f,highest-temperature-in-houston-on-july-26-2026,houston,2026-07-26,2026-07-25T01:06:16Z,0.99,0.001,2026-07-27T06:18:00Z
highest-temperature-in-houston-on-july-26-2026-92-93f,highest-temperature-in-houston-on-july-26-2026,houston,2026-07-26,2026-07-25T01:06:16Z,0.99,0.001,2026-07-27T06:18:00Z
highest-temperature-in-houston-on-july-26-2026-94-95f,highest-temperature-in-houston-on-july-26-2026,houston,2026-07-26,2026-07-25T01:06:16Z,1.0,1.0,2026-07-27T06:23:08Z
highest-temperature-in-houston-on-july-26-2026-96-97f,highest-temperature-in-houston-on-july-26-2026,houston,2026-07-26,2026-07-25T01:06:16Z,0.99,0.001,2026-07-27T06:18:00Z
highest-temperature-in-houston-on-july-26-2026-98-99f,highest-temperature-in-houston-on-july-26-2026,houston,2026-07-26,2026-07-25T01:06:16Z,1.0,0.001,2026-07-27T06:18:00Z
highest-temperature-in-houston-on-july-26-2026-100-101f,highest-temperature-in-houston-on-july-26-2026,houston,2026-07-26,2026-07-25T01:06:16Z,0.07,0.001,2026-07-27T06:18:00Z
highest-temperature-in-houston-on-july-26-2026-102forhigher,highest-temperature-in-houston-on-july-26-2026,houston,2026-07-26,2026-07-25T01:06:16Z,0.07,0.001,2026-07-27T06:18:00Z
highest-temperature-in-san-francisco-on-july-26-2026-57forbelow,highest-temperature-in-san-francisco-on-july-26-2026,san-francisco,2026-07-26,2026-07-25T01:06:16Z,1.0,0.001,2026-07-27T07:38:27Z
highest-temperature-in-san-francisco-on-july-26-2026-58-59f,highest-temperature-in-san-francisco-on-july-26-2026,san-francisco,2026-07-26,2026-07-25T01:06:16Z,1.0,0.001,2026-07-27T07:38:27Z
highest-temperature-in-san-francisco-on-july-26-2026-60-61f,highest-temperature-in-san-francisco-on-july-26-2026,san-francisco,2026-07-26,2026-07-25T01:06:16Z,1.0,0.001,2026-07-27T07:38:27Z
highest-temperature-in-san-francisco-on-july-26-2026-62-63f,highest-temperature-in-san-francisco-on-july-26-2026,san-francisco,2026-07-26,2026-07-25T01:06:16Z,1.0,0.001,2026-07-27T07:38:27Z
highest-temperature-in-san-francisco-on-july-26-2026-64-65f,highest-temperature-in-san-francisco-on-july-26-2026,san-francisco,2026-07-26,2026-07-25T01:06:16Z,1.0,0.001,2026-07-27T07:38:27Z
highest-temperature-in-san-francisco-on-july-26-2026-66-67f,highest-temperature-in-san-francisco-on-july-26-2026,san-francisco,2026-07-26,2026-07-25T01:06:16Z,1.0,0.001,2026-07-27T07:38:27Z
highest-temperature-in-san-francisco-on-july-26-2026-68-69f,highest-temperature-in-san-francisco-on-july-26-2026,san-francisco,2026-07-26,2026-07-25T01:06:16Z,1.0,1.0,2026-07-27T07:41:50Z
highest-temperature-in-san-francisco-on-july-26-2026-70-71f,highest-temperature-in-san-francisco-on-july-26-2026,san-francisco,2026-07-26,2026-07-25T01:06:16Z,1.0,0.001,2026-07-27T07:38:27Z
highest-temperature-in-san-francisco-on-july-26-2026-72-73f,highest-temperature-in-san-francisco-on-july-26-2026,san-francisco,2026-07-26,2026-07-25T01:06:16Z,1.0,0.001,2026-07-27T07:38:27Z
highest-temperature-in-san-francisco-on-july-26-2026-74-75f,highest-temperature-in-san-francisco-on-july-26-2026,san-francisco,2026-07-26,2026-07-25T01:06:16Z,1.0,0.001,2026-07-27T07:38:27Z
highest-temperature-in-san-francisco-on-july-26-2026-76forhigher,highest-temperature-in-san-francisco-on-july-26-2026,san-francisco,2026-07-26,2026-07-25T01:06:16Z,1.0,0.001,2026-07-27T07:38:27Z
highest-temperature-in-mexico-city-on-july-26-2026-20corbelow,highest-temperature-in-mexico-city-on-july-26-2026,mexico-city,2026-07-26,2026-07-25T01:06:16Z,1.0,0.001,2026-07-27T07:23:19Z
highest-temperature-in-mexico-city-on-july-26-2026-21c,highest-temperature-in-mexico-city-on-july-26-2026,mexico-city,2026-07-26,2026-07-25T01:06:16Z,1.0,0.001,2026-07-27T07:23:19Z
highest-temperature-in-mexico-city-on-july-26-2026-22c,highest-temperature-in-mexico-city-on-july-26-2026,mexico-city,2026-07-26,2026-07-25T01:06:16Z,1.0,0.001,2026-07-27T07:23:19Z
highest-temperature-in-mexico-city-on-july-26-2026-23c,highest-temperature-in-mexico-city-on-july-26-2026,mexico-city,2026-07-26,2026-07-25T01:06:16Z,1.0,0.001,2026-07-27T07:23:19Z
highest-temperature-in-mexico-city-on-july-26-2026-24c,highest-temperature-in-mexico-city-on-july-26-2026,mexico-city,2026-07-26,2026-07-25T01:06:16Z,1.0,1.0,2026-07-27T07:28:28Z
highest-temperature-in-mexico-city-on-july-26-2026-25c,highest-temperature-in-mexico-city-on-july-26-2026,mexico-city,2026-07-26,2026-07-25T01:06:16Z,1.0,0.001,2026-07-27T07:23:19Z
highest-temperature-in-mexico-city-on-july-26-2026-26c,highest-temperature-in-mexico-city-on-july-26-2026,mexico-city,2026-07-26,2026-07-25T01:06:16Z,1.0,0.001,2026-07-27T07:23:19Z
highest-temperature-in-mexico-city-on-july-26-2026-27c,highest-temperature-in-mexico-city-on-july-26-2026,mexico-city,2026-07-26,2026-07-25T01:06:16Z,1.0,0.001,2026-07-27T07:23:19Z
highest-temperature-in-mexico-city-on-july-26-2026-28c,highest-temperature-in-mexico-city-on-july-26-2026,mexico-city,2026-07-26,2026-07-25T01:06:16Z,1.0,0.001,2026-07-27T07:23:19Z
highest-temperature-in-mexico-city-on-july-26-2026-29c,highest-temperature-in-mexico-city-on-july-26-2026,mexico-city,2026-07-26,2026-07-25T01:06:16Z,1.0,0.001,2026-07-27T07:23:19Z
highest-temperature-in-mexico-city-on-july-26-2026-30corhigher,highest-temperature-in-mexico-city-on-july-26-2026,mexico-city,2026-07-26,2026-07-25T01:06:16Z,1.0,0.001,2026-07-27T07:23:19Z
highest-temperature-in-panama-city-on-july-26-2026-26corbelow,highest-temperature-in-panama-city-on-july-26-2026,panama-city,2026-07-26,2026-07-25T01:06:16Z,1.0,0.001,2026-07-27T05:27:26Z
highest-temperature-in-panama-city-on-july-26-2026-27c,highest-temperature-in-panama-city-on-july-26-2026,panama-city,2026-07-26,2026-07-25T01:06:16Z,1.0,0.001,2026-07-27T05:27:26Z
highest-temperature-in-panama-city-on-july-26-2026-28c,highest-temperature-in-panama-city-on-july-26-2026,panama-city,2026-07-26,2026-07-25T01:06:16Z,1.0,0.001,2026-07-27T05:27:26Z
highest-temperature-in-panama-city-on-july-26-2026-29c,highest-temperature-in-panama-city-on-july-26-2026,panama-city,2026-07-26,2026-07-25T01:06:16Z,1.0,0.001,2026-07-27T05:27:26Z
highest-temperature-in-panama-city-on-july-26-2026-30c,highest-temperature-in-panama-city-on-july-26-2026,panama-city,2026-07-26,2026-07-25T01:06:16Z,1.0,0.001,2026-07-27T05:27:26Z
highest-temperature-in-panama-city-on-july-26-2026-31c,highest-temperature-in-panama-city-on-july-26-2026,panama-city,2026-07-26,2026-07-25T01:06:16Z,1.0,0.001,2026-07-27T05:27:26Z
highest-temperature-in-panama-city-on-july-26-2026-32c,highest-temperature-in-panama-city-on-july-26-2026,panama-city,2026-07-26,2026-07-25T01:06:16Z,1.0,1.0,2026-07-27T06:12:50Z
highest-temperature-in-panama-city-on-july-26-2026-33c,highest-temperature-in-panama-city-on-july-26-2026,panama-city,2026-07-26,2026-07-25T01:06:16Z,1.0,0.001,2026-07-27T05:27:26Z
highest-temperature-in-panama-city-on-july-26-2026-34c,highest-temperature-in-panama-city-on-july-26-2026,panama-city,2026-07-26,2026-07-25T01:06:16Z,1.0,0.001,2026-07-27T05:27:26Z
highest-temperature-in-panama-city-on-july-26-2026-35c,highest-temperature-in-panama-city-on-july-26-2026,panama-city,2026-07-26,2026-07-25T01:06:16Z,1.0,0.001,2026-07-27T05:27:26Z
highest-temperature-in-panama-city-on-july-26-2026-36corhigher,highest-temperature-in-panama-city-on-july-26-2026,panama-city,2026-07-26,2026-07-25T01:06:16Z,1.0,0.001,2026-07-27T05:27:26Z
highest-temperature-in-london-on-july-27-2026-23corbelow,highest-temperature-in-london-on-july-27-2026,london,2026-07-27,2026-07-25T04:02:51Z,1.0,0.001,2026-07-27T17:51:02Z
highest-temperature-in-london-on-july-27-2026-24c,highest-temperature-in-london-on-july-27-2026,london,2026-07-27,2026-07-25T04:02:51Z,1.0,0.001,2026-07-27T17:51:02Z
highest-temperature-in-london-on-july-27-2026-25c,highest-temperature-in-london-on-july-27-2026,london,2026-07-27,2026-07-25T04:02:51Z,1.0,0.001,2026-07-27T17:51:02Z
highest-temperature-in-london-on-july-27-2026-26c,highest-temperature-in-london-on-july-27-2026,london,2026-07-27,2026-07-25T04:02:51Z,1.0,0.001,2026-07-27T17:51:02Z
highest-temperature-in-london-on-july-27-2026-27c,highest-temperature-in-london-on-july-27-2026,london,2026-07-27,2026-07-25T04:02:51Z,1.0,0.99,2026-07-27T17:51:02Z
highest-temperature-in-london-on-july-27-2026-28c,highest-temperature-in-london-on-july-27-2026,london,2026-07-27,2026-07-25T04:02:51Z,1.0,0.02,2026-07-27T17:51:02Z
highest-temperature-in-london-on-july-27-2026-29c,highest-temperature-in-london-on-july-27-2026,london,2026-07-27,2026-07-25T04:02:51Z,1.0,0.001,2026-07-27T17:51:02Z
highest-temperature-in-london-on-july-27-2026-30c,highest-temperature-in-london-on-july-27-2026,london,2026-07-27,2026-07-25T04:02:51Z,1.0,0.001,2026-07-27T17:51:02Z
highest-temperature-in-london-on-july-27-2026-31c,highest-temperature-in-london-on-july-27-2026,london,2026-07-27,2026-07-25T04:02:51Z,1.0,0.001,2026-07-27T17:51:02Z
highest-temperature-in-london-on-july-27-2026-32c,highest-temperature-in-london-on-july-27-2026,london,2026-07-27,2026-07-25T04:02:51Z,1.0,0.001,2026-07-27T17:51:02Z
highest-temperature-in-london-on-july-27-2026-33corhigher,highest-temperature-in-london-on-july-27-2026,london,2026-07-27,2026-07-25T04:02:51Z,1.0,0.001,2026-07-27T17:51:02Z
highest-temperature-in-paris-on-july-27-2026-24corbelow,highest-temperature-in-paris-on-july-27-2026,paris,2026-07-27,2026-07-25T04:07:28Z,0.037,0.001,2026-07-27T17:51:02Z
highest-temperature-in-paris-on-july-27-2026-25c,highest-temperature-in-paris-on-july-27-2026,paris,2026-07-27,2026-07-25T04:07:28Z,0.37,0.001,2026-07-27T17:51:02Z
highest-temperature-in-paris-on-july-27-2026-26c,highest-temperature-in-paris-on-july-27-2026,paris,2026-07-27,2026-07-25T04:07:28Z,0.63,0.001,2026-07-27T17:51:02Z
highest-temperature-in-paris-on-july-27-2026-27c,highest-temperature-in-paris-on-july-27-2026,paris,2026-07-27,2026-07-25T04:07:28Z,1.0,0.998,2026-07-27T17:51:02Z
highest-temperature-in-paris-on-july-27-2026-28c,highest-temperature-in-paris-on-july-27-2026,paris,2026-07-27,2026-07-25T04:07:28Z,0.49,0.01,2026-07-27T17:51:02Z
highest-temperature-in-paris-on-july-27-2026-29c,highest-temperature-in-paris-on-july-27-2026,paris,2026-07-27,2026-07-25T04:07:28Z,0.37,0.006,2026-07-27T17:51:02Z
highest-temperature-in-paris-on-july-27-2026-30c,highest-temperature-in-paris-on-july-27-2026,paris,2026-07-27,2026-07-25T04:07:28Z,0.14,0.001,2026-07-27T17:51:02Z
highest-temperature-in-paris-on-july-27-2026-31c,highest-temperature-in-paris-on-july-27-2026,paris,2026-07-27,2026-07-25T04:07:28Z,0.07,0.001,2026-07-27T17:51:02Z
highest-temperature-in-paris-on-july-27-2026-32c,highest-temperature-in-paris-on-july-27-2026,paris,2026-07-27,2026-07-25T04:07:28Z,0.07,0.001,2026-07-27T17:51:02Z
highest-temperature-in-paris-on-july-27-2026-33c,highest-temperature-in-paris-on-july-27-2026,paris,2026-07-27,2026-07-25T04:07:28Z,0.07,0.001,2026-07-27T17:51:02Z
highest-temperature-in-paris-on-july-27-2026-34corhigher,highest-temperature-in-paris-on-july-27-2026,paris,2026-07-27,2026-07-25T04:07:28Z,0.05,0.001,2026-07-27T17:51:02Z
highest-temperature-in-seoul-on-july-27-2026-23corbelow,highest-temperature-in-seoul-on-july-27-2026,seoul,2026-07-27,2026-07-25T04:07:28Z,0.37,0.001,2026-07-27T15:18:16Z
highest-temperature-in-seoul-on-july-27-2026-24c,highest-temperature-in-seoul-on-july-27-2026,seoul,2026-07-27,2026-07-25T04:07:28Z,0.37,0.001,2026-07-27T15:18:16Z
highest-temperature-in-seoul-on-july-27-2026-25c,highest-temperature-in-seoul-on-july-27-2026,seoul,2026-07-27,2026-07-25T04:07:28Z,0.37,0.001,2026-07-27T15:18:16Z
highest-temperature-in-seoul-on-july-27-2026-26c,highest-temperature-in-seoul-on-july-27-2026,seoul,2026-07-27,2026-07-25T04:07:28Z,0.37,0.001,2026-07-27T15:23:15Z
highest-temperature-in-seoul-on-july-27-2026-27c,highest-temperature-in-seoul-on-july-27-2026,seoul,2026-07-27,2026-07-25T04:07:28Z,0.37,0.001,2026-07-27T15:23:15Z
highest-temperature-in-seoul-on-july-27-2026-28c,highest-temperature-in-seoul-on-july-27-2026,seoul,2026-07-27,2026-07-25T04:07:28Z,0.31,0.001,2026-07-27T15:18:16Z
highest-temperature-in-seoul-on-july-27-2026-29c,highest-temperature-in-seoul-on-july-27-2026,seoul,2026-07-27,2026-07-25T04:07:28Z,0.26,0.001,2026-07-27T15:18:16Z
highest-temperature-in-seoul-on-july-27-2026-30c,highest-temperature-in-seoul-on-july-27-2026,seoul,2026-07-27,2026-07-25T04:07:28Z,0.49,0.001,2026-07-27T15:18:16Z
highest-temperature-in-seoul-on-july-27-2026-31c,highest-temperature-in-seoul-on-july-27-2026,seoul,2026-07-27,2026-07-25T04:07:28Z,1.0,1.0,2026-07-27T15:23:15Z
highest-temperature-in-seoul-on-july-27-2026-32c,highest-temperature-in-seoul-on-july-27-2026,seoul,2026-07-27,2026-07-25T04:07:28Z,0.37,0.001,2026-07-27T15:23:15Z
highest-temperature-in-seoul-on-july-27-2026-33corhigher,highest-temperature-in-seoul-on-july-27-2026,seoul,2026-07-27,2026-07-25T04:07:28Z,0.37,0.001,2026-07-27T15:23:15Z
highest-temperature-in-ankara-on-july-27-2026-21corbelow,highest-temperature-in-ankara-on-july-27-2026,ankara,2026-07-27,2026-07-25T04:07:28Z,0.02,0.001,2026-07-27T17:51:02Z
highest-temperature-in-ankara-on-july-27-2026-22c,highest-temperature-in-ankara-on-july-27-2026,ankara,2026-07-27,2026-07-25T04:07:28Z,0.02,0.001,2026-07-27T17:51:02Z
highest-temperature-in-ankara-on-july-27-2026-23c,highest-temperature-in-ankara-on-july-27-2026,ankara,2026-07-27,2026-07-25T04:07:28Z,0.02,0.001,2026-07-27T17:51:02Z
highest-temperature-in-ankara-on-july-27-2026-24c,highest-temperature-in-ankara-on-july-27-2026,ankara,2026-07-27,2026-07-25T04:07:28Z,0.4,0.001,2026-07-27T17:51:02Z
highest-temperature-in-ankara-on-july-27-2026-25c,highest-temperature-in-ankara-on-july-27-2026,ankara,2026-07-27,2026-07-25T04:07:28Z,0.39,0.001,2026-07-27T17:51:02Z
highest-temperature-in-ankara-on-july-27-2026-26c,highest-temperature-in-ankara-on-july-27-2026,ankara,2026-07-27,2026-07-25T04:07:28Z,0.37,0.001,2026-07-27T17:51:02Z
highest-temperature-in-ankara-on-july-27-2026-27c,highest-temperature-in-ankara-on-july-27-2026,ankara,2026-07-27,2026-07-25T04:07:28Z,0.73,0.001,2026-07-27T17:51:02Z
highest-temperature-in-ankara-on-july-27-2026-28c,highest-temperature-in-ankara-on-july-27-2026,ankara,2026-07-27,2026-07-25T04:07:28Z,1.0,1.0,2026-07-27T17:51:02Z
highest-temperature-in-ankara-on-july-27-2026-29c,highest-temperature-in-ankara-on-july-27-2026,ankara,2026-07-27,2026-07-25T04:07:28Z,0.26,0.002,2026-07-27T17:51:02Z
highest-temperature-in-ankara-on-july-27-2026-30c,highest-temperature-in-ankara-on-july-27-2026,ankara,2026-07-27,2026-07-25T04:07:28Z,0.07,0.001,2026-07-27T17:51:02Z
highest-temperature-in-ankara-on-july-27-2026-31corhigher,highest-temperature-in-ankara-on-july-27-2026,ankara,2026-07-27,2026-07-25T04:07:28Z,0.05,0.001,2026-07-27T17:51:02Z
highest-temperature-in-wellington-on-july-27-2026-5corbelow,highest-temperature-in-wellington-on-july-27-2026,wellington,2026-07-27,2026-07-25T04:07:28Z,0.02,0.001,2026-07-27T12:26:40Z
highest-temperature-in-wellington-on-july-27-2026-6c,highest-temperature-in-wellington-on-july-27-2026,wellington,2026-07-27,2026-07-25T04:07:28Z,0.01,0.001,2026-07-27T12:26:40Z
highest-temperature-in-wellington-on-july-27-2026-7c,highest-temperature-in-wellington-on-july-27-2026,wellington,2026-07-27,2026-07-25T04:07:28Z,0.07,0.001,2026-07-27T12:26:40Z
highest-temperature-in-wellington-on-july-27-2026-8c,highest-temperature-in-wellington-on-july-27-2026,wellington,2026-07-27,2026-07-25T04:07:28Z,0.2,0.001,2026-07-27T12:26:40Z
highest-temperature-in-wellington-on-july-27-2026-9c,highest-temperature-in-wellington-on-july-27-2026,wellington,2026-07-27,2026-07-25T04:07:28Z,0.37,0.001,2026-07-27T12:26:40Z
highest-temperature-in-wellington-on-july-27-2026-10c,highest-temperature-in-wellington-on-july-27-2026,wellington,2026-07-27,2026-07-25T04:07:28Z,0.6,0.001,2026-07-27T12:26:40Z
highest-temperature-in-wellington-on-july-27-2026-11c,highest-temperature-in-wellington-on-july-27-2026,wellington,2026-07-27,2026-07-25T04:07:28Z,1.0,1.0,2026-07-27T13:00:07Z
highest-temperature-in-wellington-on-july-27-2026-12c,highest-temperature-in-wellington-on-july-27-2026,wellington,2026-07-27,2026-07-25T04:07:28Z,0.26,0.001,2026-07-27T12:26:40Z
highest-temperature-in-wellington-on-july-27-2026-13c,highest-temperature-in-wellington-on-july-27-2026,wellington,2026-07-27,2026-07-25T04:07:28Z,0.07,0.001,2026-07-27T12:26:40Z
highest-temperature-in-wellington-on-july-27-2026-14c,highest-temperature-in-wellington-on-july-27-2026,wellington,2026-07-27,2026-07-25T04:07:28Z,0.07,0.001,2026-07-27T12:26:40Z
highest-temperature-in-wellington-on-july-27-2026-15corhigher,highest-temperature-in-wellington-on-july-27-2026,wellington,2026-07-27,2026-07-25T04:07:28Z,0.05,0.001,2026-07-27T12:26:40Z
highest-temperature-in-munich-on-july-27-2026-21corbelow,highest-temperature-in-munich-on-july-27-2026,munich,2026-07-27,2026-07-25T04:07:28Z,0.02,0.001,2026-07-27T17:51:02Z
highest-temperature-in-munich-on-july-27-2026-22c,highest-temperature-in-munich-on-july-27-2026,munich,2026-07-27,2026-07-25T04:07:28Z,0.054,0.001,2026-07-27T17:51:02Z
highest-temperature-in-munich-on-july-27-2026-23c,highest-temperature-in-munich-on-july-27-2026,munich,2026-07-27,2026-07-25T04:07:28Z,0.19,0.001,2026-07-27T17:51:02Z
highest-temperature-in-munich-on-july-27-2026-24c,highest-temperature-in-munich-on-july-27-2026,munich,2026-07-27,2026-07-25T04:07:28Z,1.0,0.001,2026-07-27T17:51:02Z
highest-temperature-in-munich-on-july-27-2026-25c,highest-temperature-in-munich-on-july-27-2026,munich,2026-07-27,2026-07-25T04:07:28Z,1.0,1.0,2026-07-27T17:51:02Z
highest-temperature-in-munich-on-july-27-2026-26c,highest-temperature-in-munich-on-july-27-2026,munich,2026-07-27,2026-07-25T04:07:28Z,0.99,0.001,2026-07-27T17:51:02Z
highest-temperature-in-munich-on-july-27-2026-27c,highest-temperature-in-munich-on-july-27-2026,munich,2026-07-27,2026-07-25T04:07:28Z,0.98,0.001,2026-07-27T17:51:02Z
highest-temperature-in-munich-on-july-27-2026-28c,highest-temperature-in-munich-on-july-27-2026,munich,2026-07-27,2026-07-25T04:07:28Z,0.98,0.001,2026-07-27T17:51:02Z
highest-temperature-in-munich-on-july-27-2026-29c,highest-temperature-in-munich-on-july-27-2026,munich,2026-07-27,2026-07-25T04:07:28Z,0.07,0.001,2026-07-27T17:51:02Z
highest-temperature-in-munich-on-july-27-2026-30c,highest-temperature-in-munich-on-july-27-2026,munich,2026-07-27,2026-07-25T04:07:28Z,0.07,0.001,2026-07-27T17:51:02Z
highest-temperature-in-munich-on-july-27-2026-31corhigher,highest-temperature-in-munich-on-july-27-2026,munich,2026-07-27,2026-07-25T04:07:28Z,0.05,0.001,2026-07-27T17:51:02Z
highest-temperature-in-tel-aviv-on-july-27-2026-28corbelow,highest-temperature-in-tel-aviv-on-july-27-2026,tel-aviv,2026-07-27,2026-07-25T04:07:28Z,0.05,0.001,2026-07-27T17:51:02Z
highest-temperature-in-tel-aviv-on-july-27-2026-29c,highest-temperature-in-tel-aviv-on-july-27-2026,tel-aviv,2026-07-27,2026-07-25T04:07:28Z,0.07,0.001,2026-07-27T17:51:02Z
highest-temperature-in-tel-aviv-on-july-27-2026-30c,highest-temperature-in-tel-aviv-on-july-27-2026,tel-aviv,2026-07-27,2026-07-25T04:07:28Z,0.95,0.001,2026-07-27T17:51:02Z
highest-temperature-in-tel-aviv-on-july-27-2026-31c,highest-temperature-in-tel-aviv-on-july-27-2026,tel-aviv,2026-07-27,2026-07-25T04:07:28Z,0.94,0.001,2026-07-27T17:51:02Z
highest-temperature-in-tel-aviv-on-july-27-2026-32c,highest-temperature-in-tel-aviv-on-july-27-2026,tel-aviv,2026-07-27,2026-07-25T04:07:28Z,1.0,1.0,2026-07-27T17:51:02Z
highest-temperature-in-tel-aviv-on-july-27-2026-33c,highest-temperature-in-tel-aviv-on-july-27-2026,tel-aviv,2026-07-27,2026-07-25T04:07:28Z,0.99,0.001,2026-07-27T17:51:02Z
highest-temperature-in-tel-aviv-on-july-27-2026-34c,highest-temperature-in-tel-aviv-on-july-27-2026,tel-aviv,2026-07-27,2026-07-25T04:07:28Z,0.98,0.001,2026-07-27T17:51:02Z
highest-temperature-in-tel-aviv-on-july-27-2026-35c,highest-temperature-in-tel-aviv-on-july-27-2026,tel-aviv,2026-07-27,2026-07-25T04:07:28Z,0.07,0.001,2026-07-27T17:51:02Z
highest-temperature-in-tel-aviv-on-july-27-2026-36c,highest-temperature-in-tel-aviv-on-july-27-2026,tel-aviv,2026-07-27,2026-07-25T04:07:28Z,0.07,0.001,2026-07-27T17:51:02Z
highest-temperature-in-tel-aviv-on-july-27-2026-37c,highest-temperature-in-tel-aviv-on-july-27-2026,tel-aviv,2026-07-27,2026-07-25T04:07:28Z,0.07,0.001,2026-07-27T17:51:02Z
highest-temperature-in-tel-aviv-on-july-27-2026-38corhigher,highest-temperature-in-tel-aviv-on-july-27-2026,tel-aviv,2026-07-27,2026-07-25T04:07:28Z,0.07,0.001,2026-07-27T17:51:02Z
highest-temperature-in-tokyo-on-july-27-2026-25corbelow,highest-temperature-in-tokyo-on-july-27-2026,tokyo,2026-07-27,2026-07-25T04:07:28Z,0.016,0.001,2026-07-27T15:28:05Z
highest-temperature-in-tokyo-on-july-27-2026-26c,highest-temperature-in-tokyo-on-july-27-2026,tokyo,2026-07-27,2026-07-25T04:07:28Z,0.07,0.001,2026-07-27T15:28:05Z
highest-temperature-in-tokyo-on-july-27-2026-27c,highest-temperature-in-tokyo-on-july-27-2026,tokyo,2026-07-27,2026-07-25T04:07:28Z,0.18,0.001,2026-07-27T15:28:05Z
highest-temperature-in-tokyo-on-july-27-2026-28c,highest-temperature-in-tokyo-on-july-27-2026,tokyo,2026-07-27,2026-07-25T04:07:28Z,0.95,0.001,2026-07-27T15:28:05Z
highest-temperature-in-tokyo-on-july-27-2026-29c,highest-temperature-in-tokyo-on-july-27-2026,tokyo,2026-07-27,2026-07-25T04:07:28Z,0.99,0.001,2026-07-27T15:28:05Z
highest-temperature-in-tokyo-on-july-27-2026-30c,highest-temperature-in-tokyo-on-july-27-2026,tokyo,2026-07-27,2026-07-25T04:07:28Z,1.0,1.0,2026-07-27T15:58:19Z
highest-temperature-in-tokyo-on-july-27-2026-31c,highest-temperature-in-tokyo-on-july-27-2026,tokyo,2026-07-27,2026-07-25T04:07:28Z,0.95,0.001,2026-07-27T15:28:05Z
highest-temperature-in-tokyo-on-july-27-2026-32c,highest-temperature-in-tokyo-on-july-27-2026,tokyo,2026-07-27,2026-07-25T04:07:28Z,0.95,0.001,2026-07-27T15:28:05Z
highest-temperature-in-tokyo-on-july-27-2026-33c,highest-temperature-in-tokyo-on-july-27-2026,tokyo,2026-07-27,2026-07-25T04:07:28Z,0.07,0.001,2026-07-27T15:28:05Z
highest-temperature-in-tokyo-on-july-27-2026-34c,highest-temperature-in-tokyo-on-july-27-2026,tokyo,2026-07-27,2026-07-25T04:07:28Z,0.07,0.001,2026-07-27T15:28:05Z
highest-temperature-in-tokyo-on-july-27-2026-35corhigher,highest-temperature-in-tokyo-on-july-27-2026,tokyo,2026-07-27,2026-07-25T04:07:28Z,0.07,0.001,2026-07-27T15:28:05Z
highest-temperature-in-hong-kong-on-july-27-2026-25corbelow,highest-temperature-in-hong-kong-on-july-27-2026,hong-kong,2026-07-27,2026-07-25T04:07:28Z,0.02,0.001,2026-07-27T17:51:02Z
highest-temperature-in-hong-kong-on-july-27-2026-26c,highest-temperature-in-hong-kong-on-july-27-2026,hong-kong,2026-07-27,2026-07-25T04:07:28Z,0.157,0.001,2026-07-27T17:51:02Z
highest-temperature-in-hong-kong-on-july-27-2026-27c,highest-temperature-in-hong-kong-on-july-27-2026,hong-kong,2026-07-27,2026-07-25T04:07:28Z,0.59,0.001,2026-07-27T17:51:02Z
highest-temperature-in-hong-kong-on-july-27-2026-28c,highest-temperature-in-hong-kong-on-july-27-2026,hong-kong,2026-07-27,2026-07-25T04:07:28Z,1.0,1.0,2026-07-27T17:51:02Z
highest-temperature-in-hong-kong-on-july-27-2026-29c,highest-temperature-in-hong-kong-on-july-27-2026,hong-kong,2026-07-27,2026-07-25T04:07:28Z,0.53,0.001,2026-07-27T17:51:02Z
highest-temperature-in-hong-kong-on-july-27-2026-30c,highest-temperature-in-hong-kong-on-july-27-2026,hong-kong,2026-07-27,2026-07-25T04:07:28Z,0.39,0.001,2026-07-27T17:51:02Z
highest-temperature-in-hong-kong-on-july-27-2026-31c,highest-temperature-in-hong-kong-on-july-27-2026,hong-kong,2026-07-27,2026-07-25T04:07:28Z,0.37,0.001,2026-07-27T17:51:02Z
highest-temperature-in-hong-kong-on-july-27-2026-32c,highest-temperature-in-hong-kong-on-july-27-2026,hong-kong,2026-07-27,2026-07-25T04:07:28Z,0.31,0.001,2026-07-27T17:51:02Z
highest-temperature-in-hong-kong-on-july-27-2026-33c,highest-temperature-in-hong-kong-on-july-27-2026,hong-kong,2026-07-27,2026-07-25T04:07:28Z,0.21,0.001,2026-07-27T17:51:02Z
highest-temperature-in-hong-kong-on-july-27-2026-34c,highest-temperature-in-hong-kong-on-july-27-2026,hong-kong,2026-07-27,2026-07-25T04:07:28Z,0.07,0.001,2026-07-27T17:51:02Z
highest-temperature-in-hong-kong-on-july-27-2026-35corhigher,highest-temperature-in-hong-kong-on-july-27-2026,hong-kong,2026-07-27,2026-07-25T04:07:28Z,0.07,0.001,2026-07-27T17:51:02Z
highest-temperature-in-shanghai-on-july-27-2026-28corbelow,highest-temperature-in-shanghai-on-july-27-2026,shanghai,2026-07-27,2026-07-25T04:07:28Z,0.01,0.001,2026-07-27T16:28:34Z
highest-temperature-in-shanghai-on-july-27-2026-29c,highest-temperature-in-shanghai-on-july-27-2026,shanghai,2026-07-27,2026-07-25T04:07:28Z,0.02,0.001,2026-07-27T16:28:34Z
highest-temperature-in-shanghai-on-july-27-2026-30c,highest-temperature-in-shanghai-on-july-27-2026,shanghai,2026-07-27,2026-07-25T04:07:28Z,0.37,0.001,2026-07-27T16:28:34Z
highest-temperature-in-shanghai-on-july-27-2026-31c,highest-temperature-in-shanghai-on-july-27-2026,shanghai,2026-07-27,2026-07-25T04:07:28Z,0.22,0.001,2026-07-27T16:28:34Z
highest-temperature-in-shanghai-on-july-27-2026-32c,highest-temperature-in-shanghai-on-july-27-2026,shanghai,2026-07-27,2026-07-25T04:07:28Z,0.37,0.001,2026-07-27T16:28:34Z
highest-temperature-in-shanghai-on-july-27-2026-33c,highest-temperature-in-shanghai-on-july-27-2026,shanghai,2026-07-27,2026-07-25T04:07:28Z,0.65,0.001,2026-07-27T16:28:34Z
highest-temperature-in-shanghai-on-july-27-2026-34c,highest-temperature-in-shanghai-on-july-27-2026,shanghai,2026-07-27,2026-07-25T04:07:28Z,1.0,1.0,2026-07-27T17:51:02Z
highest-temperature-in-shanghai-on-july-27-2026-35c,highest-temperature-in-shanghai-on-july-27-2026,shanghai,2026-07-27,2026-07-25T04:07:28Z,0.37,0.001,2026-07-27T16:28:34Z
highest-temperature-in-shanghai-on-july-27-2026-36c,highest-temperature-in-shanghai-on-july-27-2026,shanghai,2026-07-27,2026-07-25T04:07:28Z,0.37,0.001,2026-07-27T16:28:34Z
highest-temperature-in-shanghai-on-july-27-2026-37c,highest-temperature-in-shanghai-on-july-27-2026,shanghai,2026-07-27,2026-07-25T04:07:28Z,0.07,0.001,2026-07-27T16:28:34Z
highest-temperature-in-shanghai-on-july-27-2026-38corhigher,highest-temperature-in-shanghai-on-july-27-2026,shanghai,2026-07-27,2026-07-25T04:07:28Z,0.07,0.001,2026-07-27T16:28:34Z
highest-temperature-in-singapore-on-july-27-2026-25corbelow,highest-temperature-in-singapore-on-july-27-2026,singapore,2026-07-27,2026-07-25T04:07:28Z,0.01,0.001,2026-07-27T16:23:36Z
highest-temperature-in-singapore-on-july-27-2026-26c,highest-temperature-in-singapore-on-july-27-2026,singapore,2026-07-27,2026-07-25T04:07:28Z,0.01,0.001,2026-07-27T16:23:36Z
highest-temperature-in-singapore-on-july-27-2026-27c,highest-temperature-in-singapore-on-july-27-2026,singapore,2026-07-27,2026-07-25T04:07:28Z,0.37,0.001,2026-07-27T16:23:36Z
highest-temperature-in-singapore-on-july-27-2026-28c,highest-temperature-in-singapore-on-july-27-2026,singapore,2026-07-27,2026-07-25T04:07:28Z,0.37,0.001,2026-07-27T16:23:36Z
highest-temperature-in-singapore-on-july-27-2026-29c,highest-temperature-in-singapore-on-july-27-2026,singapore,2026-07-27,2026-07-25T04:07:28Z,0.37,0.001,2026-07-27T16:23:36Z
highest-temperature-in-singapore-on-july-27-2026-30c,highest-temperature-in-singapore-on-july-27-2026,singapore,2026-07-27,2026-07-25T04:07:28Z,0.37,0.001,2026-07-27T16:18:19Z
highest-temperature-in-singapore-on-july-27-2026-31c,highest-temperature-in-singapore-on-july-27-2026,singapore,2026-07-27,2026-07-25T04:07:28Z,0.9,0.001,2026-07-27T16:23:36Z
highest-temperature-in-singapore-on-july-27-2026-32c,highest-temperature-in-singapore-on-july-27-2026,singapore,2026-07-27,2026-07-25T04:07:28Z,1.0,1.0,2026-07-27T16:23:36Z
highest-temperature-in-singapore-on-july-27-2026-33c,highest-temperature-in-singapore-on-july-27-2026,singapore,2026-07-27,2026-07-25T04:07:28Z,0.37,0.001,2026-07-27T16:23:36Z
highest-temperature-in-singapore-on-july-27-2026-34c,highest-temperature-in-singapore-on-july-27-2026,singapore,2026-07-27,2026-07-25T04:07:28Z,0.37,0.001,2026-07-27T16:23:36Z
highest-temperature-in-singapore-on-july-27-2026-35corhigher,highest-temperature-in-singapore-on-july-27-2026,singapore,2026-07-27,2026-07-25T04:07:28Z,0.01,0.001,2026-07-27T16:23:36Z
highest-temperature-in-milan-on-july-27-2026-28corbelow,highest-temperature-in-milan-on-july-27-2026,milan,2026-07-27,2026-07-25T04:07:28Z,0.07,0.001,2026-07-27T17:51:02Z
highest-temperature-in-milan-on-july-27-2026-29c,highest-temperature-in-milan-on-july-27-2026,milan,2026-07-27,2026-07-25T04:07:28Z,0.07,0.001,2026-07-27T17:51:02Z
highest-temperature-in-milan-on-july-27-2026-30c,highest-temperature-in-milan-on-july-27-2026,milan,2026-07-27,2026-07-25T04:07:28Z,0.99,0.001,2026-07-27T17:51:02Z
highest-temperature-in-milan-on-july-27-2026-31c,highest-temperature-in-milan-on-july-27-2026,milan,2026-07-27,2026-07-25T04:07:28Z,0.99,0.001,2026-07-27T17:51:02Z
highest-temperature-in-milan-on-july-27-2026-32c,highest-temperature-in-milan-on-july-27-2026,milan,2026-07-27,2026-07-25T04:07:28Z,0.99,0.001,2026-07-27T17:51:02Z
highest-temperature-in-milan-on-july-27-2026-33c,highest-temperature-in-milan-on-july-27-2026,milan,2026-07-27,2026-07-25T04:07:28Z,1.0,1.0,2026-07-27T17:51:02Z
highest-temperature-in-milan-on-july-27-2026-34c,highest-temperature-in-milan-on-july-27-2026,milan,2026-07-27,2026-07-25T04:07:28Z,0.99,0.001,2026-07-27T17:51:02Z
highest-temperature-in-milan-on-july-27-2026-35c,highest-temperature-in-milan-on-july-27-2026,milan,2026-07-27,2026-07-25T04:07:28Z,0.07,0.003,2026-07-27T17:51:02Z
highest-temperature-in-milan-on-july-27-2026-36c,highest-temperature-in-milan-on-july-27-2026,milan,2026-07-27,2026-07-25T04:07:28Z,0.07,0.001,2026-07-27T17:51:02Z
highest-temperature-in-milan-on-july-27-2026-37c,highest-temperature-in-milan-on-july-27-2026,milan,2026-07-27,2026-07-25T04:07:28Z,0.07,0.001,2026-07-27T17:51:02Z
highest-temperature-in-milan-on-july-27-2026-38corhigher,highest-temperature-in-milan-on-july-27-2026,milan,2026-07-27,2026-07-25T04:07:28Z,0.07,0.001,2026-07-27T17:51:02Z
highest-temperature-in-madrid-on-july-27-2026-29corbelow,highest-temperature-in-madrid-on-july-27-2026,madrid,2026-07-27,2026-07-25T04:07:28Z,0.04,0.001,2026-07-27T17:51:02Z
highest-temperature-in-madrid-on-july-27-2026-30c,highest-temperature-in-madrid-on-july-27-2026,madrid,2026-07-27,2026-07-25T04:07:28Z,0.04,0.001,2026-07-27T17:51:02Z
highest-temperature-in-madrid-on-july-27-2026-31c,highest-temperature-in-madrid-on-july-27-2026,madrid,2026-07-27,2026-07-25T04:07:28Z,0.04,0.001,2026-07-27T17:51:02Z
highest-temperature-in-madrid-on-july-27-2026-32c,highest-temperature-in-madrid-on-july-27-2026,madrid,2026-07-27,2026-07-25T04:07:28Z,0.06,0.001,2026-07-27T17:51:02Z
highest-temperature-in-madrid-on-july-27-2026-33c,highest-temperature-in-madrid-on-july-27-2026,madrid,2026-07-27,2026-07-25T04:07:28Z,0.94,0.001,2026-07-27T17:51:02Z
highest-temperature-in-madrid-on-july-27-2026-34c,highest-temperature-in-madrid-on-july-27-2026,madrid,2026-07-27,2026-07-25T04:07:28Z,0.94,0.001,2026-07-27T17:51:02Z
highest-temperature-in-madrid-on-july-27-2026-35c,highest-temperature-in-madrid-on-july-27-2026,madrid,2026-07-27,2026-07-25T04:07:28Z,1.0,0.999,2026-07-27T17:51:02Z
highest-temperature-in-madrid-on-july-27-2026-36c,highest-temperature-in-madrid-on-july-27-2026,madrid,2026-07-27,2026-07-25T04:07:28Z,0.95,0.01,2026-07-27T17:51:02Z
highest-temperature-in-madrid-on-july-27-2026-37c,highest-temperature-in-madrid-on-july-27-2026,madrid,2026-07-27,2026-07-25T04:07:28Z,0.95,0.001,2026-07-27T17:51:02Z
highest-temperature-in-madrid-on-july-27-2026-38c,highest-temperature-in-madrid-on-july-27-2026,madrid,2026-07-27,2026-07-25T04:07:28Z,0.93,0.001,2026-07-27T17:51:02Z
highest-temperature-in-madrid-on-july-27-2026-39corhigher,highest-temperature-in-madrid-on-july-27-2026,madrid,2026-07-27,2026-07-25T04:07:28Z,0.94,0.001,2026-07-27T17:51:02Z
highest-temperature-in-warsaw-on-july-27-2026-18corbelow,highest-temperature-in-warsaw-on-july-27-2026,warsaw,2026-07-27,2026-07-25T04:07:28Z,0.07,0.001,2026-07-27T17:51:02Z
highest-temperature-in-warsaw-on-july-27-2026-19c,highest-temperature-in-warsaw-on-july-27-2026,warsaw,2026-07-27,2026-07-25T04:07:28Z,0.07,0.001,2026-07-27T17:51:02Z
highest-temperature-in-warsaw-on-july-27-2026-20c,highest-temperature-in-warsaw-on-july-27-2026,warsaw,2026-07-27,2026-07-25T04:07:28Z,0.99,0.001,2026-07-27T17:51:02Z
highest-temperature-in-warsaw-on-july-27-2026-21c,highest-temperature-in-warsaw-on-july-27-2026,warsaw,2026-07-27,2026-07-25T04:07:28Z,0.99,0.001,2026-07-27T17:51:02Z
highest-temperature-in-warsaw-on-july-27-2026-22c,highest-temperature-in-warsaw-on-july-27-2026,warsaw,2026-07-27,2026-07-25T04:07:28Z,0.99,0.001,2026-07-27T17:51:02Z
highest-temperature-in-warsaw-on-july-27-2026-23c,highest-temperature-in-warsaw-on-july-27-2026,warsaw,2026-07-27,2026-07-25T04:07:28Z,1.0,1.0,2026-07-27T17:51:02Z
highest-temperature-in-warsaw-on-july-27-2026-24c,highest-temperature-in-warsaw-on-july-27-2026,warsaw,2026-07-27,2026-07-25T04:07:28Z,0.99,0.001,2026-07-27T17:51:02Z
highest-temperature-in-warsaw-on-july-27-2026-25c,highest-temperature-in-warsaw-on-july-27-2026,warsaw,2026-07-27,2026-07-25T04:07:28Z,0.07,0.001,2026-07-27T17:51:02Z
highest-temperature-in-warsaw-on-july-27-2026-26c,highest-temperature-in-warsaw-on-july-27-2026,warsaw,2026-07-27,2026-07-25T04:07:28Z,0.07,0.001,2026-07-27T17:51:02Z
highest-temperature-in-warsaw-on-july-27-2026-27c,highest-temperature-in-warsaw-on-july-27-2026,warsaw,2026-07-27,2026-07-25T04:07:28Z,0.07,0.001,2026-07-27T17:51:02Z
highest-temperature-in-warsaw-on-july-27-2026-28corhigher,highest-temperature-in-warsaw-on-july-27-2026,warsaw,2026-07-27,2026-07-25T04:07:28Z,0.07,0.001,2026-07-27T17:51:02Z
highest-temperature-in-taipei-on-july-27-2026-29corbelow,highest-temperature-in-taipei-on-july-27-2026,taipei,2026-07-27,2026-07-25T04:07:28Z,0.01,0.001,2026-07-27T16:33:26Z
highest-temperature-in-taipei-on-july-27-2026-30c,highest-temperature-in-taipei-on-july-27-2026,taipei,2026-07-27,2026-07-25T04:07:28Z,1.0,0.001,2026-07-27T16:33:26Z
highest-temperature-in-taipei-on-july-27-2026-31c,highest-temperature-in-taipei-on-july-27-2026,taipei,2026-07-27,2026-07-25T04:07:28Z,1.0,0.001,2026-07-27T16:33:26Z
highest-temperature-in-taipei-on-july-27-2026-32c,highest-temperature-in-taipei-on-july-27-2026,taipei,2026-07-27,2026-07-25T04:07:28Z,1.0,0.001,2026-07-27T16:33:26Z
highest-temperature-in-taipei-on-july-27-2026-33c,highest-temperature-in-taipei-on-july-27-2026,taipei,2026-07-27,2026-07-25T04:07:28Z,1.0,0.001,2026-07-27T16:33:26Z
highest-temperature-in-taipei-on-july-27-2026-34c,highest-temperature-in-taipei-on-july-27-2026,taipei,2026-07-27,2026-07-25T04:07:28Z,1.0,0.001,2026-07-27T16:33:26Z
highest-temperature-in-taipei-on-july-27-2026-35c,highest-temperature-in-taipei-on-july-27-2026,taipei,2026-07-27,2026-07-25T04:07:28Z,1.0,1.0,2026-07-27T17:51:02Z
highest-temperature-in-taipei-on-july-27-2026-36c,highest-temperature-in-taipei-on-july-27-2026,taipei,2026-07-27,2026-07-25T04:07:28Z,1.0,0.001,2026-07-27T16:33:26Z
highest-temperature-in-taipei-on-july-27-2026-37c,highest-temperature-in-taipei-on-july-27-2026,taipei,2026-07-27,2026-07-25T04:07:28Z,1.0,0.001,2026-07-27T16:33:26Z
highest-temperature-in-taipei-on-july-27-2026-38c,highest-temperature-in-taipei-on-july-27-2026,taipei,2026-07-27,2026-07-25T04:07:28Z,1.0,0.001,2026-07-27T16:33:26Z
highest-temperature-in-taipei-on-july-27-2026-39corhigher,highest-temperature-in-taipei-on-july-27-2026,taipei,2026-07-27,2026-07-25T04:07:28Z,1.0,0.001,2026-07-27T16:33:26Z
highest-temperature-in-chongqing-on-july-27-2026-33corbelow,highest-temperature-in-chongqing-on-july-27-2026,chongqing,2026-07-27,2026-07-25T04:07:28Z,0.02,0.001,2026-07-27T16:28:34Z
highest-temperature-in-chongqing-on-july-27-2026-34c,highest-temperature-in-chongqing-on-july-27-2026,chongqing,2026-07-27,2026-07-25T04:07:28Z,0.02,0.001,2026-07-27T16:28:34Z
highest-temperature-in-chongqing-on-july-27-2026-35c,highest-temperature-in-chongqing-on-july-27-2026,chongqing,2026-07-27,2026-07-25T04:07:28Z,0.95,0.001,2026-07-27T16:28:34Z
highest-temperature-in-chongqing-on-july-27-2026-36c,highest-temperature-in-chongqing-on-july-27-2026,chongqing,2026-07-27,2026-07-25T04:07:28Z,0.99,0.001,2026-07-27T16:28:34Z
highest-temperature-in-chongqing-on-july-27-2026-37c,highest-temperature-in-chongqing-on-july-27-2026,chongqing,2026-07-27,2026-07-25T04:07:28Z,0.95,0.001,2026-07-27T16:28:34Z
highest-temperature-in-chongqing-on-july-27-2026-38c,highest-temperature-in-chongqing-on-july-27-2026,chongqing,2026-07-27,2026-07-25T04:07:28Z,0.95,0.001,2026-07-27T16:28:34Z
highest-temperature-in-chongqing-on-july-27-2026-39c,highest-temperature-in-chongqing-on-july-27-2026,chongqing,2026-07-27,2026-07-25T04:07:28Z,1.0,0.001,2026-07-27T16:28:34Z
highest-temperature-in-chongqing-on-july-27-2026-40c,highest-temperature-in-chongqing-on-july-27-2026,chongqing,2026-07-27,2026-07-25T04:07:28Z,1.0,1.0,2026-07-27T16:28:34Z
highest-temperature-in-chongqing-on-july-27-2026-41c,highest-temperature-in-chongqing-on-july-27-2026,chongqing,2026-07-27,2026-07-25T04:07:28Z,0.95,0.001,2026-07-27T16:28:34Z
highest-temperature-in-chongqing-on-july-27-2026-42c,highest-temperature-in-chongqing-on-july-27-2026,chongqing,2026-07-27,2026-07-25T04:07:28Z,0.99,0.001,2026-07-27T16:28:34Z
highest-temperature-in-chongqing-on-july-27-2026-43corhigher,highest-temperature-in-chongqing-on-july-27-2026,chongqing,2026-07-27,2026-07-25T04:07:28Z,0.08,0.001,2026-07-27T16:28:34Z
highest-temperature-in-beijing-on-july-27-2026-28corbelow,highest-temperature-in-beijing-on-july-27-2026,beijing,2026-07-27,2026-07-25T04:07:28Z,0.98,0.001,2026-07-27T16:28:34Z
highest-temperature-in-beijing-on-july-27-2026-29c,highest-temperature-in-beijing-on-july-27-2026,beijing,2026-07-27,2026-07-25T04:07:28Z,0.98,0.001,2026-07-27T16:28:34Z
highest-temperature-in-beijing-on-july-27-2026-30c,highest-temperature-in-beijing-on-july-27-2026,beijing,2026-07-27,2026-07-25T04:07:28Z,0.97,0.001,2026-07-27T16:28:34Z
highest-temperature-in-beijing-on-july-27-2026-31c,highest-temperature-in-beijing-on-july-27-2026,beijing,2026-07-27,2026-07-25T04:07:28Z,0.99,0.001,2026-07-27T16:28:34Z
highest-temperature-in-beijing-on-july-27-2026-32c,highest-temperature-in-beijing-on-july-27-2026,beijing,2026-07-27,2026-07-25T04:07:28Z,0.98,0.001,2026-07-27T16:28:34Z
highest-temperature-in-beijing-on-july-27-2026-33c,highest-temperature-in-beijing-on-july-27-2026,beijing,2026-07-27,2026-07-25T04:07:28Z,0.97,0.001,2026-07-27T16:28:34Z
highest-temperature-in-beijing-on-july-27-2026-34c,highest-temperature-in-beijing-on-july-27-2026,beijing,2026-07-27,2026-07-25T04:07:28Z,1.0,1.0,2026-07-27T16:53:22Z
highest-temperature-in-beijing-on-july-27-2026-35c,highest-temperature-in-beijing-on-july-27-2026,beijing,2026-07-27,2026-07-25T04:07:28Z,0.99,0.001,2026-07-27T16:28:34Z
highest-temperature-in-beijing-on-july-27-2026-36c,highest-temperature-in-beijing-on-july-27-2026,beijing,2026-07-27,2026-07-25T04:07:28Z,0.99,0.001,2026-07-27T16:28:34Z
highest-temperature-in-beijing-on-july-27-2026-37c,highest-temperature-in-beijing-on-july-27-2026,beijing,2026-07-27,2026-07-25T04:07:28Z,0.99,0.001,2026-07-27T16:28:34Z
highest-temperature-in-beijing-on-july-27-2026-38corhigher,highest-temperature-in-beijing-on-july-27-2026,beijing,2026-07-27,2026-07-25T04:07:28Z,1.0,0.001,2026-07-27T16:28:34Z
highest-temperature-in-wuhan-on-july-27-2026-26corbelow,highest-temperature-in-wuhan-on-july-27-2026,wuhan,2026-07-27,2026-07-25T04:07:28Z,0.07,0.001,2026-07-27T16:28:34Z
highest-temperature-in-wuhan-on-july-27-2026-27c,highest-temperature-in-wuhan-on-july-27-2026,wuhan,2026-07-27,2026-07-25T04:07:28Z,0.07,0.001,2026-07-27T16:28:34Z
highest-temperature-in-wuhan-on-july-27-2026-28c,highest-temperature-in-wuhan-on-july-27-2026,wuhan,2026-07-27,2026-07-25T04:07:28Z,0.07,0.001,2026-07-27T16:28:34Z
highest-temperature-in-wuhan-on-july-27-2026-29c,highest-temperature-in-wuhan-on-july-27-2026,wuhan,2026-07-27,2026-07-25T04:07:28Z,0.24,0.001,2026-07-27T16:28:34Z
highest-temperature-in-wuhan-on-july-27-2026-30c,highest-temperature-in-wuhan-on-july-27-2026,wuhan,2026-07-27,2026-07-25T04:07:28Z,0.99,0.001,2026-07-27T16:28:34Z
highest-temperature-in-wuhan-on-july-27-2026-31c,highest-temperature-in-wuhan-on-july-27-2026,wuhan,2026-07-27,2026-07-25T04:07:28Z,0.99,0.001,2026-07-27T16:28:34Z
highest-temperature-in-wuhan-on-july-27-2026-32c,highest-temperature-in-wuhan-on-july-27-2026,wuhan,2026-07-27,2026-07-25T04:07:28Z,1.0,1.0,2026-07-27T16:28:34Z
highest-temperature-in-wuhan-on-july-27-2026-33c,highest-temperature-in-wuhan-on-july-27-2026,wuhan,2026-07-27,2026-07-25T04:07:28Z,0.99,0.001,2026-07-27T16:28:34Z
highest-temperature-in-wuhan-on-july-27-2026-34c,highest-temperature-in-wuhan-on-july-27-2026,wuhan,2026-07-27,2026-07-25T04:07:28Z,0.99,0.001,2026-07-27T16:28:34Z
highest-temperature-in-wuhan-on-july-27-2026-35c,highest-temperature-in-wuhan-on-july-27-2026,wuhan,2026-07-27,2026-07-25T04:07:28Z,0.11,0.001,2026-07-27T16:28:34Z
highest-temperature-in-wuhan-on-july-27-2026-36corhigher,highest-temperature-in-wuhan-on-july-27-2026,wuhan,2026-07-27,2026-07-25T04:07:28Z,0.07,0.001,2026-07-27T16:28:34Z
highest-temperature-in-chengdu-on-july-27-2026-27corbelow,highest-temperature-in-chengdu-on-july-27-2026,chengdu,2026-07-27,2026-07-25T04:07:28Z,0.98,0.001,2026-07-27T16:28:34Z
highest-temperature-in-chengdu-on-july-27-2026-28c,highest-temperature-in-chengdu-on-july-27-2026,chengdu,2026-07-27,2026-07-25T04:07:28Z,0.98,0.001,2026-07-27T16:28:34Z
highest-temperature-in-chengdu-on-july-27-2026-29c,highest-temperature-in-chengdu-on-july-27-2026,chengdu,2026-07-27,2026-07-25T04:07:28Z,0.99,0.001,2026-07-27T16:28:34Z
highest-temperature-in-chengdu-on-july-27-2026-30c,highest-temperature-in-chengdu-on-july-27-2026,chengdu,2026-07-27,2026-07-25T04:07:28Z,1.0,1.0,2026-07-27T16:28:34Z
highest-temperature-in-chengdu-on-july-27-2026-31c,highest-temperature-in-chengdu-on-july-27-2026,chengdu,2026-07-27,2026-07-25T04:07:28Z,0.99,0.001,2026-07-27T16:28:34Z
highest-temperature-in-chengdu-on-july-27-2026-32c,highest-temperature-in-chengdu-on-july-27-2026,chengdu,2026-07-27,2026-07-25T04:07:28Z,0.99,0.001,2026-07-27T16:28:34Z
highest-temperature-in-chengdu-on-july-27-2026-33c,highest-temperature-in-chengdu-on-july-27-2026,chengdu,2026-07-27,2026-07-25T04:07:28Z,0.99,0.001,2026-07-27T16:28:34Z
highest-temperature-in-chengdu-on-july-27-2026-34c,highest-temperature-in-chengdu-on-july-27-2026,chengdu,2026-07-27,2026-07-25T04:07:28Z,0.99,0.001,2026-07-27T16:28:34Z
highest-temperature-in-chengdu-on-july-27-2026-35c,highest-temperature-in-chengdu-on-july-27-2026,chengdu,2026-07-27,2026-07-25T04:07:28Z,0.99,0.001,2026-07-27T16:28:34Z
highest-temperature-in-chengdu-on-july-27-2026-36c,highest-temperature-in-chengdu-on-july-27-2026,chengdu,2026-07-27,2026-07-25T04:07:28Z,0.98,0.001,2026-07-27T16:28:34Z
highest-temperature-in-chengdu-on-july-27-2026-37corhigher,highest-temperature-in-chengdu-on-july-27-2026,chengdu,2026-07-27,2026-07-25T04:07:28Z,0.99,0.001,2026-07-27T16:28:34Z
highest-temperature-in-shenzhen-on-july-27-2026-27corbelow,highest-temperature-in-shenzhen-on-july-27-2026,shenzhen,2026-07-27,2026-07-25T04:07:28Z,0.47,0.001,2026-07-27T16:38:41Z
highest-temperature-in-shenzhen-on-july-27-2026-28c,highest-temperature-in-shenzhen-on-july-27-2026,shenzhen,2026-07-27,2026-07-25T04:07:28Z,0.38,0.001,2026-07-27T16:38:41Z
highest-temperature-in-shenzhen-on-july-27-2026-29c,highest-temperature-in-shenzhen-on-july-27-2026,shenzhen,2026-07-27,2026-07-25T04:07:28Z,0.55,0.001,2026-07-27T16:38:41Z
highest-temperature-in-shenzhen-on-july-27-2026-30c,highest-temperature-in-shenzhen-on-july-27-2026,shenzhen,2026-07-27,2026-07-25T04:07:28Z,0.84,0.001,2026-07-27T16:38:41Z
highest-temperature-in-shenzhen-on-july-27-2026-31c,highest-temperature-in-shenzhen-on-july-27-2026,shenzhen,2026-07-27,2026-07-25T04:07:28Z,1.0,1.0,2026-07-27T16:43:36Z
highest-temperature-in-shenzhen-on-july-27-2026-32c,highest-temperature-in-shenzhen-on-july-27-2026,shenzhen,2026-07-27,2026-07-25T04:07:28Z,0.392,0.001,2026-07-27T16:38:41Z
highest-temperature-in-shenzhen-on-july-27-2026-33c,highest-temperature-in-shenzhen-on-july-27-2026,shenzhen,2026-07-27,2026-07-25T04:07:28Z,0.37,0.001,2026-07-27T16:38:41Z
highest-temperature-in-shenzhen-on-july-27-2026-34c,highest-temperature-in-shenzhen-on-july-27-2026,shenzhen,2026-07-27,2026-07-25T04:07:28Z,0.07,0.001,2026-07-27T16:38:41Z
highest-temperature-in-shenzhen-on-july-27-2026-35c,highest-temperature-in-shenzhen-on-july-27-2026,shenzhen,2026-07-27,2026-07-25T04:07:28Z,0.07,0.001,2026-07-27T16:38:41Z
highest-temperature-in-shenzhen-on-july-27-2026-36c,highest-temperature-in-shenzhen-on-july-27-2026,shenzhen,2026-07-27,2026-07-25T04:07:28Z,0.07,0.001,2026-07-27T16:38:41Z
highest-temperature-in-shenzhen-on-july-27-2026-37corhigher,highest-temperature-in-shenzhen-on-july-27-2026,shenzhen,2026-07-27,2026-07-25T04:07:28Z,0.07,0.001,2026-07-27T16:38:41Z
highest-temperature-in-moscow-on-july-27-2026-12corbelow,highest-temperature-in-moscow-on-july-27-2026,moscow,2026-07-27,2026-07-25T04:07:28Z,0.07,0.001,2026-07-27T17:51:02Z
highest-temperature-in-moscow-on-july-27-2026-13c,highest-temperature-in-moscow-on-july-27-2026,moscow,2026-07-27,2026-07-25T04:07:28Z,0.07,0.001,2026-07-27T17:51:02Z
highest-temperature-in-moscow-on-july-27-2026-14c,highest-temperature-in-moscow-on-july-27-2026,moscow,2026-07-27,2026-07-25T04:07:28Z,0.07,0.001,2026-07-27T17:51:02Z
highest-temperature-in-moscow-on-july-27-2026-15c,highest-temperature-in-moscow-on-july-27-2026,moscow,2026-07-27,2026-07-25T04:07:28Z,0.07,0.001,2026-07-27T17:51:02Z
highest-temperature-in-moscow-on-july-27-2026-16c,highest-temperature-in-moscow-on-july-27-2026,moscow,2026-07-27,2026-07-25T04:07:28Z,0.07,0.001,2026-07-27T17:51:02Z
highest-temperature-in-moscow-on-july-27-2026-17c,highest-temperature-in-moscow-on-july-27-2026,moscow,2026-07-27,2026-07-25T04:07:28Z,0.28,0.001,2026-07-27T17:51:02Z
highest-temperature-in-moscow-on-july-27-2026-18c,highest-temperature-in-moscow-on-july-27-2026,moscow,2026-07-27,2026-07-25T04:07:28Z,0.33,0.001,2026-07-27T17:51:02Z
highest-temperature-in-moscow-on-july-27-2026-19c,highest-temperature-in-moscow-on-july-27-2026,moscow,2026-07-27,2026-07-25T04:07:28Z,0.37,0.001,2026-07-27T17:51:02Z
highest-temperature-in-moscow-on-july-27-2026-20c,highest-temperature-in-moscow-on-july-27-2026,moscow,2026-07-27,2026-07-25T04:07:28Z,0.37,0.001,2026-07-27T17:51:02Z
highest-temperature-in-moscow-on-july-27-2026-21c,highest-temperature-in-moscow-on-july-27-2026,moscow,2026-07-27,2026-07-25T04:07:28Z,0.37,0.001,2026-07-27T17:51:02Z
highest-temperature-in-moscow-on-july-27-2026-22corhigher,highest-temperature-in-moscow-on-july-27-2026,moscow,2026-07-27,2026-07-25T04:07:28Z,1.0,1.0,2026-07-27T17:51:02Z
highest-temperature-in-istanbul-on-july-27-2026-28corbelow,highest-temperature-in-istanbul-on-july-27-2026,istanbul,2026-07-27,2026-07-25T04:07:28Z,0.07,0.001,2026-07-27T17:51:02Z
highest-temperature-in-istanbul-on-july-27-2026-29c,highest-temperature-in-istanbul-on-july-27-2026,istanbul,2026-07-27,2026-07-25T04:07:28Z,0.98,0.001,2026-07-27T17:51:02Z
highest-temperature-in-istanbul-on-july-27-2026-30c,highest-temperature-in-istanbul-on-july-27-2026,istanbul,2026-07-27,2026-07-25T04:07:28Z,0.99,0.001,2026-07-27T17:51:02Z
highest-temperature-in-istanbul-on-july-27-2026-31c,highest-temperature-in-istanbul-on-july-27-2026,istanbul,2026-07-27,2026-07-25T04:07:28Z,0.99,0.001,2026-07-27T17:51:02Z
highest-temperature-in-istanbul-on-july-27-2026-32c,highest-temperature-in-istanbul-on-july-27-2026,istanbul,2026-07-27,2026-07-25T04:07:28Z,1.0,1.0,2026-07-27T17:51:02Z
highest-temperature-in-istanbul-on-july-27-2026-33c,highest-temperature-in-istanbul-on-july-27-2026,istanbul,2026-07-27,2026-07-25T04:07:28Z,0.99,0.001,2026-07-27T17:51:02Z
highest-temperature-in-istanbul-on-july-27-2026-34c,highest-temperature-in-istanbul-on-july-27-2026,istanbul,2026-07-27,2026-07-25T04:07:28Z,0.083,0.001,2026-07-27T17:51:02Z
highest-temperature-in-istanbul-on-july-27-2026-35c,highest-temperature-in-istanbul-on-july-27-2026,istanbul,2026-07-27,2026-07-25T04:07:28Z,0.07,0.001,2026-07-27T17:51:02Z
highest-temperature-in-istanbul-on-july-27-2026-36c,highest-temperature-in-istanbul-on-july-27-2026,istanbul,2026-07-27,2026-07-25T04:07:28Z,0.07,0.001,2026-07-27T17:51:02Z
highest-temperature-in-istanbul-on-july-27-2026-37c,highest-temperature-in-istanbul-on-july-27-2026,istanbul,2026-07-27,2026-07-25T04:07:28Z,0.07,0.001,2026-07-27T17:51:02Z
highest-temperature-in-istanbul-on-july-27-2026-38corhigher,highest-temperature-in-istanbul-on-july-27-2026,istanbul,2026-07-27,2026-07-25T04:07:28Z,0.07,0.001,2026-07-27T17:51:02Z
highest-temperature-in-busan-on-july-27-2026-30corbelow,highest-temperature-in-busan-on-july-27-2026,busan,2026-07-27,2026-07-25T04:07:28Z,0.07,0.001,2026-07-27T15:23:15Z
highest-temperature-in-busan-on-july-27-2026-31c,highest-temperature-in-busan-on-july-27-2026,busan,2026-07-27,2026-07-25T04:07:28Z,0.07,0.001,2026-07-27T15:23:15Z
highest-temperature-in-busan-on-july-27-2026-32c,highest-temperature-in-busan-on-july-27-2026,busan,2026-07-27,2026-07-25T04:07:28Z,0.4,0.001,2026-07-27T15:23:15Z
highest-temperature-in-busan-on-july-27-2026-33c,highest-temperature-in-busan-on-july-27-2026,busan,2026-07-27,2026-07-25T04:07:28Z,0.4,0.001,2026-07-27T15:23:15Z
highest-temperature-in-busan-on-july-27-2026-34c,highest-temperature-in-busan-on-july-27-2026,busan,2026-07-27,2026-07-25T04:07:28Z,0.4,0.001,2026-07-27T15:23:15Z
highest-temperature-in-busan-on-july-27-2026-35c,highest-temperature-in-busan-on-july-27-2026,busan,2026-07-27,2026-07-25T04:07:28Z,1.0,1.0,2026-07-27T17:02:43Z
highest-temperature-in-busan-on-july-27-2026-36c,highest-temperature-in-busan-on-july-27-2026,busan,2026-07-27,2026-07-25T04:07:28Z,0.74,0.001,2026-07-27T15:23:15Z
highest-temperature-in-busan-on-july-27-2026-37c,highest-temperature-in-busan-on-july-27-2026,busan,2026-07-27,2026-07-25T04:07:28Z,0.22,0.001,2026-07-27T15:23:15Z
highest-temperature-in-busan-on-july-27-2026-38c,highest-temperature-in-busan-on-july-27-2026,busan,2026-07-27,2026-07-25T04:07:28Z,0.07,0.001,2026-07-27T15:23:15Z
highest-temperature-in-busan-on-july-27-2026-39c,highest-temperature-in-busan-on-july-27-2026,busan,2026-07-27,2026-07-25T04:07:28Z,0.07,0.001,2026-07-27T15:23:15Z
highest-temperature-in-busan-on-july-27-2026-40corhigher,highest-temperature-in-busan-on-july-27-2026,busan,2026-07-27,2026-07-25T04:07:28Z,0.07,0.001,2026-07-27T15:23:15Z
highest-temperature-in-amsterdam-on-july-27-2026-17corbelow,highest-temperature-in-amsterdam-on-july-27-2026,amsterdam,2026-07-27,2026-07-25T04:07:28Z,0.07,0.001,2026-07-27T17:51:02Z
highest-temperature-in-amsterdam-on-july-27-2026-18c,highest-temperature-in-amsterdam-on-july-27-2026,amsterdam,2026-07-27,2026-07-25T04:07:28Z,0.37,0.001,2026-07-27T17:51:02Z
highest-temperature-in-amsterdam-on-july-27-2026-19c,highest-temperature-in-amsterdam-on-july-27-2026,amsterdam,2026-07-27,2026-07-25T04:07:28Z,0.37,0.001,2026-07-27T17:51:02Z
highest-temperature-in-amsterdam-on-july-27-2026-20c,highest-temperature-in-amsterdam-on-july-27-2026,amsterdam,2026-07-27,2026-07-25T04:07:28Z,0.5,0.001,2026-07-27T17:51:02Z
highest-temperature-in-amsterdam-on-july-27-2026-21c,highest-temperature-in-amsterdam-on-july-27-2026,amsterdam,2026-07-27,2026-07-25T04:07:28Z,1.0,1.0,2026-07-27T17:51:02Z
highest-temperature-in-amsterdam-on-july-27-2026-22c,highest-temperature-in-amsterdam-on-july-27-2026,amsterdam,2026-07-27,2026-07-25T04:07:28Z,0.54,0.005,2026-07-27T17:51:02Z
highest-temperature-in-amsterdam-on-july-27-2026-23c,highest-temperature-in-amsterdam-on-july-27-2026,amsterdam,2026-07-27,2026-07-25T04:07:28Z,0.126,0.001,2026-07-27T17:51:02Z
highest-temperature-in-amsterdam-on-july-27-2026-24c,highest-temperature-in-amsterdam-on-july-27-2026,amsterdam,2026-07-27,2026-07-25T04:07:28Z,0.07,0.001,2026-07-27T17:51:02Z
highest-temperature-in-amsterdam-on-july-27-2026-25c,highest-temperature-in-amsterdam-on-july-27-2026,amsterdam,2026-07-27,2026-07-25T04:07:28Z,0.07,0.001,2026-07-27T17:51:02Z
highest-temperature-in-amsterdam-on-july-27-2026-26c,highest-temperature-in-amsterdam-on-july-27-2026,amsterdam,2026-07-27,2026-07-25T04:07:28Z,0.07,0.001,2026-07-27T17:51:02Z
highest-temperature-in-amsterdam-on-july-27-2026-27corhigher,highest-temperature-in-amsterdam-on-july-27-2026,amsterdam,2026-07-27,2026-07-25T04:07:28Z,0.07,0.001,2026-07-27T17:51:02Z
highest-temperature-in-helsinki-on-july-27-2026-12corbelow,highest-temperature-in-helsinki-on-july-27-2026,helsinki,2026-07-27,2026-07-25T04:07:28Z,0.07,0.001,2026-07-27T17:51:02Z
highest-temperature-in-helsinki-on-july-27-2026-13c,highest-temperature-in-helsinki-on-july-27-2026,helsinki,2026-07-27,2026-07-25T04:07:28Z,0.07,0.001,2026-07-27T17:51:02Z
highest-temperature-in-helsinki-on-july-27-2026-14c,highest-temperature-in-helsinki-on-july-27-2026,helsinki,2026-07-27,2026-07-25T04:07:28Z,0.01,0.001,2026-07-27T17:51:02Z
highest-temperature-in-helsinki-on-july-27-2026-15c,highest-temperature-in-helsinki-on-july-27-2026,helsinki,2026-07-27,2026-07-25T04:07:28Z,0.07,0.001,2026-07-27T17:51:02Z
highest-temperature-in-helsinki-on-july-27-2026-16c,highest-temperature-in-helsinki-on-july-27-2026,helsinki,2026-07-27,2026-07-25T04:07:28Z,0.07,0.001,2026-07-27T17:51:02Z
highest-temperature-in-helsinki-on-july-27-2026-17c,highest-temperature-in-helsinki-on-july-27-2026,helsinki,2026-07-27,2026-07-25T04:07:28Z,0.4,0.001,2026-07-27T17:51:02Z
highest-temperature-in-helsinki-on-july-27-2026-18c,highest-temperature-in-helsinki-on-july-27-2026,helsinki,2026-07-27,2026-07-25T04:07:28Z,0.4,0.001,2026-07-27T17:51:02Z
highest-temperature-in-helsinki-on-july-27-2026-19c,highest-temperature-in-helsinki-on-july-27-2026,helsinki,2026-07-27,2026-07-25T04:07:28Z,0.46,0.001,2026-07-27T17:51:02Z
highest-temperature-in-helsinki-on-july-27-2026-20c,highest-temperature-in-helsinki-on-july-27-2026,helsinki,2026-07-27,2026-07-25T04:07:28Z,0.82,0.001,2026-07-27T17:51:02Z
highest-temperature-in-helsinki-on-july-27-2026-21c,highest-temperature-in-helsinki-on-july-27-2026,helsinki,2026-07-27,2026-07-25T04:07:28Z,1.0,1.0,2026-07-27T17:51:02Z
highest-temperature-in-helsinki-on-july-27-2026-22corhigher,highest-temperature-in-helsinki-on-july-27-2026,helsinki,2026-07-27,2026-07-25T04:07:28Z,0.14,0.001,2026-07-27T17:51:02Z
highest-temperature-in-kuala-lumpur-on-july-27-2026-26corbelow,highest-temperature-in-kuala-lumpur-on-july-27-2026,kuala-lumpur,2026-07-27,2026-07-25T04:07:28Z,0.01,0.001,2026-07-27T16:28:34Z
highest-temperature-in-kuala-lumpur-on-july-27-2026-27c,highest-temperature-in-kuala-lumpur-on-july-27-2026,kuala-lumpur,2026-07-27,2026-07-25T04:07:28Z,0.01,0.001,2026-07-27T16:28:34Z
highest-temperature-in-kuala-lumpur-on-july-27-2026-28c,highest-temperature-in-kuala-lumpur-on-july-27-2026,kuala-lumpur,2026-07-27,2026-07-25T04:07:28Z,0.99,0.001,2026-07-27T16:28:34Z
highest-temperature-in-kuala-lumpur-on-july-27-2026-29c,highest-temperature-in-kuala-lumpur-on-july-27-2026,kuala-lumpur,2026-07-27,2026-07-25T04:07:28Z,0.99,0.001,2026-07-27T16:28:34Z
highest-temperature-in-kuala-lumpur-on-july-27-2026-30c,highest-temperature-in-kuala-lumpur-on-july-27-2026,kuala-lumpur,2026-07-27,2026-07-25T04:07:28Z,0.99,0.001,2026-07-27T16:28:34Z
highest-temperature-in-kuala-lumpur-on-july-27-2026-31c,highest-temperature-in-kuala-lumpur-on-july-27-2026,kuala-lumpur,2026-07-27,2026-07-25T04:07:28Z,0.99,0.001,2026-07-27T16:28:34Z
highest-temperature-in-kuala-lumpur-on-july-27-2026-32c,highest-temperature-in-kuala-lumpur-on-july-27-2026,kuala-lumpur,2026-07-27,2026-07-25T04:07:28Z,0.99,0.001,2026-07-27T16:28:34Z
highest-temperature-in-kuala-lumpur-on-july-27-2026-33c,highest-temperature-in-kuala-lumpur-on-july-27-2026,kuala-lumpur,2026-07-27,2026-07-25T04:07:28Z,1.0,1.0,2026-07-27T16:53:22Z
highest-temperature-in-kuala-lumpur-on-july-27-2026-34c,highest-temperature-in-kuala-lumpur-on-july-27-2026,kuala-lumpur,2026-07-27,2026-07-25T04:07:28Z,0.99,0.001,2026-07-27T16:28:34Z
highest-temperature-in-kuala-lumpur-on-july-27-2026-35c,highest-temperature-in-kuala-lumpur-on-july-27-2026,kuala-lumpur,2026-07-27,2026-07-25T04:07:28Z,0.99,0.001,2026-07-27T16:28:34Z
highest-temperature-in-kuala-lumpur-on-july-27-2026-36corhigher,highest-temperature-in-kuala-lumpur-on-july-27-2026,kuala-lumpur,2026-07-27,2026-07-25T04:07:28Z,0.01,0.001,2026-07-27T16:28:34Z
highest-temperature-in-jeddah-on-july-27-2026-30corbelow,highest-temperature-in-jeddah-on-july-27-2026,jeddah,2026-07-27,2026-07-25T04:07:28Z,1.0,0.001,2026-07-27T17:51:02Z
highest-temperature-in-jeddah-on-july-27-2026-31c,highest-temperature-in-jeddah-on-july-27-2026,jeddah,2026-07-27,2026-07-25T04:07:28Z,1.0,0.001,2026-07-27T17:51:02Z
highest-temperature-in-jeddah-on-july-27-2026-32c,highest-temperature-in-jeddah-on-july-27-2026,jeddah,2026-07-27,2026-07-25T04:07:28Z,1.0,0.001,2026-07-27T17:51:02Z
highest-temperature-in-jeddah-on-july-27-2026-33c,highest-temperature-in-jeddah-on-july-27-2026,jeddah,2026-07-27,2026-07-25T04:07:28Z,1.0,0.001,2026-07-27T17:51:02Z
highest-temperature-in-jeddah-on-july-27-2026-34c,highest-temperature-in-jeddah-on-july-27-2026,jeddah,2026-07-27,2026-07-25T04:07:28Z,1.0,0.001,2026-07-27T17:51:02Z
highest-temperature-in-jeddah-on-july-27-2026-35c,highest-temperature-in-jeddah-on-july-27-2026,jeddah,2026-07-27,2026-07-25T04:07:28Z,1.0,0.001,2026-07-27T17:51:02Z
highest-temperature-in-jeddah-on-july-27-2026-36c,highest-temperature-in-jeddah-on-july-27-2026,jeddah,2026-07-27,2026-07-25T04:07:28Z,1.0,0.001,2026-07-27T17:51:02Z
highest-temperature-in-jeddah-on-july-27-2026-37c,highest-temperature-in-jeddah-on-july-27-2026,jeddah,2026-07-27,2026-07-25T04:07:28Z,1.0,0.001,2026-07-27T17:51:02Z
highest-temperature-in-jeddah-on-july-27-2026-38c,highest-temperature-in-jeddah-on-july-27-2026,jeddah,2026-07-27,2026-07-25T04:07:28Z,1.0,0.001,2026-07-27T17:51:02Z
highest-temperature-in-jeddah-on-july-27-2026-39c,highest-temperature-in-jeddah-on-july-27-2026,jeddah,2026-07-27,2026-07-25T04:07:28Z,1.0,0.001,2026-07-27T17:51:02Z
highest-temperature-in-jeddah-on-july-27-2026-40corhigher,highest-temperature-in-jeddah-on-july-27-2026,jeddah,2026-07-27,2026-07-25T04:07:28Z,1.0,1.0,2026-07-27T17:51:02Z
highest-temperature-in-guangzhou-on-july-27-2026-27corbelow,highest-temperature-in-guangzhou-on-july-27-2026,guangzhou,2026-07-27,2026-07-25T04:07:28Z,0.36,0.001,2026-07-27T16:28:34Z
highest-temperature-in-guangzhou-on-july-27-2026-28c,highest-temperature-in-guangzhou-on-july-27-2026,guangzhou,2026-07-27,2026-07-25T04:07:28Z,0.37,0.001,2026-07-27T16:28:34Z
highest-temperature-in-guangzhou-on-july-27-2026-29c,highest-temperature-in-guangzhou-on-july-27-2026,guangzhou,2026-07-27,2026-07-25T04:07:28Z,0.37,0.001,2026-07-27T16:28:34Z
highest-temperature-in-guangzhou-on-july-27-2026-30c,highest-temperature-in-guangzhou-on-july-27-2026,guangzhou,2026-07-27,2026-07-25T04:07:28Z,0.61,0.001,2026-07-27T16:28:34Z
highest-temperature-in-guangzhou-on-july-27-2026-31c,highest-temperature-in-guangzhou-on-july-27-2026,guangzhou,2026-07-27,2026-07-25T04:07:28Z,0.41,0.001,2026-07-27T16:28:34Z
highest-temperature-in-guangzhou-on-july-27-2026-32c,highest-temperature-in-guangzhou-on-july-27-2026,guangzhou,2026-07-27,2026-07-25T04:07:28Z,1.0,1.0,2026-07-27T16:28:34Z
highest-temperature-in-guangzhou-on-july-27-2026-33c,highest-temperature-in-guangzhou-on-july-27-2026,guangzhou,2026-07-27,2026-07-25T04:07:28Z,0.37,0.001,2026-07-27T16:28:34Z
highest-temperature-in-guangzhou-on-july-27-2026-34c,highest-temperature-in-guangzhou-on-july-27-2026,guangzhou,2026-07-27,2026-07-25T04:07:28Z,0.37,0.001,2026-07-27T16:28:34Z
highest-temperature-in-guangzhou-on-july-27-2026-35c,highest-temperature-in-guangzhou-on-july-27-2026,guangzhou,2026-07-27,2026-07-25T04:07:28Z,0.37,0.001,2026-07-27T16:28:34Z
highest-temperature-in-guangzhou-on-july-27-2026-36c,highest-temperature-in-guangzhou-on-july-27-2026,guangzhou,2026-07-27,2026-07-25T04:07:28Z,0.37,0.001,2026-07-27T16:28:34Z
highest-temperature-in-guangzhou-on-july-27-2026-37corhigher,highest-temperature-in-guangzhou-on-july-27-2026,guangzhou,2026-07-27,2026-07-25T04:07:28Z,0.37,0.001,2026-07-27T16:28:34Z
highest-temperature-in-qingdao-on-july-27-2026-26corbelow,highest-temperature-in-qingdao-on-july-27-2026,qingdao,2026-07-27,2026-07-25T04:07:28Z,0.01,0.001,2026-07-27T16:28:34Z
highest-temperature-in-qingdao-on-july-27-2026-27c,highest-temperature-in-qingdao-on-july-27-2026,qingdao,2026-07-27,2026-07-25T04:07:28Z,0.98,0.001,2026-07-27T16:28:34Z
highest-temperature-in-qingdao-on-july-27-2026-28c,highest-temperature-in-qingdao-on-july-27-2026,qingdao,2026-07-27,2026-07-25T04:07:28Z,0.99,0.001,2026-07-27T16:28:34Z
highest-temperature-in-qingdao-on-july-27-2026-29c,highest-temperature-in-qingdao-on-july-27-2026,qingdao,2026-07-27,2026-07-25T04:07:28Z,0.99,0.001,2026-07-27T16:28:34Z
highest-temperature-in-qingdao-on-july-27-2026-30c,highest-temperature-in-qingdao-on-july-27-2026,qingdao,2026-07-27,2026-07-25T04:07:28Z,0.99,0.001,2026-07-27T16:28:34Z
highest-temperature-in-qingdao-on-july-27-2026-31c,highest-temperature-in-qingdao-on-july-27-2026,qingdao,2026-07-27,2026-07-25T04:07:28Z,0.99,0.001,2026-07-27T16:28:34Z
highest-temperature-in-qingdao-on-july-27-2026-32c,highest-temperature-in-qingdao-on-july-27-2026,qingdao,2026-07-27,2026-07-25T04:07:28Z,1.0,1.0,2026-07-27T16:33:26Z
highest-temperature-in-qingdao-on-july-27-2026-33c,highest-temperature-in-qingdao-on-july-27-2026,qingdao,2026-07-27,2026-07-25T04:07:28Z,0.99,0.001,2026-07-27T16:28:34Z
highest-temperature-in-qingdao-on-july-27-2026-34c,highest-temperature-in-qingdao-on-july-27-2026,qingdao,2026-07-27,2026-07-25T04:07:28Z,0.99,0.001,2026-07-27T16:28:34Z
highest-temperature-in-qingdao-on-july-27-2026-35c,highest-temperature-in-qingdao-on-july-27-2026,qingdao,2026-07-27,2026-07-25T04:07:28Z,0.99,0.001,2026-07-27T16:28:34Z
highest-temperature-in-qingdao-on-july-27-2026-36corhigher,highest-temperature-in-qingdao-on-july-27-2026,qingdao,2026-07-27,2026-07-25T04:07:28Z,0.99,0.001,2026-07-27T16:28:34Z
highest-temperature-in-manila-on-july-27-2026-25corbelow,highest-temperature-in-manila-on-july-27-2026,manila,2026-07-27,2026-07-25T04:07:28Z,0.98,0.001,2026-07-27T16:23:36Z
highest-temperature-in-manila-on-july-27-2026-26c,highest-temperature-in-manila-on-july-27-2026,manila,2026-07-27,2026-07-25T04:07:28Z,0.98,0.001,2026-07-27T16:23:36Z
highest-temperature-in-manila-on-july-27-2026-27c,highest-temperature-in-manila-on-july-27-2026,manila,2026-07-27,2026-07-25T04:07:28Z,0.99,0.001,2026-07-27T16:23:36Z
highest-temperature-in-manila-on-july-27-2026-28c,highest-temperature-in-manila-on-july-27-2026,manila,2026-07-27,2026-07-25T04:07:28Z,0.99,0.001,2026-07-27T16:23:36Z
highest-temperature-in-manila-on-july-27-2026-29c,highest-temperature-in-manila-on-july-27-2026,manila,2026-07-27,2026-07-25T04:07:28Z,0.99,0.001,2026-07-27T16:23:36Z
highest-temperature-in-manila-on-july-27-2026-30c,highest-temperature-in-manila-on-july-27-2026,manila,2026-07-27,2026-07-25T04:07:28Z,0.99,0.001,2026-07-27T16:23:36Z
highest-temperature-in-manila-on-july-27-2026-31c,highest-temperature-in-manila-on-july-27-2026,manila,2026-07-27,2026-07-25T04:07:28Z,0.99,0.001,2026-07-27T16:23:36Z
highest-temperature-in-manila-on-july-27-2026-32c,highest-temperature-in-manila-on-july-27-2026,manila,2026-07-27,2026-07-25T04:07:28Z,0.99,0.001,2026-07-27T16:23:36Z
highest-temperature-in-manila-on-july-27-2026-33c,highest-temperature-in-manila-on-july-27-2026,manila,2026-07-27,2026-07-25T04:07:28Z,1.0,1.0,2026-07-27T17:02:43Z
highest-temperature-in-manila-on-july-27-2026-34c,highest-temperature-in-manila-on-july-27-2026,manila,2026-07-27,2026-07-25T04:07:28Z,0.99,0.001,2026-07-27T16:23:36Z
highest-temperature-in-manila-on-july-27-2026-35corhigher,highest-temperature-in-manila-on-july-27-2026,manila,2026-07-27,2026-07-25T04:07:28Z,0.99,0.001,2026-07-27T16:23:36Z
highest-temperature-in-lucknow-on-july-27-2026-27corbelow,highest-temperature-in-lucknow-on-july-27-2026,lucknow,2026-07-27,2026-07-25T05:03:29Z,1.0,0.001,2026-07-27T17:51:02Z
highest-temperature-in-lucknow-on-july-27-2026-28c,highest-temperature-in-lucknow-on-july-27-2026,lucknow,2026-07-27,2026-07-25T05:03:29Z,1.0,0.001,2026-07-27T17:51:02Z
highest-temperature-in-lucknow-on-july-27-2026-29c,highest-temperature-in-lucknow-on-july-27-2026,lucknow,2026-07-27,2026-07-25T05:03:29Z,1.0,0.001,2026-07-27T17:51:02Z
highest-temperature-in-lucknow-on-july-27-2026-30c,highest-temperature-in-lucknow-on-july-27-2026,lucknow,2026-07-27,2026-07-25T05:03:29Z,1.0,0.001,2026-07-27T17:51:02Z
highest-temperature-in-lucknow-on-july-27-2026-31c,highest-temperature-in-lucknow-on-july-27-2026,lucknow,2026-07-27,2026-07-25T05:03:29Z,1.0,0.001,2026-07-27T17:51:02Z
highest-temperature-in-lucknow-on-july-27-2026-32c,highest-temperature-in-lucknow-on-july-27-2026,lucknow,2026-07-27,2026-07-25T05:03:29Z,1.0,0.001,2026-07-27T17:51:02Z
highest-temperature-in-lucknow-on-july-27-2026-33c,highest-temperature-in-lucknow-on-july-27-2026,lucknow,2026-07-27,2026-07-25T05:03:29Z,1.0,1.0,2026-07-27T17:51:02Z
highest-temperature-in-lucknow-on-july-27-2026-34c,highest-temperature-in-lucknow-on-july-27-2026,lucknow,2026-07-27,2026-07-25T05:03:29Z,1.0,0.002,2026-07-27T17:51:02Z
highest-temperature-in-lucknow-on-july-27-2026-35c,highest-temperature-in-lucknow-on-july-27-2026,lucknow,2026-07-27,2026-07-25T05:03:29Z,1.0,0.001,2026-07-27T17:51:02Z
highest-temperature-in-lucknow-on-july-27-2026-36c,highest-temperature-in-lucknow-on-july-27-2026,lucknow,2026-07-27,2026-07-25T05:03:29Z,1.0,0.001,2026-07-27T17:51:02Z
highest-temperature-in-lucknow-on-july-27-2026-37corhigher,highest-temperature-in-lucknow-on-july-27-2026,lucknow,2026-07-27,2026-07-25T05:03:29Z,1.0,0.001,2026-07-27T17:51:02Z
highest-temperature-in-cape-town-on-july-27-2026-12corbelow,highest-temperature-in-cape-town-on-july-27-2026,cape-town,2026-07-27,2026-07-25T05:07:26Z,0.02,0.001,2026-07-27T17:51:02Z
highest-temperature-in-cape-town-on-july-27-2026-13c,highest-temperature-in-cape-town-on-july-27-2026,cape-town,2026-07-27,2026-07-25T05:07:26Z,0.02,0.001,2026-07-27T17:51:02Z
highest-temperature-in-cape-town-on-july-27-2026-14c,highest-temperature-in-cape-town-on-july-27-2026,cape-town,2026-07-27,2026-07-25T05:07:26Z,0.37,0.001,2026-07-27T17:51:02Z
highest-temperature-in-cape-town-on-july-27-2026-15c,highest-temperature-in-cape-town-on-july-27-2026,cape-town,2026-07-27,2026-07-25T05:07:26Z,0.37,0.001,2026-07-27T17:51:02Z
highest-temperature-in-cape-town-on-july-27-2026-16c,highest-temperature-in-cape-town-on-july-27-2026,cape-town,2026-07-27,2026-07-25T05:07:26Z,0.37,0.001,2026-07-27T17:51:02Z
highest-temperature-in-cape-town-on-july-27-2026-17c,highest-temperature-in-cape-town-on-july-27-2026,cape-town,2026-07-27,2026-07-25T05:07:26Z,1.0,1.0,2026-07-27T17:51:02Z
highest-temperature-in-cape-town-on-july-27-2026-18c,highest-temperature-in-cape-town-on-july-27-2026,cape-town,2026-07-27,2026-07-25T05:07:26Z,0.54,0.002,2026-07-27T17:51:02Z
highest-temperature-in-cape-town-on-july-27-2026-19c,highest-temperature-in-cape-town-on-july-27-2026,cape-town,2026-07-27,2026-07-25T05:07:26Z,0.37,0.001,2026-07-27T17:51:02Z
highest-temperature-in-cape-town-on-july-27-2026-20c,highest-temperature-in-cape-town-on-july-27-2026,cape-town,2026-07-27,2026-07-25T05:07:26Z,0.37,0.001,2026-07-27T17:51:02Z
highest-temperature-in-cape-town-on-july-27-2026-21c,highest-temperature-in-cape-town-on-july-27-2026,cape-town,2026-07-27,2026-07-25T05:07:26Z,0.37,0.001,2026-07-27T17:51:02Z
highest-temperature-in-cape-town-on-july-27-2026-22corhigher,highest-temperature-in-cape-town-on-july-27-2026,cape-town,2026-07-27,2026-07-25T05:07:26Z,0.08,0.001,2026-07-27T17:51:02Z
highest-temperature-in-karachi-on-july-27-2026-28corbelow,highest-temperature-in-karachi-on-july-27-2026,karachi,2026-07-27,2026-07-25T05:07:26Z,0.02,0.001,2026-07-27T17:51:02Z
highest-temperature-in-karachi-on-july-27-2026-29c,highest-temperature-in-karachi-on-july-27-2026,karachi,2026-07-27,2026-07-25T05:07:26Z,0.01,0.001,2026-07-27T17:51:02Z
highest-temperature-in-karachi-on-july-27-2026-30c,highest-temperature-in-karachi-on-july-27-2026,karachi,2026-07-27,2026-07-25T05:07:26Z,0.07,0.001,2026-07-27T17:51:02Z
highest-temperature-in-karachi-on-july-27-2026-31c,highest-temperature-in-karachi-on-july-27-2026,karachi,2026-07-27,2026-07-25T05:07:26Z,0.99,0.001,2026-07-27T17:51:02Z
highest-temperature-in-karachi-on-july-27-2026-32c,highest-temperature-in-karachi-on-july-27-2026,karachi,2026-07-27,2026-07-25T05:07:26Z,0.98,0.001,2026-07-27T17:51:02Z
highest-temperature-in-karachi-on-july-27-2026-33c,highest-temperature-in-karachi-on-july-27-2026,karachi,2026-07-27,2026-07-25T05:07:26Z,0.98,0.001,2026-07-27T17:51:02Z
highest-temperature-in-karachi-on-july-27-2026-34c,highest-temperature-in-karachi-on-july-27-2026,karachi,2026-07-27,2026-07-25T05:07:26Z,1.0,1.0,2026-07-27T17:51:02Z
highest-temperature-in-karachi-on-july-27-2026-35c,highest-temperature-in-karachi-on-july-27-2026,karachi,2026-07-27,2026-07-25T05:07:26Z,0.99,0.001,2026-07-27T17:51:02Z
highest-temperature-in-karachi-on-july-27-2026-36c,highest-temperature-in-karachi-on-july-27-2026,karachi,2026-07-27,2026-07-25T05:07:26Z,0.07,0.001,2026-07-27T17:51:02Z
highest-temperature-in-karachi-on-july-27-2026-37c,highest-temperature-in-karachi-on-july-27-2026,karachi,2026-07-27,2026-07-25T05:07:26Z,0.07,0.001,2026-07-27T17:51:02Z
highest-temperature-in-karachi-on-july-27-2026-38corhigher,highest-temperature-in-karachi-on-july-27-2026,karachi,2026-07-27,2026-07-25T05:07:26Z,0.07,0.001,2026-07-27T17:51:02Z
highest-temperature-in-sao-paulo-on-july-27-2026-20corbelow,highest-temperature-in-sao-paulo-on-july-27-2026,sao-paulo,2026-07-27,2026-07-26T07:02:31Z,1.0,0.001,2026-07-27T17:51:02Z
highest-temperature-in-sao-paulo-on-july-27-2026-21c,highest-temperature-in-sao-paulo-on-july-27-2026,sao-paulo,2026-07-27,2026-07-26T07:02:31Z,1.0,0.001,2026-07-27T17:51:02Z
highest-temperature-in-sao-paulo-on-july-27-2026-22c,highest-temperature-in-sao-paulo-on-july-27-2026,sao-paulo,2026-07-27,2026-07-26T07:02:31Z,1.0,0.001,2026-07-27T17:51:02Z
highest-temperature-in-sao-paulo-on-july-27-2026-23c,highest-temperature-in-sao-paulo-on-july-27-2026,sao-paulo,2026-07-27,2026-07-26T07:02:31Z,1.0,0.001,2026-07-27T17:51:02Z
highest-temperature-in-sao-paulo-on-july-27-2026-24c,highest-temperature-in-sao-paulo-on-july-27-2026,sao-paulo,2026-07-27,2026-07-26T07:02:31Z,1.0,0.001,2026-07-27T17:51:02Z
highest-temperature-in-sao-paulo-on-july-27-2026-25c,highest-temperature-in-sao-paulo-on-july-27-2026,sao-paulo,2026-07-27,2026-07-26T07:02:31Z,1.0,0.001,2026-07-27T17:51:02Z
highest-temperature-in-sao-paulo-on-july-27-2026-26c,highest-temperature-in-sao-paulo-on-july-27-2026,sao-paulo,2026-07-27,2026-07-26T07:02:31Z,1.0,0.001,2026-07-27T17:51:02Z
highest-temperature-in-sao-paulo-on-july-27-2026-27c,highest-temperature-in-sao-paulo-on-july-27-2026,sao-paulo,2026-07-27,2026-07-26T07:02:31Z,1.0,0.001,2026-07-27T17:51:02Z
highest-temperature-in-sao-paulo-on-july-27-2026-28c,highest-temperature-in-sao-paulo-on-july-27-2026,sao-paulo,2026-07-27,2026-07-26T07:02:31Z,1.0,0.94,2026-07-27T17:51:02Z
highest-temperature-in-sao-paulo-on-july-27-2026-29c,highest-temperature-in-sao-paulo-on-july-27-2026,sao-paulo,2026-07-27,2026-07-26T07:02:31Z,1.0,0.145,2026-07-27T17:51:02Z
highest-temperature-in-sao-paulo-on-july-27-2026-30corhigher,highest-temperature-in-sao-paulo-on-july-27-2026,sao-paulo,2026-07-27,2026-07-26T07:02:31Z,1.0,0.017,2026-07-27T17:51:02Z
highest-temperature-in-buenos-aires-on-july-27-2026-13corbelow,highest-temperature-in-buenos-aires-on-july-27-2026,buenos-aires,2026-07-27,2026-07-26T07:02:31Z,1.0,0.001,2026-07-27T17:51:02Z
highest-temperature-in-buenos-aires-on-july-27-2026-14c,highest-temperature-in-buenos-aires-on-july-27-2026,buenos-aires,2026-07-27,2026-07-26T07:02:31Z,1.0,0.001,2026-07-27T17:51:02Z
highest-temperature-in-buenos-aires-on-july-27-2026-15c,highest-temperature-in-buenos-aires-on-july-27-2026,buenos-aires,2026-07-27,2026-07-26T07:02:31Z,1.0,0.001,2026-07-27T17:51:02Z
highest-temperature-in-buenos-aires-on-july-27-2026-16c,highest-temperature-in-buenos-aires-on-july-27-2026,buenos-aires,2026-07-27,2026-07-26T07:02:31Z,1.0,0.001,2026-07-27T17:51:02Z
highest-temperature-in-buenos-aires-on-july-27-2026-17c,highest-temperature-in-buenos-aires-on-july-27-2026,buenos-aires,2026-07-27,2026-07-26T07:02:31Z,1.0,0.399,2026-07-27T17:51:02Z
highest-temperature-in-buenos-aires-on-july-27-2026-18c,highest-temperature-in-buenos-aires-on-july-27-2026,buenos-aires,2026-07-27,2026-07-26T07:02:31Z,1.0,0.48,2026-07-27T17:51:02Z
highest-temperature-in-buenos-aires-on-july-27-2026-19c,highest-temperature-in-buenos-aires-on-july-27-2026,buenos-aires,2026-07-27,2026-07-26T07:02:31Z,1.0,0.63,2026-07-27T17:51:02Z
highest-temperature-in-buenos-aires-on-july-27-2026-20c,highest-temperature-in-buenos-aires-on-july-27-2026,buenos-aires,2026-07-27,2026-07-26T07:02:31Z,1.0,0.12,2026-07-27T17:51:02Z
highest-temperature-in-buenos-aires-on-july-27-2026-21c,highest-temperature-in-buenos-aires-on-july-27-2026,buenos-aires,2026-07-27,2026-07-26T07:02:31Z,1.0,0.02,2026-07-27T17:51:02Z
highest-temperature-in-buenos-aires-on-july-27-2026-22c,highest-temperature-in-buenos-aires-on-july-27-2026,buenos-aires,2026-07-27,2026-07-26T07:02:31Z,1.0,0.015,2026-07-27T17:51:02Z
highest-temperature-in-buenos-aires-on-july-27-2026-23corhigher,highest-temperature-in-buenos-aires-on-july-27-2026,buenos-aires,2026-07-27,2026-07-26T07:02:31Z,1.0,0.004,2026-07-27T17:51:02Z
highest-temperature-in-toronto-on-july-27-2026-22corbelow,highest-temperature-in-toronto-on-july-27-2026,toronto,2026-07-27,2026-07-26T07:02:31Z,1.0,0.001,2026-07-27T17:51:02Z
highest-temperature-in-toronto-on-july-27-2026-23c,highest-temperature-in-toronto-on-july-27-2026,toronto,2026-07-27,2026-07-26T07:02:31Z,1.0,0.001,2026-07-27T17:51:02Z
highest-temperature-in-toronto-on-july-27-2026-24c,highest-temperature-in-toronto-on-july-27-2026,toronto,2026-07-27,2026-07-26T07:02:31Z,1.0,0.001,2026-07-27T17:51:02Z
highest-temperature-in-toronto-on-july-27-2026-25c,highest-temperature-in-toronto-on-july-27-2026,toronto,2026-07-27,2026-07-26T07:02:31Z,1.0,0.001,2026-07-27T17:51:02Z
highest-temperature-in-toronto-on-july-27-2026-26c,highest-temperature-in-toronto-on-july-27-2026,toronto,2026-07-27,2026-07-26T07:02:31Z,1.0,0.001,2026-07-27T17:51:02Z
highest-temperature-in-toronto-on-july-27-2026-27c,highest-temperature-in-toronto-on-july-27-2026,toronto,2026-07-27,2026-07-26T07:02:31Z,1.0,0.001,2026-07-27T17:51:02Z
highest-temperature-in-toronto-on-july-27-2026-28c,highest-temperature-in-toronto-on-july-27-2026,toronto,2026-07-27,2026-07-26T07:02:31Z,1.0,0.001,2026-07-27T17:51:02Z
highest-temperature-in-toronto-on-july-27-2026-29c,highest-temperature-in-toronto-on-july-27-2026,toronto,2026-07-27,2026-07-26T07:02:31Z,1.0,0.84,2026-07-27T17:51:02Z
highest-temperature-in-toronto-on-july-27-2026-30c,highest-temperature-in-toronto-on-july-27-2026,toronto,2026-07-27,2026-07-26T07:02:31Z,1.0,0.22,2026-07-27T17:51:02Z
highest-temperature-in-toronto-on-july-27-2026-31c,highest-temperature-in-toronto-on-july-27-2026,toronto,2026-07-27,2026-07-26T07:02:31Z,1.0,0.071,2026-07-27T17:51:02Z
highest-temperature-in-toronto-on-july-27-2026-32corhigher,highest-temperature-in-toronto-on-july-27-2026,toronto,2026-07-27,2026-07-26T07:02:31Z,1.0,0.015,2026-07-27T17:51:02Z
highest-temperature-in-seattle-on-july-27-2026-67forbelow,highest-temperature-in-seattle-on-july-27-2026,seattle,2026-07-27,2026-07-26T07:02:31Z,1.0,0.017,2026-07-27T17:51:02Z
highest-temperature-in-seattle-on-july-27-2026-68-69f,highest-temperature-in-seattle-on-july-27-2026,seattle,2026-07-27,2026-07-26T07:02:31Z,1.0,0.001,2026-07-27T17:51:02Z
highest-temperature-in-seattle-on-july-27-2026-70-71f,highest-temperature-in-seattle-on-july-27-2026,seattle,2026-07-27,2026-07-26T07:02:31Z,1.0,0.009,2026-07-27T17:51:02Z
highest-temperature-in-seattle-on-july-27-2026-72-73f,highest-temperature-in-seattle-on-july-27-2026,seattle,2026-07-27,2026-07-26T07:02:31Z,1.0,0.013,2026-07-27T17:51:02Z
highest-temperature-in-seattle-on-july-27-2026-74-75f,highest-temperature-in-seattle-on-july-27-2026,seattle,2026-07-27,2026-07-26T07:02:31Z,1.0,0.05,2026-07-27T17:51:02Z
highest-temperature-in-seattle-on-july-27-2026-76-77f,highest-temperature-in-seattle-on-july-27-2026,seattle,2026-07-27,2026-07-26T07:02:31Z,1.0,0.32,2026-07-27T17:51:02Z
highest-temperature-in-seattle-on-july-27-2026-78-79f,highest-temperature-in-seattle-on-july-27-2026,seattle,2026-07-27,2026-07-26T07:02:31Z,1.0,0.56,2026-07-27T17:51:02Z
highest-temperature-in-seattle-on-july-27-2026-80-81f,highest-temperature-in-seattle-on-july-27-2026,seattle,2026-07-27,2026-07-26T07:02:31Z,1.0,0.11,2026-07-27T17:51:02Z
highest-temperature-in-seattle-on-july-27-2026-82-83f,highest-temperature-in-seattle-on-july-27-2026,seattle,2026-07-27,2026-07-26T07:02:31Z,1.0,0.03,2026-07-27T17:51:02Z
highest-temperature-in-seattle-on-july-27-2026-84-85f,highest-temperature-in-seattle-on-july-27-2026,seattle,2026-07-27,2026-07-26T07:02:31Z,1.0,0.009,2026-07-27T17:51:02Z
highest-temperature-in-seattle-on-july-27-2026-86forhigher,highest-temperature-in-seattle-on-july-27-2026,seattle,2026-07-27,2026-07-26T07:02:31Z,1.0,0.002,2026-07-27T17:51:02Z
highest-temperature-in-nyc-on-july-27-2026-75forbelow,highest-temperature-in-nyc-on-july-27-2026,nyc,2026-07-27,2026-07-26T07:04:49Z,0.37,0.001,2026-07-27T17:51:02Z
highest-temperature-in-nyc-on-july-27-2026-76-77f,highest-temperature-in-nyc-on-july-27-2026,nyc,2026-07-27,2026-07-26T07:04:49Z,0.37,0.001,2026-07-27T17:51:02Z
highest-temperature-in-nyc-on-july-27-2026-78-79f,highest-temperature-in-nyc-on-july-27-2026,nyc,2026-07-27,2026-07-26T07:04:49Z,0.37,0.001,2026-07-27T17:51:02Z
highest-temperature-in-nyc-on-july-27-2026-80-81f,highest-temperature-in-nyc-on-july-27-2026,nyc,2026-07-27,2026-07-26T07:04:49Z,0.37,0.001,2026-07-27T17:51:02Z
highest-temperature-in-nyc-on-july-27-2026-82-83f,highest-temperature-in-nyc-on-july-27-2026,nyc,2026-07-27,2026-07-26T07:04:49Z,0.6,0.001,2026-07-27T17:51:02Z
highest-temperature-in-nyc-on-july-27-2026-84-85f,highest-temperature-in-nyc-on-july-27-2026,nyc,2026-07-27,2026-07-26T07:04:49Z,0.83,0.83,2026-07-27T17:51:02Z
highest-temperature-in-nyc-on-july-27-2026-86-87f,highest-temperature-in-nyc-on-july-27-2026,nyc,2026-07-27,2026-07-26T07:04:49Z,0.37,0.18,2026-07-27T17:51:02Z
highest-temperature-in-nyc-on-july-27-2026-88-89f,highest-temperature-in-nyc-on-july-27-2026,nyc,2026-07-27,2026-07-26T07:04:49Z,0.37,0.033,2026-07-27T17:51:02Z
highest-temperature-in-nyc-on-july-27-2026-90-91f,highest-temperature-in-nyc-on-july-27-2026,nyc,2026-07-27,2026-07-26T07:04:49Z,0.37,0.01,2026-07-27T17:51:02Z
highest-temperature-in-nyc-on-july-27-2026-92-93f,highest-temperature-in-nyc-on-july-27-2026,nyc,2026-07-27,2026-07-26T07:04:49Z,0.37,0.001,2026-07-27T17:51:02Z
highest-temperature-in-nyc-on-july-27-2026-94forhigher,highest-temperature-in-nyc-on-july-27-2026,nyc,2026-07-27,2026-07-26T07:04:49Z,0.37,0.001,2026-07-27T17:51:02Z
highest-temperature-in-dallas-on-july-27-2026-95forbelow,highest-temperature-in-dallas-on-july-27-2026,dallas,2026-07-27,2026-07-26T07:04:49Z,0.07,0.01,2026-07-27T17:51:02Z
highest-temperature-in-dallas-on-july-27-2026-96-97f,highest-temperature-in-dallas-on-july-27-2026,dallas,2026-07-27,2026-07-26T07:04:49Z,0.37,0.02,2026-07-27T17:51:02Z
highest-temperature-in-dallas-on-july-27-2026-98-99f,highest-temperature-in-dallas-on-july-27-2026,dallas,2026-07-27,2026-07-26T07:04:49Z,0.37,0.19,2026-07-27T17:51:02Z
highest-temperature-in-dallas-on-july-27-2026-100-101f,highest-temperature-in-dallas-on-july-27-2026,dallas,2026-07-27,2026-07-26T07:04:49Z,0.67,0.65,2026-07-27T17:51:02Z
highest-temperature-in-dallas-on-july-27-2026-102-103f,highest-temperature-in-dallas-on-july-27-2026,dallas,2026-07-27,2026-07-26T07:04:49Z,0.41,0.18,2026-07-27T17:51:02Z
highest-temperature-in-dallas-on-july-27-2026-104-105f,highest-temperature-in-dallas-on-july-27-2026,dallas,2026-07-27,2026-07-26T07:04:49Z,0.37,0.03,2026-07-27T17:51:02Z
highest-temperature-in-dallas-on-july-27-2026-106-107f,highest-temperature-in-dallas-on-july-27-2026,dallas,2026-07-27,2026-07-26T07:04:49Z,0.19,0.005,2026-07-27T17:51:02Z
highest-temperature-in-dallas-on-july-27-2026-108-109f,highest-temperature-in-dallas-on-july-27-2026,dallas,2026-07-27,2026-07-26T07:04:49Z,0.07,0.004,2026-07-27T17:51:02Z
highest-temperature-in-dallas-on-july-27-2026-110-111f,highest-temperature-in-dallas-on-july-27-2026,dallas,2026-07-27,2026-07-26T07:04:49Z,0.07,0.001,2026-07-27T17:51:02Z
highest-temperature-in-dallas-on-july-27-2026-112-113f,highest-temperature-in-dallas-on-july-27-2026,dallas,2026-07-27,2026-07-26T07:04:49Z,0.07,0.001,2026-07-27T17:51:02Z
highest-temperature-in-dallas-on-july-27-2026-114forhigher,highest-temperature-in-dallas-on-july-27-2026,dallas,2026-07-27,2026-07-26T07:04:49Z,0.07,0.001,2026-07-27T17:51:02Z
highest-temperature-in-atlanta-on-july-27-2026-83forbelow,highest-temperature-in-atlanta-on-july-27-2026,atlanta,2026-07-27,2026-07-26T07:04:49Z,1.0,0.001,2026-07-27T17:51:02Z
highest-temperature-in-atlanta-on-july-27-2026-84-85f,highest-temperature-in-atlanta-on-july-27-2026,atlanta,2026-07-27,2026-07-26T07:04:49Z,1.0,0.029,2026-07-27T17:51:02Z
highest-temperature-in-atlanta-on-july-27-2026-86-87f,highest-temperature-in-atlanta-on-july-27-2026,atlanta,2026-07-27,2026-07-26T07:04:49Z,1.0,0.11,2026-07-27T17:51:02Z
highest-temperature-in-atlanta-on-july-27-2026-88-89f,highest-temperature-in-atlanta-on-july-27-2026,atlanta,2026-07-27,2026-07-26T07:04:49Z,1.0,0.35,2026-07-27T17:51:02Z
highest-temperature-in-atlanta-on-july-27-2026-90-91f,highest-temperature-in-atlanta-on-july-27-2026,atlanta,2026-07-27,2026-07-26T07:04:49Z,1.0,0.34,2026-07-27T17:51:02Z
highest-temperature-in-atlanta-on-july-27-2026-92-93f,highest-temperature-in-atlanta-on-july-27-2026,atlanta,2026-07-27,2026-07-26T07:04:49Z,1.0,0.21,2026-07-27T17:51:02Z
highest-temperature-in-atlanta-on-july-27-2026-94-95f,highest-temperature-in-atlanta-on-july-27-2026,atlanta,2026-07-27,2026-07-26T07:04:49Z,1.0,0.12,2026-07-27T17:51:02Z
highest-temperature-in-atlanta-on-july-27-2026-96-97f,highest-temperature-in-atlanta-on-july-27-2026,atlanta,2026-07-27,2026-07-26T07:04:49Z,1.0,0.02,2026-07-27T17:51:02Z
highest-temperature-in-atlanta-on-july-27-2026-98-99f,highest-temperature-in-atlanta-on-july-27-2026,atlanta,2026-07-27,2026-07-26T07:04:49Z,1.0,0.003,2026-07-27T17:51:02Z
highest-temperature-in-atlanta-on-july-27-2026-100-101f,highest-temperature-in-atlanta-on-july-27-2026,atlanta,2026-07-27,2026-07-26T07:04:49Z,1.0,0.001,2026-07-27T17:51:02Z
highest-temperature-in-atlanta-on-july-27-2026-102forhigher,highest-temperature-in-atlanta-on-july-27-2026,atlanta,2026-07-27,2026-07-26T07:04:49Z,1.0,0.001,2026-07-27T17:51:02Z
highest-temperature-in-miami-on-july-27-2026-87forbelow,highest-temperature-in-miami-on-july-27-2026,miami,2026-07-27,2026-07-26T07:04:49Z,1.0,0.001,2026-07-27T17:51:02Z
highest-temperature-in-miami-on-july-27-2026-88-89f,highest-temperature-in-miami-on-july-27-2026,miami,2026-07-27,2026-07-26T07:04:49Z,1.0,0.001,2026-07-27T17:51:02Z
highest-temperature-in-miami-on-july-27-2026-90-91f,highest-temperature-in-miami-on-july-27-2026,miami,2026-07-27,2026-07-26T07:04:49Z,1.0,0.75,2026-07-27T17:51:02Z
highest-temperature-in-miami-on-july-27-2026-92-93f,highest-temperature-in-miami-on-july-27-2026,miami,2026-07-27,2026-07-26T07:04:49Z,1.0,0.23,2026-07-27T17:51:02Z
highest-temperature-in-miami-on-july-27-2026-94-95f,highest-temperature-in-miami-on-july-27-2026,miami,2026-07-27,2026-07-26T07:04:49Z,1.0,0.096,2026-07-27T17:51:02Z
highest-temperature-in-miami-on-july-27-2026-96-97f,highest-temperature-in-miami-on-july-27-2026,miami,2026-07-27,2026-07-26T07:04:49Z,1.0,0.001,2026-07-27T17:51:02Z
highest-temperature-in-miami-on-july-27-2026-98-99f,highest-temperature-in-miami-on-july-27-2026,miami,2026-07-27,2026-07-26T07:04:49Z,1.0,0.001,2026-07-27T17:51:02Z
highest-temperature-in-miami-on-july-27-2026-100-101f,highest-temperature-in-miami-on-july-27-2026,miami,2026-07-27,2026-07-26T07:04:49Z,1.0,0.001,2026-07-27T17:51:02Z
highest-temperature-in-miami-on-july-27-2026-102-103f,highest-temperature-in-miami-on-july-27-2026,miami,2026-07-27,2026-07-26T07:04:49Z,1.0,0.001,2026-07-27T17:51:02Z
highest-temperature-in-miami-on-july-27-2026-104-105f,highest-temperature-in-miami-on-july-27-2026,miami,2026-07-27,2026-07-26T07:04:49Z,1.0,0.001,2026-07-27T17:51:02Z
highest-temperature-in-miami-on-july-27-2026-106forhigher,highest-temperature-in-miami-on-july-27-2026,miami,2026-07-27,2026-07-26T07:04:49Z,1.0,0.001,2026-07-27T17:51:02Z
highest-temperature-in-chicago-on-july-27-2026-81forbelow,highest-temperature-in-chicago-on-july-27-2026,chicago,2026-07-27,2026-07-26T07:04:49Z,1.0,0.001,2026-07-27T17:51:02Z
highest-temperature-in-chicago-on-july-27-2026-82-83f,highest-temperature-in-chicago-on-july-27-2026,chicago,2026-07-27,2026-07-26T07:04:49Z,1.0,0.001,2026-07-27T17:51:02Z
highest-temperature-in-chicago-on-july-27-2026-84-85f,highest-temperature-in-chicago-on-july-27-2026,chicago,2026-07-27,2026-07-26T07:04:49Z,1.0,0.9,2026-07-27T17:51:02Z
highest-temperature-in-chicago-on-july-27-2026-86-87f,highest-temperature-in-chicago-on-july-27-2026,chicago,2026-07-27,2026-07-26T07:04:49Z,1.0,0.09,2026-07-27T17:51:02Z
highest-temperature-in-chicago-on-july-27-2026-88-89f,highest-temperature-in-chicago-on-july-27-2026,chicago,2026-07-27,2026-07-26T07:04:49Z,1.0,0.04,2026-07-27T17:51:02Z
highest-temperature-in-chicago-on-july-27-2026-90-91f,highest-temperature-in-chicago-on-july-27-2026,chicago,2026-07-27,2026-07-26T07:04:49Z,1.0,0.008,2026-07-27T17:51:02Z
highest-temperature-in-chicago-on-july-27-2026-92-93f,highest-temperature-in-chicago-on-july-27-2026,chicago,2026-07-27,2026-07-26T07:04:49Z,1.0,0.004,2026-07-27T17:51:02Z
highest-temperature-in-chicago-on-july-27-2026-94-95f,highest-temperature-in-chicago-on-july-27-2026,chicago,2026-07-27,2026-07-26T07:04:49Z,1.0,0.001,2026-07-27T17:51:02Z
highest-temperature-in-chicago-on-july-27-2026-96-97f,highest-temperature-in-chicago-on-july-27-2026,chicago,2026-07-27,2026-07-26T07:04:49Z,1.0,0.004,2026-07-27T17:51:02Z
highest-temperature-in-chicago-on-july-27-2026-98-99f,highest-temperature-in-chicago-on-july-27-2026,chicago,2026-07-27,2026-07-26T07:04:49Z,1.0,0.003,2026-07-27T17:51:02Z
highest-temperature-in-chicago-on-july-27-2026-100forhigher,highest-temperature-in-chicago-on-july-27-2026,chicago,2026-07-27,2026-07-26T07:04:49Z,1.0,0.001,2026-07-27T17:51:02Z
highest-temperature-in-austin-on-july-27-2026-87forbelow,highest-temperature-in-austin-on-july-27-2026,austin,2026-07-27,2026-07-26T07:04:49Z,1.0,0.001,2026-07-27T17:51:02Z
highest-temperature-in-austin-on-july-27-2026-88-89f,highest-temperature-in-austin-on-july-27-2026,austin,2026-07-27,2026-07-26T07:04:49Z,1.0,0.001,2026-07-27T17:51:02Z
highest-temperature-in-austin-on-july-27-2026-90-91f,highest-temperature-in-austin-on-july-27-2026,austin,2026-07-27,2026-07-26T07:04:49Z,1.0,0.001,2026-07-27T17:51:02Z
highest-temperature-in-austin-on-july-27-2026-92-93f,highest-temperature-in-austin-on-july-27-2026,austin,2026-07-27,2026-07-26T07:04:49Z,1.0,0.005,2026-07-27T17:51:02Z
highest-temperature-in-austin-on-july-27-2026-94-95f,highest-temperature-in-austin-on-july-27-2026,austin,2026-07-27,2026-07-26T07:04:49Z,1.0,0.006,2026-07-27T17:51:02Z
highest-temperature-in-austin-on-july-27-2026-96-97f,highest-temperature-in-austin-on-july-27-2026,austin,2026-07-27,2026-07-26T07:04:49Z,1.0,0.38,2026-07-27T17:51:02Z
highest-temperature-in-austin-on-july-27-2026-98-99f,highest-temperature-in-austin-on-july-27-2026,austin,2026-07-27,2026-07-26T07:04:49Z,1.0,0.62,2026-07-27T17:51:02Z
highest-temperature-in-austin-on-july-27-2026-100-101f,highest-temperature-in-austin-on-july-27-2026,austin,2026-07-27,2026-07-26T07:04:49Z,1.0,0.05,2026-07-27T17:51:02Z
highest-temperature-in-austin-on-july-27-2026-102-103f,highest-temperature-in-austin-on-july-27-2026,austin,2026-07-27,2026-07-26T07:04:49Z,1.0,0.013,2026-07-27T17:51:02Z
highest-temperature-in-austin-on-july-27-2026-104-105f,highest-temperature-in-austin-on-july-27-2026,austin,2026-07-27,2026-07-26T07:04:49Z,1.0,0.004,2026-07-27T17:51:02Z
highest-temperature-in-austin-on-july-27-2026-106forhigher,highest-temperature-in-austin-on-july-27-2026,austin,2026-07-27,2026-07-26T07:04:49Z,1.0,0.001,2026-07-27T17:51:02Z
highest-temperature-in-denver-on-july-27-2026-85forbelow,highest-temperature-in-denver-on-july-27-2026,denver,2026-07-27,2026-07-26T07:04:49Z,1.0,0.001,2026-07-27T17:51:02Z
highest-temperature-in-denver-on-july-27-2026-86-87f,highest-temperature-in-denver-on-july-27-2026,denver,2026-07-27,2026-07-26T07:04:49Z,1.0,0.001,2026-07-27T17:51:02Z
highest-temperature-in-denver-on-july-27-2026-88-89f,highest-temperature-in-denver-on-july-27-2026,denver,2026-07-27,2026-07-26T07:04:49Z,1.0,0.01,2026-07-27T17:51:02Z
highest-temperature-in-denver-on-july-27-2026-90-91f,highest-temperature-in-denver-on-july-27-2026,denver,2026-07-27,2026-07-26T07:04:49Z,1.0,0.32,2026-07-27T17:51:02Z
highest-temperature-in-denver-on-july-27-2026-92-93f,highest-temperature-in-denver-on-july-27-2026,denver,2026-07-27,2026-07-26T07:04:49Z,1.0,0.66,2026-07-27T17:51:02Z
highest-temperature-in-denver-on-july-27-2026-94-95f,highest-temperature-in-denver-on-july-27-2026,denver,2026-07-27,2026-07-26T07:04:49Z,1.0,0.13,2026-07-27T17:51:02Z
highest-temperature-in-denver-on-july-27-2026-96-97f,highest-temperature-in-denver-on-july-27-2026,denver,2026-07-27,2026-07-26T07:04:49Z,1.0,0.04,2026-07-27T17:51:02Z
highest-temperature-in-denver-on-july-27-2026-98-99f,highest-temperature-in-denver-on-july-27-2026,denver,2026-07-27,2026-07-26T07:04:49Z,1.0,0.02,2026-07-27T17:51:02Z
highest-temperature-in-denver-on-july-27-2026-100-101f,highest-temperature-in-denver-on-july-27-2026,denver,2026-07-27,2026-07-26T07:04:49Z,1.0,0.004,2026-07-27T17:51:02Z
highest-temperature-in-denver-on-july-27-2026-102-103f,highest-temperature-in-denver-on-july-27-2026,denver,2026-07-27,2026-07-26T07:04:49Z,1.0,0.001,2026-07-27T17:51:02Z
highest-temperature-in-denver-on-july-27-2026-104forhigher,highest-temperature-in-denver-on-july-27-2026,denver,2026-07-27,2026-07-26T07:04:49Z,1.0,0.001,2026-07-27T17:51:02Z
highest-temperature-in-houston-on-july-27-2026-87forbelow,highest-temperature-in-houston-on-july-27-2026,houston,2026-07-27,2026-07-26T07:04:49Z,1.0,0.001,2026-07-27T17:51:02Z
highest-temperature-in-houston-on-july-27-2026-88-89f,highest-temperature-in-houston-on-july-27-2026,houston,2026-07-27,2026-07-26T07:04:49Z,1.0,0.001,2026-07-27T17:51:02Z
highest-temperature-in-houston-on-july-27-2026-90-91f,highest-temperature-in-houston-on-july-27-2026,houston,2026-07-27,2026-07-26T07:04:49Z,1.0,0.012,2026-07-27T17:51:02Z
highest-temperature-in-houston-on-july-27-2026-92-93f,highest-temperature-in-houston-on-july-27-2026,houston,2026-07-27,2026-07-26T07:04:49Z,1.0,0.039,2026-07-27T17:51:02Z
highest-temperature-in-houston-on-july-27-2026-94-95f,highest-temperature-in-houston-on-july-27-2026,houston,2026-07-27,2026-07-26T07:04:49Z,1.0,0.45,2026-07-27T17:51:02Z
highest-temperature-in-houston-on-july-27-2026-96-97f,highest-temperature-in-houston-on-july-27-2026,houston,2026-07-27,2026-07-26T07:04:49Z,1.0,0.54,2026-07-27T17:51:02Z
highest-temperature-in-houston-on-july-27-2026-98-99f,highest-temperature-in-houston-on-july-27-2026,houston,2026-07-27,2026-07-26T07:04:49Z,1.0,0.06,2026-07-27T17:51:02Z
highest-temperature-in-houston-on-july-27-2026-100-101f,highest-temperature-in-houston-on-july-27-2026,houston,2026-07-27,2026-07-26T07:04:49Z,1.0,0.019,2026-07-27T17:51:02Z
highest-temperature-in-houston-on-july-27-2026-102-103f,highest-temperature-in-houston-on-july-27-2026,houston,2026-07-27,2026-07-26T07:04:49Z,1.0,0.008,2026-07-27T17:51:02Z
highest-temperature-in-houston-on-july-27-2026-104-105f,highest-temperature-in-houston-on-july-27-2026,houston,2026-07-27,2026-07-26T07:04:49Z,1.0,0.003,2026-07-27T17:51:02Z
highest-temperature-in-houston-on-july-27-2026-106forhigher,highest-temperature-in-houston-on-july-27-2026,houston,2026-07-27,2026-07-26T07:04:49Z,1.0,0.001,2026-07-27T17:51:02Z
highest-temperature-in-san-francisco-on-july-27-2026-61forbelow,highest-temperature-in-san-francisco-on-july-27-2026,san-francisco,2026-07-27,2026-07-26T07:04:49Z,1.0,0.001,2026-07-27T17:51:02Z
highest-temperature-in-san-francisco-on-july-27-2026-62-63f,highest-temperature-in-san-francisco-on-july-27-2026,san-francisco,2026-07-27,2026-07-26T07:04:49Z,1.0,0.002,2026-07-27T17:51:02Z
highest-temperature-in-san-francisco-on-july-27-2026-64-65f,highest-temperature-in-san-francisco-on-july-27-2026,san-francisco,2026-07-27,2026-07-26T07:04:49Z,1.0,0.02,2026-07-27T17:51:02Z
highest-temperature-in-san-francisco-on-july-27-2026-66-67f,highest-temperature-in-san-francisco-on-july-27-2026,san-francisco,2026-07-27,2026-07-26T07:04:49Z,1.0,0.16,2026-07-27T17:51:02Z
highest-temperature-in-san-francisco-on-july-27-2026-68-69f,highest-temperature-in-san-francisco-on-july-27-2026,san-francisco,2026-07-27,2026-07-26T07:04:49Z,1.0,0.6,2026-07-27T17:51:02Z
highest-temperature-in-san-francisco-on-july-27-2026-70-71f,highest-temperature-in-san-francisco-on-july-27-2026,san-francisco,2026-07-27,2026-07-26T07:04:49Z,1.0,0.26,2026-07-27T17:51:02Z
highest-temperature-in-san-francisco-on-july-27-2026-72-73f,highest-temperature-in-san-francisco-on-july-27-2026,san-francisco,2026-07-27,2026-07-26T07:04:49Z,1.0,0.02,2026-07-27T17:51:02Z
highest-temperature-in-san-francisco-on-july-27-2026-74-75f,highest-temperature-in-san-francisco-on-july-27-2026,san-francisco,2026-07-27,2026-07-26T07:04:49Z,1.0,0.015,2026-07-27T17:51:02Z
highest-temperature-in-san-francisco-on-july-27-2026-76-77f,highest-temperature-in-san-francisco-on-july-27-2026,san-francisco,2026-07-27,2026-07-26T07:04:49Z,1.0,0.001,2026-07-27T17:51:02Z
highest-temperature-in-san-francisco-on-july-27-2026-78-79f,highest-temperature-in-san-francisco-on-july-27-2026,san-francisco,2026-07-27,2026-07-26T07:04:49Z,1.0,0.001,2026-07-27T17:51:02Z
highest-temperature-in-san-francisco-on-july-27-2026-80forhigher,highest-temperature-in-san-francisco-on-july-27-2026,san-francisco,2026-07-27,2026-07-26T07:04:49Z,1.0,0.001,2026-07-27T17:51:02Z
highest-temperature-in-mexico-city-on-july-27-2026-20corbelow,highest-temperature-in-mexico-city-on-july-27-2026,mexico-city,2026-07-27,2026-07-26T07:04:49Z,1.0,0.002,2026-07-27T17:51:02Z
highest-temperature-in-mexico-city-on-july-27-2026-21c,highest-temperature-in-mexico-city-on-july-27-2026,mexico-city,2026-07-27,2026-07-26T07:04:49Z,1.0,0.003,2026-07-27T17:51:02Z
highest-temperature-in-mexico-city-on-july-27-2026-22c,highest-temperature-in-mexico-city-on-july-27-2026,mexico-city,2026-07-27,2026-07-26T07:04:49Z,1.0,0.03,2026-07-27T17:51:02Z
highest-temperature-in-mexico-city-on-july-27-2026-23c,highest-temperature-in-mexico-city-on-july-27-2026,mexico-city,2026-07-27,2026-07-26T07:04:49Z,1.0,0.25,2026-07-27T17:51:02Z
highest-temperature-in-mexico-city-on-july-27-2026-24c,highest-temperature-in-mexico-city-on-july-27-2026,mexico-city,2026-07-27,2026-07-26T07:04:49Z,1.0,0.56,2026-07-27T17:51:02Z
highest-temperature-in-mexico-city-on-july-27-2026-25c,highest-temperature-in-mexico-city-on-july-27-2026,mexico-city,2026-07-27,2026-07-26T07:04:49Z,1.0,0.26,2026-07-27T17:51:02Z
highest-temperature-in-mexico-city-on-july-27-2026-26c,highest-temperature-in-mexico-city-on-july-27-2026,mexico-city,2026-07-27,2026-07-26T07:04:49Z,1.0,0.04,2026-07-27T17:51:02Z
highest-temperature-in-mexico-city-on-july-27-2026-27c,highest-temperature-in-mexico-city-on-july-27-2026,mexico-city,2026-07-27,2026-07-26T07:04:49Z,1.0,0.009,2026-07-27T17:51:02Z
highest-temperature-in-mexico-city-on-july-27-2026-28c,highest-temperature-in-mexico-city-on-july-27-2026,mexico-city,2026-07-27,2026-07-26T07:04:49Z,1.0,0.002,2026-07-27T17:51:02Z
highest-temperature-in-mexico-city-on-july-27-2026-29c,highest-temperature-in-mexico-city-on-july-27-2026,mexico-city,2026-07-27,2026-07-26T07:04:49Z,1.0,0.001,2026-07-27T17:51:02Z
highest-temperature-in-mexico-city-on-july-27-2026-30corhigher,highest-temperature-in-mexico-city-on-july-27-2026,mexico-city,2026-07-27,2026-07-26T07:04:49Z,1.0,0.002,2026-07-27T17:51:02Z
highest-temperature-in-panama-city-on-july-27-2026-25corbelow,highest-temperature-in-panama-city-on-july-27-2026,panama-city,2026-07-27,2026-07-26T07:04:49Z,1.0,0.001,2026-07-27T17:51:02Z
highest-temperature-in-panama-city-on-july-27-2026-26c,highest-temperature-in-panama-city-on-july-27-2026,panama-city,2026-07-27,2026-07-26T07:04:49Z,1.0,0.001,2026-07-27T17:51:02Z
highest-temperature-in-panama-city-on-july-27-2026-27c,highest-temperature-in-panama-city-on-july-27-2026,panama-city,2026-07-27,2026-07-26T07:04:49Z,1.0,0.001,2026-07-27T17:51:02Z
highest-temperature-in-panama-city-on-july-27-2026-28c,highest-temperature-in-panama-city-on-july-27-2026,panama-city,2026-07-27,2026-07-26T07:04:49Z,1.0,0.001,2026-07-27T17:51:02Z
highest-temperature-in-panama-city-on-july-27-2026-29c,highest-temperature-in-panama-city-on-july-27-2026,panama-city,2026-07-27,2026-07-26T07:04:49Z,1.0,0.001,2026-07-27T17:51:02Z
highest-temperature-in-panama-city-on-july-27-2026-30c,highest-temperature-in-panama-city-on-july-27-2026,panama-city,2026-07-27,2026-07-26T07:04:49Z,1.0,0.001,2026-07-27T17:51:02Z
highest-temperature-in-panama-city-on-july-27-2026-31c,highest-temperature-in-panama-city-on-july-27-2026,panama-city,2026-07-27,2026-07-26T07:04:49Z,1.0,0.48,2026-07-27T17:51:02Z
highest-temperature-in-panama-city-on-july-27-2026-32c,highest-temperature-in-panama-city-on-july-27-2026,panama-city,2026-07-27,2026-07-26T07:04:49Z,1.0,0.57,2026-07-27T17:51:02Z
highest-temperature-in-panama-city-on-july-27-2026-33c,highest-temperature-in-panama-city-on-july-27-2026,panama-city,2026-07-27,2026-07-26T07:04:49Z,1.0,0.019,2026-07-27T17:51:02Z
highest-temperature-in-panama-city-on-july-27-2026-34c,highest-temperature-in-panama-city-on-july-27-2026,panama-city,2026-07-27,2026-07-26T07:04:49Z,1.0,0.01,2026-07-27T17:51:02Z
highest-temperature-in-panama-city-on-july-27-2026-35corhigher,highest-temperature-in-panama-city-on-july-27-2026,panama-city,2026-07-27,2026-07-26T07:04:49Z,1.0,0.001,2026-07-27T17:51:02Z
highest-temperature-in-london-on-july-28-2026-26corbelow,highest-temperature-in-london-on-july-28-2026,london,2026-07-28,2026-07-26T07:04:49Z,1.0,0.009,2026-07-27T17:51:02Z
highest-temperature-in-london-on-july-28-2026-27c,highest-temperature-in-london-on-july-28-2026,london,2026-07-28,2026-07-26T07:04:49Z,1.0,0.02,2026-07-27T17:51:02Z
highest-temperature-in-london-on-july-28-2026-28c,highest-temperature-in-london-on-july-28-2026,london,2026-07-28,2026-07-26T07:04:49Z,1.0,0.15,2026-07-27T17:51:02Z
highest-temperature-in-london-on-july-28-2026-29c,highest-temperature-in-london-on-july-28-2026,london,2026-07-28,2026-07-26T07:04:49Z,1.0,0.38,2026-07-27T17:51:02Z
highest-temperature-in-london-on-july-28-2026-30c,highest-temperature-in-london-on-july-28-2026,london,2026-07-28,2026-07-26T07:04:49Z,1.0,0.39,2026-07-27T17:51:02Z
highest-temperature-in-london-on-july-28-2026-31c,highest-temperature-in-london-on-july-28-2026,london,2026-07-28,2026-07-26T07:04:49Z,1.0,0.12,2026-07-27T17:51:02Z
highest-temperature-in-london-on-july-28-2026-32c,highest-temperature-in-london-on-july-28-2026,london,2026-07-28,2026-07-26T07:04:49Z,1.0,0.009,2026-07-27T17:51:02Z
highest-temperature-in-london-on-july-28-2026-33c,highest-temperature-in-london-on-july-28-2026,london,2026-07-28,2026-07-26T07:04:49Z,1.0,0.005,2026-07-27T17:51:02Z
highest-temperature-in-london-on-july-28-2026-34c,highest-temperature-in-london-on-july-28-2026,london,2026-07-28,2026-07-26T07:04:49Z,1.0,0.004,2026-07-27T17:51:02Z
highest-temperature-in-london-on-july-28-2026-35c,highest-temperature-in-london-on-july-28-2026,london,2026-07-28,2026-07-26T07:04:49Z,1.0,0.001,2026-07-27T17:51:02Z
highest-temperature-in-london-on-july-28-2026-36corhigher,highest-temperature-in-london-on-july-28-2026,london,2026-07-28,2026-07-26T07:04:49Z,1.0,0.001,2026-07-27T17:51:02Z
highest-temperature-in-paris-on-july-28-2026-27corbelow,highest-temperature-in-paris-on-july-28-2026,paris,2026-07-28,2026-07-26T07:04:49Z,1.0,0.002,2026-07-27T17:51:02Z
highest-temperature-in-paris-on-july-28-2026-28c,highest-temperature-in-paris-on-july-28-2026,paris,2026-07-28,2026-07-26T07:04:49Z,1.0,0.001,2026-07-27T17:51:02Z
highest-temperature-in-paris-on-july-28-2026-29c,highest-temperature-in-paris-on-july-28-2026,paris,2026-07-28,2026-07-26T07:04:49Z,1.0,0.02,2026-07-27T17:51:02Z
highest-temperature-in-paris-on-july-28-2026-30c,highest-temperature-in-paris-on-july-28-2026,paris,2026-07-28,2026-07-26T07:04:49Z,1.0,0.03,2026-07-27T17:51:02Z
highest-temperature-in-paris-on-july-28-2026-31c,highest-temperature-in-paris-on-july-28-2026,paris,2026-07-28,2026-07-26T07:04:49Z,1.0,0.33,2026-07-27T17:51:02Z
highest-temperature-in-paris-on-july-28-2026-32c,highest-temperature-in-paris-on-july-28-2026,paris,2026-07-28,2026-07-26T07:04:49Z,1.0,0.54,2026-07-27T17:51:02Z
highest-temperature-in-paris-on-july-28-2026-33c,highest-temperature-in-paris-on-july-28-2026,paris,2026-07-28,2026-07-26T07:04:49Z,1.0,0.11,2026-07-27T17:51:02Z
highest-temperature-in-paris-on-july-28-2026-34c,highest-temperature-in-paris-on-july-28-2026,paris,2026-07-28,2026-07-26T07:04:49Z,1.0,0.02,2026-07-27T17:51:02Z
highest-temperature-in-paris-on-july-28-2026-35c,highest-temperature-in-paris-on-july-28-2026,paris,2026-07-28,2026-07-26T07:04:49Z,1.0,0.009,2026-07-27T17:51:02Z
highest-temperature-in-paris-on-july-28-2026-36c,highest-temperature-in-paris-on-july-28-2026,paris,2026-07-28,2026-07-26T07:04:49Z,1.0,0.001,2026-07-27T17:51:02Z
highest-temperature-in-paris-on-july-28-2026-37corhigher,highest-temperature-in-paris-on-july-28-2026,paris,2026-07-28,2026-07-26T07:04:49Z,1.0,0.001,2026-07-27T17:51:02Z
highest-temperature-in-seoul-on-july-28-2026-23corbelow,highest-temperature-in-seoul-on-july-28-2026,seoul,2026-07-28,2026-07-26T07:04:49Z,1.0,0.001,2026-07-27T17:51:02Z
highest-temperature-in-seoul-on-july-28-2026-24c,highest-temperature-in-seoul-on-july-28-2026,seoul,2026-07-28,2026-07-26T07:04:49Z,1.0,0.001,2026-07-27T17:51:02Z
highest-temperature-in-seoul-on-july-28-2026-25c,highest-temperature-in-seoul-on-july-28-2026,seoul,2026-07-28,2026-07-26T07:04:49Z,1.0,0.001,2026-07-27T17:51:02Z
highest-temperature-in-seoul-on-july-28-2026-26c,highest-temperature-in-seoul-on-july-28-2026,seoul,2026-07-28,2026-07-26T07:04:49Z,1.0,0.001,2026-07-27T17:51:02Z
highest-temperature-in-seoul-on-july-28-2026-27c,highest-temperature-in-seoul-on-july-28-2026,seoul,2026-07-28,2026-07-26T07:04:49Z,1.0,0.002,2026-07-27T17:51:02Z
highest-temperature-in-seoul-on-july-28-2026-28c,highest-temperature-in-seoul-on-july-28-2026,seoul,2026-07-28,2026-07-26T07:04:49Z,1.0,0.008,2026-07-27T17:51:02Z
highest-temperature-in-seoul-on-july-28-2026-29c,highest-temperature-in-seoul-on-july-28-2026,seoul,2026-07-28,2026-07-26T07:04:49Z,1.0,0.08,2026-07-27T17:51:02Z
highest-temperature-in-seoul-on-july-28-2026-30c,highest-temperature-in-seoul-on-july-28-2026,seoul,2026-07-28,2026-07-26T07:04:49Z,1.0,0.37,2026-07-27T17:51:02Z
highest-temperature-in-seoul-on-july-28-2026-31c,highest-temperature-in-seoul-on-july-28-2026,seoul,2026-07-28,2026-07-26T07:04:49Z,1.0,0.43,2026-07-27T17:51:02Z
highest-temperature-in-seoul-on-july-28-2026-32c,highest-temperature-in-seoul-on-july-28-2026,seoul,2026-07-28,2026-07-26T07:04:49Z,1.0,0.15,2026-07-27T17:51:02Z
highest-temperature-in-seoul-on-july-28-2026-33corhigher,highest-temperature-in-seoul-on-july-28-2026,seoul,2026-07-28,2026-07-26T07:04:49Z,1.0,0.04,2026-07-27T17:51:02Z
highest-temperature-in-ankara-on-july-28-2026-24corbelow,highest-temperature-in-ankara-on-july-28-2026,ankara,2026-07-28,2026-07-26T07:08:09Z,0.02,0.001,2026-07-27T17:51:02Z
highest-temperature-in-ankara-on-july-28-2026-25c,highest-temperature-in-ankara-on-july-28-2026,ankara,2026-07-28,2026-07-26T07:08:09Z,0.02,0.003,2026-07-27T17:51:02Z
highest-temperature-in-ankara-on-july-28-2026-26c,highest-temperature-in-ankara-on-july-28-2026,ankara,2026-07-28,2026-07-26T07:08:09Z,0.02,0.005,2026-07-27T17:51:02Z
highest-temperature-in-ankara-on-july-28-2026-27c,highest-temperature-in-ankara-on-july-28-2026,ankara,2026-07-28,2026-07-26T07:08:09Z,0.4,0.01,2026-07-27T17:51:02Z
highest-temperature-in-ankara-on-july-28-2026-28c,highest-temperature-in-ankara-on-july-28-2026,ankara,2026-07-28,2026-07-26T07:08:09Z,0.4,0.06,2026-07-27T17:51:02Z
highest-temperature-in-ankara-on-july-28-2026-29c,highest-temperature-in-ankara-on-july-28-2026,ankara,2026-07-28,2026-07-26T07:08:09Z,0.4,0.31,2026-07-27T17:51:02Z
highest-temperature-in-ankara-on-july-28-2026-30c,highest-temperature-in-ankara-on-july-28-2026,ankara,2026-07-28,2026-07-26T07:08:09Z,0.56,0.54,2026-07-27T17:51:02Z
highest-temperature-in-ankara-on-july-28-2026-31c,highest-temperature-in-ankara-on-july-28-2026,ankara,2026-07-28,2026-07-26T07:08:09Z,0.4,0.1,2026-07-27T17:51:02Z
highest-temperature-in-ankara-on-july-28-2026-32c,highest-temperature-in-ankara-on-july-28-2026,ankara,2026-07-28,2026-07-26T07:08:09Z,0.23,0.03,2026-07-27T17:51:02Z
highest-temperature-in-ankara-on-july-28-2026-33c,highest-temperature-in-ankara-on-july-28-2026,ankara,2026-07-28,2026-07-26T07:08:09Z,0.07,0.013,2026-07-27T17:51:02Z
highest-temperature-in-ankara-on-july-28-2026-34corhigher,highest-temperature-in-ankara-on-july-28-2026,ankara,2026-07-28,2026-07-26T07:08:09Z,0.07,0.002,2026-07-27T17:51:02Z
highest-temperature-in-wellington-on-july-28-2026-7corbelow,highest-temperature-in-wellington-on-july-28-2026,wellington,2026-07-28,2026-07-26T07:08:09Z,0.07,0.001,2026-07-27T17:51:02Z
highest-temperature-in-wellington-on-july-28-2026-8c,highest-temperature-in-wellington-on-july-28-2026,wellington,2026-07-28,2026-07-26T07:08:09Z,0.07,0.001,2026-07-27T17:51:02Z
highest-temperature-in-wellington-on-july-28-2026-9c,highest-temperature-in-wellington-on-july-28-2026,wellington,2026-07-28,2026-07-26T07:08:09Z,0.37,0.004,2026-07-27T17:51:02Z
highest-temperature-in-wellington-on-july-28-2026-10c,highest-temperature-in-wellington-on-july-28-2026,wellington,2026-07-28,2026-07-26T07:08:09Z,0.37,0.017,2026-07-27T17:51:02Z
highest-temperature-in-wellington-on-july-28-2026-11c,highest-temperature-in-wellington-on-july-28-2026,wellington,2026-07-28,2026-07-26T07:08:09Z,0.37,0.14,2026-07-27T17:51:02Z
highest-temperature-in-wellington-on-july-28-2026-12c,highest-temperature-in-wellington-on-july-28-2026,wellington,2026-07-28,2026-07-26T07:08:09Z,0.84,0.77,2026-07-27T17:51:02Z
highest-temperature-in-wellington-on-july-28-2026-13c,highest-temperature-in-wellington-on-july-28-2026,wellington,2026-07-28,2026-07-26T07:08:09Z,0.37,0.11,2026-07-27T17:51:02Z
highest-temperature-in-wellington-on-july-28-2026-14c,highest-temperature-in-wellington-on-july-28-2026,wellington,2026-07-28,2026-07-26T07:08:09Z,0.07,0.01,2026-07-27T17:51:02Z
highest-temperature-in-wellington-on-july-28-2026-15c,highest-temperature-in-wellington-on-july-28-2026,wellington,2026-07-28,2026-07-26T07:08:09Z,0.07,0.001,2026-07-27T17:51:02Z
highest-temperature-in-wellington-on-july-28-2026-16c,highest-temperature-in-wellington-on-july-28-2026,wellington,2026-07-28,2026-07-26T07:08:09Z,0.07,0.001,2026-07-27T17:51:02Z
highest-temperature-in-wellington-on-july-28-2026-17corhigher,highest-temperature-in-wellington-on-july-28-2026,wellington,2026-07-28,2026-07-26T07:08:09Z,0.07,0.001,2026-07-27T17:51:02Z
highest-temperature-in-lucknow-on-july-28-2026-27corbelow,highest-temperature-in-lucknow-on-july-28-2026,lucknow,2026-07-28,2026-07-26T07:08:09Z,0.07,0.001,2026-07-27T17:51:02Z
highest-temperature-in-lucknow-on-july-28-2026-28c,highest-temperature-in-lucknow-on-july-28-2026,lucknow,2026-07-28,2026-07-26T07:08:09Z,0.07,0.001,2026-07-27T17:51:02Z
highest-temperature-in-lucknow-on-july-28-2026-29c,highest-temperature-in-lucknow-on-july-28-2026,lucknow,2026-07-28,2026-07-26T07:08:09Z,0.07,0.011,2026-07-27T17:51:02Z
highest-temperature-in-lucknow-on-july-28-2026-30c,highest-temperature-in-lucknow-on-july-28-2026,lucknow,2026-07-28,2026-07-26T07:08:09Z,0.07,0.02,2026-07-27T17:51:02Z
highest-temperature-in-lucknow-on-july-28-2026-31c,highest-temperature-in-lucknow-on-july-28-2026,lucknow,2026-07-28,2026-07-26T07:08:09Z,0.99,0.05,2026-07-27T17:51:02Z
highest-temperature-in-lucknow-on-july-28-2026-32c,highest-temperature-in-lucknow-on-july-28-2026,lucknow,2026-07-28,2026-07-26T07:08:09Z,0.99,0.15,2026-07-27T17:51:02Z
highest-temperature-in-lucknow-on-july-28-2026-33c,highest-temperature-in-lucknow-on-july-28-2026,lucknow,2026-07-28,2026-07-26T07:08:09Z,0.99,0.34,2026-07-27T17:51:02Z
highest-temperature-in-lucknow-on-july-28-2026-34c,highest-temperature-in-lucknow-on-july-28-2026,lucknow,2026-07-28,2026-07-26T07:08:09Z,0.99,0.37,2026-07-27T17:51:02Z
highest-temperature-in-lucknow-on-july-28-2026-35c,highest-temperature-in-lucknow-on-july-28-2026,lucknow,2026-07-28,2026-07-26T07:08:09Z,0.99,0.18,2026-07-27T17:51:02Z
highest-temperature-in-lucknow-on-july-28-2026-36c,highest-temperature-in-lucknow-on-july-28-2026,lucknow,2026-07-28,2026-07-26T07:08:09Z,0.07,0.02,2026-07-27T17:51:02Z
highest-temperature-in-lucknow-on-july-28-2026-37corhigher,highest-temperature-in-lucknow-on-july-28-2026,lucknow,2026-07-28,2026-07-26T07:08:09Z,0.07,0.009,2026-07-27T17:51:02Z
highest-temperature-in-munich-on-july-28-2026-24corbelow,highest-temperature-in-munich-on-july-28-2026,munich,2026-07-28,2026-07-26T07:08:09Z,1.0,0.002,2026-07-27T17:51:02Z
highest-temperature-in-munich-on-july-28-2026-25c,highest-temperature-in-munich-on-july-28-2026,munich,2026-07-28,2026-07-26T07:08:09Z,1.0,0.003,2026-07-27T17:51:02Z
highest-temperature-in-munich-on-july-28-2026-26c,highest-temperature-in-munich-on-july-28-2026,munich,2026-07-28,2026-07-26T07:08:09Z,1.0,0.01,2026-07-27T17:51:02Z
highest-temperature-in-munich-on-july-28-2026-27c,highest-temperature-in-munich-on-july-28-2026,munich,2026-07-28,2026-07-26T07:08:09Z,1.0,0.12,2026-07-27T17:51:02Z
highest-temperature-in-munich-on-july-28-2026-28c,highest-temperature-in-munich-on-july-28-2026,munich,2026-07-28,2026-07-26T07:08:09Z,1.0,0.5,2026-07-27T17:51:02Z
highest-temperature-in-munich-on-july-28-2026-29c,highest-temperature-in-munich-on-july-28-2026,munich,2026-07-28,2026-07-26T07:08:09Z,1.0,0.36,2026-07-27T17:51:02Z
highest-temperature-in-munich-on-july-28-2026-30c,highest-temperature-in-munich-on-july-28-2026,munich,2026-07-28,2026-07-26T07:08:09Z,1.0,0.07,2026-07-27T17:51:02Z
highest-temperature-in-munich-on-july-28-2026-31c,highest-temperature-in-munich-on-july-28-2026,munich,2026-07-28,2026-07-26T07:08:09Z,1.0,0.009,2026-07-27T17:51:02Z
highest-temperature-in-munich-on-july-28-2026-32c,highest-temperature-in-munich-on-july-28-2026,munich,2026-07-28,2026-07-26T07:08:09Z,1.0,0.001,2026-07-27T17:51:02Z
highest-temperature-in-munich-on-july-28-2026-33c,highest-temperature-in-munich-on-july-28-2026,munich,2026-07-28,2026-07-26T07:08:09Z,1.0,0.001,2026-07-27T17:51:02Z
highest-temperature-in-munich-on-july-28-2026-34corhigher,highest-temperature-in-munich-on-july-28-2026,munich,2026-07-28,2026-07-26T07:08:09Z,1.0,0.001,2026-07-27T17:51:02Z
highest-temperature-in-tel-aviv-on-july-28-2026-27corbelow,highest-temperature-in-tel-aviv-on-july-28-2026,tel-aviv,2026-07-28,2026-07-26T07:08:09Z,0.07,0.001,2026-07-27T17:51:02Z
highest-temperature-in-tel-aviv-on-july-28-2026-28c,highest-temperature-in-tel-aviv-on-july-28-2026,tel-aviv,2026-07-28,2026-07-26T07:08:09Z,0.07,0.001,2026-07-27T17:51:02Z
highest-temperature-in-tel-aviv-on-july-28-2026-29c,highest-temperature-in-tel-aviv-on-july-28-2026,tel-aviv,2026-07-28,2026-07-26T07:08:09Z,0.07,0.001,2026-07-27T17:51:02Z
highest-temperature-in-tel-aviv-on-july-28-2026-30c,highest-temperature-in-tel-aviv-on-july-28-2026,tel-aviv,2026-07-28,2026-07-26T07:08:09Z,0.7,0.001,2026-07-27T17:51:02Z
highest-temperature-in-tel-aviv-on-july-28-2026-31c,highest-temperature-in-tel-aviv-on-july-28-2026,tel-aviv,2026-07-28,2026-07-26T07:08:09Z,0.7,0.15,2026-07-27T17:51:02Z
highest-temperature-in-tel-aviv-on-july-28-2026-32c,highest-temperature-in-tel-aviv-on-july-28-2026,tel-aviv,2026-07-28,2026-07-26T07:08:09Z,0.7,0.6,2026-07-27T17:51:02Z
highest-temperature-in-tel-aviv-on-july-28-2026-33c,highest-temperature-in-tel-aviv-on-july-28-2026,tel-aviv,2026-07-28,2026-07-26T07:08:09Z,0.7,0.29,2026-07-27T17:51:02Z
highest-temperature-in-tel-aviv-on-july-28-2026-34c,highest-temperature-in-tel-aviv-on-july-28-2026,tel-aviv,2026-07-28,2026-07-26T07:08:09Z,0.7,0.007,2026-07-27T17:51:02Z
highest-temperature-in-tel-aviv-on-july-28-2026-35c,highest-temperature-in-tel-aviv-on-july-28-2026,tel-aviv,2026-07-28,2026-07-26T07:08:09Z,0.07,0.001,2026-07-27T17:51:02Z
highest-temperature-in-tel-aviv-on-july-28-2026-36c,highest-temperature-in-tel-aviv-on-july-28-2026,tel-aviv,2026-07-28,2026-07-26T07:08:09Z,0.15,0.001,2026-07-27T17:51:02Z
highest-temperature-in-tel-aviv-on-july-28-2026-37corhigher,highest-temperature-in-tel-aviv-on-july-28-2026,tel-aviv,2026-07-28,2026-07-26T07:08:09Z,0.24,0.001,2026-07-27T17:51:02Z
highest-temperature-in-tokyo-on-july-28-2026-24corbelow,highest-temperature-in-tokyo-on-july-28-2026,tokyo,2026-07-28,2026-07-26T07:08:09Z,0.07,0.001,2026-07-27T17:51:02Z
highest-temperature-in-tokyo-on-july-28-2026-25c,highest-temperature-in-tokyo-on-july-28-2026,tokyo,2026-07-28,2026-07-26T07:08:09Z,0.07,0.001,2026-07-27T17:51:02Z
highest-temperature-in-tokyo-on-july-28-2026-26c,highest-temperature-in-tokyo-on-july-28-2026,tokyo,2026-07-28,2026-07-26T07:08:09Z,0.99,0.008,2026-07-27T17:51:02Z
highest-temperature-in-tokyo-on-july-28-2026-27c,highest-temperature-in-tokyo-on-july-28-2026,tokyo,2026-07-28,2026-07-26T07:08:09Z,1.0,0.013,2026-07-27T17:51:02Z
highest-temperature-in-tokyo-on-july-28-2026-28c,highest-temperature-in-tokyo-on-july-28-2026,tokyo,2026-07-28,2026-07-26T07:08:09Z,0.99,0.1,2026-07-27T17:51:02Z
highest-temperature-in-tokyo-on-july-28-2026-29c,highest-temperature-in-tokyo-on-july-28-2026,tokyo,2026-07-28,2026-07-26T07:08:09Z,0.99,0.26,2026-07-27T17:51:02Z
highest-temperature-in-tokyo-on-july-28-2026-30c,highest-temperature-in-tokyo-on-july-28-2026,tokyo,2026-07-28,2026-07-26T07:08:09Z,1.0,0.42,2026-07-27T17:51:02Z
highest-temperature-in-tokyo-on-july-28-2026-31c,highest-temperature-in-tokyo-on-july-28-2026,tokyo,2026-07-28,2026-07-26T07:08:09Z,0.25,0.22,2026-07-27T17:51:02Z
highest-temperature-in-tokyo-on-july-28-2026-32c,highest-temperature-in-tokyo-on-july-28-2026,tokyo,2026-07-28,2026-07-26T07:08:09Z,0.07,0.03,2026-07-27T17:51:02Z
highest-temperature-in-tokyo-on-july-28-2026-33c,highest-temperature-in-tokyo-on-july-28-2026,tokyo,2026-07-28,2026-07-26T07:08:09Z,0.07,0.01,2026-07-27T17:51:02Z
highest-temperature-in-tokyo-on-july-28-2026-34corhigher,highest-temperature-in-tokyo-on-july-28-2026,tokyo,2026-07-28,2026-07-26T07:08:09Z,0.07,0.008,2026-07-27T17:51:02Z
highest-temperature-in-hong-kong-on-july-28-2026-24corbelow,highest-temperature-in-hong-kong-on-july-28-2026,hong-kong,2026-07-28,2026-07-26T07:08:09Z,0.07,0.001,2026-07-27T17:51:02Z
highest-temperature-in-hong-kong-on-july-28-2026-25c,highest-temperature-in-hong-kong-on-july-28-2026,hong-kong,2026-07-28,2026-07-26T07:08:09Z,0.07,0.001,2026-07-27T17:51:02Z
highest-temperature-in-hong-kong-on-july-28-2026-26c,highest-temperature-in-hong-kong-on-july-28-2026,hong-kong,2026-07-28,2026-07-26T07:08:09Z,0.07,0.001,2026-07-27T17:51:02Z
highest-temperature-in-hong-kong-on-july-28-2026-27c,highest-temperature-in-hong-kong-on-july-28-2026,hong-kong,2026-07-28,2026-07-26T07:08:09Z,0.37,0.03,2026-07-27T17:51:02Z
highest-temperature-in-hong-kong-on-july-28-2026-28c,highest-temperature-in-hong-kong-on-july-28-2026,hong-kong,2026-07-28,2026-07-26T07:08:09Z,0.37,0.23,2026-07-27T17:51:02Z
highest-temperature-in-hong-kong-on-july-28-2026-29c,highest-temperature-in-hong-kong-on-july-28-2026,hong-kong,2026-07-28,2026-07-26T07:08:09Z,0.48,0.45,2026-07-27T17:51:02Z
highest-temperature-in-hong-kong-on-july-28-2026-30c,highest-temperature-in-hong-kong-on-july-28-2026,hong-kong,2026-07-28,2026-07-26T07:08:09Z,0.4,0.23,2026-07-27T17:51:02Z
highest-temperature-in-hong-kong-on-july-28-2026-31c,highest-temperature-in-hong-kong-on-july-28-2026,hong-kong,2026-07-28,2026-07-26T07:08:09Z,0.37,0.09,2026-07-27T17:51:02Z
highest-temperature-in-hong-kong-on-july-28-2026-32c,highest-temperature-in-hong-kong-on-july-28-2026,hong-kong,2026-07-28,2026-07-26T07:08:09Z,0.07,0.02,2026-07-27T17:51:02Z
highest-temperature-in-hong-kong-on-july-28-2026-33c,highest-temperature-in-hong-kong-on-july-28-2026,hong-kong,2026-07-28,2026-07-26T07:08:09Z,0.07,0.008,2026-07-27T17:51:02Z
highest-temperature-in-hong-kong-on-july-28-2026-34corhigher,highest-temperature-in-hong-kong-on-july-28-2026,hong-kong,2026-07-28,2026-07-26T07:08:09Z,0.07,0.003,2026-07-27T17:51:02Z
highest-temperature-in-shanghai-on-july-28-2026-28corbelow,highest-temperature-in-shanghai-on-july-28-2026,shanghai,2026-07-28,2026-07-26T07:08:09Z,0.07,0.001,2026-07-27T17:51:02Z
highest-temperature-in-shanghai-on-july-28-2026-29c,highest-temperature-in-shanghai-on-july-28-2026,shanghai,2026-07-28,2026-07-26T07:08:09Z,0.07,0.001,2026-07-27T17:51:02Z
highest-temperature-in-shanghai-on-july-28-2026-30c,highest-temperature-in-shanghai-on-july-28-2026,shanghai,2026-07-28,2026-07-26T07:08:09Z,0.37,0.01,2026-07-27T17:51:02Z
highest-temperature-in-shanghai-on-july-28-2026-31c,highest-temperature-in-shanghai-on-july-28-2026,shanghai,2026-07-28,2026-07-26T07:08:09Z,0.37,0.008,2026-07-27T17:51:02Z
highest-temperature-in-shanghai-on-july-28-2026-32c,highest-temperature-in-shanghai-on-july-28-2026,shanghai,2026-07-28,2026-07-26T07:08:09Z,0.37,0.11,2026-07-27T17:51:02Z
highest-temperature-in-shanghai-on-july-28-2026-33c,highest-temperature-in-shanghai-on-july-28-2026,shanghai,2026-07-28,2026-07-26T07:08:09Z,0.49,0.41,2026-07-27T17:51:02Z
highest-temperature-in-shanghai-on-july-28-2026-34c,highest-temperature-in-shanghai-on-july-28-2026,shanghai,2026-07-28,2026-07-26T07:08:09Z,0.46,0.46,2026-07-27T17:51:02Z
highest-temperature-in-shanghai-on-july-28-2026-35c,highest-temperature-in-shanghai-on-july-28-2026,shanghai,2026-07-28,2026-07-26T07:08:09Z,0.25,0.05,2026-07-27T17:51:02Z
highest-temperature-in-shanghai-on-july-28-2026-36c,highest-temperature-in-shanghai-on-july-28-2026,shanghai,2026-07-28,2026-07-26T07:08:09Z,0.07,0.019,2026-07-27T17:51:02Z
highest-temperature-in-shanghai-on-july-28-2026-37c,highest-temperature-in-shanghai-on-july-28-2026,shanghai,2026-07-28,2026-07-26T07:08:09Z,0.07,0.006,2026-07-27T17:51:02Z
highest-temperature-in-shanghai-on-july-28-2026-38corhigher,highest-temperature-in-shanghai-on-july-28-2026,shanghai,2026-07-28,2026-07-26T07:08:09Z,0.07,0.001,2026-07-27T17:51:02Z
highest-temperature-in-singapore-on-july-28-2026-25corbelow,highest-temperature-in-singapore-on-july-28-2026,singapore,2026-07-28,2026-07-26T07:08:09Z,0.01,0.001,2026-07-27T17:51:02Z
highest-temperature-in-singapore-on-july-28-2026-26c,highest-temperature-in-singapore-on-july-28-2026,singapore,2026-07-28,2026-07-26T07:08:09Z,0.01,0.001,2026-07-27T17:51:02Z
highest-temperature-in-singapore-on-july-28-2026-27c,highest-temperature-in-singapore-on-july-28-2026,singapore,2026-07-28,2026-07-26T07:08:09Z,0.37,0.001,2026-07-27T17:51:02Z
highest-temperature-in-singapore-on-july-28-2026-28c,highest-temperature-in-singapore-on-july-28-2026,singapore,2026-07-28,2026-07-26T07:08:09Z,0.37,0.001,2026-07-27T17:51:02Z
highest-temperature-in-singapore-on-july-28-2026-29c,highest-temperature-in-singapore-on-july-28-2026,singapore,2026-07-28,2026-07-26T07:08:09Z,0.37,0.01,2026-07-27T17:51:02Z
highest-temperature-in-singapore-on-july-28-2026-30c,highest-temperature-in-singapore-on-july-28-2026,singapore,2026-07-28,2026-07-26T07:08:09Z,0.37,0.06,2026-07-27T17:51:02Z
highest-temperature-in-singapore-on-july-28-2026-31c,highest-temperature-in-singapore-on-july-28-2026,singapore,2026-07-28,2026-07-26T07:08:09Z,0.6,0.34,2026-07-27T17:51:02Z
highest-temperature-in-singapore-on-july-28-2026-32c,highest-temperature-in-singapore-on-july-28-2026,singapore,2026-07-28,2026-07-26T07:08:09Z,0.54,0.52,2026-07-27T17:51:02Z
highest-temperature-in-singapore-on-july-28-2026-33c,highest-temperature-in-singapore-on-july-28-2026,singapore,2026-07-28,2026-07-26T07:08:09Z,0.37,0.11,2026-07-27T17:51:02Z
highest-temperature-in-singapore-on-july-28-2026-34c,highest-temperature-in-singapore-on-july-28-2026,singapore,2026-07-28,2026-07-26T07:08:09Z,0.37,0.01,2026-07-27T17:51:02Z
highest-temperature-in-singapore-on-july-28-2026-35corhigher,highest-temperature-in-singapore-on-july-28-2026,singapore,2026-07-28,2026-07-26T07:08:09Z,0.01,0.007,2026-07-27T17:51:02Z
highest-temperature-in-milan-on-july-28-2026-28corbelow,highest-temperature-in-milan-on-july-28-2026,milan,2026-07-28,2026-07-26T07:08:09Z,0.07,0.001,2026-07-27T17:51:02Z
highest-temperature-in-milan-on-july-28-2026-29c,highest-temperature-in-milan-on-july-28-2026,milan,2026-07-28,2026-07-26T07:08:09Z,0.07,0.001,2026-07-27T17:51:02Z
highest-temperature-in-milan-on-july-28-2026-30c,highest-temperature-in-milan-on-july-28-2026,milan,2026-07-28,2026-07-26T07:08:09Z,0.99,0.001,2026-07-27T17:51:02Z
highest-temperature-in-milan-on-july-28-2026-31c,highest-temperature-in-milan-on-july-28-2026,milan,2026-07-28,2026-07-26T07:08:09Z,0.99,0.012,2026-07-27T17:51:02Z
highest-temperature-in-milan-on-july-28-2026-32c,highest-temperature-in-milan-on-july-28-2026,milan,2026-07-28,2026-07-26T07:08:09Z,0.99,0.13,2026-07-27T17:51:02Z
highest-temperature-in-milan-on-july-28-2026-33c,highest-temperature-in-milan-on-july-28-2026,milan,2026-07-28,2026-07-26T07:08:09Z,0.99,0.55,2026-07-27T17:51:02Z
highest-temperature-in-milan-on-july-28-2026-34c,highest-temperature-in-milan-on-july-28-2026,milan,2026-07-28,2026-07-26T07:08:09Z,0.99,0.29,2026-07-27T17:51:02Z
highest-temperature-in-milan-on-july-28-2026-35c,highest-temperature-in-milan-on-july-28-2026,milan,2026-07-28,2026-07-26T07:08:09Z,0.11,0.039,2026-07-27T17:51:02Z
highest-temperature-in-milan-on-july-28-2026-36c,highest-temperature-in-milan-on-july-28-2026,milan,2026-07-28,2026-07-26T07:08:09Z,0.07,0.01,2026-07-27T17:51:02Z
highest-temperature-in-milan-on-july-28-2026-37c,highest-temperature-in-milan-on-july-28-2026,milan,2026-07-28,2026-07-26T07:08:09Z,0.07,0.002,2026-07-27T17:51:02Z
highest-temperature-in-milan-on-july-28-2026-38corhigher,highest-temperature-in-milan-on-july-28-2026,milan,2026-07-28,2026-07-26T07:08:09Z,0.07,0.001,2026-07-27T17:51:02Z
highest-temperature-in-madrid-on-july-28-2026-33corbelow,highest-temperature-in-madrid-on-july-28-2026,madrid,2026-07-28,2026-07-26T07:08:09Z,0.98,0.001,2026-07-27T17:51:02Z
highest-temperature-in-madrid-on-july-28-2026-34c,highest-temperature-in-madrid-on-july-28-2026,madrid,2026-07-28,2026-07-26T07:08:09Z,0.98,0.001,2026-07-27T17:51:02Z
highest-temperature-in-madrid-on-july-28-2026-35c,highest-temperature-in-madrid-on-july-28-2026,madrid,2026-07-28,2026-07-26T07:08:09Z,0.99,0.001,2026-07-27T17:51:02Z
highest-temperature-in-madrid-on-july-28-2026-36c,highest-temperature-in-madrid-on-july-28-2026,madrid,2026-07-28,2026-07-26T07:08:09Z,0.99,0.008,2026-07-27T17:51:02Z
highest-temperature-in-madrid-on-july-28-2026-37c,highest-temperature-in-madrid-on-july-28-2026,madrid,2026-07-28,2026-07-26T07:08:09Z,0.99,0.13,2026-07-27T17:51:02Z
highest-temperature-in-madrid-on-july-28-2026-38c,highest-temperature-in-madrid-on-july-28-2026,madrid,2026-07-28,2026-07-26T07:08:09Z,1.0,0.68,2026-07-27T17:51:02Z
highest-temperature-in-madrid-on-july-28-2026-39c,highest-temperature-in-madrid-on-july-28-2026,madrid,2026-07-28,2026-07-26T07:08:09Z,0.99,0.22,2026-07-27T17:51:02Z
highest-temperature-in-madrid-on-july-28-2026-40c,highest-temperature-in-madrid-on-july-28-2026,madrid,2026-07-28,2026-07-26T07:08:09Z,0.99,0.005,2026-07-27T17:51:02Z
highest-temperature-in-madrid-on-july-28-2026-41c,highest-temperature-in-madrid-on-july-28-2026,madrid,2026-07-28,2026-07-26T07:08:09Z,0.99,0.002,2026-07-27T17:51:02Z
highest-temperature-in-madrid-on-july-28-2026-42c,highest-temperature-in-madrid-on-july-28-2026,madrid,2026-07-28,2026-07-26T07:08:09Z,0.99,0.001,2026-07-27T17:51:02Z
highest-temperature-in-madrid-on-july-28-2026-43corhigher,highest-temperature-in-madrid-on-july-28-2026,madrid,2026-07-28,2026-07-26T07:08:09Z,0.99,0.001,2026-07-27T17:51:02Z
highest-temperature-in-warsaw-on-july-28-2026-17corbelow,highest-temperature-in-warsaw-on-july-28-2026,warsaw,2026-07-28,2026-07-26T07:08:09Z,0.07,0.002,2026-07-27T17:51:02Z
highest-temperature-in-warsaw-on-july-28-2026-18c,highest-temperature-in-warsaw-on-july-28-2026,warsaw,2026-07-28,2026-07-26T07:08:09Z,0.07,0.003,2026-07-27T17:51:02Z
highest-temperature-in-warsaw-on-july-28-2026-19c,highest-temperature-in-warsaw-on-july-28-2026,warsaw,2026-07-28,2026-07-26T07:08:09Z,0.07,0.005,2026-07-27T17:51:02Z
highest-temperature-in-warsaw-on-july-28-2026-20c,highest-temperature-in-warsaw-on-july-28-2026,warsaw,2026-07-28,2026-07-26T07:08:09Z,0.99,0.04,2026-07-27T17:51:02Z
highest-temperature-in-warsaw-on-july-28-2026-21c,highest-temperature-in-warsaw-on-july-28-2026,warsaw,2026-07-28,2026-07-26T07:08:09Z,0.99,0.27,2026-07-27T17:51:02Z
highest-temperature-in-warsaw-on-july-28-2026-22c,highest-temperature-in-warsaw-on-july-28-2026,warsaw,2026-07-28,2026-07-26T07:08:09Z,0.99,0.48,2026-07-27T17:51:02Z
highest-temperature-in-warsaw-on-july-28-2026-23c,highest-temperature-in-warsaw-on-july-28-2026,warsaw,2026-07-28,2026-07-26T07:08:09Z,0.99,0.24,2026-07-27T17:51:02Z
highest-temperature-in-warsaw-on-july-28-2026-24c,highest-temperature-in-warsaw-on-july-28-2026,warsaw,2026-07-28,2026-07-26T07:08:09Z,0.99,0.03,2026-07-27T17:51:02Z
highest-temperature-in-warsaw-on-july-28-2026-25c,highest-temperature-in-warsaw-on-july-28-2026,warsaw,2026-07-28,2026-07-26T07:08:09Z,0.07,0.002,2026-07-27T17:51:02Z
highest-temperature-in-warsaw-on-july-28-2026-26c,highest-temperature-in-warsaw-on-july-28-2026,warsaw,2026-07-28,2026-07-26T07:08:09Z,0.07,0.004,2026-07-27T17:51:02Z
highest-temperature-in-warsaw-on-july-28-2026-27corhigher,highest-temperature-in-warsaw-on-july-28-2026,warsaw,2026-07-28,2026-07-26T07:08:09Z,0.07,0.004,2026-07-27T17:51:02Z
highest-temperature-in-taipei-on-july-28-2026-29corbelow,highest-temperature-in-taipei-on-july-28-2026,taipei,2026-07-28,2026-07-26T07:08:09Z,0.07,0.003,2026-07-27T17:51:02Z
highest-temperature-in-taipei-on-july-28-2026-30c,highest-temperature-in-taipei-on-july-28-2026,taipei,2026-07-28,2026-07-26T07:08:09Z,0.07,0.001,2026-07-27T17:51:02Z
highest-temperature-in-taipei-on-july-28-2026-31c,highest-temperature-in-taipei-on-july-28-2026,taipei,2026-07-28,2026-07-26T07:08:09Z,0.37,0.001,2026-07-27T17:51:02Z
highest-temperature-in-taipei-on-july-28-2026-32c,highest-temperature-in-taipei-on-july-28-2026,taipei,2026-07-28,2026-07-26T07:08:09Z,0.37,0.001,2026-07-27T17:51:02Z
highest-temperature-in-taipei-on-july-28-2026-33c,highest-temperature-in-taipei-on-july-28-2026,taipei,2026-07-28,2026-07-26T07:08:09Z,0.37,0.019,2026-07-27T17:51:02Z
highest-temperature-in-taipei-on-july-28-2026-34c,highest-temperature-in-taipei-on-july-28-2026,taipei,2026-07-28,2026-07-26T07:08:09Z,0.37,0.18,2026-07-27T17:51:02Z
highest-temperature-in-taipei-on-july-28-2026-35c,highest-temperature-in-taipei-on-july-28-2026,taipei,2026-07-28,2026-07-26T07:08:09Z,0.4,0.35,2026-07-27T17:51:02Z
highest-temperature-in-taipei-on-july-28-2026-36c,highest-temperature-in-taipei-on-july-28-2026,taipei,2026-07-28,2026-07-26T07:08:09Z,0.39,0.35,2026-07-27T17:51:02Z
highest-temperature-in-taipei-on-july-28-2026-37c,highest-temperature-in-taipei-on-july-28-2026,taipei,2026-07-28,2026-07-26T07:08:09Z,0.26,0.14,2026-07-27T17:51:02Z
highest-temperature-in-taipei-on-july-28-2026-38c,highest-temperature-in-taipei-on-july-28-2026,taipei,2026-07-28,2026-07-26T07:08:09Z,0.07,0.02,2026-07-27T17:51:02Z
highest-temperature-in-taipei-on-july-28-2026-39corhigher,highest-temperature-in-taipei-on-july-28-2026,taipei,2026-07-28,2026-07-26T07:08:09Z,0.07,0.007,2026-07-27T17:51:02Z
highest-temperature-in-chongqing-on-july-28-2026-33corbelow,highest-temperature-in-chongqing-on-july-28-2026,chongqing,2026-07-28,2026-07-26T07:08:09Z,0.98,0.008,2026-07-27T17:51:02Z
highest-temperature-in-chongqing-on-july-28-2026-34c,highest-temperature-in-chongqing-on-july-28-2026,chongqing,2026-07-28,2026-07-26T07:08:09Z,0.98,0.03,2026-07-27T17:51:02Z
highest-temperature-in-chongqing-on-july-28-2026-35c,highest-temperature-in-chongqing-on-july-28-2026,chongqing,2026-07-28,2026-07-26T07:08:09Z,0.99,0.1,2026-07-27T17:51:02Z
highest-temperature-in-chongqing-on-july-28-2026-36c,highest-temperature-in-chongqing-on-july-28-2026,chongqing,2026-07-28,2026-07-26T07:08:09Z,0.99,0.3,2026-07-27T17:51:02Z
highest-temperature-in-chongqing-on-july-28-2026-37c,highest-temperature-in-chongqing-on-july-28-2026,chongqing,2026-07-28,2026-07-26T07:08:09Z,0.99,0.44,2026-07-27T17:51:02Z
highest-temperature-in-chongqing-on-july-28-2026-38c,highest-temperature-in-chongqing-on-july-28-2026,chongqing,2026-07-28,2026-07-26T07:08:09Z,0.99,0.18,2026-07-27T17:51:02Z
highest-temperature-in-chongqing-on-july-28-2026-39c,highest-temperature-in-chongqing-on-july-28-2026,chongqing,2026-07-28,2026-07-26T07:08:09Z,1.0,0.019,2026-07-27T17:51:02Z
highest-temperature-in-chongqing-on-july-28-2026-40c,highest-temperature-in-chongqing-on-july-28-2026,chongqing,2026-07-28,2026-07-26T07:08:09Z,0.99,0.008,2026-07-27T17:51:02Z
highest-temperature-in-chongqing-on-july-28-2026-41c,highest-temperature-in-chongqing-on-july-28-2026,chongqing,2026-07-28,2026-07-26T07:08:09Z,0.99,0.002,2026-07-27T17:51:02Z
highest-temperature-in-chongqing-on-july-28-2026-42c,highest-temperature-in-chongqing-on-july-28-2026,chongqing,2026-07-28,2026-07-26T07:08:09Z,0.99,0.001,2026-07-27T17:51:02Z
highest-temperature-in-chongqing-on-july-28-2026-43corhigher,highest-temperature-in-chongqing-on-july-28-2026,chongqing,2026-07-28,2026-07-26T07:08:09Z,0.99,0.001,2026-07-27T17:51:02Z
highest-temperature-in-beijing-on-july-28-2026-30corbelow,highest-temperature-in-beijing-on-july-28-2026,beijing,2026-07-28,2026-07-26T07:08:09Z,1.0,0.002,2026-07-27T17:51:02Z
highest-temperature-in-beijing-on-july-28-2026-31c,highest-temperature-in-beijing-on-july-28-2026,beijing,2026-07-28,2026-07-26T07:08:09Z,1.0,0.009,2026-07-27T17:51:02Z
highest-temperature-in-beijing-on-july-28-2026-32c,highest-temperature-in-beijing-on-july-28-2026,beijing,2026-07-28,2026-07-26T07:08:09Z,1.0,0.05,2026-07-27T17:51:02Z
highest-temperature-in-beijing-on-july-28-2026-33c,highest-temperature-in-beijing-on-july-28-2026,beijing,2026-07-28,2026-07-26T07:08:09Z,1.0,0.14,2026-07-27T17:51:02Z
highest-temperature-in-beijing-on-july-28-2026-34c,highest-temperature-in-beijing-on-july-28-2026,beijing,2026-07-28,2026-07-26T07:08:09Z,1.0,0.35,2026-07-27T17:51:02Z
highest-temperature-in-beijing-on-july-28-2026-35c,highest-temperature-in-beijing-on-july-28-2026,beijing,2026-07-28,2026-07-26T07:08:09Z,1.0,0.4,2026-07-27T17:51:02Z
highest-temperature-in-beijing-on-july-28-2026-36c,highest-temperature-in-beijing-on-july-28-2026,beijing,2026-07-28,2026-07-26T07:08:09Z,1.0,0.11,2026-07-27T17:51:02Z
highest-temperature-in-beijing-on-july-28-2026-37c,highest-temperature-in-beijing-on-july-28-2026,beijing,2026-07-28,2026-07-26T07:08:09Z,1.0,0.02,2026-07-27T17:51:02Z
highest-temperature-in-beijing-on-july-28-2026-38c,highest-temperature-in-beijing-on-july-28-2026,beijing,2026-07-28,2026-07-26T07:08:09Z,1.0,0.007,2026-07-27T17:51:02Z
highest-temperature-in-beijing-on-july-28-2026-39c,highest-temperature-in-beijing-on-july-28-2026,beijing,2026-07-28,2026-07-26T07:08:09Z,1.0,0.002,2026-07-27T17:51:02Z
highest-temperature-in-beijing-on-july-28-2026-40corhigher,highest-temperature-in-beijing-on-july-28-2026,beijing,2026-07-28,2026-07-26T07:08:09Z,1.0,0.001,2026-07-27T17:51:02Z
highest-temperature-in-wuhan-on-july-28-2026-24corbelow,highest-temperature-in-wuhan-on-july-28-2026,wuhan,2026-07-28,2026-07-26T07:08:09Z,1.0,0.001,2026-07-27T17:51:02Z
highest-temperature-in-wuhan-on-july-28-2026-25c,highest-temperature-in-wuhan-on-july-28-2026,wuhan,2026-07-28,2026-07-26T07:08:09Z,1.0,0.001,2026-07-27T17:51:02Z
highest-temperature-in-wuhan-on-july-28-2026-26c,highest-temperature-in-wuhan-on-july-28-2026,wuhan,2026-07-28,2026-07-26T07:08:09Z,1.0,0.001,2026-07-27T17:51:02Z
highest-temperature-in-wuhan-on-july-28-2026-27c,highest-temperature-in-wuhan-on-july-28-2026,wuhan,2026-07-28,2026-07-26T07:08:09Z,1.0,0.001,2026-07-27T17:51:02Z
highest-temperature-in-wuhan-on-july-28-2026-28c,highest-temperature-in-wuhan-on-july-28-2026,wuhan,2026-07-28,2026-07-26T07:08:09Z,1.0,0.001,2026-07-27T17:51:02Z
highest-temperature-in-wuhan-on-july-28-2026-29c,highest-temperature-in-wuhan-on-july-28-2026,wuhan,2026-07-28,2026-07-26T07:08:09Z,1.0,0.001,2026-07-27T17:51:02Z
highest-temperature-in-wuhan-on-july-28-2026-30c,highest-temperature-in-wuhan-on-july-28-2026,wuhan,2026-07-28,2026-07-26T07:08:09Z,1.0,0.37,2026-07-27T17:51:02Z
highest-temperature-in-wuhan-on-july-28-2026-31c,highest-temperature-in-wuhan-on-july-28-2026,wuhan,2026-07-28,2026-07-26T07:08:09Z,1.0,0.4,2026-07-27T17:51:02Z
highest-temperature-in-wuhan-on-july-28-2026-32c,highest-temperature-in-wuhan-on-july-28-2026,wuhan,2026-07-28,2026-07-26T07:08:09Z,1.0,0.24,2026-07-27T17:51:02Z
highest-temperature-in-wuhan-on-july-28-2026-33c,highest-temperature-in-wuhan-on-july-28-2026,wuhan,2026-07-28,2026-07-26T07:08:09Z,1.0,0.025,2026-07-27T17:51:02Z
highest-temperature-in-wuhan-on-july-28-2026-34corhigher,highest-temperature-in-wuhan-on-july-28-2026,wuhan,2026-07-28,2026-07-26T07:08:09Z,1.0,0.007,2026-07-27T17:51:02Z
highest-temperature-in-chengdu-on-july-28-2026-25corbelow,highest-temperature-in-chengdu-on-july-28-2026,chengdu,2026-07-28,2026-07-26T07:08:09Z,1.0,0.002,2026-07-27T17:51:02Z
highest-temperature-in-chengdu-on-july-28-2026-26c,highest-temperature-in-chengdu-on-july-28-2026,chengdu,2026-07-28,2026-07-26T07:08:09Z,1.0,0.004,2026-07-27T17:51:02Z
highest-temperature-in-chengdu-on-july-28-2026-27c,highest-temperature-in-chengdu-on-july-28-2026,chengdu,2026-07-28,2026-07-26T07:08:09Z,1.0,0.01,2026-07-27T17:51:02Z
highest-temperature-in-chengdu-on-july-28-2026-28c,highest-temperature-in-chengdu-on-july-28-2026,chengdu,2026-07-28,2026-07-26T07:08:09Z,1.0,0.02,2026-07-27T17:51:02Z
highest-temperature-in-chengdu-on-july-28-2026-29c,highest-temperature-in-chengdu-on-july-28-2026,chengdu,2026-07-28,2026-07-26T07:08:09Z,1.0,0.1,2026-07-27T17:51:02Z
highest-temperature-in-chengdu-on-july-28-2026-30c,highest-temperature-in-chengdu-on-july-28-2026,chengdu,2026-07-28,2026-07-26T07:08:09Z,1.0,0.23,2026-07-27T17:51:02Z
highest-temperature-in-chengdu-on-july-28-2026-31c,highest-temperature-in-chengdu-on-july-28-2026,chengdu,2026-07-28,2026-07-26T07:08:09Z,1.0,0.32,2026-07-27T17:51:02Z
highest-temperature-in-chengdu-on-july-28-2026-32c,highest-temperature-in-chengdu-on-july-28-2026,chengdu,2026-07-28,2026-07-26T07:08:09Z,1.0,0.31,2026-07-27T17:51:02Z
highest-temperature-in-chengdu-on-july-28-2026-33c,highest-temperature-in-chengdu-on-july-28-2026,chengdu,2026-07-28,2026-07-26T07:08:09Z,1.0,0.08,2026-07-27T17:51:02Z
highest-temperature-in-chengdu-on-july-28-2026-34c,highest-temperature-in-chengdu-on-july-28-2026,chengdu,2026-07-28,2026-07-26T07:08:09Z,1.0,0.02,2026-07-27T17:51:02Z
highest-temperature-in-chengdu-on-july-28-2026-35corhigher,highest-temperature-in-chengdu-on-july-28-2026,chengdu,2026-07-28,2026-07-26T07:08:09Z,1.0,0.003,2026-07-27T17:51:02Z
highest-temperature-in-shenzhen-on-july-28-2026-25corbelow,highest-temperature-in-shenzhen-on-july-28-2026,shenzhen,2026-07-28,2026-07-26T07:08:09Z,1.0,0.001,2026-07-27T17:51:02Z
highest-temperature-in-shenzhen-on-july-28-2026-26c,highest-temperature-in-shenzhen-on-july-28-2026,shenzhen,2026-07-28,2026-07-26T07:08:09Z,1.0,0.001,2026-07-27T17:51:02Z
highest-temperature-in-shenzhen-on-july-28-2026-27c,highest-temperature-in-shenzhen-on-july-28-2026,shenzhen,2026-07-28,2026-07-26T07:08:09Z,1.0,0.013,2026-07-27T17:51:02Z
highest-temperature-in-shenzhen-on-july-28-2026-28c,highest-temperature-in-shenzhen-on-july-28-2026,shenzhen,2026-07-28,2026-07-26T07:08:09Z,1.0,0.05,2026-07-27T17:51:02Z
highest-temperature-in-shenzhen-on-july-28-2026-29c,highest-temperature-in-shenzhen-on-july-28-2026,shenzhen,2026-07-28,2026-07-26T07:08:09Z,1.0,0.16,2026-07-27T17:51:02Z
highest-temperature-in-shenzhen-on-july-28-2026-30c,highest-temperature-in-shenzhen-on-july-28-2026,shenzhen,2026-07-28,2026-07-26T07:08:09Z,1.0,0.22,2026-07-27T17:51:02Z
highest-temperature-in-shenzhen-on-july-28-2026-31c,highest-temperature-in-shenzhen-on-july-28-2026,shenzhen,2026-07-28,2026-07-26T07:08:09Z,1.0,0.39,2026-07-27T17:51:02Z
highest-temperature-in-shenzhen-on-july-28-2026-32c,highest-temperature-in-shenzhen-on-july-28-2026,shenzhen,2026-07-28,2026-07-26T07:08:09Z,1.0,0.23,2026-07-27T17:51:02Z
highest-temperature-in-shenzhen-on-july-28-2026-33c,highest-temperature-in-shenzhen-on-july-28-2026,shenzhen,2026-07-28,2026-07-26T07:08:09Z,1.0,0.05,2026-07-27T17:51:02Z
highest-temperature-in-shenzhen-on-july-28-2026-34c,highest-temperature-in-shenzhen-on-july-28-2026,shenzhen,2026-07-28,2026-07-26T07:08:09Z,1.0,0.005,2026-07-27T17:51:02Z
highest-temperature-in-shenzhen-on-july-28-2026-35corhigher,highest-temperature-in-shenzhen-on-july-28-2026,shenzhen,2026-07-28,2026-07-26T07:08:09Z,1.0,0.005,2026-07-27T17:51:02Z
highest-temperature-in-moscow-on-july-28-2026-20corbelow,highest-temperature-in-moscow-on-july-28-2026,moscow,2026-07-28,2026-07-26T07:08:09Z,1.0,0.001,2026-07-27T17:51:02Z
highest-temperature-in-moscow-on-july-28-2026-21c,highest-temperature-in-moscow-on-july-28-2026,moscow,2026-07-28,2026-07-26T07:08:09Z,1.0,0.002,2026-07-27T17:51:02Z
highest-temperature-in-moscow-on-july-28-2026-22c,highest-temperature-in-moscow-on-july-28-2026,moscow,2026-07-28,2026-07-26T07:08:09Z,1.0,0.004,2026-07-27T17:51:02Z
highest-temperature-in-moscow-on-july-28-2026-23c,highest-temperature-in-moscow-on-july-28-2026,moscow,2026-07-28,2026-07-26T07:08:09Z,1.0,0.01,2026-07-27T17:51:02Z
highest-temperature-in-moscow-on-july-28-2026-24c,highest-temperature-in-moscow-on-july-28-2026,moscow,2026-07-28,2026-07-26T07:08:09Z,1.0,0.02,2026-07-27T17:51:02Z
highest-temperature-in-moscow-on-july-28-2026-25c,highest-temperature-in-moscow-on-july-28-2026,moscow,2026-07-28,2026-07-26T07:08:09Z,1.0,0.07,2026-07-27T17:51:02Z
highest-temperature-in-moscow-on-july-28-2026-26c,highest-temperature-in-moscow-on-july-28-2026,moscow,2026-07-28,2026-07-26T07:08:09Z,1.0,0.28,2026-07-27T17:51:02Z
highest-temperature-in-moscow-on-july-28-2026-27c,highest-temperature-in-moscow-on-july-28-2026,moscow,2026-07-28,2026-07-26T07:08:09Z,1.0,0.42,2026-07-27T17:51:02Z
highest-temperature-in-moscow-on-july-28-2026-28c,highest-temperature-in-moscow-on-july-28-2026,moscow,2026-07-28,2026-07-26T07:08:09Z,1.0,0.21,2026-07-27T17:51:02Z
highest-temperature-in-moscow-on-july-28-2026-29c,highest-temperature-in-moscow-on-july-28-2026,moscow,2026-07-28,2026-07-26T07:08:09Z,1.0,0.05,2026-07-27T17:51:02Z
highest-temperature-in-moscow-on-july-28-2026-30corhigher,highest-temperature-in-moscow-on-july-28-2026,moscow,2026-07-28,2026-07-26T07:08:09Z,1.0,0.02,2026-07-27T17:51:02Z
highest-temperature-in-istanbul-on-july-28-2026-25corbelow,highest-temperature-in-istanbul-on-july-28-2026,istanbul,2026-07-28,2026-07-26T07:08:09Z,1.0,0.006,2026-07-27T17:51:02Z
highest-temperature-in-istanbul-on-july-28-2026-26c,highest-temperature-in-istanbul-on-july-28-2026,istanbul,2026-07-28,2026-07-26T07:08:09Z,1.0,0.007,2026-07-27T17:51:02Z
highest-temperature-in-istanbul-on-july-28-2026-27c,highest-temperature-in-istanbul-on-july-28-2026,istanbul,2026-07-28,2026-07-26T07:08:09Z,1.0,0.03,2026-07-27T17:51:02Z
highest-temperature-in-istanbul-on-july-28-2026-28c,highest-temperature-in-istanbul-on-july-28-2026,istanbul,2026-07-28,2026-07-26T07:08:09Z,1.0,0.25,2026-07-27T17:51:02Z
highest-temperature-in-istanbul-on-july-28-2026-29c,highest-temperature-in-istanbul-on-july-28-2026,istanbul,2026-07-28,2026-07-26T07:08:09Z,1.0,0.52,2026-07-27T17:51:02Z
highest-temperature-in-istanbul-on-july-28-2026-30c,highest-temperature-in-istanbul-on-july-28-2026,istanbul,2026-07-28,2026-07-26T07:08:09Z,1.0,0.21,2026-07-27T17:51:02Z
highest-temperature-in-istanbul-on-july-28-2026-31c,highest-temperature-in-istanbul-on-july-28-2026,istanbul,2026-07-28,2026-07-26T07:08:09Z,1.0,0.03,2026-07-27T17:51:02Z
highest-temperature-in-istanbul-on-july-28-2026-32c,highest-temperature-in-istanbul-on-july-28-2026,istanbul,2026-07-28,2026-07-26T07:08:09Z,1.0,0.006,2026-07-27T17:51:02Z
highest-temperature-in-istanbul-on-july-28-2026-33c,highest-temperature-in-istanbul-on-july-28-2026,istanbul,2026-07-28,2026-07-26T07:08:09Z,1.0,0.006,2026-07-27T17:51:02Z
highest-temperature-in-istanbul-on-july-28-2026-34c,highest-temperature-in-istanbul-on-july-28-2026,istanbul,2026-07-28,2026-07-26T07:08:09Z,1.0,0.004,2026-07-27T17:51:02Z
highest-temperature-in-istanbul-on-july-28-2026-35corhigher,highest-temperature-in-istanbul-on-july-28-2026,istanbul,2026-07-28,2026-07-26T07:08:09Z,1.0,0.004,2026-07-27T17:51:02Z
highest-temperature-in-busan-on-july-28-2026-33corbelow,highest-temperature-in-busan-on-july-28-2026,busan,2026-07-28,2026-07-26T07:08:09Z,1.0,0.001,2026-07-27T17:51:02Z
highest-temperature-in-busan-on-july-28-2026-34c,highest-temperature-in-busan-on-july-28-2026,busan,2026-07-28,2026-07-26T07:08:09Z,1.0,0.009,2026-07-27T17:51:02Z
highest-temperature-in-busan-on-july-28-2026-35c,highest-temperature-in-busan-on-july-28-2026,busan,2026-07-28,2026-07-26T07:08:09Z,1.0,0.02,2026-07-27T17:51:02Z
highest-temperature-in-busan-on-july-28-2026-36c,highest-temperature-in-busan-on-july-28-2026,busan,2026-07-28,2026-07-26T07:08:09Z,1.0,0.16,2026-07-27T17:51:02Z
highest-temperature-in-busan-on-july-28-2026-37c,highest-temperature-in-busan-on-july-28-2026,busan,2026-07-28,2026-07-26T07:08:09Z,1.0,0.34,2026-07-27T17:51:02Z
highest-temperature-in-busan-on-july-28-2026-38c,highest-temperature-in-busan-on-july-28-2026,busan,2026-07-28,2026-07-26T07:08:09Z,1.0,0.4,2026-07-27T17:51:02Z
highest-temperature-in-busan-on-july-28-2026-39c,highest-temperature-in-busan-on-july-28-2026,busan,2026-07-28,2026-07-26T07:08:09Z,1.0,0.1,2026-07-27T17:51:02Z
highest-temperature-in-busan-on-july-28-2026-40c,highest-temperature-in-busan-on-july-28-2026,busan,2026-07-28,2026-07-26T07:08:09Z,1.0,0.01,2026-07-27T17:51:02Z
highest-temperature-in-busan-on-july-28-2026-41c,highest-temperature-in-busan-on-july-28-2026,busan,2026-07-28,2026-07-26T07:08:09Z,1.0,0.001,2026-07-27T17:51:02Z
highest-temperature-in-busan-on-july-28-2026-42c,highest-temperature-in-busan-on-july-28-2026,busan,2026-07-28,2026-07-26T07:08:09Z,1.0,0.001,2026-07-27T17:51:02Z
highest-temperature-in-busan-on-july-28-2026-43corhigher,highest-temperature-in-busan-on-july-28-2026,busan,2026-07-28,2026-07-26T07:08:09Z,1.0,0.001,2026-07-27T17:51:02Z
highest-temperature-in-amsterdam-on-july-28-2026-22corbelow,highest-temperature-in-amsterdam-on-july-28-2026,amsterdam,2026-07-28,2026-07-26T07:08:09Z,1.0,0.001,2026-07-27T17:51:02Z
highest-temperature-in-amsterdam-on-july-28-2026-23c,highest-temperature-in-amsterdam-on-july-28-2026,amsterdam,2026-07-28,2026-07-26T07:08:09Z,1.0,0.001,2026-07-27T17:51:02Z
highest-temperature-in-amsterdam-on-july-28-2026-24c,highest-temperature-in-amsterdam-on-july-28-2026,amsterdam,2026-07-28,2026-07-26T07:08:09Z,1.0,0.002,2026-07-27T17:51:02Z
highest-temperature-in-amsterdam-on-july-28-2026-25c,highest-temperature-in-amsterdam-on-july-28-2026,amsterdam,2026-07-28,2026-07-26T07:08:09Z,1.0,0.21,2026-07-27T17:51:02Z
highest-temperature-in-amsterdam-on-july-28-2026-26c,highest-temperature-in-amsterdam-on-july-28-2026,amsterdam,2026-07-28,2026-07-26T07:08:09Z,1.0,0.46,2026-07-27T17:51:02Z
highest-temperature-in-amsterdam-on-july-28-2026-27c,highest-temperature-in-amsterdam-on-july-28-2026,amsterdam,2026-07-28,2026-07-26T07:08:09Z,1.0,0.31,2026-07-27T17:51:02Z
highest-temperature-in-amsterdam-on-july-28-2026-28c,highest-temperature-in-amsterdam-on-july-28-2026,amsterdam,2026-07-28,2026-07-26T07:08:09Z,1.0,0.07,2026-07-27T17:51:02Z
highest-temperature-in-amsterdam-on-july-28-2026-29c,highest-temperature-in-amsterdam-on-july-28-2026,amsterdam,2026-07-28,2026-07-26T07:08:09Z,1.0,0.01,2026-07-27T17:51:02Z
highest-temperature-in-amsterdam-on-july-28-2026-30c,highest-temperature-in-amsterdam-on-july-28-2026,amsterdam,2026-07-28,2026-07-26T07:08:09Z,1.0,0.003,2026-07-27T17:51:02Z
highest-temperature-in-amsterdam-on-july-28-2026-31c,highest-temperature-in-amsterdam-on-july-28-2026,amsterdam,2026-07-28,2026-07-26T07:08:09Z,1.0,0.001,2026-07-27T17:51:02Z
highest-temperature-in-amsterdam-on-july-28-2026-32corhigher,highest-temperature-in-amsterdam-on-july-28-2026,amsterdam,2026-07-28,2026-07-26T07:08:09Z,1.0,0.001,2026-07-27T17:51:02Z
highest-temperature-in-helsinki-on-july-28-2026-13corbelow,highest-temperature-in-helsinki-on-july-28-2026,helsinki,2026-07-28,2026-07-26T07:08:09Z,1.0,0.003,2026-07-27T17:51:02Z
highest-temperature-in-helsinki-on-july-28-2026-14c,highest-temperature-in-helsinki-on-july-28-2026,helsinki,2026-07-28,2026-07-26T07:08:09Z,1.0,0.001,2026-07-27T17:51:02Z
highest-temperature-in-helsinki-on-july-28-2026-15c,highest-temperature-in-helsinki-on-july-28-2026,helsinki,2026-07-28,2026-07-26T07:08:09Z,1.0,0.002,2026-07-27T17:51:02Z
highest-temperature-in-helsinki-on-july-28-2026-16c,highest-temperature-in-helsinki-on-july-28-2026,helsinki,2026-07-28,2026-07-26T07:08:09Z,1.0,0.009,2026-07-27T17:51:02Z
highest-temperature-in-helsinki-on-july-28-2026-17c,highest-temperature-in-helsinki-on-july-28-2026,helsinki,2026-07-28,2026-07-26T07:08:09Z,1.0,0.03,2026-07-27T17:51:02Z
highest-temperature-in-helsinki-on-july-28-2026-18c,highest-temperature-in-helsinki-on-july-28-2026,helsinki,2026-07-28,2026-07-26T07:08:09Z,1.0,0.08,2026-07-27T17:51:02Z
highest-temperature-in-helsinki-on-july-28-2026-19c,highest-temperature-in-helsinki-on-july-28-2026,helsinki,2026-07-28,2026-07-26T07:08:09Z,1.0,0.29,2026-07-27T17:51:02Z
highest-temperature-in-helsinki-on-july-28-2026-20c,highest-temperature-in-helsinki-on-july-28-2026,helsinki,2026-07-28,2026-07-26T07:08:09Z,1.0,0.44,2026-07-27T17:51:02Z
highest-temperature-in-helsinki-on-july-28-2026-21c,highest-temperature-in-helsinki-on-july-28-2026,helsinki,2026-07-28,2026-07-26T07:08:09Z,1.0,0.19,2026-07-27T17:51:02Z
highest-temperature-in-helsinki-on-july-28-2026-22c,highest-temperature-in-helsinki-on-july-28-2026,helsinki,2026-07-28,2026-07-26T07:08:09Z,1.0,0.03,2026-07-27T17:51:02Z
highest-temperature-in-helsinki-on-july-28-2026-23corhigher,highest-temperature-in-helsinki-on-july-28-2026,helsinki,2026-07-28,2026-07-26T07:08:09Z,1.0,0.009,2026-07-27T17:51:02Z
highest-temperature-in-kuala-lumpur-on-july-28-2026-28corbelow,highest-temperature-in-kuala-lumpur-on-july-28-2026,kuala-lumpur,2026-07-28,2026-07-26T07:08:09Z,1.0,0.005,2026-07-27T17:51:02Z
highest-temperature-in-kuala-lumpur-on-july-28-2026-29c,highest-temperature-in-kuala-lumpur-on-july-28-2026,kuala-lumpur,2026-07-28,2026-07-26T07:08:09Z,1.0,0.006,2026-07-27T17:51:02Z
highest-temperature-in-kuala-lumpur-on-july-28-2026-30c,highest-temperature-in-kuala-lumpur-on-july-28-2026,kuala-lumpur,2026-07-28,2026-07-26T07:08:09Z,1.0,0.06,2026-07-27T17:51:02Z
highest-temperature-in-kuala-lumpur-on-july-28-2026-31c,highest-temperature-in-kuala-lumpur-on-july-28-2026,kuala-lumpur,2026-07-28,2026-07-26T07:08:09Z,1.0,0.15,2026-07-27T17:51:02Z
highest-temperature-in-kuala-lumpur-on-july-28-2026-32c,highest-temperature-in-kuala-lumpur-on-july-28-2026,kuala-lumpur,2026-07-28,2026-07-26T07:08:09Z,1.0,0.39,2026-07-27T17:51:02Z
highest-temperature-in-kuala-lumpur-on-july-28-2026-33c,highest-temperature-in-kuala-lumpur-on-july-28-2026,kuala-lumpur,2026-07-28,2026-07-26T07:08:09Z,1.0,0.33,2026-07-27T17:51:02Z
highest-temperature-in-kuala-lumpur-on-july-28-2026-34c,highest-temperature-in-kuala-lumpur-on-july-28-2026,kuala-lumpur,2026-07-28,2026-07-26T07:08:09Z,1.0,0.06,2026-07-27T17:51:02Z
highest-temperature-in-kuala-lumpur-on-july-28-2026-35c,highest-temperature-in-kuala-lumpur-on-july-28-2026,kuala-lumpur,2026-07-28,2026-07-26T07:08:09Z,1.0,0.01,2026-07-27T17:51:02Z
highest-temperature-in-kuala-lumpur-on-july-28-2026-36c,highest-temperature-in-kuala-lumpur-on-july-28-2026,kuala-lumpur,2026-07-28,2026-07-26T07:08:09Z,1.0,0.004,2026-07-27T17:51:02Z
highest-temperature-in-kuala-lumpur-on-july-28-2026-37c,highest-temperature-in-kuala-lumpur-on-july-28-2026,kuala-lumpur,2026-07-28,2026-07-26T07:08:09Z,1.0,0.001,2026-07-27T17:51:02Z
highest-temperature-in-kuala-lumpur-on-july-28-2026-38corhigher,highest-temperature-in-kuala-lumpur-on-july-28-2026,kuala-lumpur,2026-07-28,2026-07-26T07:08:09Z,1.0,0.001,2026-07-27T17:51:02Z
highest-temperature-in-jeddah-on-july-28-2026-30corbelow,highest-temperature-in-jeddah-on-july-28-2026,jeddah,2026-07-28,2026-07-26T07:08:09Z,1.0,0.001,2026-07-27T17:51:02Z
highest-temperature-in-jeddah-on-july-28-2026-31c,highest-temperature-in-jeddah-on-july-28-2026,jeddah,2026-07-28,2026-07-26T07:08:09Z,1.0,0.001,2026-07-27T17:51:02Z
highest-temperature-in-jeddah-on-july-28-2026-32c,highest-temperature-in-jeddah-on-july-28-2026,jeddah,2026-07-28,2026-07-26T07:08:09Z,1.0,0.001,2026-07-27T17:51:02Z
highest-temperature-in-jeddah-on-july-28-2026-33c,highest-temperature-in-jeddah-on-july-28-2026,jeddah,2026-07-28,2026-07-26T07:08:09Z,1.0,0.001,2026-07-27T17:51:02Z
highest-temperature-in-jeddah-on-july-28-2026-34c,highest-temperature-in-jeddah-on-july-28-2026,jeddah,2026-07-28,2026-07-26T07:08:09Z,1.0,0.004,2026-07-27T17:51:02Z
highest-temperature-in-jeddah-on-july-28-2026-35c,highest-temperature-in-jeddah-on-july-28-2026,jeddah,2026-07-28,2026-07-26T07:08:09Z,1.0,0.002,2026-07-27T17:51:02Z
highest-temperature-in-jeddah-on-july-28-2026-36c,highest-temperature-in-jeddah-on-july-28-2026,jeddah,2026-07-28,2026-07-26T07:08:09Z,1.0,0.019,2026-07-27T17:51:02Z
highest-temperature-in-jeddah-on-july-28-2026-37c,highest-temperature-in-jeddah-on-july-28-2026,jeddah,2026-07-28,2026-07-26T07:08:09Z,1.0,0.14,2026-07-27T17:51:02Z
highest-temperature-in-jeddah-on-july-28-2026-38c,highest-temperature-in-jeddah-on-july-28-2026,jeddah,2026-07-28,2026-07-26T07:08:09Z,1.0,0.21,2026-07-27T17:51:02Z
highest-temperature-in-jeddah-on-july-28-2026-39c,highest-temperature-in-jeddah-on-july-28-2026,jeddah,2026-07-28,2026-07-26T07:08:09Z,1.0,0.31,2026-07-27T17:51:02Z
highest-temperature-in-jeddah-on-july-28-2026-40corhigher,highest-temperature-in-jeddah-on-july-28-2026,jeddah,2026-07-28,2026-07-26T07:08:09Z,1.0,0.4,2026-07-27T17:51:02Z
highest-temperature-in-cape-town-on-july-28-2026-14corbelow,highest-temperature-in-cape-town-on-july-28-2026,cape-town,2026-07-28,2026-07-26T07:08:09Z,1.0,0.003,2026-07-27T17:51:02Z
highest-temperature-in-cape-town-on-july-28-2026-15c,highest-temperature-in-cape-town-on-july-28-2026,cape-town,2026-07-28,2026-07-26T07:08:09Z,1.0,0.004,2026-07-27T17:51:02Z
highest-temperature-in-cape-town-on-july-28-2026-16c,highest-temperature-in-cape-town-on-july-28-2026,cape-town,2026-07-28,2026-07-26T07:08:09Z,1.0,0.009,2026-07-27T17:51:02Z
highest-temperature-in-cape-town-on-july-28-2026-17c,highest-temperature-in-cape-town-on-july-28-2026,cape-town,2026-07-28,2026-07-26T07:08:09Z,1.0,0.02,2026-07-27T17:51:02Z
highest-temperature-in-cape-town-on-july-28-2026-18c,highest-temperature-in-cape-town-on-july-28-2026,cape-town,2026-07-28,2026-07-26T07:08:09Z,1.0,0.09,2026-07-27T17:51:02Z
highest-temperature-in-cape-town-on-july-28-2026-19c,highest-temperature-in-cape-town-on-july-28-2026,cape-town,2026-07-28,2026-07-26T07:08:09Z,1.0,0.4,2026-07-27T17:51:02Z
highest-temperature-in-cape-town-on-july-28-2026-20c,highest-temperature-in-cape-town-on-july-28-2026,cape-town,2026-07-28,2026-07-26T07:08:09Z,1.0,0.35,2026-07-27T17:51:02Z
highest-temperature-in-cape-town-on-july-28-2026-21c,highest-temperature-in-cape-town-on-july-28-2026,cape-town,2026-07-28,2026-07-26T07:08:09Z,1.0,0.14,2026-07-27T17:51:02Z
highest-temperature-in-cape-town-on-july-28-2026-22c,highest-temperature-in-cape-town-on-july-28-2026,cape-town,2026-07-28,2026-07-26T07:08:09Z,1.0,0.03,2026-07-27T17:51:02Z
highest-temperature-in-cape-town-on-july-28-2026-23c,highest-temperature-in-cape-town-on-july-28-2026,cape-town,2026-07-28,2026-07-26T07:08:09Z,1.0,0.006,2026-07-27T17:51:02Z
highest-temperature-in-cape-town-on-july-28-2026-24corhigher,highest-temperature-in-cape-town-on-july-28-2026,cape-town,2026-07-28,2026-07-26T07:08:09Z,1.0,0.004,2026-07-27T17:51:02Z
highest-temperature-in-guangzhou-on-july-28-2026-27corbelow,highest-temperature-in-guangzhou-on-july-28-2026,guangzhou,2026-07-28,2026-07-26T07:08:09Z,1.0,0.001,2026-07-27T17:51:02Z
highest-temperature-in-guangzhou-on-july-28-2026-28c,highest-temperature-in-guangzhou-on-july-28-2026,guangzhou,2026-07-28,2026-07-26T07:08:09Z,1.0,0.001,2026-07-27T17:51:02Z
highest-temperature-in-guangzhou-on-july-28-2026-29c,highest-temperature-in-guangzhou-on-july-28-2026,guangzhou,2026-07-28,2026-07-26T07:08:09Z,1.0,0.06,2026-07-27T17:51:02Z
highest-temperature-in-guangzhou-on-july-28-2026-30c,highest-temperature-in-guangzhou-on-july-28-2026,guangzhou,2026-07-28,2026-07-26T07:08:09Z,1.0,0.17,2026-07-27T17:51:02Z
highest-temperature-in-guangzhou-on-july-28-2026-31c,highest-temperature-in-guangzhou-on-july-28-2026,guangzhou,2026-07-28,2026-07-26T07:08:09Z,1.0,0.25,2026-07-27T17:51:02Z
highest-temperature-in-guangzhou-on-july-28-2026-32c,highest-temperature-in-guangzhou-on-july-28-2026,guangzhou,2026-07-28,2026-07-26T07:08:09Z,1.0,0.32,2026-07-27T17:51:02Z
highest-temperature-in-guangzhou-on-july-28-2026-33c,highest-temperature-in-guangzhou-on-july-28-2026,guangzhou,2026-07-28,2026-07-26T07:08:09Z,1.0,0.22,2026-07-27T17:51:02Z
highest-temperature-in-guangzhou-on-july-28-2026-34c,highest-temperature-in-guangzhou-on-july-28-2026,guangzhou,2026-07-28,2026-07-26T07:08:09Z,1.0,0.05,2026-07-27T17:51:02Z
highest-temperature-in-guangzhou-on-july-28-2026-35c,highest-temperature-in-guangzhou-on-july-28-2026,guangzhou,2026-07-28,2026-07-26T07:08:09Z,1.0,0.02,2026-07-27T17:51:02Z
highest-temperature-in-guangzhou-on-july-28-2026-36c,highest-temperature-in-guangzhou-on-july-28-2026,guangzhou,2026-07-28,2026-07-26T07:08:09Z,1.0,0.002,2026-07-27T17:51:02Z
highest-temperature-in-guangzhou-on-july-28-2026-37corhigher,highest-temperature-in-guangzhou-on-july-28-2026,guangzhou,2026-07-28,2026-07-26T07:08:09Z,1.0,0.002,2026-07-27T17:51:02Z
highest-temperature-in-qingdao-on-july-28-2026-25corbelow,highest-temperature-in-qingdao-on-july-28-2026,qingdao,2026-07-28,2026-07-26T07:08:09Z,1.0,0.001,2026-07-27T17:51:02Z
highest-temperature-in-qingdao-on-july-28-2026-26c,highest-temperature-in-qingdao-on-july-28-2026,qingdao,2026-07-28,2026-07-26T07:08:09Z,1.0,0.001,2026-07-27T17:51:02Z
highest-temperature-in-qingdao-on-july-28-2026-27c,highest-temperature-in-qingdao-on-july-28-2026,qingdao,2026-07-28,2026-07-26T07:08:09Z,1.0,0.001,2026-07-27T17:51:02Z
highest-temperature-in-qingdao-on-july-28-2026-28c,highest-temperature-in-qingdao-on-july-28-2026,qingdao,2026-07-28,2026-07-26T07:08:09Z,1.0,0.01,2026-07-27T17:51:02Z
highest-temperature-in-qingdao-on-july-28-2026-29c,highest-temperature-in-qingdao-on-july-28-2026,qingdao,2026-07-28,2026-07-26T07:08:09Z,1.0,0.009,2026-07-27T17:51:02Z
highest-temperature-in-qingdao-on-july-28-2026-30c,highest-temperature-in-qingdao-on-july-28-2026,qingdao,2026-07-28,2026-07-26T07:08:09Z,1.0,0.019,2026-07-27T17:51:02Z
highest-temperature-in-qingdao-on-july-28-2026-31c,highest-temperature-in-qingdao-on-july-28-2026,qingdao,2026-07-28,2026-07-26T07:08:09Z,1.0,0.1,2026-07-27T17:51:02Z
highest-temperature-in-qingdao-on-july-28-2026-32c,highest-temperature-in-qingdao-on-july-28-2026,qingdao,2026-07-28,2026-07-26T07:08:09Z,1.0,0.42,2026-07-27T17:51:02Z
highest-temperature-in-qingdao-on-july-28-2026-33c,highest-temperature-in-qingdao-on-july-28-2026,qingdao,2026-07-28,2026-07-26T07:08:09Z,1.0,0.34,2026-07-27T17:51:02Z
highest-temperature-in-qingdao-on-july-28-2026-34c,highest-temperature-in-qingdao-on-july-28-2026,qingdao,2026-07-28,2026-07-26T07:08:09Z,1.0,0.08,2026-07-27T17:51:02Z
highest-temperature-in-qingdao-on-july-28-2026-35corhigher,highest-temperature-in-qingdao-on-july-28-2026,qingdao,2026-07-28,2026-07-26T07:08:09Z,1.0,0.03,2026-07-27T17:51:02Z
highest-temperature-in-karachi-on-july-28-2026-29corbelow,highest-temperature-in-karachi-on-july-28-2026,karachi,2026-07-28,2026-07-26T07:08:09Z,1.0,0.001,2026-07-27T17:51:02Z
highest-temperature-in-karachi-on-july-28-2026-30c,highest-temperature-in-karachi-on-july-28-2026,karachi,2026-07-28,2026-07-26T07:08:09Z,1.0,0.005,2026-07-27T17:51:02Z
highest-temperature-in-karachi-on-july-28-2026-31c,highest-temperature-in-karachi-on-july-28-2026,karachi,2026-07-28,2026-07-26T07:08:09Z,1.0,0.03,2026-07-27T17:51:02Z
highest-temperature-in-karachi-on-july-28-2026-32c,highest-temperature-in-karachi-on-july-28-2026,karachi,2026-07-28,2026-07-26T07:08:09Z,1.0,0.07,2026-07-27T17:51:02Z
highest-temperature-in-karachi-on-july-28-2026-33c,highest-temperature-in-karachi-on-july-28-2026,karachi,2026-07-28,2026-07-26T07:08:09Z,1.0,0.4,2026-07-27T17:51:02Z
highest-temperature-in-karachi-on-july-28-2026-34c,highest-temperature-in-karachi-on-july-28-2026,karachi,2026-07-28,2026-07-26T07:08:09Z,1.0,0.46,2026-07-27T17:51:02Z
highest-temperature-in-karachi-on-july-28-2026-35c,highest-temperature-in-karachi-on-july-28-2026,karachi,2026-07-28,2026-07-26T07:08:09Z,1.0,0.1,2026-07-27T17:51:02Z
highest-temperature-in-karachi-on-july-28-2026-36c,highest-temperature-in-karachi-on-july-28-2026,karachi,2026-07-28,2026-07-26T07:08:09Z,1.0,0.009,2026-07-27T17:51:02Z
highest-temperature-in-karachi-on-july-28-2026-37c,highest-temperature-in-karachi-on-july-28-2026,karachi,2026-07-28,2026-07-26T07:08:09Z,1.0,0.004,2026-07-27T17:51:02Z
highest-temperature-in-karachi-on-july-28-2026-38c,highest-temperature-in-karachi-on-july-28-2026,karachi,2026-07-28,2026-07-26T07:08:09Z,1.0,0.003,2026-07-27T17:51:02Z
highest-temperature-in-karachi-on-july-28-2026-39corhigher,highest-temperature-in-karachi-on-july-28-2026,karachi,2026-07-28,2026-07-26T07:08:09Z,1.0,0.001,2026-07-27T17:51:02Z
highest-temperature-in-manila-on-july-28-2026-28corbelow,highest-temperature-in-manila-on-july-28-2026,manila,2026-07-28,2026-07-26T07:08:09Z,1.0,0.008,2026-07-27T17:51:02Z
highest-temperature-in-manila-on-july-28-2026-29c,highest-temperature-in-manila-on-july-28-2026,manila,2026-07-28,2026-07-26T07:08:09Z,1.0,0.009,2026-07-27T17:51:02Z
highest-temperature-in-manila-on-july-28-2026-30c,highest-temperature-in-manila-on-july-28-2026,manila,2026-07-28,2026-07-26T07:08:09Z,1.0,0.03,2026-07-27T17:51:02Z
highest-temperature-in-manila-on-july-28-2026-31c,highest-temperature-in-manila-on-july-28-2026,manila,2026-07-28,2026-07-26T07:08:09Z,1.0,0.14,2026-07-27T17:51:02Z
highest-temperature-in-manila-on-july-28-2026-32c,highest-temperature-in-manila-on-july-28-2026,manila,2026-07-28,2026-07-26T07:08:09Z,1.0,0.39,2026-07-27T17:51:02Z
highest-temperature-in-manila-on-july-28-2026-33c,highest-temperature-in-manila-on-july-28-2026,manila,2026-07-28,2026-07-26T07:08:09Z,1.0,0.39,2026-07-27T17:51:02Z
highest-temperature-in-manila-on-july-28-2026-34c,highest-temperature-in-manila-on-july-28-2026,manila,2026-07-28,2026-07-26T07:08:09Z,1.0,0.11,2026-07-27T17:51:02Z
highest-temperature-in-manila-on-july-28-2026-35c,highest-temperature-in-manila-on-july-28-2026,manila,2026-07-28,2026-07-26T07:08:09Z,1.0,0.017,2026-07-27T17:51:02Z
highest-temperature-in-manila-on-july-28-2026-36c,highest-temperature-in-manila-on-july-28-2026,manila,2026-07-28,2026-07-26T07:08:09Z,1.0,0.009,2026-07-27T17:51:02Z
highest-temperature-in-manila-on-july-28-2026-37c,highest-temperature-in-manila-on-july-28-2026,manila,2026-07-28,2026-07-26T07:08:09Z,1.0,0.005,2026-07-27T17:51:02Z
highest-temperature-in-manila-on-july-28-2026-38corhigher,highest-temperature-in-manila-on-july-28-2026,manila,2026-07-28,2026-07-26T07:08:09Z,1.0,0.001,2026-07-27T17:51:02Z
highest-temperature-in-sao-paulo-on-july-28-2026-22corbelow,highest-temperature-in-sao-paulo-on-july-28-2026,sao-paulo,2026-07-28,2026-07-27T01:06:26Z,0.04,0.002,2026-07-27T17:51:02Z
highest-temperature-in-sao-paulo-on-july-28-2026-23c,highest-temperature-in-sao-paulo-on-july-28-2026,sao-paulo,2026-07-28,2026-07-27T01:06:26Z,0.04,0.002,2026-07-27T17:51:02Z
highest-temperature-in-sao-paulo-on-july-28-2026-24c,highest-temperature-in-sao-paulo-on-july-28-2026,sao-paulo,2026-07-28,2026-07-27T01:06:26Z,0.04,0.002,2026-07-27T17:51:02Z
highest-temperature-in-sao-paulo-on-july-28-2026-25c,highest-temperature-in-sao-paulo-on-july-28-2026,sao-paulo,2026-07-28,2026-07-27T01:06:26Z,0.04,0.01,2026-07-27T17:51:02Z
highest-temperature-in-sao-paulo-on-july-28-2026-26c,highest-temperature-in-sao-paulo-on-july-28-2026,sao-paulo,2026-07-28,2026-07-27T01:06:26Z,0.99,0.06,2026-07-27T17:51:02Z
highest-temperature-in-sao-paulo-on-july-28-2026-27c,highest-temperature-in-sao-paulo-on-july-28-2026,sao-paulo,2026-07-28,2026-07-27T01:06:26Z,0.99,0.18,2026-07-27T17:51:02Z
highest-temperature-in-sao-paulo-on-july-28-2026-28c,highest-temperature-in-sao-paulo-on-july-28-2026,sao-paulo,2026-07-28,2026-07-27T01:06:26Z,0.99,0.3,2026-07-27T17:51:02Z
highest-temperature-in-sao-paulo-on-july-28-2026-29c,highest-temperature-in-sao-paulo-on-july-28-2026,sao-paulo,2026-07-28,2026-07-27T01:06:26Z,0.99,0.37,2026-07-27T17:51:02Z
highest-temperature-in-sao-paulo-on-july-28-2026-30c,highest-temperature-in-sao-paulo-on-july-28-2026,sao-paulo,2026-07-28,2026-07-27T01:06:26Z,0.26,0.15,2026-07-27T17:51:02Z
highest-temperature-in-sao-paulo-on-july-28-2026-31c,highest-temperature-in-sao-paulo-on-july-28-2026,sao-paulo,2026-07-28,2026-07-27T01:06:26Z,0.07,0.03,2026-07-27T17:51:02Z
highest-temperature-in-sao-paulo-on-july-28-2026-32corhigher,highest-temperature-in-sao-paulo-on-july-28-2026,sao-paulo,2026-07-28,2026-07-27T01:06:26Z,0.07,0.007,2026-07-27T17:51:02Z
highest-temperature-in-buenos-aires-on-july-28-2026-12corbelow,highest-temperature-in-buenos-aires-on-july-28-2026,buenos-aires,2026-07-28,2026-07-27T01:06:26Z,0.01,0.003,2026-07-27T17:51:02Z
highest-temperature-in-buenos-aires-on-july-28-2026-13c,highest-temperature-in-buenos-aires-on-july-28-2026,buenos-aires,2026-07-28,2026-07-27T01:06:26Z,0.07,0.004,2026-07-27T17:51:02Z
highest-temperature-in-buenos-aires-on-july-28-2026-14c,highest-temperature-in-buenos-aires-on-july-28-2026,buenos-aires,2026-07-28,2026-07-27T01:06:26Z,0.07,0.006,2026-07-27T17:51:02Z
highest-temperature-in-buenos-aires-on-july-28-2026-15c,highest-temperature-in-buenos-aires-on-july-28-2026,buenos-aires,2026-07-28,2026-07-27T01:06:26Z,0.94,0.03,2026-07-27T17:51:02Z
highest-temperature-in-buenos-aires-on-july-28-2026-16c,highest-temperature-in-buenos-aires-on-july-28-2026,buenos-aires,2026-07-28,2026-07-27T01:06:26Z,0.94,0.14,2026-07-27T17:51:02Z
highest-temperature-in-buenos-aires-on-july-28-2026-17c,highest-temperature-in-buenos-aires-on-july-28-2026,buenos-aires,2026-07-28,2026-07-27T01:06:26Z,0.94,0.19,2026-07-27T17:51:02Z
highest-temperature-in-buenos-aires-on-july-28-2026-18c,highest-temperature-in-buenos-aires-on-july-28-2026,buenos-aires,2026-07-28,2026-07-27T01:06:26Z,0.94,0.33,2026-07-27T17:51:02Z
highest-temperature-in-buenos-aires-on-july-28-2026-19c,highest-temperature-in-buenos-aires-on-july-28-2026,buenos-aires,2026-07-28,2026-07-27T01:06:26Z,0.94,0.25,2026-07-27T17:51:02Z
highest-temperature-in-buenos-aires-on-july-28-2026-20c,highest-temperature-in-buenos-aires-on-july-28-2026,buenos-aires,2026-07-28,2026-07-27T01:06:26Z,0.49,0.1,2026-07-27T17:51:02Z
highest-temperature-in-buenos-aires-on-july-28-2026-21c,highest-temperature-in-buenos-aires-on-july-28-2026,buenos-aires,2026-07-28,2026-07-27T01:06:26Z,0.07,0.03,2026-07-27T17:51:02Z
highest-temperature-in-buenos-aires-on-july-28-2026-22corhigher,highest-temperature-in-buenos-aires-on-july-28-2026,buenos-aires,2026-07-28,2026-07-27T01:06:26Z,0.01,0.009,2026-07-27T17:51:02Z
highest-temperature-in-toronto-on-july-28-2026-20corbelow,highest-temperature-in-toronto-on-july-28-2026,toronto,2026-07-28,2026-07-27T01:06:26Z,0.012,0.001,2026-07-27T17:51:02Z
highest-temperature-in-toronto-on-july-28-2026-21c,highest-temperature-in-toronto-on-july-28-2026,toronto,2026-07-28,2026-07-27T01:06:26Z,0.98,0.001,2026-07-27T17:51:02Z
highest-temperature-in-toronto-on-july-28-2026-22c,highest-temperature-in-toronto-on-july-28-2026,toronto,2026-07-28,2026-07-27T01:06:26Z,0.99,0.02,2026-07-27T17:51:02Z
highest-temperature-in-toronto-on-july-28-2026-23c,highest-temperature-in-toronto-on-july-28-2026,toronto,2026-07-28,2026-07-27T01:06:26Z,0.99,0.04,2026-07-27T17:51:02Z
highest-temperature-in-toronto-on-july-28-2026-24c,highest-temperature-in-toronto-on-july-28-2026,toronto,2026-07-28,2026-07-27T01:06:26Z,0.99,0.16,2026-07-27T17:51:02Z
highest-temperature-in-toronto-on-july-28-2026-25c,highest-temperature-in-toronto-on-july-28-2026,toronto,2026-07-28,2026-07-27T01:06:26Z,0.99,0.38,2026-07-27T17:51:02Z
highest-temperature-in-toronto-on-july-28-2026-26c,highest-temperature-in-toronto-on-july-28-2026,toronto,2026-07-28,2026-07-27T01:06:26Z,0.99,0.29,2026-07-27T17:51:02Z
highest-temperature-in-toronto-on-july-28-2026-27c,highest-temperature-in-toronto-on-july-28-2026,toronto,2026-07-28,2026-07-27T01:06:26Z,0.99,0.16,2026-07-27T17:51:02Z
highest-temperature-in-toronto-on-july-28-2026-28c,highest-temperature-in-toronto-on-july-28-2026,toronto,2026-07-28,2026-07-27T01:06:26Z,0.99,0.028,2026-07-27T17:51:02Z
highest-temperature-in-toronto-on-july-28-2026-29c,highest-temperature-in-toronto-on-july-28-2026,toronto,2026-07-28,2026-07-27T01:06:26Z,0.06,0.001,2026-07-27T17:51:02Z
highest-temperature-in-toronto-on-july-28-2026-30corhigher,highest-temperature-in-toronto-on-july-28-2026,toronto,2026-07-28,2026-07-27T01:06:26Z,0.01,0.001,2026-07-27T17:51:02Z
highest-temperature-in-seattle-on-july-28-2026-65forbelow,highest-temperature-in-seattle-on-july-28-2026,seattle,2026-07-28,2026-07-27T01:06:26Z,0.07,0.003,2026-07-27T17:51:02Z
highest-temperature-in-seattle-on-july-28-2026-66-67f,highest-temperature-in-seattle-on-july-28-2026,seattle,2026-07-28,2026-07-27T01:06:26Z,0.07,0.007,2026-07-27T17:51:02Z
highest-temperature-in-seattle-on-july-28-2026-68-69f,highest-temperature-in-seattle-on-july-28-2026,seattle,2026-07-28,2026-07-27T01:06:26Z,0.99,0.03,2026-07-27T17:51:02Z
highest-temperature-in-seattle-on-july-28-2026-70-71f,highest-temperature-in-seattle-on-july-28-2026,seattle,2026-07-28,2026-07-27T01:06:26Z,0.99,0.16,2026-07-27T17:51:02Z
highest-temperature-in-seattle-on-july-28-2026-72-73f,highest-temperature-in-seattle-on-july-28-2026,seattle,2026-07-28,2026-07-27T01:06:26Z,0.99,0.33,2026-07-27T17:51:02Z
highest-temperature-in-seattle-on-july-28-2026-74-75f,highest-temperature-in-seattle-on-july-28-2026,seattle,2026-07-28,2026-07-27T01:06:26Z,0.99,0.38,2026-07-27T17:51:02Z
highest-temperature-in-seattle-on-july-28-2026-76-77f,highest-temperature-in-seattle-on-july-28-2026,seattle,2026-07-28,2026-07-27T01:06:26Z,0.99,0.11,2026-07-27T17:51:02Z
highest-temperature-in-seattle-on-july-28-2026-78-79f,highest-temperature-in-seattle-on-july-28-2026,seattle,2026-07-28,2026-07-27T01:06:26Z,0.07,0.04,2026-07-27T17:51:02Z
highest-temperature-in-seattle-on-july-28-2026-80-81f,highest-temperature-in-seattle-on-july-28-2026,seattle,2026-07-28,2026-07-27T01:06:26Z,0.07,0.003,2026-07-27T17:51:02Z
highest-temperature-in-seattle-on-july-28-2026-82-83f,highest-temperature-in-seattle-on-july-28-2026,seattle,2026-07-28,2026-07-27T01:06:26Z,0.07,0.002,2026-07-27T17:51:02Z
highest-temperature-in-seattle-on-july-28-2026-84forhigher,highest-temperature-in-seattle-on-july-28-2026,seattle,2026-07-28,2026-07-27T01:06:26Z,0.07,0.001,2026-07-27T17:51:02Z
highest-temperature-in-nyc-on-july-28-2026-69forbelow,highest-temperature-in-nyc-on-july-28-2026,nyc,2026-07-28,2026-07-27T01:06:26Z,0.37,0.003,2026-07-27T17:51:02Z
highest-temperature-in-nyc-on-july-28-2026-70-71f,highest-temperature-in-nyc-on-july-28-2026,nyc,2026-07-28,2026-07-27T01:06:26Z,0.37,0.007,2026-07-27T17:51:02Z
highest-temperature-in-nyc-on-july-28-2026-72-73f,highest-temperature-in-nyc-on-july-28-2026,nyc,2026-07-28,2026-07-27T01:06:26Z,0.37,0.03,2026-07-27T17:51:02Z
highest-temperature-in-nyc-on-july-28-2026-74-75f,highest-temperature-in-nyc-on-july-28-2026,nyc,2026-07-28,2026-07-27T01:06:26Z,0.37,0.12,2026-07-27T17:51:02Z
highest-temperature-in-nyc-on-july-28-2026-76-77f,highest-temperature-in-nyc-on-july-28-2026,nyc,2026-07-28,2026-07-27T01:06:26Z,0.37,0.26,2026-07-27T17:51:02Z
highest-temperature-in-nyc-on-july-28-2026-78-79f,highest-temperature-in-nyc-on-july-28-2026,nyc,2026-07-28,2026-07-27T01:06:26Z,0.5,0.33,2026-07-27T17:51:02Z
highest-temperature-in-nyc-on-july-28-2026-80-81f,highest-temperature-in-nyc-on-july-28-2026,nyc,2026-07-28,2026-07-27T01:06:26Z,0.37,0.22,2026-07-27T17:51:02Z
highest-temperature-in-nyc-on-july-28-2026-82-83f,highest-temperature-in-nyc-on-july-28-2026,nyc,2026-07-28,2026-07-27T01:06:26Z,0.37,0.08,2026-07-27T17:51:02Z
highest-temperature-in-nyc-on-july-28-2026-84-85f,highest-temperature-in-nyc-on-july-28-2026,nyc,2026-07-28,2026-07-27T01:06:26Z,0.37,0.016,2026-07-27T17:51:02Z
highest-temperature-in-nyc-on-july-28-2026-86-87f,highest-temperature-in-nyc-on-july-28-2026,nyc,2026-07-28,2026-07-27T01:06:26Z,0.37,0.007,2026-07-27T17:51:02Z
highest-temperature-in-nyc-on-july-28-2026-88forhigher,highest-temperature-in-nyc-on-july-28-2026,nyc,2026-07-28,2026-07-27T01:06:26Z,0.37,0.003,2026-07-27T17:51:02Z
highest-temperature-in-dallas-on-july-28-2026-95forbelow,highest-temperature-in-dallas-on-july-28-2026,dallas,2026-07-28,2026-07-27T01:06:26Z,0.07,0.003,2026-07-27T17:51:02Z
highest-temperature-in-dallas-on-july-28-2026-96-97f,highest-temperature-in-dallas-on-july-28-2026,dallas,2026-07-28,2026-07-27T01:06:26Z,0.08,0.02,2026-07-27T17:51:02Z
highest-temperature-in-dallas-on-july-28-2026-98-99f,highest-temperature-in-dallas-on-july-28-2026,dallas,2026-07-28,2026-07-27T01:06:26Z,0.37,0.17,2026-07-27T17:51:02Z
highest-temperature-in-dallas-on-july-28-2026-100-101f,highest-temperature-in-dallas-on-july-28-2026,dallas,2026-07-28,2026-07-27T01:06:26Z,0.4,0.4,2026-07-27T17:51:02Z
highest-temperature-in-dallas-on-july-28-2026-102-103f,highest-temperature-in-dallas-on-july-28-2026,dallas,2026-07-28,2026-07-27T01:06:26Z,0.37,0.35,2026-07-27T17:51:02Z
highest-temperature-in-dallas-on-july-28-2026-104-105f,highest-temperature-in-dallas-on-july-28-2026,dallas,2026-07-28,2026-07-27T01:06:26Z,0.37,0.12,2026-07-27T17:51:02Z
highest-temperature-in-dallas-on-july-28-2026-106-107f,highest-temperature-in-dallas-on-july-28-2026,dallas,2026-07-28,2026-07-27T01:06:26Z,0.37,0.02,2026-07-27T17:51:02Z
highest-temperature-in-dallas-on-july-28-2026-108-109f,highest-temperature-in-dallas-on-july-28-2026,dallas,2026-07-28,2026-07-27T01:06:26Z,0.07,0.005,2026-07-27T17:51:02Z
highest-temperature-in-dallas-on-july-28-2026-110-111f,highest-temperature-in-dallas-on-july-28-2026,dallas,2026-07-28,2026-07-27T01:06:26Z,0.07,0.002,2026-07-27T17:51:02Z
highest-temperature-in-dallas-on-july-28-2026-112-113f,highest-temperature-in-dallas-on-july-28-2026,dallas,2026-07-28,2026-07-27T01:06:26Z,0.07,0.002,2026-07-27T17:51:02Z
highest-temperature-in-dallas-on-july-28-2026-114forhigher,highest-temperature-in-dallas-on-july-28-2026,dallas,2026-07-28,2026-07-27T01:06:26Z,0.07,0.002,2026-07-27T17:51:02Z
highest-temperature-in-atlanta-on-july-28-2026-87forbelow,highest-temperature-in-atlanta-on-july-28-2026,atlanta,2026-07-28,2026-07-27T01:06:26Z,0.07,0.001,2026-07-27T17:51:02Z
highest-temperature-in-atlanta-on-july-28-2026-88-89f,highest-temperature-in-atlanta-on-july-28-2026,atlanta,2026-07-28,2026-07-27T01:06:26Z,0.94,0.008,2026-07-27T17:51:02Z
highest-temperature-in-atlanta-on-july-28-2026-90-91f,highest-temperature-in-atlanta-on-july-28-2026,atlanta,2026-07-28,2026-07-27T01:06:26Z,0.94,0.04,2026-07-27T17:51:02Z
highest-temperature-in-atlanta-on-july-28-2026-92-93f,highest-temperature-in-atlanta-on-july-28-2026,atlanta,2026-07-28,2026-07-27T01:06:26Z,0.94,0.11,2026-07-27T17:51:02Z
highest-temperature-in-atlanta-on-july-28-2026-94-95f,highest-temperature-in-atlanta-on-july-28-2026,atlanta,2026-07-28,2026-07-27T01:06:26Z,0.94,0.35,2026-07-27T17:51:02Z
highest-temperature-in-atlanta-on-july-28-2026-96-97f,highest-temperature-in-atlanta-on-july-28-2026,atlanta,2026-07-28,2026-07-27T01:06:26Z,0.94,0.4,2026-07-27T17:51:02Z
highest-temperature-in-atlanta-on-july-28-2026-98-99f,highest-temperature-in-atlanta-on-july-28-2026,atlanta,2026-07-28,2026-07-27T01:06:26Z,0.94,0.17,2026-07-27T17:51:02Z
highest-temperature-in-atlanta-on-july-28-2026-100-101f,highest-temperature-in-atlanta-on-july-28-2026,atlanta,2026-07-28,2026-07-27T01:06:26Z,0.1,0.07,2026-07-27T17:51:02Z
highest-temperature-in-atlanta-on-july-28-2026-102-103f,highest-temperature-in-atlanta-on-july-28-2026,atlanta,2026-07-28,2026-07-27T01:06:26Z,0.07,0.003,2026-07-27T17:51:02Z
highest-temperature-in-atlanta-on-july-28-2026-104-105f,highest-temperature-in-atlanta-on-july-28-2026,atlanta,2026-07-28,2026-07-27T01:06:26Z,0.07,0.008,2026-07-27T17:51:02Z
highest-temperature-in-atlanta-on-july-28-2026-106forhigher,highest-temperature-in-atlanta-on-july-28-2026,atlanta,2026-07-28,2026-07-27T01:06:26Z,0.07,0.004,2026-07-27T17:51:02Z
highest-temperature-in-miami-on-july-28-2026-81forbelow,highest-temperature-in-miami-on-july-28-2026,miami,2026-07-28,2026-07-27T01:06:26Z,0.01,0.004,2026-07-27T17:51:02Z
highest-temperature-in-miami-on-july-28-2026-82-83f,highest-temperature-in-miami-on-july-28-2026,miami,2026-07-28,2026-07-27T01:06:26Z,0.07,0.003,2026-07-27T17:51:02Z
highest-temperature-in-miami-on-july-28-2026-84-85f,highest-temperature-in-miami-on-july-28-2026,miami,2026-07-28,2026-07-27T01:06:26Z,0.99,0.006,2026-07-27T17:51:02Z
highest-temperature-in-miami-on-july-28-2026-86-87f,highest-temperature-in-miami-on-july-28-2026,miami,2026-07-28,2026-07-27T01:06:26Z,0.99,0.02,2026-07-27T17:51:02Z
highest-temperature-in-miami-on-july-28-2026-88-89f,highest-temperature-in-miami-on-july-28-2026,miami,2026-07-28,2026-07-27T01:06:26Z,0.99,0.11,2026-07-27T17:51:02Z
highest-temperature-in-miami-on-july-28-2026-90-91f,highest-temperature-in-miami-on-july-28-2026,miami,2026-07-28,2026-07-27T01:06:26Z,0.99,0.35,2026-07-27T17:51:02Z
highest-temperature-in-miami-on-july-28-2026-92-93f,highest-temperature-in-miami-on-july-28-2026,miami,2026-07-28,2026-07-27T01:06:26Z,0.51,0.44,2026-07-27T17:51:02Z
highest-temperature-in-miami-on-july-28-2026-94-95f,highest-temperature-in-miami-on-july-28-2026,miami,2026-07-28,2026-07-27T01:06:26Z,0.22,0.11,2026-07-27T17:51:02Z
highest-temperature-in-miami-on-july-28-2026-96-97f,highest-temperature-in-miami-on-july-28-2026,miami,2026-07-28,2026-07-27T01:06:26Z,0.07,0.03,2026-07-27T17:51:02Z
highest-temperature-in-miami-on-july-28-2026-98-99f,highest-temperature-in-miami-on-july-28-2026,miami,2026-07-28,2026-07-27T01:06:26Z,0.07,0.004,2026-07-27T17:51:02Z
highest-temperature-in-miami-on-july-28-2026-100forhigher,highest-temperature-in-miami-on-july-28-2026,miami,2026-07-28,2026-07-27T01:06:26Z,0.01,0.003,2026-07-27T17:51:02Z
highest-temperature-in-chicago-on-july-28-2026-73forbelow,highest-temperature-in-chicago-on-july-28-2026,chicago,2026-07-28,2026-07-27T01:06:26Z,0.07,0.002,2026-07-27T17:51:02Z
highest-temperature-in-chicago-on-july-28-2026-74-75f,highest-temperature-in-chicago-on-july-28-2026,chicago,2026-07-28,2026-07-27T01:06:26Z,0.07,0.02,2026-07-27T17:51:02Z
highest-temperature-in-chicago-on-july-28-2026-76-77f,highest-temperature-in-chicago-on-july-28-2026,chicago,2026-07-28,2026-07-27T01:06:26Z,0.99,0.09,2026-07-27T17:51:02Z
highest-temperature-in-chicago-on-july-28-2026-78-79f,highest-temperature-in-chicago-on-july-28-2026,chicago,2026-07-28,2026-07-27T01:06:26Z,0.99,0.29,2026-07-27T17:51:02Z
highest-temperature-in-chicago-on-july-28-2026-80-81f,highest-temperature-in-chicago-on-july-28-2026,chicago,2026-07-28,2026-07-27T01:06:26Z,0.99,0.43,2026-07-27T17:51:02Z
highest-temperature-in-chicago-on-july-28-2026-82-83f,highest-temperature-in-chicago-on-july-28-2026,chicago,2026-07-28,2026-07-27T01:06:26Z,0.99,0.17,2026-07-27T17:51:02Z
highest-temperature-in-chicago-on-july-28-2026-84-85f,highest-temperature-in-chicago-on-july-28-2026,chicago,2026-07-28,2026-07-27T01:06:26Z,0.99,0.04,2026-07-27T17:51:02Z
highest-temperature-in-chicago-on-july-28-2026-86-87f,highest-temperature-in-chicago-on-july-28-2026,chicago,2026-07-28,2026-07-27T01:06:26Z,0.07,0.009,2026-07-27T17:51:02Z
highest-temperature-in-chicago-on-july-28-2026-88-89f,highest-temperature-in-chicago-on-july-28-2026,chicago,2026-07-28,2026-07-27T01:06:26Z,0.07,0.002,2026-07-27T17:51:02Z
highest-temperature-in-chicago-on-july-28-2026-90-91f,highest-temperature-in-chicago-on-july-28-2026,chicago,2026-07-28,2026-07-27T01:06:26Z,0.06,0.003,2026-07-27T17:51:02Z
highest-temperature-in-chicago-on-july-28-2026-92forhigher,highest-temperature-in-chicago-on-july-28-2026,chicago,2026-07-28,2026-07-27T01:06:26Z,0.07,0.001,2026-07-27T17:51:02Z
highest-temperature-in-austin-on-july-28-2026-91forbelow,highest-temperature-in-austin-on-july-28-2026,austin,2026-07-28,2026-07-27T01:06:26Z,1.0,0.005,2026-07-27T17:51:02Z
highest-temperature-in-austin-on-july-28-2026-92-93f,highest-temperature-in-austin-on-july-28-2026,austin,2026-07-28,2026-07-27T01:06:26Z,1.0,0.007,2026-07-27T17:51:02Z
highest-temperature-in-austin-on-july-28-2026-94-95f,highest-temperature-in-austin-on-july-28-2026,austin,2026-07-28,2026-07-27T01:06:26Z,1.0,0.03,2026-07-27T17:51:02Z
highest-temperature-in-austin-on-july-28-2026-96-97f,highest-temperature-in-austin-on-july-28-2026,austin,2026-07-28,2026-07-27T01:06:26Z,1.0,0.29,2026-07-27T17:51:02Z
highest-temperature-in-austin-on-july-28-2026-98-99f,highest-temperature-in-austin-on-july-28-2026,austin,2026-07-28,2026-07-27T01:06:26Z,1.0,0.49,2026-07-27T17:51:02Z
highest-temperature-in-austin-on-july-28-2026-100-101f,highest-temperature-in-austin-on-july-28-2026,austin,2026-07-28,2026-07-27T01:06:26Z,1.0,0.16,2026-07-27T17:51:02Z
highest-temperature-in-austin-on-july-28-2026-102-103f,highest-temperature-in-austin-on-july-28-2026,austin,2026-07-28,2026-07-27T01:06:26Z,1.0,0.04,2026-07-27T17:51:02Z
highest-temperature-in-austin-on-july-28-2026-104-105f,highest-temperature-in-austin-on-july-28-2026,austin,2026-07-28,2026-07-27T01:06:26Z,1.0,0.02,2026-07-27T17:51:02Z
highest-temperature-in-austin-on-july-28-2026-106-107f,highest-temperature-in-austin-on-july-28-2026,austin,2026-07-28,2026-07-27T01:06:26Z,1.0,0.005,2026-07-27T17:51:02Z
highest-temperature-in-austin-on-july-28-2026-108-109f,highest-temperature-in-austin-on-july-28-2026,austin,2026-07-28,2026-07-27T01:06:26Z,1.0,0.001,2026-07-27T17:51:02Z
highest-temperature-in-austin-on-july-28-2026-110forhigher,highest-temperature-in-austin-on-july-28-2026,austin,2026-07-28,2026-07-27T01:06:26Z,1.0,0.001,2026-07-27T17:51:02Z
highest-temperature-in-denver-on-july-28-2026-77forbelow,highest-temperature-in-denver-on-july-28-2026,denver,2026-07-28,2026-07-27T01:06:26Z,1.0,0.001,2026-07-27T17:51:02Z
highest-temperature-in-denver-on-july-28-2026-78-79f,highest-temperature-in-denver-on-july-28-2026,denver,2026-07-28,2026-07-27T01:06:26Z,1.0,0.001,2026-07-27T17:51:02Z
highest-temperature-in-denver-on-july-28-2026-80-81f,highest-temperature-in-denver-on-july-28-2026,denver,2026-07-28,2026-07-27T01:06:26Z,1.0,0.004,2026-07-27T17:51:02Z
highest-temperature-in-denver-on-july-28-2026-82-83f,highest-temperature-in-denver-on-july-28-2026,denver,2026-07-28,2026-07-27T01:06:26Z,1.0,0.01,2026-07-27T17:51:02Z
highest-temperature-in-denver-on-july-28-2026-84-85f,highest-temperature-in-denver-on-july-28-2026,denver,2026-07-28,2026-07-27T01:06:26Z,1.0,0.04,2026-07-27T17:51:02Z
highest-temperature-in-denver-on-july-28-2026-86-87f,highest-temperature-in-denver-on-july-28-2026,denver,2026-07-28,2026-07-27T01:06:26Z,1.0,0.08,2026-07-27T17:51:02Z
highest-temperature-in-denver-on-july-28-2026-88-89f,highest-temperature-in-denver-on-july-28-2026,denver,2026-07-28,2026-07-27T01:06:26Z,1.0,0.17,2026-07-27T17:51:02Z
highest-temperature-in-denver-on-july-28-2026-90-91f,highest-temperature-in-denver-on-july-28-2026,denver,2026-07-28,2026-07-27T01:06:26Z,1.0,0.39,2026-07-27T17:51:02Z
highest-temperature-in-denver-on-july-28-2026-92-93f,highest-temperature-in-denver-on-july-28-2026,denver,2026-07-28,2026-07-27T01:06:26Z,1.0,0.32,2026-07-27T17:51:02Z
highest-temperature-in-denver-on-july-28-2026-94-95f,highest-temperature-in-denver-on-july-28-2026,denver,2026-07-28,2026-07-27T01:06:26Z,1.0,0.09,2026-07-27T17:51:02Z
highest-temperature-in-denver-on-july-28-2026-96forhigher,highest-temperature-in-denver-on-july-28-2026,denver,2026-07-28,2026-07-27T01:06:26Z,1.0,0.02,2026-07-27T17:51:02Z
highest-temperature-in-houston-on-july-28-2026-85forbelow,highest-temperature-in-houston-on-july-28-2026,houston,2026-07-28,2026-07-27T01:06:26Z,1.0,0.001,2026-07-27T17:51:02Z
highest-temperature-in-houston-on-july-28-2026-86-87f,highest-temperature-in-houston-on-july-28-2026,houston,2026-07-28,2026-07-27T01:06:26Z,1.0,0.004,2026-07-27T17:51:02Z
highest-temperature-in-houston-on-july-28-2026-88-89f,highest-temperature-in-houston-on-july-28-2026,houston,2026-07-28,2026-07-27T01:06:26Z,1.0,0.001,2026-07-27T17:51:02Z
highest-temperature-in-houston-on-july-28-2026-90-91f,highest-temperature-in-houston-on-july-28-2026,houston,2026-07-28,2026-07-27T01:06:26Z,1.0,0.009,2026-07-27T17:51:02Z
highest-temperature-in-houston-on-july-28-2026-92-93f,highest-temperature-in-houston-on-july-28-2026,houston,2026-07-28,2026-07-27T01:06:26Z,1.0,0.03,2026-07-27T17:51:02Z
highest-temperature-in-houston-on-july-28-2026-94-95f,highest-temperature-in-houston-on-july-28-2026,houston,2026-07-28,2026-07-27T01:06:26Z,1.0,0.25,2026-07-27T17:51:02Z
highest-temperature-in-houston-on-july-28-2026-96-97f,highest-temperature-in-houston-on-july-28-2026,houston,2026-07-28,2026-07-27T01:06:26Z,1.0,0.47,2026-07-27T17:51:02Z
highest-temperature-in-houston-on-july-28-2026-98-99f,highest-temperature-in-houston-on-july-28-2026,houston,2026-07-28,2026-07-27T01:06:26Z,1.0,0.24,2026-07-27T17:51:02Z
highest-temperature-in-houston-on-july-28-2026-100-101f,highest-temperature-in-houston-on-july-28-2026,houston,2026-07-28,2026-07-27T01:06:26Z,1.0,0.02,2026-07-27T17:51:02Z
highest-temperature-in-houston-on-july-28-2026-102-103f,highest-temperature-in-houston-on-july-28-2026,houston,2026-07-28,2026-07-27T01:06:26Z,1.0,0.003,2026-07-27T17:51:02Z
highest-temperature-in-houston-on-july-28-2026-104forhigher,highest-temperature-in-houston-on-july-28-2026,houston,2026-07-28,2026-07-27T01:06:26Z,1.0,0.006,2026-07-27T17:51:02Z
highest-temperature-in-san-francisco-on-july-28-2026-59forbelow,highest-temperature-in-san-francisco-on-july-28-2026,san-francisco,2026-07-28,2026-07-27T01:06:26Z,1.0,0.001,2026-07-27T17:51:02Z
highest-temperature-in-san-francisco-on-july-28-2026-60-61f,highest-temperature-in-san-francisco-on-july-28-2026,san-francisco,2026-07-28,2026-07-27T01:06:26Z,1.0,0.004,2026-07-27T17:51:02Z
highest-temperature-in-san-francisco-on-july-28-2026-62-63f,highest-temperature-in-san-francisco-on-july-28-2026,san-francisco,2026-07-28,2026-07-27T01:06:26Z,1.0,0.005,2026-07-27T17:51:02Z
highest-temperature-in-san-francisco-on-july-28-2026-64-65f,highest-temperature-in-san-francisco-on-july-28-2026,san-francisco,2026-07-28,2026-07-27T01:06:26Z,1.0,0.12,2026-07-27T17:51:02Z
highest-temperature-in-san-francisco-on-july-28-2026-66-67f,highest-temperature-in-san-francisco-on-july-28-2026,san-francisco,2026-07-28,2026-07-27T01:06:26Z,1.0,0.19,2026-07-27T17:51:02Z
highest-temperature-in-san-francisco-on-july-28-2026-68-69f,highest-temperature-in-san-francisco-on-july-28-2026,san-francisco,2026-07-28,2026-07-27T01:06:26Z,1.0,0.24,2026-07-27T17:51:02Z
highest-temperature-in-san-francisco-on-july-28-2026-70-71f,highest-temperature-in-san-francisco-on-july-28-2026,san-francisco,2026-07-28,2026-07-27T01:06:26Z,1.0,0.33,2026-07-27T17:51:02Z
highest-temperature-in-san-francisco-on-july-28-2026-72-73f,highest-temperature-in-san-francisco-on-july-28-2026,san-francisco,2026-07-28,2026-07-27T01:06:26Z,1.0,0.16,2026-07-27T17:51:02Z
highest-temperature-in-san-francisco-on-july-28-2026-74-75f,highest-temperature-in-san-francisco-on-july-28-2026,san-francisco,2026-07-28,2026-07-27T01:06:26Z,1.0,0.04,2026-07-27T17:51:02Z
highest-temperature-in-san-francisco-on-july-28-2026-76-77f,highest-temperature-in-san-francisco-on-july-28-2026,san-francisco,2026-07-28,2026-07-27T01:06:26Z,1.0,0.02,2026-07-27T17:51:02Z
highest-temperature-in-san-francisco-on-july-28-2026-78forhigher,highest-temperature-in-san-francisco-on-july-28-2026,san-francisco,2026-07-28,2026-07-27T01:06:26Z,1.0,0.008,2026-07-27T17:51:02Z
highest-temperature-in-mexico-city-on-july-28-2026-19corbelow,highest-temperature-in-mexico-city-on-july-28-2026,mexico-city,2026-07-28,2026-07-27T01:06:26Z,1.0,0.004,2026-07-27T17:51:02Z
highest-temperature-in-mexico-city-on-july-28-2026-20c,highest-temperature-in-mexico-city-on-july-28-2026,mexico-city,2026-07-28,2026-07-27T01:06:26Z,1.0,0.006,2026-07-27T17:51:02Z
highest-temperature-in-mexico-city-on-july-28-2026-21c,highest-temperature-in-mexico-city-on-july-28-2026,mexico-city,2026-07-28,2026-07-27T01:06:26Z,1.0,0.005,2026-07-27T17:51:02Z
highest-temperature-in-mexico-city-on-july-28-2026-22c,highest-temperature-in-mexico-city-on-july-28-2026,mexico-city,2026-07-28,2026-07-27T01:06:26Z,1.0,0.03,2026-07-27T17:51:02Z
highest-temperature-in-mexico-city-on-july-28-2026-23c,highest-temperature-in-mexico-city-on-july-28-2026,mexico-city,2026-07-28,2026-07-27T01:06:26Z,1.0,0.09,2026-07-27T17:51:02Z
highest-temperature-in-mexico-city-on-july-28-2026-24c,highest-temperature-in-mexico-city-on-july-28-2026,mexico-city,2026-07-28,2026-07-27T01:06:26Z,1.0,0.38,2026-07-27T17:51:02Z
highest-temperature-in-mexico-city-on-july-28-2026-25c,highest-temperature-in-mexico-city-on-july-28-2026,mexico-city,2026-07-28,2026-07-27T01:06:26Z,1.0,0.38,2026-07-27T17:51:02Z
highest-temperature-in-mexico-city-on-july-28-2026-26c,highest-temperature-in-mexico-city-on-july-28-2026,mexico-city,2026-07-28,2026-07-27T01:06:26Z,1.0,0.14,2026-07-27T17:51:02Z
highest-temperature-in-mexico-city-on-july-28-2026-27c,highest-temperature-in-mexico-city-on-july-28-2026,mexico-city,2026-07-28,2026-07-27T01:06:26Z,1.0,0.02,2026-07-27T17:51:02Z
highest-temperature-in-mexico-city-on-july-28-2026-28c,highest-temperature-in-mexico-city-on-july-28-2026,mexico-city,2026-07-28,2026-07-27T01:06:26Z,1.0,0.009,2026-07-27T17:51:02Z
highest-temperature-in-mexico-city-on-july-28-2026-29corhigher,highest-temperature-in-mexico-city-on-july-28-2026,mexico-city,2026-07-28,2026-07-27T01:06:26Z,1.0,0.004,2026-07-27T17:51:02Z
highest-temperature-in-panama-city-on-july-28-2026-27corbelow,highest-temperature-in-panama-city-on-july-28-2026,panama-city,2026-07-28,2026-07-27T01:06:26Z,1.0,0.003,2026-07-27T17:51:02Z
highest-temperature-in-panama-city-on-july-28-2026-28c,highest-temperature-in-panama-city-on-july-28-2026,panama-city,2026-07-28,2026-07-27T01:06:26Z,1.0,0.003,2026-07-27T17:51:02Z
highest-temperature-in-panama-city-on-july-28-2026-29c,highest-temperature-in-panama-city-on-july-28-2026,panama-city,2026-07-28,2026-07-27T01:06:26Z,1.0,0.011,2026-07-27T17:51:02Z
highest-temperature-in-panama-city-on-july-28-2026-30c,highest-temperature-in-panama-city-on-july-28-2026,panama-city,2026-07-28,2026-07-27T01:06:26Z,1.0,0.03,2026-07-27T17:51:02Z
highest-temperature-in-panama-city-on-july-28-2026-31c,highest-temperature-in-panama-city-on-july-28-2026,panama-city,2026-07-28,2026-07-27T01:06:26Z,1.0,0.13,2026-07-27T17:51:02Z
highest-temperature-in-panama-city-on-july-28-2026-32c,highest-temperature-in-panama-city-on-july-28-2026,panama-city,2026-07-28,2026-07-27T01:06:26Z,1.0,0.38,2026-07-27T17:51:02Z
highest-temperature-in-panama-city-on-july-28-2026-33c,highest-temperature-in-panama-city-on-july-28-2026,panama-city,2026-07-28,2026-07-27T01:06:26Z,1.0,0.45,2026-07-27T17:51:02Z
highest-temperature-in-panama-city-on-july-28-2026-34c,highest-temperature-in-panama-city-on-july-28-2026,panama-city,2026-07-28,2026-07-27T01:06:26Z,1.0,0.06,2026-07-27T17:51:02Z
highest-temperature-in-panama-city-on-july-28-2026-35c,highest-temperature-in-panama-city-on-july-28-2026,panama-city,2026-07-28,2026-07-27T01:06:26Z,1.0,0.02,2026-07-27T17:51:02Z
highest-temperature-in-panama-city-on-july-28-2026-36c,highest-temperature-in-panama-city-on-july-28-2026,panama-city,2026-07-28,2026-07-27T01:06:26Z,1.0,0.004,2026-07-27T17:51:02Z
highest-temperature-in-panama-city-on-july-28-2026-37corhigher,highest-temperature-in-panama-city-on-july-28-2026,panama-city,2026-07-28,2026-07-27T01:06:26Z,1.0,0.001,2026-07-27T17:51:02Z
highest-temperature-in-london-on-july-29-2026-28corbelow,highest-temperature-in-london-on-july-29-2026,london,2026-07-29,2026-07-27T08:05:11Z,1.0,0.009,2026-07-27T17:51:02Z
highest-temperature-in-london-on-july-29-2026-29c,highest-temperature-in-london-on-july-29-2026,london,2026-07-29,2026-07-27T08:05:11Z,1.0,0.012,2026-07-27T17:51:02Z
highest-temperature-in-london-on-july-29-2026-30c,highest-temperature-in-london-on-july-29-2026,london,2026-07-29,2026-07-27T08:05:11Z,1.0,0.04,2026-07-27T17:51:02Z
highest-temperature-in-london-on-july-29-2026-31c,highest-temperature-in-london-on-july-29-2026,london,2026-07-29,2026-07-27T08:05:11Z,1.0,0.07,2026-07-27T17:51:02Z
highest-temperature-in-london-on-july-29-2026-32c,highest-temperature-in-london-on-july-29-2026,london,2026-07-29,2026-07-27T08:05:11Z,1.0,0.25,2026-07-27T17:51:02Z
highest-temperature-in-london-on-july-29-2026-33c,highest-temperature-in-london-on-july-29-2026,london,2026-07-29,2026-07-27T08:05:11Z,1.0,0.43,2026-07-27T17:51:02Z
highest-temperature-in-london-on-july-29-2026-34c,highest-temperature-in-london-on-july-29-2026,london,2026-07-29,2026-07-27T08:05:11Z,1.0,0.24,2026-07-27T17:51:02Z
highest-temperature-in-london-on-july-29-2026-35c,highest-temperature-in-london-on-july-29-2026,london,2026-07-29,2026-07-27T08:05:11Z,1.0,0.07,2026-07-27T17:51:02Z
highest-temperature-in-london-on-july-29-2026-36c,highest-temperature-in-london-on-july-29-2026,london,2026-07-29,2026-07-27T08:05:11Z,1.0,0.014,2026-07-27T17:51:02Z
highest-temperature-in-london-on-july-29-2026-37c,highest-temperature-in-london-on-july-29-2026,london,2026-07-29,2026-07-27T08:05:11Z,1.0,0.008,2026-07-27T17:51:02Z
highest-temperature-in-london-on-july-29-2026-38corhigher,highest-temperature-in-london-on-july-29-2026,london,2026-07-29,2026-07-27T08:05:11Z,1.0,0.003,2026-07-27T17:51:02Z
highest-temperature-in-paris-on-july-29-2026-32corbelow,highest-temperature-in-paris-on-july-29-2026,paris,2026-07-29,2026-07-27T08:05:11Z,1.0,0.009,2026-07-27T17:51:02Z
highest-temperature-in-paris-on-july-29-2026-33c,highest-temperature-in-paris-on-july-29-2026,paris,2026-07-29,2026-07-27T08:05:11Z,1.0,0.014,2026-07-27T17:51:02Z
highest-temperature-in-paris-on-july-29-2026-34c,highest-temperature-in-paris-on-july-29-2026,paris,2026-07-29,2026-07-27T08:05:11Z,1.0,0.039,2026-07-27T17:51:02Z
highest-temperature-in-paris-on-july-29-2026-35c,highest-temperature-in-paris-on-july-29-2026,paris,2026-07-29,2026-07-27T08:05:11Z,1.0,0.09,2026-07-27T17:51:02Z
highest-temperature-in-paris-on-july-29-2026-36c,highest-temperature-in-paris-on-july-29-2026,paris,2026-07-29,2026-07-27T08:05:11Z,1.0,0.22,2026-07-27T17:51:02Z
highest-temperature-in-paris-on-july-29-2026-37c,highest-temperature-in-paris-on-july-29-2026,paris,2026-07-29,2026-07-27T08:05:11Z,1.0,0.41,2026-07-27T17:51:02Z
highest-temperature-in-paris-on-july-29-2026-38c,highest-temperature-in-paris-on-july-29-2026,paris,2026-07-29,2026-07-27T08:05:11Z,1.0,0.26,2026-07-27T17:51:02Z
highest-temperature-in-paris-on-july-29-2026-39c,highest-temperature-in-paris-on-july-29-2026,paris,2026-07-29,2026-07-27T08:05:11Z,1.0,0.06,2026-07-27T17:51:02Z
highest-temperature-in-paris-on-july-29-2026-40c,highest-temperature-in-paris-on-july-29-2026,paris,2026-07-29,2026-07-27T08:05:11Z,1.0,0.033,2026-07-27T17:51:02Z
highest-temperature-in-paris-on-july-29-2026-41c,highest-temperature-in-paris-on-july-29-2026,paris,2026-07-29,2026-07-27T08:05:11Z,1.0,0.01,2026-07-27T17:51:02Z
highest-temperature-in-paris-on-july-29-2026-42corhigher,highest-temperature-in-paris-on-july-29-2026,paris,2026-07-29,2026-07-27T08:05:11Z,1.0,0.003,2026-07-27T17:51:02Z
highest-temperature-in-seoul-on-july-29-2026-24corbelow,highest-temperature-in-seoul-on-july-29-2026,seoul,2026-07-29,2026-07-27T08:05:11Z,1.0,0.001,2026-07-27T17:51:02Z
highest-temperature-in-seoul-on-july-29-2026-25c,highest-temperature-in-seoul-on-july-29-2026,seoul,2026-07-29,2026-07-27T08:05:11Z,1.0,0.004,2026-07-27T17:51:02Z
highest-temperature-in-seoul-on-july-29-2026-26c,highest-temperature-in-seoul-on-july-29-2026,seoul,2026-07-29,2026-07-27T08:05:11Z,1.0,0.003,2026-07-27T17:51:02Z
highest-temperature-in-seoul-on-july-29-2026-27c,highest-temperature-in-seoul-on-july-29-2026,seoul,2026-07-29,2026-07-27T08:05:11Z,1.0,0.02,2026-07-27T17:51:02Z
highest-temperature-in-seoul-on-july-29-2026-28c,highest-temperature-in-seoul-on-july-29-2026,seoul,2026-07-29,2026-07-27T08:05:11Z,1.0,0.02,2026-07-27T17:51:02Z
highest-temperature-in-seoul-on-july-29-2026-29c,highest-temperature-in-seoul-on-july-29-2026,seoul,2026-07-29,2026-07-27T08:05:11Z,1.0,0.09,2026-07-27T17:51:02Z
highest-temperature-in-seoul-on-july-29-2026-30c,highest-temperature-in-seoul-on-july-29-2026,seoul,2026-07-29,2026-07-27T08:05:11Z,1.0,0.32,2026-07-27T17:51:02Z
highest-temperature-in-seoul-on-july-29-2026-31c,highest-temperature-in-seoul-on-july-29-2026,seoul,2026-07-29,2026-07-27T08:05:11Z,1.0,0.38,2026-07-27T17:51:02Z
highest-temperature-in-seoul-on-july-29-2026-32c,highest-temperature-in-seoul-on-july-29-2026,seoul,2026-07-29,2026-07-27T08:05:11Z,1.0,0.19,2026-07-27T17:51:02Z
highest-temperature-in-seoul-on-july-29-2026-33c,highest-temperature-in-seoul-on-july-29-2026,seoul,2026-07-29,2026-07-27T08:05:11Z,1.0,0.05,2026-07-27T17:51:02Z
highest-temperature-in-seoul-on-july-29-2026-34corhigher,highest-temperature-in-seoul-on-july-29-2026,seoul,2026-07-29,2026-07-27T08:05:11Z,1.0,0.009,2026-07-27T17:51:02Z
highest-temperature-in-ankara-on-july-29-2026-22corbelow,highest-temperature-in-ankara-on-july-29-2026,ankara,2026-07-29,2026-07-27T08:05:11Z,1.0,0.003,2026-07-27T17:51:02Z
highest-temperature-in-ankara-on-july-29-2026-23c,highest-temperature-in-ankara-on-july-29-2026,ankara,2026-07-29,2026-07-27T08:05:11Z,1.0,0.02,2026-07-27T17:51:02Z
highest-temperature-in-ankara-on-july-29-2026-24c,highest-temperature-in-ankara-on-july-29-2026,ankara,2026-07-29,2026-07-27T08:05:11Z,1.0,0.02,2026-07-27T17:51:02Z
highest-temperature-in-ankara-on-july-29-2026-25c,highest-temperature-in-ankara-on-july-29-2026,ankara,2026-07-29,2026-07-27T08:05:11Z,1.0,0.02,2026-07-27T17:51:02Z
highest-temperature-in-ankara-on-july-29-2026-26c,highest-temperature-in-ankara-on-july-29-2026,ankara,2026-07-29,2026-07-27T08:05:11Z,1.0,0.11,2026-07-27T17:51:02Z
highest-temperature-in-ankara-on-july-29-2026-27c,highest-temperature-in-ankara-on-july-29-2026,ankara,2026-07-29,2026-07-27T08:05:11Z,1.0,0.36,2026-07-27T17:51:02Z
highest-temperature-in-ankara-on-july-29-2026-28c,highest-temperature-in-ankara-on-july-29-2026,ankara,2026-07-29,2026-07-27T08:05:11Z,1.0,0.41,2026-07-27T17:51:02Z
highest-temperature-in-ankara-on-july-29-2026-29c,highest-temperature-in-ankara-on-july-29-2026,ankara,2026-07-29,2026-07-27T08:05:11Z,1.0,0.15,2026-07-27T17:51:02Z
highest-temperature-in-ankara-on-july-29-2026-30c,highest-temperature-in-ankara-on-july-29-2026,ankara,2026-07-29,2026-07-27T08:05:11Z,1.0,0.02,2026-07-27T17:51:02Z
highest-temperature-in-ankara-on-july-29-2026-31c,highest-temperature-in-ankara-on-july-29-2026,ankara,2026-07-29,2026-07-27T08:05:11Z,1.0,0.02,2026-07-27T17:51:02Z
highest-temperature-in-ankara-on-july-29-2026-32corhigher,highest-temperature-in-ankara-on-july-29-2026,ankara,2026-07-29,2026-07-27T08:05:11Z,1.0,0.02,2026-07-27T17:51:02Z
highest-temperature-in-wellington-on-july-29-2026-8corbelow,highest-temperature-in-wellington-on-july-29-2026,wellington,2026-07-29,2026-07-27T08:05:11Z,1.0,0.001,2026-07-27T17:51:02Z
highest-temperature-in-wellington-on-july-29-2026-9c,highest-temperature-in-wellington-on-july-29-2026,wellington,2026-07-29,2026-07-27T08:05:11Z,1.0,0.001,2026-07-27T17:51:02Z
highest-temperature-in-wellington-on-july-29-2026-10c,highest-temperature-in-wellington-on-july-29-2026,wellington,2026-07-29,2026-07-27T08:05:11Z,1.0,0.007,2026-07-27T17:51:02Z
highest-temperature-in-wellington-on-july-29-2026-11c,highest-temperature-in-wellington-on-july-29-2026,wellington,2026-07-29,2026-07-27T08:05:11Z,1.0,0.02,2026-07-27T17:51:02Z
highest-temperature-in-wellington-on-july-29-2026-12c,highest-temperature-in-wellington-on-july-29-2026,wellington,2026-07-29,2026-07-27T08:05:11Z,1.0,0.02,2026-07-27T17:51:02Z
highest-temperature-in-wellington-on-july-29-2026-13c,highest-temperature-in-wellington-on-july-29-2026,wellington,2026-07-29,2026-07-27T08:05:11Z,1.0,0.46,2026-07-27T17:51:02Z
highest-temperature-in-wellington-on-july-29-2026-14c,highest-temperature-in-wellington-on-july-29-2026,wellington,2026-07-29,2026-07-27T08:05:11Z,1.0,0.48,2026-07-27T17:51:02Z
highest-temperature-in-wellington-on-july-29-2026-15c,highest-temperature-in-wellington-on-july-29-2026,wellington,2026-07-29,2026-07-27T08:05:11Z,1.0,0.07,2026-07-27T17:51:02Z
highest-temperature-in-wellington-on-july-29-2026-16c,highest-temperature-in-wellington-on-july-29-2026,wellington,2026-07-29,2026-07-27T08:05:11Z,1.0,0.01,2026-07-27T17:51:02Z
highest-temperature-in-wellington-on-july-29-2026-17c,highest-temperature-in-wellington-on-july-29-2026,wellington,2026-07-29,2026-07-27T08:05:11Z,1.0,0.005,2026-07-27T17:51:02Z
highest-temperature-in-wellington-on-july-29-2026-18corhigher,highest-temperature-in-wellington-on-july-29-2026,wellington,2026-07-29,2026-07-27T08:05:11Z,1.0,0.001,2026-07-27T17:51:02Z
highest-temperature-in-lucknow-on-july-29-2026-29corbelow,highest-temperature-in-lucknow-on-july-29-2026,lucknow,2026-07-29,2026-07-27T08:05:11Z,1.0,0.003,2026-07-27T17:51:02Z
highest-temperature-in-lucknow-on-july-29-2026-30c,highest-temperature-in-lucknow-on-july-29-2026,lucknow,2026-07-29,2026-07-27T08:05:11Z,1.0,0.02,2026-07-27T17:51:02Z
highest-temperature-in-lucknow-on-july-29-2026-31c,highest-temperature-in-lucknow-on-july-29-2026,lucknow,2026-07-29,2026-07-27T08:05:11Z,1.0,0.04,2026-07-27T17:51:02Z
highest-temperature-in-lucknow-on-july-29-2026-32c,highest-temperature-in-lucknow-on-july-29-2026,lucknow,2026-07-29,2026-07-27T08:05:11Z,1.0,0.09,2026-07-27T17:51:02Z
highest-temperature-in-lucknow-on-july-29-2026-33c,highest-temperature-in-lucknow-on-july-29-2026,lucknow,2026-07-29,2026-07-27T08:05:11Z,1.0,0.21,2026-07-27T17:51:02Z
highest-temperature-in-lucknow-on-july-29-2026-34c,highest-temperature-in-lucknow-on-july-29-2026,lucknow,2026-07-29,2026-07-27T08:05:11Z,1.0,0.3,2026-07-27T17:51:02Z
highest-temperature-in-lucknow-on-july-29-2026-35c,highest-temperature-in-lucknow-on-july-29-2026,lucknow,2026-07-29,2026-07-27T08:05:11Z,1.0,0.32,2026-07-27T17:51:02Z
highest-temperature-in-lucknow-on-july-29-2026-36c,highest-temperature-in-lucknow-on-july-29-2026,lucknow,2026-07-29,2026-07-27T08:05:11Z,1.0,0.18,2026-07-27T17:51:02Z
highest-temperature-in-lucknow-on-july-29-2026-37c,highest-temperature-in-lucknow-on-july-29-2026,lucknow,2026-07-29,2026-07-27T08:05:11Z,1.0,0.05,2026-07-27T17:51:02Z
highest-temperature-in-lucknow-on-july-29-2026-38c,highest-temperature-in-lucknow-on-july-29-2026,lucknow,2026-07-29,2026-07-27T08:05:11Z,1.0,0.05,2026-07-27T17:51:02Z
highest-temperature-in-lucknow-on-july-29-2026-39corhigher,highest-temperature-in-lucknow-on-july-29-2026,lucknow,2026-07-29,2026-07-27T08:05:11Z,1.0,0.004,2026-07-27T17:51:02Z
highest-temperature-in-munich-on-july-29-2026-27corbelow,highest-temperature-in-munich-on-july-29-2026,munich,2026-07-29,2026-07-27T08:05:11Z,1.0,0.004,2026-07-27T17:51:02Z
highest-temperature-in-munich-on-july-29-2026-28c,highest-temperature-in-munich-on-july-29-2026,munich,2026-07-29,2026-07-27T08:05:11Z,1.0,0.004,2026-07-27T17:51:02Z
highest-temperature-in-munich-on-july-29-2026-29c,highest-temperature-in-munich-on-july-29-2026,munich,2026-07-29,2026-07-27T08:05:11Z,1.0,0.007,2026-07-27T17:51:02Z
highest-temperature-in-munich-on-july-29-2026-30c,highest-temperature-in-munich-on-july-29-2026,munich,2026-07-29,2026-07-27T08:05:11Z,1.0,0.02,2026-07-27T17:51:02Z
highest-temperature-in-munich-on-july-29-2026-31c,highest-temperature-in-munich-on-july-29-2026,munich,2026-07-29,2026-07-27T08:05:11Z,1.0,0.08,2026-07-27T17:51:02Z
highest-temperature-in-munich-on-july-29-2026-32c,highest-temperature-in-munich-on-july-29-2026,munich,2026-07-29,2026-07-27T08:05:11Z,1.0,0.26,2026-07-27T17:51:02Z
highest-temperature-in-munich-on-july-29-2026-33c,highest-temperature-in-munich-on-july-29-2026,munich,2026-07-29,2026-07-27T08:05:11Z,1.0,0.45,2026-07-27T17:51:02Z
highest-temperature-in-munich-on-july-29-2026-34c,highest-temperature-in-munich-on-july-29-2026,munich,2026-07-29,2026-07-27T08:05:11Z,1.0,0.22,2026-07-27T17:51:02Z
highest-temperature-in-munich-on-july-29-2026-35c,highest-temperature-in-munich-on-july-29-2026,munich,2026-07-29,2026-07-27T08:05:11Z,1.0,0.04,2026-07-27T17:51:02Z
highest-temperature-in-munich-on-july-29-2026-36c,highest-temperature-in-munich-on-july-29-2026,munich,2026-07-29,2026-07-27T08:05:11Z,1.0,0.006,2026-07-27T17:51:02Z
highest-temperature-in-munich-on-july-29-2026-37corhigher,highest-temperature-in-munich-on-july-29-2026,munich,2026-07-29,2026-07-27T08:05:11Z,1.0,0.006,2026-07-27T17:51:02Z
highest-temperature-in-tel-aviv-on-july-29-2026-28corbelow,highest-temperature-in-tel-aviv-on-july-29-2026,tel-aviv,2026-07-29,2026-07-27T08:05:11Z,1.0,0.002,2026-07-27T17:51:02Z
highest-temperature-in-tel-aviv-on-july-29-2026-29c,highest-temperature-in-tel-aviv-on-july-29-2026,tel-aviv,2026-07-29,2026-07-27T08:05:11Z,1.0,0.003,2026-07-27T17:51:02Z
highest-temperature-in-tel-aviv-on-july-29-2026-30c,highest-temperature-in-tel-aviv-on-july-29-2026,tel-aviv,2026-07-29,2026-07-27T08:05:11Z,1.0,0.03,2026-07-27T17:51:02Z
highest-temperature-in-tel-aviv-on-july-29-2026-31c,highest-temperature-in-tel-aviv-on-july-29-2026,tel-aviv,2026-07-29,2026-07-27T08:05:11Z,1.0,0.02,2026-07-27T17:51:02Z
highest-temperature-in-tel-aviv-on-july-29-2026-32c,highest-temperature-in-tel-aviv-on-july-29-2026,tel-aviv,2026-07-29,2026-07-27T08:05:11Z,1.0,0.27,2026-07-27T17:51:02Z
highest-temperature-in-tel-aviv-on-july-29-2026-33c,highest-temperature-in-tel-aviv-on-july-29-2026,tel-aviv,2026-07-29,2026-07-27T08:05:11Z,1.0,0.61,2026-07-27T17:51:02Z
highest-temperature-in-tel-aviv-on-july-29-2026-34c,highest-temperature-in-tel-aviv-on-july-29-2026,tel-aviv,2026-07-29,2026-07-27T08:05:11Z,1.0,0.14,2026-07-27T17:51:02Z
highest-temperature-in-tel-aviv-on-july-29-2026-35c,highest-temperature-in-tel-aviv-on-july-29-2026,tel-aviv,2026-07-29,2026-07-27T08:05:11Z,1.0,0.02,2026-07-27T17:51:02Z
highest-temperature-in-tel-aviv-on-july-29-2026-36c,highest-temperature-in-tel-aviv-on-july-29-2026,tel-aviv,2026-07-29,2026-07-27T08:05:11Z,1.0,0.02,2026-07-27T17:51:02Z
highest-temperature-in-tel-aviv-on-july-29-2026-37c,highest-temperature-in-tel-aviv-on-july-29-2026,tel-aviv,2026-07-29,2026-07-27T08:05:11Z,1.0,0.007,2026-07-27T17:51:02Z
highest-temperature-in-tel-aviv-on-july-29-2026-38corhigher,highest-temperature-in-tel-aviv-on-july-29-2026,tel-aviv,2026-07-29,2026-07-27T08:05:11Z,1.0,0.004,2026-07-27T17:51:02Z
highest-temperature-in-tokyo-on-july-29-2026-27corbelow,highest-temperature-in-tokyo-on-july-29-2026,tokyo,2026-07-29,2026-07-27T08:05:11Z,1.0,0.004,2026-07-27T17:51:02Z
highest-temperature-in-tokyo-on-july-29-2026-28c,highest-temperature-in-tokyo-on-july-29-2026,tokyo,2026-07-29,2026-07-27T08:05:11Z,1.0,0.02,2026-07-27T17:51:02Z
highest-temperature-in-tokyo-on-july-29-2026-29c,highest-temperature-in-tokyo-on-july-29-2026,tokyo,2026-07-29,2026-07-27T08:05:11Z,1.0,0.02,2026-07-27T17:51:02Z
highest-temperature-in-tokyo-on-july-29-2026-30c,highest-temperature-in-tokyo-on-july-29-2026,tokyo,2026-07-29,2026-07-27T08:05:11Z,1.0,0.04,2026-07-27T17:51:02Z
highest-temperature-in-tokyo-on-july-29-2026-31c,highest-temperature-in-tokyo-on-july-29-2026,tokyo,2026-07-29,2026-07-27T08:05:11Z,1.0,0.07,2026-07-27T17:51:02Z
highest-temperature-in-tokyo-on-july-29-2026-32c,highest-temperature-in-tokyo-on-july-29-2026,tokyo,2026-07-29,2026-07-27T08:05:11Z,1.0,0.28,2026-07-27T17:51:02Z
highest-temperature-in-tokyo-on-july-29-2026-33c,highest-temperature-in-tokyo-on-july-29-2026,tokyo,2026-07-29,2026-07-27T08:05:11Z,1.0,0.38,2026-07-27T17:51:02Z
highest-temperature-in-tokyo-on-july-29-2026-34c,highest-temperature-in-tokyo-on-july-29-2026,tokyo,2026-07-29,2026-07-27T08:05:11Z,1.0,0.2,2026-07-27T17:51:02Z
highest-temperature-in-tokyo-on-july-29-2026-35c,highest-temperature-in-tokyo-on-july-29-2026,tokyo,2026-07-29,2026-07-27T08:05:11Z,1.0,0.06,2026-07-27T17:51:02Z
highest-temperature-in-tokyo-on-july-29-2026-36c,highest-temperature-in-tokyo-on-july-29-2026,tokyo,2026-07-29,2026-07-27T08:05:11Z,1.0,0.04,2026-07-27T17:51:02Z
highest-temperature-in-tokyo-on-july-29-2026-37corhigher,highest-temperature-in-tokyo-on-july-29-2026,tokyo,2026-07-29,2026-07-27T08:05:11Z,1.0,0.004,2026-07-27T17:51:02Z
highest-temperature-in-hong-kong-on-july-29-2026-25corbelow,highest-temperature-in-hong-kong-on-july-29-2026,hong-kong,2026-07-29,2026-07-27T08:05:11Z,1.0,0.022,2026-07-27T17:51:02Z
highest-temperature-in-hong-kong-on-july-29-2026-26c,highest-temperature-in-hong-kong-on-july-29-2026,hong-kong,2026-07-29,2026-07-27T08:05:11Z,1.0,0.05,2026-07-27T17:51:02Z
highest-temperature-in-hong-kong-on-july-29-2026-27c,highest-temperature-in-hong-kong-on-july-29-2026,hong-kong,2026-07-29,2026-07-27T08:05:11Z,1.0,0.17,2026-07-27T17:51:02Z
highest-temperature-in-hong-kong-on-july-29-2026-28c,highest-temperature-in-hong-kong-on-july-29-2026,hong-kong,2026-07-29,2026-07-27T08:05:11Z,1.0,0.34,2026-07-27T17:51:02Z
highest-temperature-in-hong-kong-on-july-29-2026-29c,highest-temperature-in-hong-kong-on-july-29-2026,hong-kong,2026-07-29,2026-07-27T08:05:11Z,1.0,0.3,2026-07-27T17:51:02Z
highest-temperature-in-hong-kong-on-july-29-2026-30c,highest-temperature-in-hong-kong-on-july-29-2026,hong-kong,2026-07-29,2026-07-27T08:05:11Z,1.0,0.14,2026-07-27T17:51:02Z
highest-temperature-in-hong-kong-on-july-29-2026-31c,highest-temperature-in-hong-kong-on-july-29-2026,hong-kong,2026-07-29,2026-07-27T08:05:11Z,1.0,0.05,2026-07-27T17:51:02Z
highest-temperature-in-hong-kong-on-july-29-2026-32c,highest-temperature-in-hong-kong-on-july-29-2026,hong-kong,2026-07-29,2026-07-27T08:05:11Z,1.0,0.02,2026-07-27T17:51:02Z
highest-temperature-in-hong-kong-on-july-29-2026-33c,highest-temperature-in-hong-kong-on-july-29-2026,hong-kong,2026-07-29,2026-07-27T08:05:11Z,1.0,0.004,2026-07-27T17:51:02Z
highest-temperature-in-hong-kong-on-july-29-2026-34c,highest-temperature-in-hong-kong-on-july-29-2026,hong-kong,2026-07-29,2026-07-27T08:05:11Z,1.0,0.002,2026-07-27T17:51:02Z
highest-temperature-in-hong-kong-on-july-29-2026-35corhigher,highest-temperature-in-hong-kong-on-july-29-2026,hong-kong,2026-07-29,2026-07-27T08:05:11Z,1.0,0.001,2026-07-27T17:51:02Z
highest-temperature-in-shanghai-on-july-29-2026-30corbelow,highest-temperature-in-shanghai-on-july-29-2026,shanghai,2026-07-29,2026-07-27T08:05:11Z,1.0,0.004,2026-07-27T17:51:02Z
highest-temperature-in-shanghai-on-july-29-2026-31c,highest-temperature-in-shanghai-on-july-29-2026,shanghai,2026-07-29,2026-07-27T08:05:11Z,1.0,0.002,2026-07-27T17:51:02Z
highest-temperature-in-shanghai-on-july-29-2026-32c,highest-temperature-in-shanghai-on-july-29-2026,shanghai,2026-07-29,2026-07-27T08:05:11Z,1.0,0.03,2026-07-27T17:51:02Z
highest-temperature-in-shanghai-on-july-29-2026-33c,highest-temperature-in-shanghai-on-july-29-2026,shanghai,2026-07-29,2026-07-27T08:05:11Z,1.0,0.05,2026-07-27T17:51:02Z
highest-temperature-in-shanghai-on-july-29-2026-34c,highest-temperature-in-shanghai-on-july-29-2026,shanghai,2026-07-29,2026-07-27T08:05:11Z,1.0,0.19,2026-07-27T17:51:02Z
highest-temperature-in-shanghai-on-july-29-2026-35c,highest-temperature-in-shanghai-on-july-29-2026,shanghai,2026-07-29,2026-07-27T08:05:11Z,1.0,0.32,2026-07-27T17:51:02Z
highest-temperature-in-shanghai-on-july-29-2026-36c,highest-temperature-in-shanghai-on-july-29-2026,shanghai,2026-07-29,2026-07-27T08:05:11Z,1.0,0.35,2026-07-27T17:51:02Z
highest-temperature-in-shanghai-on-july-29-2026-37c,highest-temperature-in-shanghai-on-july-29-2026,shanghai,2026-07-29,2026-07-27T08:05:11Z,1.0,0.11,2026-07-27T17:51:02Z
highest-temperature-in-shanghai-on-july-29-2026-38c,highest-temperature-in-shanghai-on-july-29-2026,shanghai,2026-07-29,2026-07-27T08:05:11Z,1.0,0.04,2026-07-27T17:51:02Z
highest-temperature-in-shanghai-on-july-29-2026-39c,highest-temperature-in-shanghai-on-july-29-2026,shanghai,2026-07-29,2026-07-27T08:05:11Z,1.0,0.009,2026-07-27T17:51:02Z
highest-temperature-in-shanghai-on-july-29-2026-40corhigher,highest-temperature-in-shanghai-on-july-29-2026,shanghai,2026-07-29,2026-07-27T08:05:11Z,1.0,0.006,2026-07-27T17:51:02Z
highest-temperature-in-singapore-on-july-29-2026-26corbelow,highest-temperature-in-singapore-on-july-29-2026,singapore,2026-07-29,2026-07-27T08:07:15Z,0.01,0.003,2026-07-27T17:51:02Z
highest-temperature-in-singapore-on-july-29-2026-27c,highest-temperature-in-singapore-on-july-29-2026,singapore,2026-07-29,2026-07-27T08:07:15Z,0.37,0.005,2026-07-27T17:51:02Z
highest-temperature-in-singapore-on-july-29-2026-28c,highest-temperature-in-singapore-on-july-29-2026,singapore,2026-07-29,2026-07-27T08:07:15Z,0.37,0.009,2026-07-27T17:51:02Z
highest-temperature-in-singapore-on-july-29-2026-29c,highest-temperature-in-singapore-on-july-29-2026,singapore,2026-07-29,2026-07-27T08:07:15Z,0.37,0.04,2026-07-27T17:51:02Z
highest-temperature-in-singapore-on-july-29-2026-30c,highest-temperature-in-singapore-on-july-29-2026,singapore,2026-07-29,2026-07-27T08:07:15Z,0.49,0.14,2026-07-27T17:51:02Z
highest-temperature-in-singapore-on-july-29-2026-31c,highest-temperature-in-singapore-on-july-29-2026,singapore,2026-07-29,2026-07-27T08:07:15Z,0.42,0.42,2026-07-27T17:51:02Z
highest-temperature-in-singapore-on-july-29-2026-32c,highest-temperature-in-singapore-on-july-29-2026,singapore,2026-07-29,2026-07-27T08:07:15Z,0.44,0.41,2026-07-27T17:51:02Z
highest-temperature-in-singapore-on-july-29-2026-33c,highest-temperature-in-singapore-on-july-29-2026,singapore,2026-07-29,2026-07-27T08:07:15Z,0.37,0.07,2026-07-27T17:51:02Z
highest-temperature-in-singapore-on-july-29-2026-34c,highest-temperature-in-singapore-on-july-29-2026,singapore,2026-07-29,2026-07-27T08:07:15Z,0.37,0.019,2026-07-27T17:51:02Z
highest-temperature-in-singapore-on-july-29-2026-35c,highest-temperature-in-singapore-on-july-29-2026,singapore,2026-07-29,2026-07-27T08:07:15Z,0.01,0.007,2026-07-27T17:51:02Z
highest-temperature-in-singapore-on-july-29-2026-36corhigher,highest-temperature-in-singapore-on-july-29-2026,singapore,2026-07-29,2026-07-27T08:07:15Z,0.01,0.004,2026-07-27T17:51:02Z
highest-temperature-in-milan-on-july-29-2026-30corbelow,highest-temperature-in-milan-on-july-29-2026,milan,2026-07-29,2026-07-27T08:07:15Z,0.07,0.006,2026-07-27T17:51:02Z
highest-temperature-in-milan-on-july-29-2026-31c,highest-temperature-in-milan-on-july-29-2026,milan,2026-07-29,2026-07-27T08:07:15Z,0.07,0.02,2026-07-27T17:51:02Z
highest-temperature-in-milan-on-july-29-2026-32c,highest-temperature-in-milan-on-july-29-2026,milan,2026-07-29,2026-07-27T08:07:15Z,0.99,0.03,2026-07-27T17:51:02Z
highest-temperature-in-milan-on-july-29-2026-33c,highest-temperature-in-milan-on-july-29-2026,milan,2026-07-29,2026-07-27T08:07:15Z,0.99,0.11,2026-07-27T17:51:02Z
highest-temperature-in-milan-on-july-29-2026-34c,highest-temperature-in-milan-on-july-29-2026,milan,2026-07-29,2026-07-27T08:07:15Z,0.99,0.38,2026-07-27T17:51:02Z
highest-temperature-in-milan-on-july-29-2026-35c,highest-temperature-in-milan-on-july-29-2026,milan,2026-07-29,2026-07-27T08:07:15Z,0.99,0.34,2026-07-27T17:51:02Z
highest-temperature-in-milan-on-july-29-2026-36c,highest-temperature-in-milan-on-july-29-2026,milan,2026-07-29,2026-07-27T08:07:15Z,0.99,0.14,2026-07-27T17:51:02Z
highest-temperature-in-milan-on-july-29-2026-37c,highest-temperature-in-milan-on-july-29-2026,milan,2026-07-29,2026-07-27T08:07:15Z,0.07,0.03,2026-07-27T17:51:02Z
highest-temperature-in-milan-on-july-29-2026-38c,highest-temperature-in-milan-on-july-29-2026,milan,2026-07-29,2026-07-27T08:07:15Z,0.07,0.03,2026-07-27T17:51:02Z
highest-temperature-in-milan-on-july-29-2026-39c,highest-temperature-in-milan-on-july-29-2026,milan,2026-07-29,2026-07-27T08:07:15Z,0.07,0.02,2026-07-27T17:51:02Z
highest-temperature-in-milan-on-july-29-2026-40corhigher,highest-temperature-in-milan-on-july-29-2026,milan,2026-07-29,2026-07-27T08:07:15Z,0.07,0.004,2026-07-27T17:51:02Z
highest-temperature-in-madrid-on-july-29-2026-34corbelow,highest-temperature-in-madrid-on-july-29-2026,madrid,2026-07-29,2026-07-27T08:07:15Z,0.5,0.005,2026-07-27T17:51:02Z
highest-temperature-in-madrid-on-july-29-2026-35c,highest-temperature-in-madrid-on-july-29-2026,madrid,2026-07-29,2026-07-27T08:07:15Z,0.98,0.007,2026-07-27T17:51:02Z
highest-temperature-in-madrid-on-july-29-2026-36c,highest-temperature-in-madrid-on-july-29-2026,madrid,2026-07-29,2026-07-27T08:07:15Z,0.99,0.028,2026-07-27T17:51:02Z
highest-temperature-in-madrid-on-july-29-2026-37c,highest-temperature-in-madrid-on-july-29-2026,madrid,2026-07-29,2026-07-27T08:07:15Z,0.99,0.04,2026-07-27T17:51:02Z
highest-temperature-in-madrid-on-july-29-2026-38c,highest-temperature-in-madrid-on-july-29-2026,madrid,2026-07-29,2026-07-27T08:07:15Z,0.99,0.17,2026-07-27T17:51:02Z
highest-temperature-in-madrid-on-july-29-2026-39c,highest-temperature-in-madrid-on-july-29-2026,madrid,2026-07-29,2026-07-27T08:07:15Z,0.99,0.54,2026-07-27T17:51:02Z
highest-temperature-in-madrid-on-july-29-2026-40c,highest-temperature-in-madrid-on-july-29-2026,madrid,2026-07-29,2026-07-27T08:07:15Z,0.99,0.27,2026-07-27T17:51:02Z
highest-temperature-in-madrid-on-july-29-2026-41c,highest-temperature-in-madrid-on-july-29-2026,madrid,2026-07-29,2026-07-27T08:07:15Z,0.99,0.05,2026-07-27T17:51:02Z
highest-temperature-in-madrid-on-july-29-2026-42c,highest-temperature-in-madrid-on-july-29-2026,madrid,2026-07-29,2026-07-27T08:07:15Z,0.99,0.019,2026-07-27T17:51:02Z
highest-temperature-in-madrid-on-july-29-2026-43c,highest-temperature-in-madrid-on-july-29-2026,madrid,2026-07-29,2026-07-27T08:07:15Z,0.99,0.007,2026-07-27T17:51:02Z
highest-temperature-in-madrid-on-july-29-2026-44corhigher,highest-temperature-in-madrid-on-july-29-2026,madrid,2026-07-29,2026-07-27T08:07:15Z,0.5,0.003,2026-07-27T17:51:02Z
highest-temperature-in-warsaw-on-july-29-2026-20corbelow,highest-temperature-in-warsaw-on-july-29-2026,warsaw,2026-07-29,2026-07-27T08:07:15Z,0.07,0.004,2026-07-27T17:51:02Z
highest-temperature-in-warsaw-on-july-29-2026-21c,highest-temperature-in-warsaw-on-july-29-2026,warsaw,2026-07-29,2026-07-27T08:07:15Z,0.07,0.004,2026-07-27T17:51:02Z
highest-temperature-in-warsaw-on-july-29-2026-22c,highest-temperature-in-warsaw-on-july-29-2026,warsaw,2026-07-29,2026-07-27T08:07:15Z,0.07,0.006,2026-07-27T17:51:02Z
highest-temperature-in-warsaw-on-july-29-2026-23c,highest-temperature-in-warsaw-on-july-29-2026,warsaw,2026-07-29,2026-07-27T08:07:15Z,0.99,0.02,2026-07-27T17:51:02Z
highest-temperature-in-warsaw-on-july-29-2026-24c,highest-temperature-in-warsaw-on-july-29-2026,warsaw,2026-07-29,2026-07-27T08:07:15Z,0.99,0.08,2026-07-27T17:51:02Z
highest-temperature-in-warsaw-on-july-29-2026-25c,highest-temperature-in-warsaw-on-july-29-2026,warsaw,2026-07-29,2026-07-27T08:07:15Z,1.0,0.32,2026-07-27T17:51:02Z
highest-temperature-in-warsaw-on-july-29-2026-26c,highest-temperature-in-warsaw-on-july-29-2026,warsaw,2026-07-29,2026-07-27T08:07:15Z,0.99,0.4,2026-07-27T17:51:02Z
highest-temperature-in-warsaw-on-july-29-2026-27c,highest-temperature-in-warsaw-on-july-29-2026,warsaw,2026-07-29,2026-07-27T08:07:15Z,0.99,0.19,2026-07-27T17:51:02Z
highest-temperature-in-warsaw-on-july-29-2026-28c,highest-temperature-in-warsaw-on-july-29-2026,warsaw,2026-07-29,2026-07-27T08:07:15Z,0.07,0.05,2026-07-27T17:51:02Z
highest-temperature-in-warsaw-on-july-29-2026-29c,highest-temperature-in-warsaw-on-july-29-2026,warsaw,2026-07-29,2026-07-27T08:07:15Z,0.07,0.02,2026-07-27T17:51:02Z
highest-temperature-in-warsaw-on-july-29-2026-30corhigher,highest-temperature-in-warsaw-on-july-29-2026,warsaw,2026-07-29,2026-07-27T08:07:15Z,0.07,0.019,2026-07-27T17:51:02Z
highest-temperature-in-taipei-on-july-29-2026-30corbelow,highest-temperature-in-taipei-on-july-29-2026,taipei,2026-07-29,2026-07-27T08:07:15Z,1.0,0.003,2026-07-27T17:51:02Z
highest-temperature-in-taipei-on-july-29-2026-31c,highest-temperature-in-taipei-on-july-29-2026,taipei,2026-07-29,2026-07-27T08:07:15Z,1.0,0.004,2026-07-27T17:51:02Z
highest-temperature-in-taipei-on-july-29-2026-32c,highest-temperature-in-taipei-on-july-29-2026,taipei,2026-07-29,2026-07-27T08:07:15Z,1.0,0.006,2026-07-27T17:51:02Z
highest-temperature-in-taipei-on-july-29-2026-33c,highest-temperature-in-taipei-on-july-29-2026,taipei,2026-07-29,2026-07-27T08:07:15Z,1.0,0.03,2026-07-27T17:51:02Z
highest-temperature-in-taipei-on-july-29-2026-34c,highest-temperature-in-taipei-on-july-29-2026,taipei,2026-07-29,2026-07-27T08:07:15Z,1.0,0.09,2026-07-27T17:51:02Z
highest-temperature-in-taipei-on-july-29-2026-35c,highest-temperature-in-taipei-on-july-29-2026,taipei,2026-07-29,2026-07-27T08:07:15Z,1.0,0.24,2026-07-27T17:51:02Z
highest-temperature-in-taipei-on-july-29-2026-36c,highest-temperature-in-taipei-on-july-29-2026,taipei,2026-07-29,2026-07-27T08:07:15Z,1.0,0.36,2026-07-27T17:51:02Z
highest-temperature-in-taipei-on-july-29-2026-37c,highest-temperature-in-taipei-on-july-29-2026,taipei,2026-07-29,2026-07-27T08:07:15Z,1.0,0.3,2026-07-27T17:51:02Z
highest-temperature-in-taipei-on-july-29-2026-38c,highest-temperature-in-taipei-on-july-29-2026,taipei,2026-07-29,2026-07-27T08:07:15Z,1.0,0.05,2026-07-27T17:51:02Z
highest-temperature-in-taipei-on-july-29-2026-39c,highest-temperature-in-taipei-on-july-29-2026,taipei,2026-07-29,2026-07-27T08:07:15Z,1.0,0.014,2026-07-27T17:51:02Z
highest-temperature-in-taipei-on-july-29-2026-40corhigher,highest-temperature-in-taipei-on-july-29-2026,taipei,2026-07-29,2026-07-27T08:07:15Z,1.0,0.006,2026-07-27T17:51:02Z
highest-temperature-in-chongqing-on-july-29-2026-34corbelow,highest-temperature-in-chongqing-on-july-29-2026,chongqing,2026-07-29,2026-07-27T08:07:15Z,1.0,0.04,2026-07-27T17:51:02Z
highest-temperature-in-chongqing-on-july-29-2026-35c,highest-temperature-in-chongqing-on-july-29-2026,chongqing,2026-07-29,2026-07-27T08:07:15Z,1.0,0.07,2026-07-27T17:51:02Z
highest-temperature-in-chongqing-on-july-29-2026-36c,highest-temperature-in-chongqing-on-july-29-2026,chongqing,2026-07-29,2026-07-27T08:07:15Z,1.0,0.14,2026-07-27T17:51:02Z
highest-temperature-in-chongqing-on-july-29-2026-37c,highest-temperature-in-chongqing-on-july-29-2026,chongqing,2026-07-29,2026-07-27T08:07:15Z,1.0,0.25,2026-07-27T17:51:02Z
highest-temperature-in-chongqing-on-july-29-2026-38c,highest-temperature-in-chongqing-on-july-29-2026,chongqing,2026-07-29,2026-07-27T08:07:15Z,1.0,0.32,2026-07-27T17:51:02Z
highest-temperature-in-chongqing-on-july-29-2026-39c,highest-temperature-in-chongqing-on-july-29-2026,chongqing,2026-07-29,2026-07-27T08:07:15Z,1.0,0.2,2026-07-27T17:51:02Z
highest-temperature-in-chongqing-on-july-29-2026-40c,highest-temperature-in-chongqing-on-july-29-2026,chongqing,2026-07-29,2026-07-27T08:07:15Z,1.0,0.04,2026-07-27T17:51:02Z
highest-temperature-in-chongqing-on-july-29-2026-41c,highest-temperature-in-chongqing-on-july-29-2026,chongqing,2026-07-29,2026-07-27T08:07:15Z,1.0,0.03,2026-07-27T17:51:02Z
highest-temperature-in-chongqing-on-july-29-2026-42c,highest-temperature-in-chongqing-on-july-29-2026,chongqing,2026-07-29,2026-07-27T08:07:15Z,1.0,0.011,2026-07-27T17:51:02Z
highest-temperature-in-chongqing-on-july-29-2026-43c,highest-temperature-in-chongqing-on-july-29-2026,chongqing,2026-07-29,2026-07-27T08:07:15Z,1.0,0.004,2026-07-27T17:51:02Z
highest-temperature-in-chongqing-on-july-29-2026-44corhigher,highest-temperature-in-chongqing-on-july-29-2026,chongqing,2026-07-29,2026-07-27T08:07:15Z,1.0,0.004,2026-07-27T17:51:02Z
highest-temperature-in-beijing-on-july-29-2026-30corbelow,highest-temperature-in-beijing-on-july-29-2026,beijing,2026-07-29,2026-07-27T08:07:15Z,1.0,0.003,2026-07-27T17:51:02Z
highest-temperature-in-beijing-on-july-29-2026-31c,highest-temperature-in-beijing-on-july-29-2026,beijing,2026-07-29,2026-07-27T08:07:15Z,1.0,0.019,2026-07-27T17:51:02Z
highest-temperature-in-beijing-on-july-29-2026-32c,highest-temperature-in-beijing-on-july-29-2026,beijing,2026-07-29,2026-07-27T08:07:15Z,1.0,0.04,2026-07-27T17:51:02Z
highest-temperature-in-beijing-on-july-29-2026-33c,highest-temperature-in-beijing-on-july-29-2026,beijing,2026-07-29,2026-07-27T08:07:15Z,1.0,0.09,2026-07-27T17:51:02Z
highest-temperature-in-beijing-on-july-29-2026-34c,highest-temperature-in-beijing-on-july-29-2026,beijing,2026-07-29,2026-07-27T08:07:15Z,1.0,0.23,2026-07-27T17:51:02Z
highest-temperature-in-beijing-on-july-29-2026-35c,highest-temperature-in-beijing-on-july-29-2026,beijing,2026-07-29,2026-07-27T08:07:15Z,1.0,0.36,2026-07-27T17:51:02Z
highest-temperature-in-beijing-on-july-29-2026-36c,highest-temperature-in-beijing-on-july-29-2026,beijing,2026-07-29,2026-07-27T08:07:15Z,1.0,0.25,2026-07-27T17:51:02Z
highest-temperature-in-beijing-on-july-29-2026-37c,highest-temperature-in-beijing-on-july-29-2026,beijing,2026-07-29,2026-07-27T08:07:15Z,1.0,0.08,2026-07-27T17:51:02Z
highest-temperature-in-beijing-on-july-29-2026-38c,highest-temperature-in-beijing-on-july-29-2026,beijing,2026-07-29,2026-07-27T08:07:15Z,1.0,0.02,2026-07-27T17:51:02Z
highest-temperature-in-beijing-on-july-29-2026-39c,highest-temperature-in-beijing-on-july-29-2026,beijing,2026-07-29,2026-07-27T08:07:15Z,1.0,0.009,2026-07-27T17:51:02Z
highest-temperature-in-beijing-on-july-29-2026-40corhigher,highest-temperature-in-beijing-on-july-29-2026,beijing,2026-07-29,2026-07-27T08:07:15Z,1.0,0.003,2026-07-27T17:51:02Z
highest-temperature-in-wuhan-on-july-29-2026-26corbelow,highest-temperature-in-wuhan-on-july-29-2026,wuhan,2026-07-29,2026-07-27T08:07:15Z,1.0,0.004,2026-07-27T17:51:02Z
highest-temperature-in-wuhan-on-july-29-2026-27c,highest-temperature-in-wuhan-on-july-29-2026,wuhan,2026-07-29,2026-07-27T08:07:15Z,1.0,0.008,2026-07-27T17:51:02Z
highest-temperature-in-wuhan-on-july-29-2026-28c,highest-temperature-in-wuhan-on-july-29-2026,wuhan,2026-07-29,2026-07-27T08:07:15Z,1.0,0.018,2026-07-27T17:51:02Z
highest-temperature-in-wuhan-on-july-29-2026-29c,highest-temperature-in-wuhan-on-july-29-2026,wuhan,2026-07-29,2026-07-27T08:07:15Z,1.0,0.02,2026-07-27T17:51:02Z
highest-temperature-in-wuhan-on-july-29-2026-30c,highest-temperature-in-wuhan-on-july-29-2026,wuhan,2026-07-29,2026-07-27T08:07:15Z,1.0,0.07,2026-07-27T17:51:02Z
highest-temperature-in-wuhan-on-july-29-2026-31c,highest-temperature-in-wuhan-on-july-29-2026,wuhan,2026-07-29,2026-07-27T08:07:15Z,1.0,0.19,2026-07-27T17:51:02Z
highest-temperature-in-wuhan-on-july-29-2026-32c,highest-temperature-in-wuhan-on-july-29-2026,wuhan,2026-07-29,2026-07-27T08:07:15Z,1.0,0.31,2026-07-27T17:51:02Z
highest-temperature-in-wuhan-on-july-29-2026-33c,highest-temperature-in-wuhan-on-july-29-2026,wuhan,2026-07-29,2026-07-27T08:07:15Z,1.0,0.28,2026-07-27T17:51:02Z
highest-temperature-in-wuhan-on-july-29-2026-34c,highest-temperature-in-wuhan-on-july-29-2026,wuhan,2026-07-29,2026-07-27T08:07:15Z,1.0,0.16,2026-07-27T17:51:02Z
highest-temperature-in-wuhan-on-july-29-2026-35c,highest-temperature-in-wuhan-on-july-29-2026,wuhan,2026-07-29,2026-07-27T08:07:15Z,1.0,0.05,2026-07-27T17:51:02Z
highest-temperature-in-wuhan-on-july-29-2026-36corhigher,highest-temperature-in-wuhan-on-july-29-2026,wuhan,2026-07-29,2026-07-27T08:07:15Z,1.0,0.019,2026-07-27T17:51:02Z
highest-temperature-in-chengdu-on-july-29-2026-24corbelow,highest-temperature-in-chengdu-on-july-29-2026,chengdu,2026-07-29,2026-07-27T08:07:15Z,1.0,0.002,2026-07-27T17:51:02Z
highest-temperature-in-chengdu-on-july-29-2026-25c,highest-temperature-in-chengdu-on-july-29-2026,chengdu,2026-07-29,2026-07-27T08:07:15Z,1.0,0.002,2026-07-27T17:51:02Z
highest-temperature-in-chengdu-on-july-29-2026-26c,highest-temperature-in-chengdu-on-july-29-2026,chengdu,2026-07-29,2026-07-27T08:07:15Z,1.0,0.002,2026-07-27T17:51:02Z
highest-temperature-in-chengdu-on-july-29-2026-27c,highest-temperature-in-chengdu-on-july-29-2026,chengdu,2026-07-29,2026-07-27T08:07:15Z,1.0,0.02,2026-07-27T17:51:02Z
highest-temperature-in-chengdu-on-july-29-2026-28c,highest-temperature-in-chengdu-on-july-29-2026,chengdu,2026-07-29,2026-07-27T08:07:15Z,1.0,0.04,2026-07-27T17:51:02Z
highest-temperature-in-chengdu-on-july-29-2026-29c,highest-temperature-in-chengdu-on-july-29-2026,chengdu,2026-07-29,2026-07-27T08:07:15Z,1.0,0.04,2026-07-27T17:51:02Z
highest-temperature-in-chengdu-on-july-29-2026-30c,highest-temperature-in-chengdu-on-july-29-2026,chengdu,2026-07-29,2026-07-27T08:07:15Z,1.0,0.1,2026-07-27T17:51:02Z
highest-temperature-in-chengdu-on-july-29-2026-31c,highest-temperature-in-chengdu-on-july-29-2026,chengdu,2026-07-29,2026-07-27T08:07:15Z,1.0,0.2,2026-07-27T17:51:02Z
highest-temperature-in-chengdu-on-july-29-2026-32c,highest-temperature-in-chengdu-on-july-29-2026,chengdu,2026-07-29,2026-07-27T08:07:15Z,1.0,0.27,2026-07-27T17:51:02Z
highest-temperature-in-chengdu-on-july-29-2026-33c,highest-temperature-in-chengdu-on-july-29-2026,chengdu,2026-07-29,2026-07-27T08:07:15Z,1.0,0.27,2026-07-27T17:51:02Z
highest-temperature-in-chengdu-on-july-29-2026-34corhigher,highest-temperature-in-chengdu-on-july-29-2026,chengdu,2026-07-29,2026-07-27T08:07:15Z,1.0,0.2,2026-07-27T17:51:02Z
highest-temperature-in-shenzhen-on-july-29-2026-22corbelow,highest-temperature-in-shenzhen-on-july-29-2026,shenzhen,2026-07-29,2026-07-27T08:07:15Z,1.0,0.003,2026-07-27T17:51:02Z
highest-temperature-in-shenzhen-on-july-29-2026-23c,highest-temperature-in-shenzhen-on-july-29-2026,shenzhen,2026-07-29,2026-07-27T08:07:15Z,1.0,0.004,2026-07-27T17:51:02Z
highest-temperature-in-shenzhen-on-july-29-2026-24c,highest-temperature-in-shenzhen-on-july-29-2026,shenzhen,2026-07-29,2026-07-27T08:07:15Z,1.0,0.005,2026-07-27T17:51:02Z
highest-temperature-in-shenzhen-on-july-29-2026-25c,highest-temperature-in-shenzhen-on-july-29-2026,shenzhen,2026-07-29,2026-07-27T08:07:15Z,1.0,0.02,2026-07-27T17:51:02Z
highest-temperature-in-shenzhen-on-july-29-2026-26c,highest-temperature-in-shenzhen-on-july-29-2026,shenzhen,2026-07-29,2026-07-27T08:07:15Z,1.0,0.04,2026-07-27T17:51:02Z
highest-temperature-in-shenzhen-on-july-29-2026-27c,highest-temperature-in-shenzhen-on-july-29-2026,shenzhen,2026-07-29,2026-07-27T08:07:15Z,1.0,0.12,2026-07-27T17:51:02Z
highest-temperature-in-shenzhen-on-july-29-2026-28c,highest-temperature-in-shenzhen-on-july-29-2026,shenzhen,2026-07-29,2026-07-27T08:07:15Z,1.0,0.26,2026-07-27T17:51:02Z
highest-temperature-in-shenzhen-on-july-29-2026-29c,highest-temperature-in-shenzhen-on-july-29-2026,shenzhen,2026-07-29,2026-07-27T08:07:15Z,1.0,0.29,2026-07-27T17:51:02Z
highest-temperature-in-shenzhen-on-july-29-2026-30c,highest-temperature-in-shenzhen-on-july-29-2026,shenzhen,2026-07-29,2026-07-27T08:07:15Z,1.0,0.22,2026-07-27T17:51:02Z
highest-temperature-in-shenzhen-on-july-29-2026-31c,highest-temperature-in-shenzhen-on-july-29-2026,shenzhen,2026-07-29,2026-07-27T08:07:15Z,1.0,0.12,2026-07-27T17:51:02Z
highest-temperature-in-shenzhen-on-july-29-2026-32corhigher,highest-temperature-in-shenzhen-on-july-29-2026,shenzhen,2026-07-29,2026-07-27T08:07:15Z,1.0,0.04,2026-07-27T17:51:02Z
highest-temperature-in-moscow-on-july-29-2026-13corbelow,highest-temperature-in-moscow-on-july-29-2026,moscow,2026-07-29,2026-07-27T08:07:15Z,1.0,0.009,2026-07-27T17:51:02Z
highest-temperature-in-moscow-on-july-29-2026-14c,highest-temperature-in-moscow-on-july-29-2026,moscow,2026-07-29,2026-07-27T08:07:15Z,1.0,0.02,2026-07-27T17:51:02Z
highest-temperature-in-moscow-on-july-29-2026-15c,highest-temperature-in-moscow-on-july-29-2026,moscow,2026-07-29,2026-07-27T08:07:15Z,1.0,0.02,2026-07-27T17:51:02Z
highest-temperature-in-moscow-on-july-29-2026-16c,highest-temperature-in-moscow-on-july-29-2026,moscow,2026-07-29,2026-07-27T08:07:15Z,1.0,0.08,2026-07-27T17:51:02Z
highest-temperature-in-moscow-on-july-29-2026-17c,highest-temperature-in-moscow-on-july-29-2026,moscow,2026-07-29,2026-07-27T08:07:15Z,1.0,0.21,2026-07-27T17:51:02Z
highest-temperature-in-moscow-on-july-29-2026-18c,highest-temperature-in-moscow-on-july-29-2026,moscow,2026-07-29,2026-07-27T08:07:15Z,1.0,0.33,2026-07-27T17:51:02Z
highest-temperature-in-moscow-on-july-29-2026-19c,highest-temperature-in-moscow-on-july-29-2026,moscow,2026-07-29,2026-07-27T08:07:15Z,1.0,0.27,2026-07-27T17:51:02Z
highest-temperature-in-moscow-on-july-29-2026-20c,highest-temperature-in-moscow-on-july-29-2026,moscow,2026-07-29,2026-07-27T08:07:15Z,1.0,0.12,2026-07-27T17:51:02Z
highest-temperature-in-moscow-on-july-29-2026-21c,highest-temperature-in-moscow-on-july-29-2026,moscow,2026-07-29,2026-07-27T08:07:15Z,1.0,0.04,2026-07-27T17:51:02Z
highest-temperature-in-moscow-on-july-29-2026-22c,highest-temperature-in-moscow-on-july-29-2026,moscow,2026-07-29,2026-07-27T08:07:15Z,1.0,0.02,2026-07-27T17:51:02Z
highest-temperature-in-moscow-on-july-29-2026-23corhigher,highest-temperature-in-moscow-on-july-29-2026,moscow,2026-07-29,2026-07-27T08:07:15Z,1.0,0.017,2026-07-27T17:51:02Z
highest-temperature-in-istanbul-on-july-29-2026-22corbelow,highest-temperature-in-istanbul-on-july-29-2026,istanbul,2026-07-29,2026-07-27T08:07:15Z,1.0,0.004,2026-07-27T17:51:02Z
highest-temperature-in-istanbul-on-july-29-2026-23c,highest-temperature-in-istanbul-on-july-29-2026,istanbul,2026-07-29,2026-07-27T08:07:15Z,1.0,0.004,2026-07-27T17:51:02Z
highest-temperature-in-istanbul-on-july-29-2026-24c,highest-temperature-in-istanbul-on-july-29-2026,istanbul,2026-07-29,2026-07-27T08:07:15Z,1.0,0.02,2026-07-27T17:51:02Z
highest-temperature-in-istanbul-on-july-29-2026-25c,highest-temperature-in-istanbul-on-july-29-2026,istanbul,2026-07-29,2026-07-27T08:07:15Z,1.0,0.04,2026-07-27T17:51:02Z
highest-temperature-in-istanbul-on-july-29-2026-26c,highest-temperature-in-istanbul-on-july-29-2026,istanbul,2026-07-29,2026-07-27T08:07:15Z,1.0,0.16,2026-07-27T17:51:02Z
highest-temperature-in-istanbul-on-july-29-2026-27c,highest-temperature-in-istanbul-on-july-29-2026,istanbul,2026-07-29,2026-07-27T08:07:15Z,1.0,0.48,2026-07-27T17:51:02Z
highest-temperature-in-istanbul-on-july-29-2026-28c,highest-temperature-in-istanbul-on-july-29-2026,istanbul,2026-07-29,2026-07-27T08:07:15Z,1.0,0.32,2026-07-27T17:51:02Z
highest-temperature-in-istanbul-on-july-29-2026-29c,highest-temperature-in-istanbul-on-july-29-2026,istanbul,2026-07-29,2026-07-27T08:07:15Z,1.0,0.07,2026-07-27T17:51:02Z
highest-temperature-in-istanbul-on-july-29-2026-30c,highest-temperature-in-istanbul-on-july-29-2026,istanbul,2026-07-29,2026-07-27T08:07:15Z,1.0,0.03,2026-07-27T17:51:02Z
highest-temperature-in-istanbul-on-july-29-2026-31c,highest-temperature-in-istanbul-on-july-29-2026,istanbul,2026-07-29,2026-07-27T08:07:15Z,1.0,0.02,2026-07-27T17:51:02Z
highest-temperature-in-istanbul-on-july-29-2026-32corhigher,highest-temperature-in-istanbul-on-july-29-2026,istanbul,2026-07-29,2026-07-27T08:07:15Z,1.0,0.004,2026-07-27T17:51:02Z
highest-temperature-in-busan-on-july-29-2026-34corbelow,highest-temperature-in-busan-on-july-29-2026,busan,2026-07-29,2026-07-27T08:07:15Z,1.0,0.012,2026-07-27T17:51:02Z
highest-temperature-in-busan-on-july-29-2026-35c,highest-temperature-in-busan-on-july-29-2026,busan,2026-07-29,2026-07-27T08:07:15Z,1.0,0.03,2026-07-27T17:51:02Z
highest-temperature-in-busan-on-july-29-2026-36c,highest-temperature-in-busan-on-july-29-2026,busan,2026-07-29,2026-07-27T08:07:15Z,1.0,0.05,2026-07-27T17:51:02Z
highest-temperature-in-busan-on-july-29-2026-37c,highest-temperature-in-busan-on-july-29-2026,busan,2026-07-29,2026-07-27T08:07:15Z,1.0,0.23,2026-07-27T17:51:02Z
highest-temperature-in-busan-on-july-29-2026-38c,highest-temperature-in-busan-on-july-29-2026,busan,2026-07-29,2026-07-27T08:07:15Z,1.0,0.41,2026-07-27T17:51:02Z
highest-temperature-in-busan-on-july-29-2026-39c,highest-temperature-in-busan-on-july-29-2026,busan,2026-07-29,2026-07-27T08:07:15Z,1.0,0.29,2026-07-27T17:51:02Z
highest-temperature-in-busan-on-july-29-2026-40c,highest-temperature-in-busan-on-july-29-2026,busan,2026-07-29,2026-07-27T08:07:15Z,1.0,0.08,2026-07-27T17:51:02Z
highest-temperature-in-busan-on-july-29-2026-41c,highest-temperature-in-busan-on-july-29-2026,busan,2026-07-29,2026-07-27T08:07:15Z,1.0,0.024,2026-07-27T17:51:02Z
highest-temperature-in-busan-on-july-29-2026-42c,highest-temperature-in-busan-on-july-29-2026,busan,2026-07-29,2026-07-27T08:07:15Z,1.0,0.009,2026-07-27T17:51:02Z
highest-temperature-in-busan-on-july-29-2026-43c,highest-temperature-in-busan-on-july-29-2026,busan,2026-07-29,2026-07-27T08:07:15Z,1.0,0.003,2026-07-27T17:51:02Z
highest-temperature-in-busan-on-july-29-2026-44corhigher,highest-temperature-in-busan-on-july-29-2026,busan,2026-07-29,2026-07-27T08:07:15Z,1.0,0.003,2026-07-27T17:51:02Z
highest-temperature-in-amsterdam-on-july-29-2026-27corbelow,highest-temperature-in-amsterdam-on-july-29-2026,amsterdam,2026-07-29,2026-07-27T08:07:15Z,1.0,0.004,2026-07-27T17:51:02Z
highest-temperature-in-amsterdam-on-july-29-2026-28c,highest-temperature-in-amsterdam-on-july-29-2026,amsterdam,2026-07-29,2026-07-27T08:07:15Z,1.0,0.03,2026-07-27T17:51:02Z
highest-temperature-in-amsterdam-on-july-29-2026-29c,highest-temperature-in-amsterdam-on-july-29-2026,amsterdam,2026-07-29,2026-07-27T08:07:15Z,1.0,0.05,2026-07-27T17:51:02Z
highest-temperature-in-amsterdam-on-july-29-2026-30c,highest-temperature-in-amsterdam-on-july-29-2026,amsterdam,2026-07-29,2026-07-27T08:07:15Z,1.0,0.13,2026-07-27T17:51:02Z
highest-temperature-in-amsterdam-on-july-29-2026-31c,highest-temperature-in-amsterdam-on-july-29-2026,amsterdam,2026-07-29,2026-07-27T08:07:15Z,1.0,0.25,2026-07-27T17:51:02Z
highest-temperature-in-amsterdam-on-july-29-2026-32c,highest-temperature-in-amsterdam-on-july-29-2026,amsterdam,2026-07-29,2026-07-27T08:07:15Z,1.0,0.32,2026-07-27T17:51:02Z
highest-temperature-in-amsterdam-on-july-29-2026-33c,highest-temperature-in-amsterdam-on-july-29-2026,amsterdam,2026-07-29,2026-07-27T08:07:15Z,1.0,0.22,2026-07-27T17:51:02Z
highest-temperature-in-amsterdam-on-july-29-2026-34c,highest-temperature-in-amsterdam-on-july-29-2026,amsterdam,2026-07-29,2026-07-27T08:07:15Z,1.0,0.08,2026-07-27T17:51:02Z
highest-temperature-in-amsterdam-on-july-29-2026-35c,highest-temperature-in-amsterdam-on-july-29-2026,amsterdam,2026-07-29,2026-07-27T08:07:15Z,1.0,0.033,2026-07-27T17:51:02Z
highest-temperature-in-amsterdam-on-july-29-2026-36c,highest-temperature-in-amsterdam-on-july-29-2026,amsterdam,2026-07-29,2026-07-27T08:07:15Z,1.0,0.01,2026-07-27T17:51:02Z
highest-temperature-in-amsterdam-on-july-29-2026-37corhigher,highest-temperature-in-amsterdam-on-july-29-2026,amsterdam,2026-07-29,2026-07-27T08:07:15Z,1.0,0.004,2026-07-27T17:51:02Z
highest-temperature-in-helsinki-on-july-29-2026-18corbelow,highest-temperature-in-helsinki-on-july-29-2026,helsinki,2026-07-29,2026-07-27T08:07:15Z,1.0,0.004,2026-07-27T17:51:02Z
highest-temperature-in-helsinki-on-july-29-2026-19c,highest-temperature-in-helsinki-on-july-29-2026,helsinki,2026-07-29,2026-07-27T08:07:15Z,1.0,0.004,2026-07-27T17:51:02Z
highest-temperature-in-helsinki-on-july-29-2026-20c,highest-temperature-in-helsinki-on-july-29-2026,helsinki,2026-07-29,2026-07-27T08:07:15Z,1.0,0.02,2026-07-27T17:51:02Z
highest-temperature-in-helsinki-on-july-29-2026-21c,highest-temperature-in-helsinki-on-july-29-2026,helsinki,2026-07-29,2026-07-27T08:07:15Z,1.0,0.04,2026-07-27T17:51:02Z
highest-temperature-in-helsinki-on-july-29-2026-22c,highest-temperature-in-helsinki-on-july-29-2026,helsinki,2026-07-29,2026-07-27T08:07:15Z,1.0,0.09,2026-07-27T17:51:02Z
highest-temperature-in-helsinki-on-july-29-2026-23c,highest-temperature-in-helsinki-on-july-29-2026,helsinki,2026-07-29,2026-07-27T08:07:15Z,1.0,0.35,2026-07-27T17:51:02Z
highest-temperature-in-helsinki-on-july-29-2026-24c,highest-temperature-in-helsinki-on-july-29-2026,helsinki,2026-07-29,2026-07-27T08:07:15Z,1.0,0.43,2026-07-27T17:51:02Z
highest-temperature-in-helsinki-on-july-29-2026-25c,highest-temperature-in-helsinki-on-july-29-2026,helsinki,2026-07-29,2026-07-27T08:07:15Z,1.0,0.17,2026-07-27T17:51:02Z
highest-temperature-in-helsinki-on-july-29-2026-26c,highest-temperature-in-helsinki-on-july-29-2026,helsinki,2026-07-29,2026-07-27T08:07:15Z,1.0,0.06,2026-07-27T17:51:02Z
highest-temperature-in-helsinki-on-july-29-2026-27c,highest-temperature-in-helsinki-on-july-29-2026,helsinki,2026-07-29,2026-07-27T08:07:15Z,1.0,0.04,2026-07-27T17:51:02Z
highest-temperature-in-helsinki-on-july-29-2026-28corhigher,highest-temperature-in-helsinki-on-july-29-2026,helsinki,2026-07-29,2026-07-27T08:07:15Z,1.0,0.011,2026-07-27T17:51:02Z
highest-temperature-in-kuala-lumpur-on-july-29-2026-27corbelow,highest-temperature-in-kuala-lumpur-on-july-29-2026,kuala-lumpur,2026-07-29,2026-07-27T08:07:15Z,1.0,0.003,2026-07-27T17:51:02Z
highest-temperature-in-kuala-lumpur-on-july-29-2026-28c,highest-temperature-in-kuala-lumpur-on-july-29-2026,kuala-lumpur,2026-07-29,2026-07-27T08:07:15Z,1.0,0.02,2026-07-27T17:51:02Z
highest-temperature-in-kuala-lumpur-on-july-29-2026-29c,highest-temperature-in-kuala-lumpur-on-july-29-2026,kuala-lumpur,2026-07-29,2026-07-27T08:07:15Z,1.0,0.02,2026-07-27T17:51:02Z
highest-temperature-in-kuala-lumpur-on-july-29-2026-30c,highest-temperature-in-kuala-lumpur-on-july-29-2026,kuala-lumpur,2026-07-29,2026-07-27T08:07:15Z,1.0,0.039,2026-07-27T17:51:02Z
highest-temperature-in-kuala-lumpur-on-july-29-2026-31c,highest-temperature-in-kuala-lumpur-on-july-29-2026,kuala-lumpur,2026-07-29,2026-07-27T08:07:15Z,1.0,0.28,2026-07-27T17:51:02Z
highest-temperature-in-kuala-lumpur-on-july-29-2026-32c,highest-temperature-in-kuala-lumpur-on-july-29-2026,kuala-lumpur,2026-07-29,2026-07-27T08:07:15Z,1.0,0.4,2026-07-27T17:51:02Z
highest-temperature-in-kuala-lumpur-on-july-29-2026-33c,highest-temperature-in-kuala-lumpur-on-july-29-2026,kuala-lumpur,2026-07-29,2026-07-27T08:07:15Z,1.0,0.24,2026-07-27T17:51:02Z
highest-temperature-in-kuala-lumpur-on-july-29-2026-34c,highest-temperature-in-kuala-lumpur-on-july-29-2026,kuala-lumpur,2026-07-29,2026-07-27T08:07:15Z,1.0,0.03,2026-07-27T17:51:02Z
highest-temperature-in-kuala-lumpur-on-july-29-2026-35c,highest-temperature-in-kuala-lumpur-on-july-29-2026,kuala-lumpur,2026-07-29,2026-07-27T08:07:15Z,1.0,0.013,2026-07-27T17:51:02Z
highest-temperature-in-kuala-lumpur-on-july-29-2026-36c,highest-temperature-in-kuala-lumpur-on-july-29-2026,kuala-lumpur,2026-07-29,2026-07-27T08:07:15Z,1.0,0.005,2026-07-27T17:51:02Z
highest-temperature-in-kuala-lumpur-on-july-29-2026-37corhigher,highest-temperature-in-kuala-lumpur-on-july-29-2026,kuala-lumpur,2026-07-29,2026-07-27T08:07:15Z,1.0,0.004,2026-07-27T17:51:02Z
highest-temperature-in-jeddah-on-july-29-2026-34corbelow,highest-temperature-in-jeddah-on-july-29-2026,jeddah,2026-07-29,2026-07-27T08:07:15Z,1.0,0.004,2026-07-27T17:51:02Z
highest-temperature-in-jeddah-on-july-29-2026-35c,highest-temperature-in-jeddah-on-july-29-2026,jeddah,2026-07-29,2026-07-27T08:07:15Z,1.0,0.009,2026-07-27T17:51:02Z
highest-temperature-in-jeddah-on-july-29-2026-36c,highest-temperature-in-jeddah-on-july-29-2026,jeddah,2026-07-29,2026-07-27T08:07:15Z,1.0,0.03,2026-07-27T17:51:02Z
highest-temperature-in-jeddah-on-july-29-2026-37c,highest-temperature-in-jeddah-on-july-29-2026,jeddah,2026-07-29,2026-07-27T08:07:15Z,1.0,0.08,2026-07-27T17:51:02Z
highest-temperature-in-jeddah-on-july-29-2026-38c,highest-temperature-in-jeddah-on-july-29-2026,jeddah,2026-07-29,2026-07-27T08:07:15Z,1.0,0.19,2026-07-27T17:51:02Z
highest-temperature-in-jeddah-on-july-29-2026-39c,highest-temperature-in-jeddah-on-july-29-2026,jeddah,2026-07-29,2026-07-27T08:07:15Z,1.0,0.33,2026-07-27T17:51:02Z
highest-temperature-in-jeddah-on-july-29-2026-40c,highest-temperature-in-jeddah-on-july-29-2026,jeddah,2026-07-29,2026-07-27T08:07:15Z,1.0,0.3,2026-07-27T17:51:02Z
highest-temperature-in-jeddah-on-july-29-2026-41c,highest-temperature-in-jeddah-on-july-29-2026,jeddah,2026-07-29,2026-07-27T08:07:15Z,1.0,0.14,2026-07-27T17:51:02Z
highest-temperature-in-jeddah-on-july-29-2026-42c,highest-temperature-in-jeddah-on-july-29-2026,jeddah,2026-07-29,2026-07-27T08:07:15Z,1.0,0.02,2026-07-27T17:51:02Z
highest-temperature-in-jeddah-on-july-29-2026-43c,highest-temperature-in-jeddah-on-july-29-2026,jeddah,2026-07-29,2026-07-27T08:07:15Z,1.0,0.02,2026-07-27T17:51:02Z
highest-temperature-in-jeddah-on-july-29-2026-44corhigher,highest-temperature-in-jeddah-on-july-29-2026,jeddah,2026-07-29,2026-07-27T08:07:15Z,1.0,0.009,2026-07-27T17:51:02Z
highest-temperature-in-cape-town-on-july-29-2026-15corbelow,highest-temperature-in-cape-town-on-july-29-2026,cape-town,2026-07-29,2026-07-27T08:07:15Z,1.0,0.004,2026-07-27T17:51:02Z
highest-temperature-in-cape-town-on-july-29-2026-16c,highest-temperature-in-cape-town-on-july-29-2026,cape-town,2026-07-29,2026-07-27T08:07:15Z,1.0,0.01,2026-07-27T17:51:02Z
highest-temperature-in-cape-town-on-july-29-2026-17c,highest-temperature-in-cape-town-on-july-29-2026,cape-town,2026-07-29,2026-07-27T08:07:15Z,1.0,0.02,2026-07-27T17:51:02Z
highest-temperature-in-cape-town-on-july-29-2026-18c,highest-temperature-in-cape-town-on-july-29-2026,cape-town,2026-07-29,2026-07-27T08:07:15Z,1.0,0.07,2026-07-27T17:51:02Z
highest-temperature-in-cape-town-on-july-29-2026-19c,highest-temperature-in-cape-town-on-july-29-2026,cape-town,2026-07-29,2026-07-27T08:07:15Z,1.0,0.18,2026-07-27T17:51:02Z
highest-temperature-in-cape-town-on-july-29-2026-20c,highest-temperature-in-cape-town-on-july-29-2026,cape-town,2026-07-29,2026-07-27T08:07:15Z,1.0,0.37,2026-07-27T17:51:02Z
highest-temperature-in-cape-town-on-july-29-2026-21c,highest-temperature-in-cape-town-on-july-29-2026,cape-town,2026-07-29,2026-07-27T08:07:15Z,1.0,0.34,2026-07-27T17:51:02Z
highest-temperature-in-cape-town-on-july-29-2026-22c,highest-temperature-in-cape-town-on-july-29-2026,cape-town,2026-07-29,2026-07-27T08:07:15Z,1.0,0.14,2026-07-27T17:51:02Z
highest-temperature-in-cape-town-on-july-29-2026-23c,highest-temperature-in-cape-town-on-july-29-2026,cape-town,2026-07-29,2026-07-27T08:07:15Z,1.0,0.02,2026-07-27T17:51:02Z
highest-temperature-in-cape-town-on-july-29-2026-24c,highest-temperature-in-cape-town-on-july-29-2026,cape-town,2026-07-29,2026-07-27T08:07:15Z,1.0,0.03,2026-07-27T17:51:02Z
highest-temperature-in-cape-town-on-july-29-2026-25corhigher,highest-temperature-in-cape-town-on-july-29-2026,cape-town,2026-07-29,2026-07-27T08:07:15Z,1.0,0.004,2026-07-27T17:51:02Z
highest-temperature-in-guangzhou-on-july-29-2026-25corbelow,highest-temperature-in-guangzhou-on-july-29-2026,guangzhou,2026-07-29,2026-07-27T08:07:15Z,1.0,0.003,2026-07-27T17:51:02Z
highest-temperature-in-guangzhou-on-july-29-2026-26c,highest-temperature-in-guangzhou-on-july-29-2026,guangzhou,2026-07-29,2026-07-27T08:07:15Z,1.0,0.007,2026-07-27T17:51:02Z
highest-temperature-in-guangzhou-on-july-29-2026-27c,highest-temperature-in-guangzhou-on-july-29-2026,guangzhou,2026-07-29,2026-07-27T08:07:15Z,1.0,0.1,2026-07-27T17:51:02Z
highest-temperature-in-guangzhou-on-july-29-2026-28c,highest-temperature-in-guangzhou-on-july-29-2026,guangzhou,2026-07-29,2026-07-27T08:07:15Z,1.0,0.08,2026-07-27T17:51:02Z
highest-temperature-in-guangzhou-on-july-29-2026-29c,highest-temperature-in-guangzhou-on-july-29-2026,guangzhou,2026-07-29,2026-07-27T08:07:15Z,1.0,0.21,2026-07-27T17:51:02Z
highest-temperature-in-guangzhou-on-july-29-2026-30c,highest-temperature-in-guangzhou-on-july-29-2026,guangzhou,2026-07-29,2026-07-27T08:07:15Z,1.0,0.29,2026-07-27T17:51:02Z
highest-temperature-in-guangzhou-on-july-29-2026-31c,highest-temperature-in-guangzhou-on-july-29-2026,guangzhou,2026-07-29,2026-07-27T08:07:15Z,1.0,0.25,2026-07-27T17:51:02Z
highest-temperature-in-guangzhou-on-july-29-2026-32c,highest-temperature-in-guangzhou-on-july-29-2026,guangzhou,2026-07-29,2026-07-27T08:07:15Z,1.0,0.13,2026-07-27T17:51:02Z
highest-temperature-in-guangzhou-on-july-29-2026-33c,highest-temperature-in-guangzhou-on-july-29-2026,guangzhou,2026-07-29,2026-07-27T08:07:15Z,1.0,0.05,2026-07-27T17:51:02Z
highest-temperature-in-guangzhou-on-july-29-2026-34c,highest-temperature-in-guangzhou-on-july-29-2026,guangzhou,2026-07-29,2026-07-27T08:07:15Z,1.0,0.009,2026-07-27T17:51:02Z
highest-temperature-in-guangzhou-on-july-29-2026-35corhigher,highest-temperature-in-guangzhou-on-july-29-2026,guangzhou,2026-07-29,2026-07-27T08:07:15Z,1.0,0.011,2026-07-27T17:51:02Z
highest-temperature-in-qingdao-on-july-29-2026-25corbelow,highest-temperature-in-qingdao-on-july-29-2026,qingdao,2026-07-29,2026-07-27T08:09:58Z,0.46,0.002,2026-07-27T17:51:02Z
highest-temperature-in-qingdao-on-july-29-2026-26c,highest-temperature-in-qingdao-on-july-29-2026,qingdao,2026-07-29,2026-07-27T08:09:58Z,0.11,0.002,2026-07-27T17:51:02Z
highest-temperature-in-qingdao-on-july-29-2026-27c,highest-temperature-in-qingdao-on-july-29-2026,qingdao,2026-07-29,2026-07-27T08:09:58Z,0.16,0.002,2026-07-27T17:51:02Z
highest-temperature-in-qingdao-on-july-29-2026-28c,highest-temperature-in-qingdao-on-july-29-2026,qingdao,2026-07-29,2026-07-27T08:09:58Z,0.22,0.004,2026-07-27T17:51:02Z
highest-temperature-in-qingdao-on-july-29-2026-29c,highest-temperature-in-qingdao-on-july-29-2026,qingdao,2026-07-29,2026-07-27T08:09:58Z,0.28,0.009,2026-07-27T17:51:02Z
highest-temperature-in-qingdao-on-july-29-2026-30c,highest-temperature-in-qingdao-on-july-29-2026,qingdao,2026-07-29,2026-07-27T08:09:58Z,0.33,0.03,2026-07-27T17:51:02Z
highest-temperature-in-qingdao-on-july-29-2026-31c,highest-temperature-in-qingdao-on-july-29-2026,qingdao,2026-07-29,2026-07-27T08:09:58Z,0.38,0.09,2026-07-27T17:51:02Z
highest-temperature-in-qingdao-on-july-29-2026-32c,highest-temperature-in-qingdao-on-july-29-2026,qingdao,2026-07-29,2026-07-27T08:09:58Z,0.38,0.22,2026-07-27T17:51:02Z
highest-temperature-in-qingdao-on-july-29-2026-33c,highest-temperature-in-qingdao-on-july-29-2026,qingdao,2026-07-29,2026-07-27T08:09:58Z,0.38,0.34,2026-07-27T17:51:02Z
highest-temperature-in-qingdao-on-july-29-2026-34c,highest-temperature-in-qingdao-on-july-29-2026,qingdao,2026-07-29,2026-07-27T08:09:58Z,0.38,0.25,2026-07-27T17:51:02Z
highest-temperature-in-qingdao-on-july-29-2026-35corhigher,highest-temperature-in-qingdao-on-july-29-2026,qingdao,2026-07-29,2026-07-27T08:09:58Z,0.46,0.2,2026-07-27T17:51:02Z
highest-temperature-in-karachi-on-july-29-2026-30corbelow,highest-temperature-in-karachi-on-july-29-2026,karachi,2026-07-29,2026-07-27T08:09:58Z,0.07,0.007,2026-07-27T17:51:02Z
highest-temperature-in-karachi-on-july-29-2026-31c,highest-temperature-in-karachi-on-july-29-2026,karachi,2026-07-29,2026-07-27T08:09:58Z,0.07,0.03,2026-07-27T17:51:02Z
highest-temperature-in-karachi-on-july-29-2026-32c,highest-temperature-in-karachi-on-july-29-2026,karachi,2026-07-29,2026-07-27T08:09:58Z,0.99,0.06,2026-07-27T17:51:02Z
highest-temperature-in-karachi-on-july-29-2026-33c,highest-temperature-in-karachi-on-july-29-2026,karachi,2026-07-29,2026-07-27T08:09:58Z,0.99,0.13,2026-07-27T17:51:02Z
highest-temperature-in-karachi-on-july-29-2026-34c,highest-temperature-in-karachi-on-july-29-2026,karachi,2026-07-29,2026-07-27T08:09:58Z,0.99,0.35,2026-07-27T17:51:02Z
highest-temperature-in-karachi-on-july-29-2026-35c,highest-temperature-in-karachi-on-july-29-2026,karachi,2026-07-29,2026-07-27T08:09:58Z,0.99,0.35,2026-07-27T17:51:02Z
highest-temperature-in-karachi-on-july-29-2026-36c,highest-temperature-in-karachi-on-july-29-2026,karachi,2026-07-29,2026-07-27T08:09:58Z,0.99,0.19,2026-07-27T17:51:02Z
highest-temperature-in-karachi-on-july-29-2026-37c,highest-temperature-in-karachi-on-july-29-2026,karachi,2026-07-29,2026-07-27T08:09:58Z,0.07,0.07,2026-07-27T17:51:02Z
highest-temperature-in-karachi-on-july-29-2026-38c,highest-temperature-in-karachi-on-july-29-2026,karachi,2026-07-29,2026-07-27T08:09:58Z,0.07,0.02,2026-07-27T17:51:02Z
highest-temperature-in-karachi-on-july-29-2026-39c,highest-temperature-in-karachi-on-july-29-2026,karachi,2026-07-29,2026-07-27T08:09:58Z,0.07,0.009,2026-07-27T17:51:02Z
highest-temperature-in-karachi-on-july-29-2026-40corhigher,highest-temperature-in-karachi-on-july-29-2026,karachi,2026-07-29,2026-07-27T08:09:58Z,0.07,0.004,2026-07-27T17:51:02Z
highest-temperature-in-manila-on-july-29-2026-27corbelow,highest-temperature-in-manila-on-july-29-2026,manila,2026-07-29,2026-07-27T08:09:58Z,0.98,0.01,2026-07-27T17:51:02Z
highest-temperature-in-manila-on-july-29-2026-28c,highest-temperature-in-manila-on-july-29-2026,manila,2026-07-29,2026-07-27T08:09:58Z,0.98,0.012,2026-07-27T17:51:02Z
highest-temperature-in-manila-on-july-29-2026-29c,highest-temperature-in-manila-on-july-29-2026,manila,2026-07-29,2026-07-27T08:09:58Z,0.99,0.15,2026-07-27T17:51:02Z
highest-temperature-in-manila-on-july-29-2026-30c,highest-temperature-in-manila-on-july-29-2026,manila,2026-07-29,2026-07-27T08:09:58Z,0.99,0.26,2026-07-27T17:51:02Z
highest-temperature-in-manila-on-july-29-2026-31c,highest-temperature-in-manila-on-july-29-2026,manila,2026-07-29,2026-07-27T08:09:58Z,0.99,0.31,2026-07-27T17:51:02Z
highest-temperature-in-manila-on-july-29-2026-32c,highest-temperature-in-manila-on-july-29-2026,manila,2026-07-29,2026-07-27T08:09:58Z,0.99,0.23,2026-07-27T17:51:02Z
highest-temperature-in-manila-on-july-29-2026-33c,highest-temperature-in-manila-on-july-29-2026,manila,2026-07-29,2026-07-27T08:09:58Z,0.99,0.11,2026-07-27T17:51:02Z
highest-temperature-in-manila-on-july-29-2026-34c,highest-temperature-in-manila-on-july-29-2026,manila,2026-07-29,2026-07-27T08:09:58Z,0.99,0.02,2026-07-27T17:51:02Z
highest-temperature-in-manila-on-july-29-2026-35c,highest-temperature-in-manila-on-july-29-2026,manila,2026-07-29,2026-07-27T08:09:58Z,0.99,0.005,2026-07-27T17:51:02Z
highest-temperature-in-manila-on-july-29-2026-36c,highest-temperature-in-manila-on-july-29-2026,manila,2026-07-29,2026-07-27T08:09:58Z,0.99,0.004,2026-07-27T17:51:02Z
highest-temperature-in-manila-on-july-29-2026-37corhigher,highest-temperature-in-manila-on-july-29-2026,manila,2026-07-29,2026-07-27T08:09:58Z,0.99,0.004,2026-07-27T17:51:02Z
