target_date,event_slug,city,unit,precision,station_kind,station_id,resolved_bucket,actual_c,actual_native,actual_source,verify_utc
2026-07-08,highest-temperature-in-atlanta-on-july-8-2026,atlanta,F,whole,metar,KATL,92-93°F,33.2,91.8,openmeteo_grid,2026-07-09T09:01:43Z
2026-07-08,highest-temperature-in-austin-on-july-8-2026,austin,F,whole,metar,KAUS,98-99°F,37.2,99.0,iem_metar,2026-07-09T09:01:43Z
2026-07-08,highest-temperature-in-chicago-on-july-8-2026,chicago,F,whole,metar,KORD,88-89°F,31.9,89.4,openmeteo_grid,2026-07-09T09:01:43Z
2026-07-08,highest-temperature-in-dallas-on-july-8-2026,dallas,F,whole,geocode,dallas,100-101°F,38.7,101.7,openmeteo_grid,2026-07-09T09:01:43Z
2026-07-08,highest-temperature-in-denver-on-july-8-2026,denver,F,whole,geocode,denver,92-93°F,34.2,93.6,openmeteo_grid,2026-07-09T09:01:43Z
2026-07-08,highest-temperature-in-houston-on-july-8-2026,houston,F,whole,metar,KHOU,92-93°F,34.3,93.7,openmeteo_grid,2026-07-09T09:01:43Z
2026-07-08,highest-temperature-in-los-angeles-on-july-8-2026,los-angeles,F,whole,metar,KLAX,74-75°F,23.3,74.0,iem_metar,2026-07-09T09:01:43Z
2026-07-08,highest-temperature-in-mexico-city-on-july-8-2026,mexico-city,C,whole,metar,MMMX,23°C,23.0,23.0,iem_metar,2026-07-09T09:01:43Z
2026-07-08,highest-temperature-in-miami-on-july-8-2026,miami,F,whole,metar,KMIA,92-93°F,31.8,89.2,openmeteo_grid,2026-07-09T09:01:43Z
2026-07-08,highest-temperature-in-nyc-on-july-8-2026,nyc,F,whole,metar,KLGA,86-87°F,30.6,87.0,iem_metar,2026-07-09T09:01:43Z
2026-07-08,highest-temperature-in-panama-city-on-july-8-2026,panama-city,C,whole,metar,MPMG,35°C,35.0,35.0,iem_metar,2026-07-09T09:01:43Z
2026-07-08,highest-temperature-in-san-francisco-on-july-8-2026,san-francisco,F,whole,metar,KSFO,64-65°F,18.3,65.0,iem_metar,2026-07-09T09:01:43Z
2026-07-08,highest-temperature-in-seattle-on-july-8-2026,seattle,F,whole,metar,KSEA,68-69°F,21.7,71.0,iem_metar,2026-07-09T09:01:43Z
2026-07-08,highest-temperature-in-toronto-on-july-8-2026,toronto,C,whole,metar,CYYZ,29°C,29.0,29.0,iem_metar,2026-07-09T09:01:43Z
2026-07-09,highest-temperature-in-amsterdam-on-july-9-2026,amsterdam,C,whole,metar,EHAM,24°C,24.0,24.0,iem_metar,2026-07-10T11:32:39Z
2026-07-09,highest-temperature-in-ankara-on-july-9-2026,ankara,C,whole,metar,LTAC,31°C,31.0,31.0,iem_metar,2026-07-10T11:32:39Z
2026-07-09,highest-temperature-in-atlanta-on-july-9-2026,atlanta,F,whole,metar,KATL,94-95°F,35.0,95.0,openmeteo_grid,2026-07-10T11:32:39Z
2026-07-09,highest-temperature-in-beijing-on-july-9-2026,beijing,C,whole,metar,ZBAA,35°C,35.0,35.0,iem_metar,2026-07-10T11:32:39Z
2026-07-09,highest-temperature-in-busan-on-july-9-2026,busan,C,whole,metar,RKPK,30°C,30.0,30.0,iem_metar,2026-07-10T11:32:39Z
2026-07-09,highest-temperature-in-cape-town-on-july-9-2026,cape-town,C,whole,metar,FACT,16°C,16.0,16.0,iem_metar,2026-07-10T11:32:39Z
2026-07-09,highest-temperature-in-chengdu-on-july-9-2026,chengdu,C,whole,metar,ZUUU,39°C,39.0,39.0,iem_metar,2026-07-10T11:32:39Z
2026-07-09,highest-temperature-in-chicago-on-july-9-2026,chicago,F,whole,metar,KORD,86-87°F,30.6,87.1,openmeteo_grid,2026-07-10T11:32:39Z
2026-07-09,highest-temperature-in-chongqing-on-july-9-2026,chongqing,C,whole,metar,ZUCK,38°C,38.0,38.0,iem_metar,2026-07-10T11:32:39Z
2026-07-09,highest-temperature-in-denver-on-july-9-2026,denver,F,whole,geocode,denver,90-91°F,33.0,91.4,openmeteo_grid,2026-07-10T11:32:39Z
2026-07-09,highest-temperature-in-guangzhou-on-july-9-2026,guangzhou,C,whole,metar,ZGGG,32°C,32.0,32.0,iem_metar,2026-07-10T11:32:39Z
2026-07-09,highest-temperature-in-helsinki-on-july-9-2026,helsinki,C,whole,metar,EFHK,19°C,19.0,19.0,iem_metar,2026-07-10T11:32:39Z
2026-07-09,highest-temperature-in-hong-kong-on-july-9-2026,hong-kong,C,decimal,hko,HKO,31°C,31.0,31.0,iem_vhhh_proxy,2026-07-10T11:32:39Z
2026-07-09,highest-temperature-in-houston-on-july-9-2026,houston,F,whole,metar,KHOU,92-93°F,34.5,94.1,openmeteo_grid,2026-07-10T11:32:39Z
2026-07-09,highest-temperature-in-istanbul-on-july-9-2026,istanbul,C,whole,geocode,istanbul,24°C,24.9,24.9,openmeteo_grid,2026-07-10T11:32:39Z
2026-07-09,highest-temperature-in-jeddah-on-july-9-2026,jeddah,C,whole,metar,OEJN,38°C,38.0,38.0,iem_metar,2026-07-10T11:32:39Z
2026-07-09,highest-temperature-in-karachi-on-july-9-2026,karachi,C,whole,metar,OPKC,34°C,34.0,34.0,iem_metar,2026-07-10T11:32:39Z
2026-07-09,highest-temperature-in-kuala-lumpur-on-july-9-2026,kuala-lumpur,C,whole,metar,WMKK,34°C,34.0,34.0,iem_metar,2026-07-10T11:32:39Z
2026-07-09,highest-temperature-in-london-on-july-9-2026,london,C,whole,metar,EGLC,34°C,34.0,34.0,iem_metar,2026-07-10T11:32:39Z
2026-07-09,highest-temperature-in-los-angeles-on-july-9-2026,los-angeles,F,whole,metar,KLAX,74-75°F,23.3,74.0,iem_metar,2026-07-10T11:32:39Z
2026-07-09,highest-temperature-in-lucknow-on-july-9-2026,lucknow,C,whole,metar,VILK,31°C,31.0,31.0,iem_metar,2026-07-10T11:32:39Z
2026-07-09,highest-temperature-in-madrid-on-july-9-2026,madrid,C,whole,metar,LEMD,38°C,38.0,38.0,iem_metar,2026-07-10T11:32:39Z
2026-07-09,highest-temperature-in-manila-on-july-9-2026,manila,C,whole,metar,RPLL,33°C,33.0,33.0,iem_metar,2026-07-10T11:32:39Z
2026-07-09,highest-temperature-in-mexico-city-on-july-9-2026,mexico-city,C,whole,metar,MMMX,23°C,23.0,23.0,iem_metar,2026-07-10T11:32:39Z
2026-07-09,highest-temperature-in-miami-on-july-9-2026,miami,F,whole,metar,KMIA,90-91°F,31.7,89.1,openmeteo_grid,2026-07-10T11:32:39Z
2026-07-09,highest-temperature-in-milan-on-july-9-2026,milan,C,whole,metar,LIMC,34°C,34.0,34.0,iem_metar,2026-07-10T11:32:39Z
2026-07-09,highest-temperature-in-moscow-on-july-9-2026,moscow,C,whole,geocode,moscow,20°C,20.5,20.5,openmeteo_grid,2026-07-10T11:32:39Z
2026-07-09,highest-temperature-in-munich-on-july-9-2026,munich,C,whole,metar,EDDM,26°C,26.0,26.0,iem_metar,2026-07-10T11:32:39Z
2026-07-09,highest-temperature-in-nyc-on-july-9-2026,nyc,F,whole,metar,KLGA,86-87°F,31.7,89.0,iem_metar,2026-07-10T11:32:39Z
2026-07-09,highest-temperature-in-panama-city-on-july-9-2026,panama-city,C,whole,metar,MPMG,33°C,33.0,33.0,iem_metar,2026-07-10T11:32:39Z
2026-07-09,highest-temperature-in-paris-on-july-9-2026,paris,C,whole,metar,LFPB,33°C,33.0,33.0,iem_metar,2026-07-10T11:32:39Z
2026-07-09,highest-temperature-in-qingdao-on-july-9-2026,qingdao,C,whole,metar,ZSQD,28°C,28.0,28.0,iem_metar,2026-07-10T11:32:39Z
2026-07-09,highest-temperature-in-san-francisco-on-july-9-2026,san-francisco,F,whole,metar,KSFO,66-67°F,20.6,69.0,iem_metar,2026-07-10T11:32:39Z
2026-07-09,highest-temperature-in-sao-paulo-on-july-9-2026,sao-paulo,C,whole,metar,SBGR,22°C,22.0,22.0,iem_metar,2026-07-10T11:32:39Z
2026-07-09,highest-temperature-in-seattle-on-july-9-2026,seattle,F,whole,metar,KSEA,78-79°F,26.1,79.0,iem_metar,2026-07-10T11:32:39Z
2026-07-09,highest-temperature-in-seoul-on-july-9-2026,seoul,C,whole,metar,RKSI,27°C,27.0,27.0,iem_metar,2026-07-10T11:32:39Z
2026-07-09,highest-temperature-in-shanghai-on-july-9-2026,shanghai,C,whole,metar,ZSPD,29°C,29.0,29.0,iem_metar,2026-07-10T11:32:39Z
2026-07-09,highest-temperature-in-shenzhen-on-july-9-2026,shenzhen,C,whole,metar,ZGSZ,30°C,32.0,32.0,iem_metar,2026-07-10T11:32:39Z
2026-07-09,highest-temperature-in-singapore-on-july-9-2026,singapore,C,whole,metar,WSSS,31°C,31.0,31.0,iem_metar,2026-07-10T11:32:39Z
2026-07-09,highest-temperature-in-taipei-on-july-9-2026,taipei,C,whole,metar,RCSS,35°C,35.0,35.0,iem_metar,2026-07-10T11:32:39Z
2026-07-09,highest-temperature-in-tel-aviv-on-july-9-2026,tel-aviv,C,whole,geocode,tel-aviv,31°C,29.7,29.7,openmeteo_grid,2026-07-10T11:32:39Z
2026-07-09,highest-temperature-in-tokyo-on-july-9-2026,tokyo,C,whole,metar,RJTT,30°C,30.0,30.0,iem_metar,2026-07-10T11:32:39Z
2026-07-09,highest-temperature-in-toronto-on-july-9-2026,toronto,C,whole,metar,CYYZ,29°C,29.0,29.0,iem_metar,2026-07-10T11:32:39Z
2026-07-09,highest-temperature-in-warsaw-on-july-9-2026,warsaw,C,whole,metar,EPWA,18°C,18.0,18.0,iem_metar,2026-07-10T11:32:39Z
2026-07-09,highest-temperature-in-wellington-on-july-9-2026,wellington,C,whole,metar,NZWN,11°C,11.0,11.0,iem_metar,2026-07-10T11:32:39Z
2026-07-09,highest-temperature-in-wuhan-on-july-9-2026,wuhan,C,whole,metar,ZHHH,35°C,35.0,35.0,iem_metar,2026-07-10T11:32:39Z
2026-07-10,highest-temperature-in-amsterdam-on-july-10-2026,amsterdam,C,whole,metar,EHAM,26°C,26.0,26.0,iem_metar,2026-07-11T07:32:37Z
2026-07-10,highest-temperature-in-ankara-on-july-10-2026,ankara,C,whole,metar,LTAC,29°C,29.0,29.0,iem_metar,2026-07-11T07:32:37Z
2026-07-10,highest-temperature-in-atlanta-on-july-10-2026,atlanta,F,whole,metar,KATL,92-93°F,33.9,93.0,openmeteo_grid,2026-07-11T07:32:37Z
2026-07-10,highest-temperature-in-austin-on-july-10-2026,austin,F,whole,metar,KAUS,94-95°F,35.0,95.0,iem_metar,2026-07-11T07:32:37Z
2026-07-09,highest-temperature-in-austin-on-july-9-2026,austin,F,whole,metar,KAUS,96-97°F,36.7,98.0,iem_metar,2026-07-11T07:32:37Z
2026-07-10,highest-temperature-in-beijing-on-july-10-2026,beijing,C,whole,metar,ZBAA,<=27°C,27.0,27.0,iem_metar,2026-07-11T07:32:37Z
2026-07-10,highest-temperature-in-buenos-aires-on-july-10-2026,buenos-aires,C,whole,metar,SAEZ,14°C,14.0,14.0,iem_metar,2026-07-11T07:32:37Z
2026-07-10,highest-temperature-in-busan-on-july-10-2026,busan,C,whole,metar,RKPK,32°C,32.0,32.0,iem_metar,2026-07-11T07:32:37Z
2026-07-10,highest-temperature-in-cape-town-on-july-10-2026,cape-town,C,whole,metar,FACT,18°C,18.0,18.0,iem_metar,2026-07-11T07:32:37Z
2026-07-10,highest-temperature-in-chengdu-on-july-10-2026,chengdu,C,whole,metar,ZUUU,36°C,36.0,36.0,iem_metar,2026-07-11T07:32:37Z
2026-07-10,highest-temperature-in-chicago-on-july-10-2026,chicago,F,whole,metar,KORD,80-81°F,27.8,82.0,openmeteo_grid,2026-07-11T07:32:37Z
2026-07-10,highest-temperature-in-chongqing-on-july-10-2026,chongqing,C,whole,metar,ZUCK,38°C,38.0,38.0,iem_metar,2026-07-11T07:32:37Z
2026-07-10,highest-temperature-in-dallas-on-july-10-2026,dallas,F,whole,geocode,dallas,98-99°F,36.6,97.9,openmeteo_grid,2026-07-11T07:32:37Z
2026-07-09,highest-temperature-in-dallas-on-july-9-2026,dallas,F,whole,geocode,dallas,100-101°F,38.2,100.8,openmeteo_grid,2026-07-11T07:32:37Z
2026-07-10,highest-temperature-in-denver-on-july-10-2026,denver,F,whole,geocode,denver,90-91°F,33.0,91.4,openmeteo_grid,2026-07-11T07:32:37Z
2026-07-10,highest-temperature-in-guangzhou-on-july-10-2026,guangzhou,C,whole,metar,ZGGG,35°C,35.0,35.0,iem_metar,2026-07-11T07:32:37Z
2026-07-10,highest-temperature-in-helsinki-on-july-10-2026,helsinki,C,whole,metar,EFHK,22°C,22.0,22.0,iem_metar,2026-07-11T07:32:37Z
2026-07-10,highest-temperature-in-houston-on-july-10-2026,houston,F,whole,metar,KHOU,92-93°F,33.6,92.5,openmeteo_grid,2026-07-11T07:32:37Z
2026-07-10,highest-temperature-in-istanbul-on-july-10-2026,istanbul,C,whole,geocode,istanbul,26°C,26.9,26.9,openmeteo_grid,2026-07-11T07:32:37Z
2026-07-10,highest-temperature-in-jeddah-on-july-10-2026,jeddah,C,whole,metar,OEJN,38°C,38.0,38.0,iem_metar,2026-07-11T07:32:37Z
2026-07-10,highest-temperature-in-karachi-on-july-10-2026,karachi,C,whole,metar,OPKC,33°C,33.0,33.0,iem_metar,2026-07-11T07:32:37Z
2026-07-10,highest-temperature-in-kuala-lumpur-on-july-10-2026,kuala-lumpur,C,whole,metar,WMKK,33°C,33.0,33.0,iem_metar,2026-07-11T07:32:37Z
2026-07-10,highest-temperature-in-london-on-july-10-2026,london,C,whole,metar,EGLC,29°C,29.0,29.0,iem_metar,2026-07-11T07:32:37Z
2026-07-10,highest-temperature-in-lucknow-on-july-10-2026,lucknow,C,whole,metar,VILK,32°C,32.0,32.0,iem_metar,2026-07-11T07:32:37Z
2026-07-10,highest-temperature-in-madrid-on-july-10-2026,madrid,C,whole,metar,LEMD,36°C,36.0,36.0,iem_metar,2026-07-11T07:32:37Z
2026-07-10,highest-temperature-in-manila-on-july-10-2026,manila,C,whole,metar,RPLL,32°C,32.0,32.0,iem_metar,2026-07-11T07:32:37Z
2026-07-10,highest-temperature-in-mexico-city-on-july-10-2026,mexico-city,C,whole,metar,MMMX,25°C,25.0,25.0,iem_metar,2026-07-11T07:32:37Z
2026-07-10,highest-temperature-in-miami-on-july-10-2026,miami,F,whole,metar,KMIA,92-93°F,32.2,90.0,openmeteo_grid,2026-07-11T07:32:37Z
2026-07-10,highest-temperature-in-milan-on-july-10-2026,milan,C,whole,metar,LIMC,34°C,34.0,34.0,iem_metar,2026-07-11T07:32:37Z
2026-07-10,highest-temperature-in-moscow-on-july-10-2026,moscow,C,whole,geocode,moscow,28°C,29.0,29.0,openmeteo_grid,2026-07-11T07:32:37Z
2026-07-10,highest-temperature-in-munich-on-july-10-2026,munich,C,whole,metar,EDDM,29°C,29.0,29.0,iem_metar,2026-07-11T07:32:37Z
2026-07-10,highest-temperature-in-nyc-on-july-10-2026,nyc,F,whole,metar,KLGA,88-89°F,31.7,89.0,iem_metar,2026-07-11T07:32:37Z
2026-07-10,highest-temperature-in-panama-city-on-july-10-2026,panama-city,C,whole,metar,MPMG,30°C,30.0,30.0,iem_metar,2026-07-11T07:32:37Z
2026-07-10,highest-temperature-in-paris-on-july-10-2026,paris,C,whole,metar,LFPB,35°C,35.0,35.0,iem_metar,2026-07-11T07:32:37Z
2026-07-10,highest-temperature-in-qingdao-on-july-10-2026,qingdao,C,whole,metar,ZSQD,30°C,30.0,30.0,iem_metar,2026-07-11T07:32:37Z
2026-07-10,highest-temperature-in-sao-paulo-on-july-10-2026,sao-paulo,C,whole,metar,SBGR,26°C,26.0,26.0,iem_metar,2026-07-11T07:32:37Z
2026-07-10,highest-temperature-in-seoul-on-july-10-2026,seoul,C,whole,metar,RKSI,28°C,28.0,28.0,iem_metar,2026-07-11T07:32:37Z
2026-07-10,highest-temperature-in-shanghai-on-july-10-2026,shanghai,C,whole,metar,ZSPD,32°C,32.0,32.0,iem_metar,2026-07-11T07:32:37Z
2026-07-10,highest-temperature-in-shenzhen-on-july-10-2026,shenzhen,C,whole,metar,ZGSZ,33°C,32.0,32.0,iem_metar,2026-07-11T07:32:37Z
2026-07-10,highest-temperature-in-singapore-on-july-10-2026,singapore,C,whole,metar,WSSS,32°C,32.0,32.0,iem_metar,2026-07-11T07:32:37Z
2026-07-10,highest-temperature-in-taipei-on-july-10-2026,taipei,C,whole,metar,RCSS,33°C,33.0,33.0,iem_metar,2026-07-11T07:32:37Z
2026-07-10,highest-temperature-in-tel-aviv-on-july-10-2026,tel-aviv,C,whole,geocode,tel-aviv,31°C,30.1,30.1,openmeteo_grid,2026-07-11T07:32:37Z
2026-07-10,highest-temperature-in-tokyo-on-july-10-2026,tokyo,C,whole,metar,RJTT,30°C,30.0,30.0,iem_metar,2026-07-11T07:32:37Z
2026-07-10,highest-temperature-in-toronto-on-july-10-2026,toronto,C,whole,metar,CYYZ,26°C,26.0,26.0,iem_metar,2026-07-11T07:32:37Z
2026-07-10,highest-temperature-in-warsaw-on-july-10-2026,warsaw,C,whole,metar,EPWA,18°C,18.0,18.0,iem_metar,2026-07-11T07:32:37Z
2026-07-10,highest-temperature-in-wellington-on-july-10-2026,wellington,C,whole,metar,NZWN,10°C,10.0,10.0,iem_metar,2026-07-11T07:32:37Z
2026-07-10,highest-temperature-in-wuhan-on-july-10-2026,wuhan,C,whole,metar,ZHHH,37°C,37.0,37.0,iem_metar,2026-07-11T07:32:37Z
2026-07-10,highest-temperature-in-los-angeles-on-july-10-2026,los-angeles,F,whole,metar,KLAX,74-75°F,23.3,74.0,iem_metar,2026-07-11T15:34:40Z
2026-07-10,highest-temperature-in-san-francisco-on-july-10-2026,san-francisco,F,whole,metar,KSFO,64-65°F,18.9,66.0,iem_metar,2026-07-11T15:34:40Z
2026-07-10,highest-temperature-in-seattle-on-july-10-2026,seattle,F,whole,metar,KSEA,76-77°F,25.6,78.0,iem_metar,2026-07-11T15:34:40Z
2026-07-11,highest-temperature-in-amsterdam-on-july-11-2026,amsterdam,C,whole,metar,EHAM,25°C,25.0,25.0,iem_metar,2026-07-12T07:57:14Z
2026-07-11,highest-temperature-in-ankara-on-july-11-2026,ankara,C,whole,metar,LTAC,30°C,30.0,30.0,iem_metar,2026-07-12T07:57:14Z
2026-07-11,highest-temperature-in-atlanta-on-july-11-2026,atlanta,F,whole,metar,KATL,94-95°F,32.4,90.3,openmeteo_grid,2026-07-12T07:57:14Z
2026-07-11,highest-temperature-in-austin-on-july-11-2026,austin,F,whole,metar,KAUS,90-91°F,32.2,90.0,iem_metar,2026-07-12T07:57:14Z
2026-07-11,highest-temperature-in-beijing-on-july-11-2026,beijing,C,whole,metar,ZBAA,29°C,29.0,29.0,iem_metar,2026-07-12T07:57:14Z
2026-07-11,highest-temperature-in-buenos-aires-on-july-11-2026,buenos-aires,C,whole,metar,SAEZ,12°C,12.0,12.0,iem_metar,2026-07-12T07:57:14Z
2026-07-11,highest-temperature-in-busan-on-july-11-2026,busan,C,whole,metar,RKPK,34°C,34.0,34.0,iem_metar,2026-07-12T07:57:14Z
2026-07-11,highest-temperature-in-cape-town-on-july-11-2026,cape-town,C,whole,metar,FACT,20°C,20.0,20.0,iem_metar,2026-07-12T07:57:14Z
2026-07-11,highest-temperature-in-chengdu-on-july-11-2026,chengdu,C,whole,metar,ZUUU,31°C,31.0,31.0,iem_metar,2026-07-12T07:57:14Z
2026-07-11,highest-temperature-in-chicago-on-july-11-2026,chicago,F,whole,metar,KORD,82-83°F,27.8,82.0,openmeteo_grid,2026-07-12T07:57:14Z
2026-07-11,highest-temperature-in-chongqing-on-july-11-2026,chongqing,C,whole,metar,ZUCK,38°C,38.0,38.0,iem_metar,2026-07-12T07:57:14Z
2026-07-11,highest-temperature-in-dallas-on-july-11-2026,dallas,F,whole,geocode,dallas,98-99°F,36.5,97.7,openmeteo_grid,2026-07-12T07:57:14Z
2026-07-11,highest-temperature-in-guangzhou-on-july-11-2026,guangzhou,C,whole,metar,ZGGG,37°C,37.0,37.0,iem_metar,2026-07-12T07:57:14Z
2026-07-11,highest-temperature-in-helsinki-on-july-11-2026,helsinki,C,whole,metar,EFHK,28°C,28.0,28.0,iem_metar,2026-07-12T07:57:14Z
2026-07-11,highest-temperature-in-houston-on-july-11-2026,houston,F,whole,metar,KHOU,88-89°F,32.1,89.8,openmeteo_grid,2026-07-12T07:57:14Z
2026-07-11,highest-temperature-in-istanbul-on-july-11-2026,istanbul,C,whole,geocode,istanbul,28°C,29.2,29.2,openmeteo_grid,2026-07-12T07:57:14Z
2026-07-11,highest-temperature-in-jeddah-on-july-11-2026,jeddah,C,whole,metar,OEJN,37°C,37.0,37.0,iem_metar,2026-07-12T07:57:14Z
2026-07-11,highest-temperature-in-karachi-on-july-11-2026,karachi,C,whole,metar,OPKC,34°C,34.0,34.0,iem_metar,2026-07-12T07:57:14Z
2026-07-11,highest-temperature-in-kuala-lumpur-on-july-11-2026,kuala-lumpur,C,whole,metar,WMKK,29°C,29.0,29.0,iem_metar,2026-07-12T07:57:14Z
2026-07-11,highest-temperature-in-london-on-july-11-2026,london,C,whole,metar,EGLC,27°C,27.0,27.0,iem_metar,2026-07-12T07:57:14Z
2026-07-11,highest-temperature-in-lucknow-on-july-11-2026,lucknow,C,whole,metar,VILK,34°C,34.0,34.0,iem_metar,2026-07-12T07:57:14Z
2026-07-11,highest-temperature-in-madrid-on-july-11-2026,madrid,C,whole,metar,LEMD,38°C,38.0,38.0,iem_metar,2026-07-12T07:57:14Z
2026-07-11,highest-temperature-in-manila-on-july-11-2026,manila,C,whole,metar,RPLL,30°C,30.0,30.0,iem_metar,2026-07-12T07:57:14Z
2026-07-11,highest-temperature-in-mexico-city-on-july-11-2026,mexico-city,C,whole,metar,MMMX,25°C,25.0,25.0,iem_metar,2026-07-12T07:57:14Z
2026-07-11,highest-temperature-in-miami-on-july-11-2026,miami,F,whole,metar,KMIA,90-91°F,32.0,89.6,openmeteo_grid,2026-07-12T07:57:14Z
2026-07-11,highest-temperature-in-milan-on-july-11-2026,milan,C,whole,metar,LIMC,33°C,33.0,33.0,iem_metar,2026-07-12T07:57:14Z
2026-07-11,highest-temperature-in-moscow-on-july-11-2026,moscow,C,whole,geocode,moscow,25°C,27.6,27.6,openmeteo_grid,2026-07-12T07:57:14Z
2026-07-11,highest-temperature-in-munich-on-july-11-2026,munich,C,whole,metar,EDDM,30°C,30.0,30.0,iem_metar,2026-07-12T07:57:14Z
2026-07-11,highest-temperature-in-nyc-on-july-11-2026,nyc,F,whole,metar,KLGA,82-83°F,28.3,83.0,iem_metar,2026-07-12T07:57:14Z
2026-07-11,highest-temperature-in-panama-city-on-july-11-2026,panama-city,C,whole,metar,MPMG,32°C,32.0,32.0,iem_metar,2026-07-12T07:57:14Z
2026-07-11,highest-temperature-in-paris-on-july-11-2026,paris,C,whole,metar,LFPB,35°C,35.0,35.0,iem_metar,2026-07-12T07:57:14Z
2026-07-11,highest-temperature-in-qingdao-on-july-11-2026,qingdao,C,whole,metar,ZSQD,30°C,30.0,30.0,iem_metar,2026-07-12T07:57:14Z
2026-07-11,highest-temperature-in-sao-paulo-on-july-11-2026,sao-paulo,C,whole,metar,SBGR,28°C,28.0,28.0,iem_metar,2026-07-12T07:57:14Z
2026-07-11,highest-temperature-in-seoul-on-july-11-2026,seoul,C,whole,metar,RKSI,32°C,32.0,32.0,iem_metar,2026-07-12T07:57:14Z
2026-07-11,highest-temperature-in-shanghai-on-july-11-2026,shanghai,C,whole,metar,ZSPD,31°C,31.0,31.0,iem_metar,2026-07-12T07:57:14Z
2026-07-11,highest-temperature-in-shenzhen-on-july-11-2026,shenzhen,C,whole,metar,ZGSZ,34°C,34.0,34.0,iem_metar,2026-07-12T07:57:14Z
2026-07-11,highest-temperature-in-singapore-on-july-11-2026,singapore,C,whole,metar,WSSS,31°C,31.0,31.0,iem_metar,2026-07-12T07:57:14Z
2026-07-11,highest-temperature-in-taipei-on-july-11-2026,taipei,C,whole,metar,RCSS,28°C,28.0,28.0,iem_metar,2026-07-12T07:57:14Z
2026-07-11,highest-temperature-in-tel-aviv-on-july-11-2026,tel-aviv,C,whole,geocode,tel-aviv,32°C,30.2,30.2,openmeteo_grid,2026-07-12T07:57:14Z
2026-07-11,highest-temperature-in-tokyo-on-july-11-2026,tokyo,C,whole,metar,RJTT,30°C,30.0,30.0,iem_metar,2026-07-12T07:57:14Z
2026-07-11,highest-temperature-in-toronto-on-july-11-2026,toronto,C,whole,metar,CYYZ,26°C,26.0,26.0,iem_metar,2026-07-12T07:57:14Z
2026-07-11,highest-temperature-in-warsaw-on-july-11-2026,warsaw,C,whole,metar,EPWA,22°C,22.0,22.0,iem_metar,2026-07-12T07:57:14Z
2026-07-11,highest-temperature-in-wellington-on-july-11-2026,wellington,C,whole,metar,NZWN,10°C,10.0,10.0,iem_metar,2026-07-12T07:57:14Z
2026-07-11,highest-temperature-in-wuhan-on-july-11-2026,wuhan,C,whole,metar,ZHHH,38°C,38.0,38.0,iem_metar,2026-07-12T07:57:14Z
2026-07-11,highest-temperature-in-denver-on-july-11-2026,denver,F,whole,geocode,denver,96-97°F,36.5,97.7,openmeteo_grid,2026-07-12T15:41:17Z
2026-07-11,highest-temperature-in-los-angeles-on-july-11-2026,los-angeles,F,whole,metar,KLAX,74-75°F,25.0,77.0,iem_metar,2026-07-12T15:41:17Z
2026-07-11,highest-temperature-in-san-francisco-on-july-11-2026,san-francisco,F,whole,metar,KSFO,66-67°F,19.4,67.0,iem_metar,2026-07-12T15:41:17Z
2026-07-11,highest-temperature-in-seattle-on-july-11-2026,seattle,F,whole,metar,KSEA,74-75°F,24.4,76.0,iem_metar,2026-07-12T15:41:17Z
2026-07-12,highest-temperature-in-amsterdam-on-july-12-2026,amsterdam,C,whole,metar,EHAM,26°C,26.0,26.0,iem_metar,2026-07-14T07:34:51Z
2026-07-13,highest-temperature-in-amsterdam-on-july-13-2026,amsterdam,C,whole,metar,EHAM,25°C,25.0,25.0,iem_metar,2026-07-14T07:34:51Z
2026-07-12,highest-temperature-in-ankara-on-july-12-2026,ankara,C,whole,metar,LTAC,32°C,32.0,32.0,iem_metar,2026-07-14T07:34:51Z
2026-07-13,highest-temperature-in-ankara-on-july-13-2026,ankara,C,whole,metar,LTAC,32°C,32.0,32.0,iem_metar,2026-07-14T07:34:51Z
2026-07-12,highest-temperature-in-atlanta-on-july-12-2026,atlanta,F,whole,metar,KATL,92-93°F,31.0,87.8,openmeteo_grid,2026-07-14T07:34:51Z
2026-07-13,highest-temperature-in-atlanta-on-july-13-2026,atlanta,F,whole,metar,KATL,82-83°F,27.1,80.8,openmeteo_grid,2026-07-14T07:34:51Z
2026-07-12,highest-temperature-in-austin-on-july-12-2026,austin,F,whole,metar,KAUS,94-95°F,35.6,96.0,iem_metar,2026-07-14T07:34:51Z
2026-07-13,highest-temperature-in-austin-on-july-13-2026,austin,F,whole,metar,KAUS,92-93°F,34.4,94.0,iem_metar,2026-07-14T07:34:51Z
2026-07-12,highest-temperature-in-beijing-on-july-12-2026,beijing,C,whole,metar,ZBAA,31°C,31.0,31.0,iem_metar,2026-07-14T07:34:51Z
2026-07-13,highest-temperature-in-beijing-on-july-13-2026,beijing,C,whole,metar,ZBAA,34°C,34.0,34.0,iem_metar,2026-07-14T07:34:51Z
2026-07-12,highest-temperature-in-buenos-aires-on-july-12-2026,buenos-aires,C,whole,metar,SAEZ,12°C,12.0,12.0,iem_metar,2026-07-14T07:34:51Z
2026-07-13,highest-temperature-in-buenos-aires-on-july-13-2026,buenos-aires,C,whole,metar,SAEZ,9°C,9.0,9.0,iem_metar,2026-07-14T07:34:51Z
2026-07-12,highest-temperature-in-busan-on-july-12-2026,busan,C,whole,metar,RKPK,33°C,33.0,33.0,iem_metar,2026-07-14T07:34:51Z
2026-07-13,highest-temperature-in-busan-on-july-13-2026,busan,C,whole,metar,RKPK,31°C,31.0,31.0,iem_metar,2026-07-14T07:34:51Z
2026-07-12,highest-temperature-in-cape-town-on-july-12-2026,cape-town,C,whole,metar,FACT,20°C,20.0,20.0,iem_metar,2026-07-14T07:34:51Z
2026-07-13,highest-temperature-in-cape-town-on-july-13-2026,cape-town,C,whole,metar,FACT,13°C,13.0,13.0,iem_metar,2026-07-14T07:34:51Z
2026-07-12,highest-temperature-in-chengdu-on-july-12-2026,chengdu,C,whole,metar,ZUUU,33°C,33.0,33.0,iem_metar,2026-07-14T07:34:51Z
2026-07-13,highest-temperature-in-chengdu-on-july-13-2026,chengdu,C,whole,metar,ZUUU,38°C,38.0,38.0,iem_metar,2026-07-14T07:34:51Z
2026-07-12,highest-temperature-in-chicago-on-july-12-2026,chicago,F,whole,metar,KORD,86-87°F,30.6,87.1,openmeteo_grid,2026-07-14T07:34:51Z
2026-07-13,highest-temperature-in-chicago-on-july-13-2026,chicago,F,whole,metar,KORD,92-93°F,33.8,92.8,openmeteo_grid,2026-07-14T07:34:51Z
2026-07-12,highest-temperature-in-chongqing-on-july-12-2026,chongqing,C,whole,metar,ZUCK,35°C,35.0,35.0,iem_metar,2026-07-14T07:34:51Z
2026-07-13,highest-temperature-in-chongqing-on-july-13-2026,chongqing,C,whole,metar,ZUCK,38°C,38.0,38.0,iem_metar,2026-07-14T07:34:51Z
2026-07-12,highest-temperature-in-dallas-on-july-12-2026,dallas,F,whole,geocode,dallas,98-99°F,36.1,97.0,openmeteo_grid,2026-07-14T07:34:51Z
2026-07-13,highest-temperature-in-dallas-on-july-13-2026,dallas,F,whole,geocode,dallas,92-93°F,32.3,90.1,openmeteo_grid,2026-07-14T07:34:51Z
2026-07-12,highest-temperature-in-denver-on-july-12-2026,denver,F,whole,geocode,denver,96-97°F,36.8,98.2,openmeteo_grid,2026-07-14T07:34:51Z
2026-07-12,highest-temperature-in-guangzhou-on-july-12-2026,guangzhou,C,whole,metar,ZGGG,39°C,39.0,39.0,iem_metar,2026-07-14T07:34:51Z
2026-07-13,highest-temperature-in-guangzhou-on-july-13-2026,guangzhou,C,whole,metar,ZGGG,38°C,38.0,38.0,iem_metar,2026-07-14T07:34:51Z
2026-07-12,highest-temperature-in-helsinki-on-july-12-2026,helsinki,C,whole,metar,EFHK,27°C,27.0,27.0,iem_metar,2026-07-14T07:34:51Z
2026-07-13,highest-temperature-in-helsinki-on-july-13-2026,helsinki,C,whole,metar,EFHK,20°C,20.0,20.0,iem_metar,2026-07-14T07:34:51Z
2026-07-10,highest-temperature-in-hong-kong-on-july-10-2026,hong-kong,C,decimal,hko,HKO,33°C,32.0,32.0,iem_vhhh_proxy,2026-07-14T07:34:51Z
2026-07-11,highest-temperature-in-hong-kong-on-july-11-2026,hong-kong,C,decimal,hko,HKO,34°C,34.0,34.0,iem_vhhh_proxy,2026-07-14T07:34:51Z
2026-07-12,highest-temperature-in-hong-kong-on-july-12-2026,hong-kong,C,decimal,hko,HKO,34°C,35.0,35.0,iem_vhhh_proxy,2026-07-14T07:34:51Z
2026-07-13,highest-temperature-in-hong-kong-on-july-13-2026,hong-kong,C,decimal,hko,HKO,33°C,34.0,34.0,iem_vhhh_proxy,2026-07-14T07:34:51Z
2026-07-12,highest-temperature-in-houston-on-july-12-2026,houston,F,whole,metar,KHOU,92-93°F,34.6,94.3,openmeteo_grid,2026-07-14T07:34:51Z
2026-07-13,highest-temperature-in-houston-on-july-13-2026,houston,F,whole,metar,KHOU,84-85°F,29.0,84.2,openmeteo_grid,2026-07-14T07:34:51Z
2026-07-12,highest-temperature-in-istanbul-on-july-12-2026,istanbul,C,whole,geocode,istanbul,27°C,28.6,28.6,openmeteo_grid,2026-07-14T07:34:51Z
2026-07-13,highest-temperature-in-istanbul-on-july-13-2026,istanbul,C,whole,geocode,istanbul,27°C,27.9,27.9,openmeteo_grid,2026-07-14T07:34:51Z
2026-07-12,highest-temperature-in-jeddah-on-july-12-2026,jeddah,C,whole,metar,OEJN,36°C,36.0,36.0,iem_metar,2026-07-14T07:34:51Z
2026-07-13,highest-temperature-in-jeddah-on-july-13-2026,jeddah,C,whole,metar,OEJN,37°C,37.0,37.0,iem_metar,2026-07-14T07:34:51Z
2026-07-12,highest-temperature-in-karachi-on-july-12-2026,karachi,C,whole,metar,OPKC,33°C,33.0,33.0,iem_metar,2026-07-14T07:34:51Z
2026-07-13,highest-temperature-in-karachi-on-july-13-2026,karachi,C,whole,metar,OPKC,33°C,33.0,33.0,iem_metar,2026-07-14T07:34:51Z
2026-07-12,highest-temperature-in-kuala-lumpur-on-july-12-2026,kuala-lumpur,C,whole,metar,WMKK,33°C,33.0,33.0,iem_metar,2026-07-14T07:34:51Z
2026-07-13,highest-temperature-in-kuala-lumpur-on-july-13-2026,kuala-lumpur,C,whole,metar,WMKK,32°C,32.0,32.0,iem_metar,2026-07-14T07:34:51Z
2026-07-12,highest-temperature-in-london-on-july-12-2026,london,C,whole,metar,EGLC,28°C,28.0,28.0,iem_metar,2026-07-14T07:34:51Z
2026-07-13,highest-temperature-in-london-on-july-13-2026,london,C,whole,metar,EGLC,26°C,26.0,26.0,iem_metar,2026-07-14T07:34:51Z
2026-07-12,highest-temperature-in-los-angeles-on-july-12-2026,los-angeles,F,whole,metar,KLAX,74-75°F,25.0,77.0,iem_metar,2026-07-14T07:34:51Z
2026-07-12,highest-temperature-in-lucknow-on-july-12-2026,lucknow,C,whole,metar,VILK,35°C,35.0,35.0,iem_metar,2026-07-14T07:34:51Z
2026-07-13,highest-temperature-in-lucknow-on-july-13-2026,lucknow,C,whole,metar,VILK,36°C,36.0,36.0,iem_metar,2026-07-14T07:34:51Z
2026-07-12,highest-temperature-in-madrid-on-july-12-2026,madrid,C,whole,metar,LEMD,34°C,34.0,34.0,iem_metar,2026-07-14T07:34:51Z
2026-07-13,highest-temperature-in-madrid-on-july-13-2026,madrid,C,whole,metar,LEMD,33°C,33.0,33.0,iem_metar,2026-07-14T07:34:51Z
2026-07-12,highest-temperature-in-manila-on-july-12-2026,manila,C,whole,metar,RPLL,31°C,31.0,31.0,iem_metar,2026-07-14T07:34:51Z
2026-07-13,highest-temperature-in-manila-on-july-13-2026,manila,C,whole,metar,RPLL,31°C,31.0,31.0,iem_metar,2026-07-14T07:34:51Z
2026-07-12,highest-temperature-in-mexico-city-on-july-12-2026,mexico-city,C,whole,metar,MMMX,24°C,24.0,24.0,iem_metar,2026-07-14T07:34:51Z
2026-07-13,highest-temperature-in-mexico-city-on-july-13-2026,mexico-city,C,whole,metar,MMMX,24°C,24.0,24.0,iem_metar,2026-07-14T07:34:51Z
2026-07-12,highest-temperature-in-miami-on-july-12-2026,miami,F,whole,metar,KMIA,94-95°F,32.8,91.0,openmeteo_grid,2026-07-14T07:34:51Z
2026-07-13,highest-temperature-in-miami-on-july-13-2026,miami,F,whole,metar,KMIA,92-93°F,32.7,90.9,openmeteo_grid,2026-07-14T07:34:51Z
2026-07-12,highest-temperature-in-milan-on-july-12-2026,milan,C,whole,metar,LIMC,33°C,33.0,33.0,iem_metar,2026-07-14T07:34:51Z
2026-07-13,highest-temperature-in-milan-on-july-13-2026,milan,C,whole,metar,LIMC,32°C,32.0,32.0,iem_metar,2026-07-14T07:34:51Z
2026-07-12,highest-temperature-in-moscow-on-july-12-2026,moscow,C,whole,geocode,moscow,19°C,19.6,19.6,openmeteo_grid,2026-07-14T07:34:51Z
2026-07-13,highest-temperature-in-moscow-on-july-13-2026,moscow,C,whole,geocode,moscow,22°C,23.5,23.5,openmeteo_grid,2026-07-14T07:34:51Z
2026-07-12,highest-temperature-in-munich-on-july-12-2026,munich,C,whole,metar,EDDM,28°C,28.0,28.0,iem_metar,2026-07-14T07:34:51Z
2026-07-13,highest-temperature-in-munich-on-july-13-2026,munich,C,whole,metar,EDDM,31°C,31.0,31.0,iem_metar,2026-07-14T07:34:51Z
2026-07-12,highest-temperature-in-nyc-on-july-12-2026,nyc,F,whole,metar,KLGA,84-85°F,29.4,85.0,iem_metar,2026-07-14T07:34:51Z
2026-07-13,highest-temperature-in-nyc-on-july-13-2026,nyc,F,whole,metar,KLGA,84-85°F,29.4,85.0,iem_metar,2026-07-14T07:34:51Z
2026-07-12,highest-temperature-in-panama-city-on-july-12-2026,panama-city,C,whole,metar,MPMG,31°C,31.0,31.0,iem_metar,2026-07-14T07:34:51Z
2026-07-13,highest-temperature-in-panama-city-on-july-13-2026,panama-city,C,whole,metar,MPMG,29°C,29.0,29.0,iem_metar,2026-07-14T07:34:51Z
2026-07-12,highest-temperature-in-paris-on-july-12-2026,paris,C,whole,metar,LFPB,35°C,35.0,35.0,iem_metar,2026-07-14T07:34:51Z
2026-07-13,highest-temperature-in-paris-on-july-13-2026,paris,C,whole,metar,LFPB,35°C,35.0,35.0,iem_metar,2026-07-14T07:34:51Z
2026-07-12,highest-temperature-in-qingdao-on-july-12-2026,qingdao,C,whole,metar,ZSQD,31°C,31.0,31.0,iem_metar,2026-07-14T07:34:51Z
2026-07-13,highest-temperature-in-qingdao-on-july-13-2026,qingdao,C,whole,metar,ZSQD,26°C,26.0,26.0,iem_metar,2026-07-14T07:34:51Z
2026-07-12,highest-temperature-in-san-francisco-on-july-12-2026,san-francisco,F,whole,metar,KSFO,74-75°F,24.4,76.0,iem_metar,2026-07-14T07:34:51Z
2026-07-12,highest-temperature-in-sao-paulo-on-july-12-2026,sao-paulo,C,whole,metar,SBGR,23°C,23.0,23.0,iem_metar,2026-07-14T07:34:51Z
2026-07-13,highest-temperature-in-sao-paulo-on-july-13-2026,sao-paulo,C,whole,metar,SBGR,17°C,17.0,17.0,iem_metar,2026-07-14T07:34:51Z
2026-07-12,highest-temperature-in-seattle-on-july-12-2026,seattle,F,whole,metar,KSEA,72-73°F,22.2,72.0,iem_metar,2026-07-14T07:34:51Z
2026-07-12,highest-temperature-in-seoul-on-july-12-2026,seoul,C,whole,metar,RKSI,>=34°C,34.0,34.0,iem_metar,2026-07-14T07:34:51Z
2026-07-13,highest-temperature-in-seoul-on-july-13-2026,seoul,C,whole,metar,RKSI,32°C,32.0,32.0,iem_metar,2026-07-14T07:34:51Z
2026-07-12,highest-temperature-in-shanghai-on-july-12-2026,shanghai,C,whole,metar,ZSPD,31°C,31.0,31.0,iem_metar,2026-07-14T07:34:51Z
2026-07-13,highest-temperature-in-shanghai-on-july-13-2026,shanghai,C,whole,metar,ZSPD,33°C,33.0,33.0,iem_metar,2026-07-14T07:34:51Z
2026-07-12,highest-temperature-in-shenzhen-on-july-12-2026,shenzhen,C,whole,metar,ZGSZ,34°C,32.0,32.0,iem_metar,2026-07-14T07:34:51Z
2026-07-13,highest-temperature-in-shenzhen-on-july-13-2026,shenzhen,C,whole,metar,ZGSZ,34°C,32.0,32.0,iem_metar,2026-07-14T07:34:51Z
2026-07-12,highest-temperature-in-singapore-on-july-12-2026,singapore,C,whole,metar,WSSS,30°C,30.0,30.0,iem_metar,2026-07-14T07:34:51Z
2026-07-13,highest-temperature-in-singapore-on-july-13-2026,singapore,C,whole,metar,WSSS,32°C,32.0,32.0,iem_metar,2026-07-14T07:34:51Z
2026-07-12,highest-temperature-in-taipei-on-july-12-2026,taipei,C,whole,metar,RCSS,37°C,37.0,37.0,iem_metar,2026-07-14T07:34:51Z
2026-07-13,highest-temperature-in-taipei-on-july-13-2026,taipei,C,whole,metar,RCSS,34°C,34.0,34.0,iem_metar,2026-07-14T07:34:51Z
2026-07-12,highest-temperature-in-tel-aviv-on-july-12-2026,tel-aviv,C,whole,geocode,tel-aviv,31°C,30.2,30.2,openmeteo_grid,2026-07-14T07:34:51Z
2026-07-13,highest-temperature-in-tel-aviv-on-july-13-2026,tel-aviv,C,whole,geocode,tel-aviv,31°C,30.4,30.4,openmeteo_grid,2026-07-14T07:34:51Z
2026-07-12,highest-temperature-in-tokyo-on-july-12-2026,tokyo,C,whole,metar,RJTT,29°C,29.0,29.0,iem_metar,2026-07-14T07:34:51Z
2026-07-13,highest-temperature-in-tokyo-on-july-13-2026,tokyo,C,whole,metar,RJTT,28°C,28.0,28.0,iem_metar,2026-07-14T07:34:51Z
2026-07-12,highest-temperature-in-toronto-on-july-12-2026,toronto,C,whole,metar,CYYZ,27°C,27.0,27.0,iem_metar,2026-07-14T07:34:51Z
2026-07-13,highest-temperature-in-toronto-on-july-13-2026,toronto,C,whole,metar,CYYZ,33°C,33.0,33.0,iem_metar,2026-07-14T07:34:51Z
2026-07-12,highest-temperature-in-warsaw-on-july-12-2026,warsaw,C,whole,metar,EPWA,19°C,19.0,19.0,iem_metar,2026-07-14T07:34:51Z
2026-07-13,highest-temperature-in-warsaw-on-july-13-2026,warsaw,C,whole,metar,EPWA,25°C,25.0,25.0,iem_metar,2026-07-14T07:34:51Z
2026-07-12,highest-temperature-in-wellington-on-july-12-2026,wellington,C,whole,metar,NZWN,11°C,11.0,11.0,iem_metar,2026-07-14T07:34:51Z
2026-07-13,highest-temperature-in-wellington-on-july-13-2026,wellington,C,whole,metar,NZWN,13°C,13.0,13.0,iem_metar,2026-07-14T07:34:51Z
2026-07-12,highest-temperature-in-wuhan-on-july-12-2026,wuhan,C,whole,metar,ZHHH,34°C,34.0,34.0,iem_metar,2026-07-14T07:34:51Z
2026-07-13,highest-temperature-in-wuhan-on-july-13-2026,wuhan,C,whole,metar,ZHHH,37°C,37.0,37.0,iem_metar,2026-07-14T07:34:51Z
2026-07-13,highest-temperature-in-denver-on-july-13-2026,denver,F,whole,geocode,denver,96-97°F,38.0,100.4,openmeteo_grid,2026-07-14T16:47:46Z
2026-07-13,highest-temperature-in-los-angeles-on-july-13-2026,los-angeles,F,whole,metar,KLAX,74-75°F,23.9,75.0,iem_metar,2026-07-14T16:47:46Z
2026-07-13,highest-temperature-in-san-francisco-on-july-13-2026,san-francisco,F,whole,metar,KSFO,76-77°F,26.1,79.0,iem_metar,2026-07-14T16:47:46Z
2026-07-13,highest-temperature-in-seattle-on-july-13-2026,seattle,F,whole,metar,KSEA,78-79°F,26.7,80.0,iem_metar,2026-07-14T16:47:46Z
2026-07-14,highest-temperature-in-amsterdam-on-july-14-2026,amsterdam,C,whole,metar,EHAM,28°C,28.0,28.0,iem_metar,2026-07-15T17:00:11Z
2026-07-14,highest-temperature-in-ankara-on-july-14-2026,ankara,C,whole,metar,LTAC,29°C,29.0,29.0,iem_metar,2026-07-15T17:00:11Z
2026-07-14,highest-temperature-in-atlanta-on-july-14-2026,atlanta,F,whole,metar,KATL,84-85°F,28.9,84.0,openmeteo_grid,2026-07-15T17:00:11Z
2026-07-14,highest-temperature-in-austin-on-july-14-2026,austin,F,whole,metar,KAUS,78-79°F,26.7,80.0,iem_metar,2026-07-15T17:00:11Z
2026-07-14,highest-temperature-in-beijing-on-july-14-2026,beijing,C,whole,metar,ZBAA,33°C,33.0,33.0,iem_metar,2026-07-15T17:00:11Z
2026-07-14,highest-temperature-in-buenos-aires-on-july-14-2026,buenos-aires,C,whole,metar,SAEZ,16°C,16.0,16.0,iem_metar,2026-07-15T17:00:11Z
2026-07-14,highest-temperature-in-busan-on-july-14-2026,busan,C,whole,metar,RKPK,30°C,30.0,30.0,iem_metar,2026-07-15T17:00:11Z
2026-07-14,highest-temperature-in-cape-town-on-july-14-2026,cape-town,C,whole,metar,FACT,16°C,16.0,16.0,iem_metar,2026-07-15T17:00:11Z
2026-07-14,highest-temperature-in-chengdu-on-july-14-2026,chengdu,C,whole,metar,ZUUU,38°C,38.0,38.0,iem_metar,2026-07-15T17:00:11Z
2026-07-14,highest-temperature-in-chicago-on-july-14-2026,chicago,F,whole,metar,KORD,96-97°F,36.3,97.3,openmeteo_grid,2026-07-15T17:00:11Z
2026-07-14,highest-temperature-in-chongqing-on-july-14-2026,chongqing,C,whole,metar,ZUCK,41°C,41.0,41.0,iem_metar,2026-07-15T17:00:11Z
2026-07-14,highest-temperature-in-dallas-on-july-14-2026,dallas,F,whole,geocode,dallas,90-91°F,33.3,91.9,openmeteo_grid,2026-07-15T17:00:11Z
2026-07-14,highest-temperature-in-denver-on-july-14-2026,denver,F,whole,geocode,denver,94-95°F,36.7,98.1,openmeteo_grid,2026-07-15T17:00:11Z
2026-07-14,highest-temperature-in-guangzhou-on-july-14-2026,guangzhou,C,whole,metar,ZGGG,>=34°C,34.0,34.0,iem_metar,2026-07-15T17:00:11Z
2026-07-14,highest-temperature-in-helsinki-on-july-14-2026,helsinki,C,whole,metar,EFHK,23°C,23.0,23.0,iem_metar,2026-07-15T17:00:11Z
2026-07-14,highest-temperature-in-hong-kong-on-july-14-2026,hong-kong,C,decimal,hko,HKO,28°C,30.0,30.0,iem_vhhh_proxy,2026-07-15T17:00:11Z
2026-07-14,highest-temperature-in-houston-on-july-14-2026,houston,F,whole,metar,KHOU,80-81°F,26.9,80.4,openmeteo_grid,2026-07-15T17:00:11Z
2026-07-14,highest-temperature-in-istanbul-on-july-14-2026,istanbul,C,whole,geocode,istanbul,25°C,26.0,26.0,openmeteo_grid,2026-07-15T17:00:11Z
2026-07-14,highest-temperature-in-jeddah-on-july-14-2026,jeddah,C,whole,metar,OEJN,36°C,36.0,36.0,iem_metar,2026-07-15T17:00:11Z
2026-07-14,highest-temperature-in-karachi-on-july-14-2026,karachi,C,whole,metar,OPKC,33°C,33.0,33.0,iem_metar,2026-07-15T17:00:11Z
2026-07-14,highest-temperature-in-kuala-lumpur-on-july-14-2026,kuala-lumpur,C,whole,metar,WMKK,33°C,33.0,33.0,iem_metar,2026-07-15T17:00:11Z
2026-07-14,highest-temperature-in-london-on-july-14-2026,london,C,whole,metar,EGLC,29°C,29.0,29.0,iem_metar,2026-07-15T17:00:11Z
2026-07-14,highest-temperature-in-los-angeles-on-july-14-2026,los-angeles,F,whole,metar,KLAX,76-77°F,25.0,77.0,iem_metar,2026-07-15T17:00:11Z
2026-07-14,highest-temperature-in-lucknow-on-july-14-2026,lucknow,C,whole,metar,VILK,37°C,37.0,37.0,iem_metar,2026-07-15T17:00:11Z
2026-07-14,highest-temperature-in-madrid-on-july-14-2026,madrid,C,whole,metar,LEMD,37°C,37.0,37.0,iem_metar,2026-07-15T17:00:11Z
2026-07-14,highest-temperature-in-manila-on-july-14-2026,manila,C,whole,metar,RPLL,32°C,32.0,32.0,iem_metar,2026-07-15T17:00:11Z
2026-07-14,highest-temperature-in-mexico-city-on-july-14-2026,mexico-city,C,whole,metar,MMMX,26°C,26.0,26.0,iem_metar,2026-07-15T17:00:11Z
2026-07-14,highest-temperature-in-miami-on-july-14-2026,miami,F,whole,metar,KMIA,94-95°F,32.9,91.2,openmeteo_grid,2026-07-15T17:00:11Z
2026-07-14,highest-temperature-in-milan-on-july-14-2026,milan,C,whole,metar,LIMC,34°C,34.0,34.0,iem_metar,2026-07-15T17:00:11Z
2026-07-14,highest-temperature-in-moscow-on-july-14-2026,moscow,C,whole,geocode,moscow,25°C,25.7,25.7,openmeteo_grid,2026-07-15T17:00:11Z
2026-07-14,highest-temperature-in-munich-on-july-14-2026,munich,C,whole,metar,EDDM,29°C,29.0,29.0,iem_metar,2026-07-15T17:00:11Z
2026-07-14,highest-temperature-in-nyc-on-july-14-2026,nyc,F,whole,metar,KLGA,92-93°F,33.9,93.0,iem_metar,2026-07-15T17:00:11Z
2026-07-14,highest-temperature-in-panama-city-on-july-14-2026,panama-city,C,whole,metar,MPMG,33°C,33.0,33.0,iem_metar,2026-07-15T17:00:11Z
2026-07-14,highest-temperature-in-paris-on-july-14-2026,paris,C,whole,metar,LFPB,35°C,35.0,35.0,iem_metar,2026-07-15T17:00:11Z
2026-07-14,highest-temperature-in-qingdao-on-july-14-2026,qingdao,C,whole,metar,ZSQD,29°C,29.0,29.0,iem_metar,2026-07-15T17:00:11Z
2026-07-14,highest-temperature-in-san-francisco-on-july-14-2026,san-francisco,F,whole,metar,KSFO,80-81°F,28.3,83.0,iem_metar,2026-07-15T17:00:11Z
2026-07-14,highest-temperature-in-sao-paulo-on-july-14-2026,sao-paulo,C,whole,metar,SBGR,19°C,19.0,19.0,iem_metar,2026-07-15T17:00:11Z
2026-07-14,highest-temperature-in-seattle-on-july-14-2026,seattle,F,whole,metar,KSEA,84-85°F,29.4,85.0,iem_metar,2026-07-15T17:00:11Z
2026-07-14,highest-temperature-in-seoul-on-july-14-2026,seoul,C,whole,metar,RKSI,32°C,32.0,32.0,iem_metar,2026-07-15T17:00:11Z
2026-07-14,highest-temperature-in-shanghai-on-july-14-2026,shanghai,C,whole,metar,ZSPD,36°C,36.0,36.0,iem_metar,2026-07-15T17:00:11Z
2026-07-14,highest-temperature-in-shenzhen-on-july-14-2026,shenzhen,C,whole,metar,ZGSZ,29°C,31.0,31.0,iem_metar,2026-07-15T17:00:11Z
2026-07-14,highest-temperature-in-singapore-on-july-14-2026,singapore,C,whole,metar,WSSS,32°C,32.0,32.0,iem_metar,2026-07-15T17:00:11Z
2026-07-14,highest-temperature-in-taipei-on-july-14-2026,taipei,C,whole,metar,RCSS,35°C,35.0,35.0,iem_metar,2026-07-15T17:00:11Z
2026-07-14,highest-temperature-in-tel-aviv-on-july-14-2026,tel-aviv,C,whole,geocode,tel-aviv,32°C,30.5,30.5,openmeteo_grid,2026-07-15T17:00:11Z
2026-07-14,highest-temperature-in-tokyo-on-july-14-2026,tokyo,C,whole,metar,RJTT,34°C,34.0,34.0,iem_metar,2026-07-15T17:00:11Z
2026-07-14,highest-temperature-in-toronto-on-july-14-2026,toronto,C,whole,metar,CYYZ,36°C,36.0,36.0,iem_metar,2026-07-15T17:00:11Z
2026-07-14,highest-temperature-in-warsaw-on-july-14-2026,warsaw,C,whole,metar,EPWA,27°C,27.0,27.0,iem_metar,2026-07-15T17:00:11Z
2026-07-14,highest-temperature-in-wellington-on-july-14-2026,wellington,C,whole,metar,NZWN,15°C,15.0,15.0,iem_metar,2026-07-15T17:00:11Z
2026-07-14,highest-temperature-in-wuhan-on-july-14-2026,wuhan,C,whole,metar,ZHHH,39°C,39.0,39.0,iem_metar,2026-07-15T17:00:11Z
2026-07-15,highest-temperature-in-amsterdam-on-july-15-2026,amsterdam,C,whole,metar,EHAM,27°C,27.0,27.0,iem_metar,2026-07-16T07:55:09Z
2026-07-15,highest-temperature-in-ankara-on-july-15-2026,ankara,C,whole,metar,LTAC,29°C,29.0,29.0,iem_metar,2026-07-16T07:55:09Z
2026-07-15,highest-temperature-in-atlanta-on-july-15-2026,atlanta,F,whole,metar,KATL,88-89°F,30.6,87.1,openmeteo_grid,2026-07-16T07:55:09Z
2026-07-15,highest-temperature-in-beijing-on-july-15-2026,beijing,C,whole,metar,ZBAA,38°C,38.0,38.0,iem_metar,2026-07-16T07:55:09Z
2026-07-15,highest-temperature-in-buenos-aires-on-july-15-2026,buenos-aires,C,whole,metar,SAEZ,18°C,18.0,18.0,iem_metar,2026-07-16T07:55:09Z
2026-07-15,highest-temperature-in-busan-on-july-15-2026,busan,C,whole,metar,RKPK,33°C,33.0,33.0,iem_metar,2026-07-16T07:55:09Z
2026-07-15,highest-temperature-in-cape-town-on-july-15-2026,cape-town,C,whole,metar,FACT,17°C,17.0,17.0,iem_metar,2026-07-16T07:55:09Z
2026-07-15,highest-temperature-in-chengdu-on-july-15-2026,chengdu,C,whole,metar,ZUUU,38°C,38.0,38.0,iem_metar,2026-07-16T07:55:09Z
2026-07-15,highest-temperature-in-chicago-on-july-15-2026,chicago,F,whole,metar,KORD,94-95°F,34.7,94.5,openmeteo_grid,2026-07-16T07:55:09Z
2026-07-15,highest-temperature-in-chongqing-on-july-15-2026,chongqing,C,whole,metar,ZUCK,40°C,40.0,40.0,iem_metar,2026-07-16T07:55:09Z
2026-07-15,highest-temperature-in-dallas-on-july-15-2026,dallas,F,whole,geocode,dallas,90-91°F,33.6,92.5,openmeteo_grid,2026-07-16T07:55:09Z
2026-07-15,highest-temperature-in-denver-on-july-15-2026,denver,F,whole,geocode,denver,94-95°F,35.9,96.6,openmeteo_grid,2026-07-16T07:55:09Z
2026-07-15,highest-temperature-in-guangzhou-on-july-15-2026,guangzhou,C,whole,metar,ZGGG,30°C,30.0,30.0,iem_metar,2026-07-16T07:55:09Z
2026-07-15,highest-temperature-in-helsinki-on-july-15-2026,helsinki,C,whole,metar,EFHK,26°C,26.0,26.0,iem_metar,2026-07-16T07:55:09Z
2026-07-15,highest-temperature-in-hong-kong-on-july-15-2026,hong-kong,C,decimal,hko,HKO,28°C,31.0,31.0,iem_vhhh_proxy,2026-07-16T07:55:09Z
2026-07-15,highest-temperature-in-houston-on-july-15-2026,houston,F,whole,metar,KHOU,86-87°F,29.6,85.3,openmeteo_grid,2026-07-16T07:55:09Z
2026-07-15,highest-temperature-in-istanbul-on-july-15-2026,istanbul,C,whole,geocode,istanbul,27°C,29.0,29.0,openmeteo_grid,2026-07-16T07:55:09Z
2026-07-15,highest-temperature-in-jeddah-on-july-15-2026,jeddah,C,whole,metar,OEJN,>=38°C,38.0,38.0,iem_metar,2026-07-16T07:55:09Z
2026-07-15,highest-temperature-in-karachi-on-july-15-2026,karachi,C,whole,metar,OPKC,34°C,34.0,34.0,iem_metar,2026-07-16T07:55:09Z
2026-07-15,highest-temperature-in-kuala-lumpur-on-july-15-2026,kuala-lumpur,C,whole,metar,WMKK,33°C,33.0,33.0,iem_metar,2026-07-16T07:55:09Z
2026-07-15,highest-temperature-in-london-on-july-15-2026,london,C,whole,metar,EGLC,28°C,28.0,28.0,iem_metar,2026-07-16T07:55:09Z
2026-07-15,highest-temperature-in-lucknow-on-july-15-2026,lucknow,C,whole,metar,VILK,35°C,35.0,35.0,iem_metar,2026-07-16T07:55:09Z
2026-07-15,highest-temperature-in-madrid-on-july-15-2026,madrid,C,whole,metar,LEMD,36°C,36.0,36.0,iem_metar,2026-07-16T07:55:09Z
2026-07-15,highest-temperature-in-manila-on-july-15-2026,manila,C,whole,metar,RPLL,33°C,33.0,33.0,iem_metar,2026-07-16T07:55:09Z
2026-07-15,highest-temperature-in-miami-on-july-15-2026,miami,F,whole,metar,KMIA,92-93°F,33.2,91.8,openmeteo_grid,2026-07-16T07:55:09Z
2026-07-15,highest-temperature-in-milan-on-july-15-2026,milan,C,whole,metar,LIMC,<=32°C,32.0,32.0,iem_metar,2026-07-16T07:55:09Z
2026-07-15,highest-temperature-in-moscow-on-july-15-2026,moscow,C,whole,geocode,moscow,23°C,23.3,23.3,openmeteo_grid,2026-07-16T07:55:09Z
2026-07-15,highest-temperature-in-munich-on-july-15-2026,munich,C,whole,metar,EDDM,27°C,27.0,27.0,iem_metar,2026-07-16T07:55:09Z
2026-07-15,highest-temperature-in-nyc-on-july-15-2026,nyc,F,whole,metar,KLGA,98-99°F,36.7,98.0,iem_metar,2026-07-16T07:55:09Z
2026-07-15,highest-temperature-in-panama-city-on-july-15-2026,panama-city,C,whole,metar,MPMG,34°C,34.0,34.0,iem_metar,2026-07-16T07:55:09Z
2026-07-15,highest-temperature-in-paris-on-july-15-2026,paris,C,whole,metar,LFPB,31°C,31.0,31.0,iem_metar,2026-07-16T07:55:09Z
2026-07-15,highest-temperature-in-qingdao-on-july-15-2026,qingdao,C,whole,metar,ZSQD,30°C,30.0,30.0,iem_metar,2026-07-16T07:55:09Z
2026-07-15,highest-temperature-in-sao-paulo-on-july-15-2026,sao-paulo,C,whole,metar,SBGR,21°C,21.0,21.0,iem_metar,2026-07-16T07:55:09Z
2026-07-15,highest-temperature-in-seoul-on-july-15-2026,seoul,C,whole,metar,RKSI,28°C,28.0,28.0,iem_metar,2026-07-16T07:55:09Z
2026-07-15,highest-temperature-in-shanghai-on-july-15-2026,shanghai,C,whole,metar,ZSPD,39°C,39.0,39.0,iem_metar,2026-07-16T07:55:09Z
2026-07-15,highest-temperature-in-shenzhen-on-july-15-2026,shenzhen,C,whole,metar,ZGSZ,29°C,29.0,29.0,iem_metar,2026-07-16T07:55:09Z
2026-07-15,highest-temperature-in-singapore-on-july-15-2026,singapore,C,whole,metar,WSSS,32°C,32.0,32.0,iem_metar,2026-07-16T07:55:09Z
2026-07-15,highest-temperature-in-taipei-on-july-15-2026,taipei,C,whole,metar,RCSS,36°C,36.0,36.0,iem_metar,2026-07-16T07:55:09Z
2026-07-15,highest-temperature-in-tel-aviv-on-july-15-2026,tel-aviv,C,whole,geocode,tel-aviv,32°C,30.1,30.1,openmeteo_grid,2026-07-16T07:55:09Z
2026-07-15,highest-temperature-in-tokyo-on-july-15-2026,tokyo,C,whole,metar,RJTT,33°C,33.0,33.0,iem_metar,2026-07-16T07:55:09Z
2026-07-15,highest-temperature-in-toronto-on-july-15-2026,toronto,C,whole,metar,CYYZ,<=28°C,28.0,28.0,iem_metar,2026-07-16T07:55:09Z
2026-07-15,highest-temperature-in-warsaw-on-july-15-2026,warsaw,C,whole,metar,EPWA,28°C,28.0,28.0,iem_metar,2026-07-16T07:55:09Z
2026-07-15,highest-temperature-in-wellington-on-july-15-2026,wellington,C,whole,metar,NZWN,16°C,16.0,16.0,iem_metar,2026-07-16T07:55:09Z
2026-07-15,highest-temperature-in-wuhan-on-july-15-2026,wuhan,C,whole,metar,ZHHH,37°C,37.0,37.0,iem_metar,2026-07-16T07:55:09Z
2026-07-15,highest-temperature-in-los-angeles-on-july-15-2026,los-angeles,F,whole,metar,KLAX,80-81°F,27.2,81.0,iem_metar,2026-07-16T09:44:26Z
2026-07-15,highest-temperature-in-mexico-city-on-july-15-2026,mexico-city,C,whole,metar,MMMX,25°C,25.0,25.0,iem_metar,2026-07-16T09:44:26Z
2026-07-15,highest-temperature-in-san-francisco-on-july-15-2026,san-francisco,F,whole,metar,KSFO,72-73°F,23.3,74.0,iem_metar,2026-07-16T09:44:26Z
2026-07-15,highest-temperature-in-seattle-on-july-15-2026,seattle,F,whole,metar,KSEA,82-83°F,28.3,83.0,iem_metar,2026-07-16T09:44:26Z
2026-07-15,highest-temperature-in-austin-on-july-15-2026,austin,F,whole,metar,KAUS,80-81°F,26.7,80.0,iem_metar,2026-07-16T14:53:48Z
2026-07-16,highest-temperature-in-amsterdam-on-july-16-2026,amsterdam,C,whole,metar,EHAM,24°C,24.0,24.0,iem_metar,2026-07-17T07:41:36Z
2026-07-16,highest-temperature-in-ankara-on-july-16-2026,ankara,C,whole,metar,LTAC,30°C,30.0,30.0,iem_metar,2026-07-17T07:41:36Z
2026-07-16,highest-temperature-in-atlanta-on-july-16-2026,atlanta,F,whole,metar,KATL,92-93°F,32.1,89.8,openmeteo_grid,2026-07-17T07:41:36Z
2026-07-16,highest-temperature-in-austin-on-july-16-2026,austin,F,whole,metar,KAUS,88-89°F,32.2,90.0,iem_metar,2026-07-17T07:41:36Z
2026-07-16,highest-temperature-in-beijing-on-july-16-2026,beijing,C,whole,metar,ZBAA,34°C,34.0,34.0,iem_metar,2026-07-17T07:41:36Z
2026-07-16,highest-temperature-in-buenos-aires-on-july-16-2026,buenos-aires,C,whole,metar,SAEZ,24°C,24.0,24.0,iem_metar,2026-07-17T07:41:36Z
2026-07-16,highest-temperature-in-busan-on-july-16-2026,busan,C,whole,metar,RKPK,35°C,35.0,35.0,iem_metar,2026-07-17T07:41:36Z
2026-07-16,highest-temperature-in-cape-town-on-july-16-2026,cape-town,C,whole,metar,FACT,19°C,19.0,19.0,iem_metar,2026-07-17T07:41:36Z
2026-07-16,highest-temperature-in-chengdu-on-july-16-2026,chengdu,C,whole,metar,ZUUU,38°C,38.0,38.0,iem_metar,2026-07-17T07:41:36Z
2026-07-16,highest-temperature-in-chicago-on-july-16-2026,chicago,F,whole,metar,KORD,90-91°F,30.9,87.6,openmeteo_grid,2026-07-17T07:41:36Z
2026-07-16,highest-temperature-in-chongqing-on-july-16-2026,chongqing,C,whole,metar,ZUCK,40°C,40.0,40.0,iem_metar,2026-07-17T07:41:36Z
2026-07-16,highest-temperature-in-dallas-on-july-16-2026,dallas,F,whole,geocode,dallas,88-89°F,33.3,91.9,openmeteo_grid,2026-07-17T07:41:36Z
2026-07-16,highest-temperature-in-denver-on-july-16-2026,denver,F,whole,geocode,denver,92-93°F,34.5,94.1,openmeteo_grid,2026-07-17T07:41:36Z
2026-07-16,highest-temperature-in-guangzhou-on-july-16-2026,guangzhou,C,whole,metar,ZGGG,32°C,32.0,32.0,iem_metar,2026-07-17T07:41:36Z
2026-07-16,highest-temperature-in-helsinki-on-july-16-2026,helsinki,C,whole,metar,EFHK,22°C,22.0,22.0,iem_metar,2026-07-17T07:41:36Z
2026-07-16,highest-temperature-in-hong-kong-on-july-16-2026,hong-kong,C,decimal,hko,HKO,27°C,29.0,29.0,iem_vhhh_proxy,2026-07-17T07:41:36Z
2026-07-16,highest-temperature-in-houston-on-july-16-2026,houston,F,whole,metar,KHOU,90-91°F,34.5,94.1,openmeteo_grid,2026-07-17T07:41:36Z
2026-07-16,highest-temperature-in-istanbul-on-july-16-2026,istanbul,C,whole,geocode,istanbul,28°C,29.7,29.7,openmeteo_grid,2026-07-17T07:41:36Z
2026-07-16,highest-temperature-in-jeddah-on-july-16-2026,jeddah,C,whole,metar,OEJN,>=38°C,38.0,38.0,iem_metar,2026-07-17T07:41:36Z
2026-07-16,highest-temperature-in-karachi-on-july-16-2026,karachi,C,whole,metar,OPKC,33°C,33.0,33.0,iem_metar,2026-07-17T07:41:36Z
2026-07-16,highest-temperature-in-kuala-lumpur-on-july-16-2026,kuala-lumpur,C,whole,metar,WMKK,34°C,34.0,34.0,iem_metar,2026-07-17T07:41:36Z
2026-07-16,highest-temperature-in-london-on-july-16-2026,london,C,whole,metar,EGLC,27°C,27.0,27.0,iem_metar,2026-07-17T07:41:36Z
2026-07-16,highest-temperature-in-lucknow-on-july-16-2026,lucknow,C,whole,metar,VILK,33°C,33.0,33.0,iem_metar,2026-07-17T07:41:36Z
2026-07-16,highest-temperature-in-madrid-on-july-16-2026,madrid,C,whole,metar,LEMD,35°C,35.0,35.0,iem_metar,2026-07-17T07:41:36Z
2026-07-16,highest-temperature-in-manila-on-july-16-2026,manila,C,whole,metar,RPLL,33°C,33.0,33.0,iem_metar,2026-07-17T07:41:36Z
2026-07-16,highest-temperature-in-mexico-city-on-july-16-2026,mexico-city,C,whole,metar,MMMX,25°C,25.0,25.0,iem_metar,2026-07-17T07:41:36Z
2026-07-16,highest-temperature-in-miami-on-july-16-2026,miami,F,whole,metar,KMIA,96-97°F,33.4,92.1,openmeteo_grid,2026-07-17T07:41:36Z
2026-07-16,highest-temperature-in-milan-on-july-16-2026,milan,C,whole,metar,LIMC,33°C,33.0,33.0,iem_metar,2026-07-17T07:41:36Z
2026-07-16,highest-temperature-in-moscow-on-july-16-2026,moscow,C,whole,geocode,moscow,19°C,19.7,19.7,openmeteo_grid,2026-07-17T07:41:36Z
2026-07-16,highest-temperature-in-munich-on-july-16-2026,munich,C,whole,metar,EDDM,31°C,31.0,31.0,iem_metar,2026-07-17T07:41:36Z
2026-07-16,highest-temperature-in-nyc-on-july-16-2026,nyc,F,whole,metar,KLGA,88-89°F,31.1,88.0,iem_metar,2026-07-17T07:41:36Z
2026-07-16,highest-temperature-in-panama-city-on-july-16-2026,panama-city,C,whole,metar,MPMG,34°C,34.0,34.0,iem_metar,2026-07-17T07:41:36Z
2026-07-16,highest-temperature-in-paris-on-july-16-2026,paris,C,whole,metar,LFPB,33°C,33.0,33.0,iem_metar,2026-07-17T07:41:36Z
2026-07-16,highest-temperature-in-qingdao-on-july-16-2026,qingdao,C,whole,metar,ZSQD,29°C,29.0,29.0,iem_metar,2026-07-17T07:41:36Z
2026-07-16,highest-temperature-in-sao-paulo-on-july-16-2026,sao-paulo,C,whole,metar,SBGR,26°C,26.0,26.0,iem_metar,2026-07-17T07:41:36Z
2026-07-16,highest-temperature-in-seoul-on-july-16-2026,seoul,C,whole,metar,RKSI,28°C,28.0,28.0,iem_metar,2026-07-17T07:41:36Z
2026-07-16,highest-temperature-in-shanghai-on-july-16-2026,shanghai,C,whole,metar,ZSPD,38°C,38.0,38.0,iem_metar,2026-07-17T07:41:36Z
2026-07-16,highest-temperature-in-shenzhen-on-july-16-2026,shenzhen,C,whole,metar,ZGSZ,27°C,28.0,28.0,iem_metar,2026-07-17T07:41:36Z
2026-07-16,highest-temperature-in-singapore-on-july-16-2026,singapore,C,whole,metar,WSSS,32°C,32.0,32.0,iem_metar,2026-07-17T07:41:36Z
2026-07-16,highest-temperature-in-taipei-on-july-16-2026,taipei,C,whole,metar,RCSS,36°C,36.0,36.0,iem_metar,2026-07-17T07:41:36Z
2026-07-16,highest-temperature-in-tel-aviv-on-july-16-2026,tel-aviv,C,whole,geocode,tel-aviv,32°C,30.6,30.6,openmeteo_grid,2026-07-17T07:41:36Z
2026-07-16,highest-temperature-in-tokyo-on-july-16-2026,tokyo,C,whole,metar,RJTT,33°C,33.0,33.0,iem_metar,2026-07-17T07:41:36Z
2026-07-16,highest-temperature-in-toronto-on-july-16-2026,toronto,C,whole,metar,CYYZ,30°C,30.0,30.0,iem_metar,2026-07-17T07:41:36Z
2026-07-16,highest-temperature-in-warsaw-on-july-16-2026,warsaw,C,whole,metar,EPWA,30°C,30.0,30.0,iem_metar,2026-07-17T07:41:36Z
2026-07-16,highest-temperature-in-wellington-on-july-16-2026,wellington,C,whole,metar,NZWN,16°C,16.0,16.0,iem_metar,2026-07-17T07:41:36Z
2026-07-16,highest-temperature-in-wuhan-on-july-16-2026,wuhan,C,whole,metar,ZHHH,37°C,37.0,37.0,iem_metar,2026-07-17T07:41:36Z
2026-07-16,highest-temperature-in-los-angeles-on-july-16-2026,los-angeles,F,whole,metar,KLAX,82-83°F,28.9,84.0,iem_metar,2026-07-17T09:19:35Z
2026-07-16,highest-temperature-in-san-francisco-on-july-16-2026,san-francisco,F,whole,metar,KSFO,68-69°F,20.6,69.0,iem_metar,2026-07-17T09:19:35Z
2026-07-16,highest-temperature-in-seattle-on-july-16-2026,seattle,F,whole,metar,KSEA,64-65°F,18.3,65.0,iem_metar,2026-07-17T09:19:35Z
2026-07-17,highest-temperature-in-amsterdam-on-july-17-2026,amsterdam,C,whole,metar,EHAM,22°C,22.0,22.0,iem_metar,2026-07-18T07:09:46Z
2026-07-17,highest-temperature-in-ankara-on-july-17-2026,ankara,C,whole,metar,LTAC,30°C,30.0,30.0,iem_metar,2026-07-18T07:09:46Z
2026-07-17,highest-temperature-in-atlanta-on-july-17-2026,atlanta,F,whole,metar,KATL,88-89°F,31.9,89.4,openmeteo_grid,2026-07-18T07:09:46Z
2026-07-17,highest-temperature-in-austin-on-july-17-2026,austin,F,whole,metar,KAUS,94-95°F,34.4,94.0,iem_metar,2026-07-18T07:09:46Z
2026-07-17,highest-temperature-in-beijing-on-july-17-2026,beijing,C,whole,metar,ZBAA,31°C,31.0,31.0,iem_metar,2026-07-18T07:09:46Z
2026-07-17,highest-temperature-in-buenos-aires-on-july-17-2026,buenos-aires,C,whole,metar,SAEZ,24°C,24.0,24.0,iem_metar,2026-07-18T07:09:46Z
2026-07-17,highest-temperature-in-busan-on-july-17-2026,busan,C,whole,metar,RKPK,31°C,31.0,31.0,iem_metar,2026-07-18T07:09:46Z
2026-07-17,highest-temperature-in-cape-town-on-july-17-2026,cape-town,C,whole,metar,FACT,20°C,20.0,20.0,iem_metar,2026-07-18T07:09:46Z
2026-07-17,highest-temperature-in-chengdu-on-july-17-2026,chengdu,C,whole,metar,ZUUU,<=29°C,29.0,29.0,iem_metar,2026-07-18T07:09:46Z
2026-07-17,highest-temperature-in-chicago-on-july-17-2026,chicago,F,whole,metar,KORD,92-93°F,32.8,91.0,openmeteo_grid,2026-07-18T07:09:46Z
2026-07-17,highest-temperature-in-chongqing-on-july-17-2026,chongqing,C,whole,metar,ZUCK,34°C,34.0,34.0,iem_metar,2026-07-18T07:09:46Z
2026-07-17,highest-temperature-in-dallas-on-july-17-2026,dallas,F,whole,geocode,dallas,94-95°F,35.3,95.5,openmeteo_grid,2026-07-18T07:09:46Z
2026-07-17,highest-temperature-in-guangzhou-on-july-17-2026,guangzhou,C,whole,metar,ZGGG,34°C,34.0,34.0,iem_metar,2026-07-18T07:09:46Z
2026-07-17,highest-temperature-in-helsinki-on-july-17-2026,helsinki,C,whole,metar,EFHK,24°C,24.0,24.0,iem_metar,2026-07-18T07:09:46Z
2026-07-17,highest-temperature-in-houston-on-july-17-2026,houston,F,whole,metar,KHOU,92-93°F,34.6,94.3,openmeteo_grid,2026-07-18T07:09:46Z
2026-07-17,highest-temperature-in-istanbul-on-july-17-2026,istanbul,C,whole,geocode,istanbul,28°C,30.3,30.3,openmeteo_grid,2026-07-18T07:09:46Z
2026-07-17,highest-temperature-in-jeddah-on-july-17-2026,jeddah,C,whole,metar,OEJN,38°C,38.0,38.0,iem_metar,2026-07-18T07:09:46Z
2026-07-17,highest-temperature-in-karachi-on-july-17-2026,karachi,C,whole,metar,OPKC,34°C,34.0,34.0,iem_metar,2026-07-18T07:09:46Z
2026-07-17,highest-temperature-in-kuala-lumpur-on-july-17-2026,kuala-lumpur,C,whole,metar,WMKK,34°C,34.0,34.0,iem_metar,2026-07-18T07:09:46Z
2026-07-17,highest-temperature-in-london-on-july-17-2026,london,C,whole,metar,EGLC,27°C,27.0,27.0,iem_metar,2026-07-18T07:09:46Z
2026-07-17,highest-temperature-in-lucknow-on-july-17-2026,lucknow,C,whole,metar,VILK,>=35°C,35.0,35.0,iem_metar,2026-07-18T07:09:46Z
2026-07-17,highest-temperature-in-madrid-on-july-17-2026,madrid,C,whole,metar,LEMD,34°C,34.0,34.0,iem_metar,2026-07-18T07:09:46Z
2026-07-17,highest-temperature-in-manila-on-july-17-2026,manila,C,whole,metar,RPLL,32°C,32.0,32.0,iem_metar,2026-07-18T07:09:46Z
2026-07-17,highest-temperature-in-miami-on-july-17-2026,miami,F,whole,metar,KMIA,92-93°F,33.5,92.3,openmeteo_grid,2026-07-18T07:09:46Z
2026-07-17,highest-temperature-in-milan-on-july-17-2026,milan,C,whole,metar,LIMC,33°C,33.0,33.0,iem_metar,2026-07-18T07:09:46Z
2026-07-17,highest-temperature-in-moscow-on-july-17-2026,moscow,C,whole,geocode,moscow,21°C,21.8,21.8,openmeteo_grid,2026-07-18T07:09:46Z
2026-07-17,highest-temperature-in-munich-on-july-17-2026,munich,C,whole,metar,EDDM,29°C,29.0,29.0,iem_metar,2026-07-18T07:09:46Z
2026-07-17,highest-temperature-in-nyc-on-july-17-2026,nyc,F,whole,metar,KLGA,86-87°F,31.1,88.0,iem_metar,2026-07-18T07:09:46Z
2026-07-17,highest-temperature-in-panama-city-on-july-17-2026,panama-city,C,whole,metar,MPMG,34°C,34.0,34.0,iem_metar,2026-07-18T07:09:46Z
2026-07-17,highest-temperature-in-paris-on-july-17-2026,paris,C,whole,metar,LFPB,26°C,26.0,26.0,iem_metar,2026-07-18T07:09:46Z
2026-07-17,highest-temperature-in-qingdao-on-july-17-2026,qingdao,C,whole,metar,ZSQD,26°C,26.0,26.0,iem_metar,2026-07-18T07:09:46Z
2026-07-17,highest-temperature-in-sao-paulo-on-july-17-2026,sao-paulo,C,whole,metar,SBGR,24°C,24.0,24.0,iem_metar,2026-07-18T07:09:46Z
2026-07-17,highest-temperature-in-seoul-on-july-17-2026,seoul,C,whole,metar,RKSI,31°C,31.0,31.0,iem_metar,2026-07-18T07:09:46Z
2026-07-17,highest-temperature-in-shanghai-on-july-17-2026,shanghai,C,whole,metar,ZSPD,39°C,39.0,39.0,iem_metar,2026-07-18T07:09:46Z
2026-07-17,highest-temperature-in-shenzhen-on-july-17-2026,shenzhen,C,whole,metar,ZGSZ,29°C,30.0,30.0,iem_metar,2026-07-18T07:09:46Z
2026-07-17,highest-temperature-in-singapore-on-july-17-2026,singapore,C,whole,metar,WSSS,30°C,30.0,30.0,iem_metar,2026-07-18T07:09:46Z
2026-07-17,highest-temperature-in-taipei-on-july-17-2026,taipei,C,whole,metar,RCSS,37°C,37.0,37.0,iem_metar,2026-07-18T07:09:46Z
2026-07-17,highest-temperature-in-tel-aviv-on-july-17-2026,tel-aviv,C,whole,geocode,tel-aviv,32°C,30.8,30.8,openmeteo_grid,2026-07-18T07:09:46Z
2026-07-17,highest-temperature-in-tokyo-on-july-17-2026,tokyo,C,whole,metar,RJTT,32°C,32.0,32.0,iem_metar,2026-07-18T07:09:46Z
2026-07-17,highest-temperature-in-toronto-on-july-17-2026,toronto,C,whole,metar,CYYZ,26°C,26.0,26.0,iem_metar,2026-07-18T07:09:46Z
2026-07-17,highest-temperature-in-warsaw-on-july-17-2026,warsaw,C,whole,metar,EPWA,31°C,31.0,31.0,iem_metar,2026-07-18T07:09:46Z
2026-07-17,highest-temperature-in-wellington-on-july-17-2026,wellington,C,whole,metar,NZWN,15°C,15.0,15.0,iem_metar,2026-07-18T07:09:46Z
2026-07-17,highest-temperature-in-wuhan-on-july-17-2026,wuhan,C,whole,metar,ZHHH,35°C,35.0,35.0,iem_metar,2026-07-18T07:09:46Z
2026-07-17,highest-temperature-in-denver-on-july-17-2026,denver,F,whole,geocode,denver,92-93°F,34.8,94.6,openmeteo_grid,2026-07-18T15:33:36Z
2026-07-17,highest-temperature-in-los-angeles-on-july-17-2026,los-angeles,F,whole,metar,KLAX,86-87°F,30.0,86.0,iem_metar,2026-07-18T15:33:36Z
2026-07-17,highest-temperature-in-mexico-city-on-july-17-2026,mexico-city,C,whole,metar,MMMX,24°C,24.0,24.0,iem_metar,2026-07-18T15:33:36Z
2026-07-17,highest-temperature-in-san-francisco-on-july-17-2026,san-francisco,F,whole,metar,KSFO,66-67°F,20.0,68.0,iem_metar,2026-07-18T15:33:36Z
2026-07-17,highest-temperature-in-seattle-on-july-17-2026,seattle,F,whole,metar,KSEA,70-71°F,22.2,72.0,iem_metar,2026-07-18T15:33:36Z
2026-07-18,highest-temperature-in-amsterdam-on-july-18-2026,amsterdam,C,whole,metar,EHAM,19°C,19.0,19.0,iem_metar,2026-07-19T08:23:49Z
2026-07-18,highest-temperature-in-ankara-on-july-18-2026,ankara,C,whole,metar,LTAC,29°C,29.0,29.0,iem_metar,2026-07-19T08:23:49Z
2026-07-18,highest-temperature-in-atlanta-on-july-18-2026,atlanta,F,whole,metar,KATL,92-93°F,33.8,92.8,openmeteo_grid,2026-07-19T08:23:49Z
2026-07-18,highest-temperature-in-austin-on-july-18-2026,austin,F,whole,metar,KAUS,94-95°F,35.0,95.0,iem_metar,2026-07-19T08:23:49Z
2026-07-18,highest-temperature-in-beijing-on-july-18-2026,beijing,C,whole,metar,ZBAA,31°C,31.0,31.0,iem_metar,2026-07-19T08:23:49Z
2026-07-18,highest-temperature-in-buenos-aires-on-july-18-2026,buenos-aires,C,whole,metar,SAEZ,19°C,19.0,19.0,iem_metar,2026-07-19T08:23:49Z
2026-07-18,highest-temperature-in-busan-on-july-18-2026,busan,C,whole,metar,RKPK,30°C,30.0,30.0,iem_metar,2026-07-19T08:23:49Z
2026-07-18,highest-temperature-in-cape-town-on-july-18-2026,cape-town,C,whole,metar,FACT,16°C,16.0,16.0,iem_metar,2026-07-19T08:23:49Z
2026-07-18,highest-temperature-in-chengdu-on-july-18-2026,chengdu,C,whole,metar,ZUUU,34°C,34.0,34.0,iem_metar,2026-07-19T08:23:49Z
2026-07-18,highest-temperature-in-chicago-on-july-18-2026,chicago,F,whole,metar,KORD,90-91°F,32.9,91.2,openmeteo_grid,2026-07-19T08:23:49Z
2026-07-18,highest-temperature-in-chongqing-on-july-18-2026,chongqing,C,whole,metar,ZUCK,34°C,34.0,34.0,iem_metar,2026-07-19T08:23:49Z
2026-07-18,highest-temperature-in-dallas-on-july-18-2026,dallas,F,whole,geocode,dallas,96-97°F,36.3,97.3,openmeteo_grid,2026-07-19T08:23:49Z
2026-07-18,highest-temperature-in-denver-on-july-18-2026,denver,F,whole,geocode,denver,94-95°F,35.7,96.3,openmeteo_grid,2026-07-19T08:23:49Z
2026-07-18,highest-temperature-in-guangzhou-on-july-18-2026,guangzhou,C,whole,metar,ZGGG,31°C,31.0,31.0,iem_metar,2026-07-19T08:23:49Z
2026-07-18,highest-temperature-in-helsinki-on-july-18-2026,helsinki,C,whole,metar,EFHK,26°C,26.0,26.0,iem_metar,2026-07-19T08:23:49Z
2026-07-18,highest-temperature-in-houston-on-july-18-2026,houston,F,whole,metar,KHOU,92-93°F,35.2,95.4,openmeteo_grid,2026-07-19T08:23:49Z
2026-07-18,highest-temperature-in-istanbul-on-july-18-2026,istanbul,C,whole,geocode,istanbul,28°C,29.5,29.5,openmeteo_grid,2026-07-19T08:23:49Z
2026-07-18,highest-temperature-in-jeddah-on-july-18-2026,jeddah,C,whole,metar,OEJN,39°C,39.0,39.0,iem_metar,2026-07-19T08:23:49Z
2026-07-18,highest-temperature-in-karachi-on-july-18-2026,karachi,C,whole,metar,OPKC,33°C,33.0,33.0,iem_metar,2026-07-19T08:23:49Z
2026-07-18,highest-temperature-in-kuala-lumpur-on-july-18-2026,kuala-lumpur,C,whole,metar,WMKK,32°C,32.0,32.0,iem_metar,2026-07-19T08:23:49Z
2026-07-18,highest-temperature-in-london-on-july-18-2026,london,C,whole,metar,EGLC,21°C,21.0,21.0,iem_metar,2026-07-19T08:23:49Z
2026-07-18,highest-temperature-in-los-angeles-on-july-18-2026,los-angeles,F,whole,metar,KLAX,78-79°F,25.6,78.0,iem_metar,2026-07-19T08:23:49Z
2026-07-18,highest-temperature-in-lucknow-on-july-18-2026,lucknow,C,whole,metar,VILK,31°C,31.0,31.0,iem_metar,2026-07-19T08:23:49Z
2026-07-18,highest-temperature-in-madrid-on-july-18-2026,madrid,C,whole,metar,LEMD,36°C,36.0,36.0,iem_metar,2026-07-19T08:23:49Z
2026-07-18,highest-temperature-in-manila-on-july-18-2026,manila,C,whole,metar,RPLL,32°C,32.0,32.0,iem_metar,2026-07-19T08:23:49Z
2026-07-18,highest-temperature-in-mexico-city-on-july-18-2026,mexico-city,C,whole,metar,MMMX,25°C,25.0,25.0,iem_metar,2026-07-19T08:23:49Z
2026-07-18,highest-temperature-in-miami-on-july-18-2026,miami,F,whole,metar,KMIA,90-91°F,31.9,89.4,openmeteo_grid,2026-07-19T08:23:49Z
2026-07-18,highest-temperature-in-milan-on-july-18-2026,milan,C,whole,metar,LIMC,34°C,34.0,34.0,iem_metar,2026-07-19T08:23:49Z
2026-07-18,highest-temperature-in-moscow-on-july-18-2026,moscow,C,whole,geocode,moscow,24°C,25.3,25.3,openmeteo_grid,2026-07-19T08:23:49Z
2026-07-18,highest-temperature-in-munich-on-july-18-2026,munich,C,whole,metar,EDDM,26°C,26.0,26.0,iem_metar,2026-07-19T08:23:49Z
2026-07-18,highest-temperature-in-nyc-on-july-18-2026,nyc,F,whole,metar,KLGA,80-81°F,26.7,80.0,iem_metar,2026-07-19T08:23:49Z
2026-07-18,highest-temperature-in-panama-city-on-july-18-2026,panama-city,C,whole,metar,MPMG,33°C,33.0,33.0,iem_metar,2026-07-19T08:23:49Z
2026-07-18,highest-temperature-in-paris-on-july-18-2026,paris,C,whole,metar,LFPB,29°C,29.0,29.0,iem_metar,2026-07-19T08:23:49Z
2026-07-18,highest-temperature-in-qingdao-on-july-18-2026,qingdao,C,whole,metar,ZSQD,31°C,31.0,31.0,iem_metar,2026-07-19T08:23:49Z
2026-07-18,highest-temperature-in-sao-paulo-on-july-18-2026,sao-paulo,C,whole,metar,SBGR,24°C,24.0,24.0,iem_metar,2026-07-19T08:23:49Z
2026-07-18,highest-temperature-in-seoul-on-july-18-2026,seoul,C,whole,metar,RKSI,26°C,26.0,26.0,iem_metar,2026-07-19T08:23:49Z
2026-07-18,highest-temperature-in-shanghai-on-july-18-2026,shanghai,C,whole,metar,ZSPD,37°C,37.0,37.0,iem_metar,2026-07-19T08:23:49Z
2026-07-18,highest-temperature-in-shenzhen-on-july-18-2026,shenzhen,C,whole,metar,ZGSZ,31°C,30.0,30.0,iem_metar,2026-07-19T08:23:49Z
2026-07-18,highest-temperature-in-singapore-on-july-18-2026,singapore,C,whole,metar,WSSS,32°C,32.0,32.0,iem_metar,2026-07-19T08:23:49Z
2026-07-18,highest-temperature-in-taipei-on-july-18-2026,taipei,C,whole,metar,RCSS,36°C,36.0,36.0,iem_metar,2026-07-19T08:23:49Z
2026-07-18,highest-temperature-in-tel-aviv-on-july-18-2026,tel-aviv,C,whole,geocode,tel-aviv,35°C,32.3,32.3,openmeteo_grid,2026-07-19T08:23:49Z
2026-07-18,highest-temperature-in-tokyo-on-july-18-2026,tokyo,C,whole,metar,RJTT,29°C,29.0,29.0,iem_metar,2026-07-19T08:23:49Z
2026-07-18,highest-temperature-in-toronto-on-july-18-2026,toronto,C,whole,metar,CYYZ,28°C,28.0,28.0,iem_metar,2026-07-19T08:23:49Z
2026-07-18,highest-temperature-in-warsaw-on-july-18-2026,warsaw,C,whole,metar,EPWA,26°C,26.0,26.0,iem_metar,2026-07-19T08:23:49Z
2026-07-18,highest-temperature-in-wellington-on-july-18-2026,wellington,C,whole,metar,NZWN,15°C,15.0,15.0,iem_metar,2026-07-19T08:23:49Z
2026-07-18,highest-temperature-in-wuhan-on-july-18-2026,wuhan,C,whole,metar,ZHHH,31°C,31.0,31.0,iem_metar,2026-07-19T08:23:49Z
2026-07-18,highest-temperature-in-san-francisco-on-july-18-2026,san-francisco,F,whole,metar,KSFO,70-71°F,22.2,72.0,iem_metar,2026-07-19T09:35:06Z
2026-07-18,highest-temperature-in-seattle-on-july-18-2026,seattle,F,whole,metar,KSEA,74-75°F,23.9,75.0,iem_metar,2026-07-19T09:35:06Z
2026-07-19,highest-temperature-in-amsterdam-on-july-19-2026,amsterdam,C,whole,metar,EHAM,20°C,20.0,20.0,iem_metar,2026-07-20T06:35:41Z
2026-07-19,highest-temperature-in-ankara-on-july-19-2026,ankara,C,whole,metar,LTAC,32°C,32.0,32.0,iem_metar,2026-07-20T06:35:41Z
2026-07-19,highest-temperature-in-atlanta-on-july-19-2026,atlanta,F,whole,metar,KATL,90-91°F,31.6,88.9,openmeteo_grid,2026-07-20T06:35:41Z
2026-07-19,highest-temperature-in-beijing-on-july-19-2026,beijing,C,whole,metar,ZBAA,33°C,33.0,33.0,iem_metar,2026-07-20T06:35:41Z
2026-07-19,highest-temperature-in-buenos-aires-on-july-19-2026,buenos-aires,C,whole,metar,SAEZ,13°C,13.0,13.0,iem_metar,2026-07-20T06:35:41Z
2026-07-19,highest-temperature-in-busan-on-july-19-2026,busan,C,whole,metar,RKPK,29°C,29.0,29.0,iem_metar,2026-07-20T06:35:41Z
2026-07-19,highest-temperature-in-cape-town-on-july-19-2026,cape-town,C,whole,metar,FACT,14°C,14.0,14.0,iem_metar,2026-07-20T06:35:41Z
2026-07-19,highest-temperature-in-chengdu-on-july-19-2026,chengdu,C,whole,metar,ZUUU,37°C,37.0,37.0,iem_metar,2026-07-20T06:35:41Z
2026-07-19,highest-temperature-in-chicago-on-july-19-2026,chicago,F,whole,metar,KORD,78-79°F,26.2,79.2,openmeteo_grid,2026-07-20T06:35:41Z
2026-07-19,highest-temperature-in-chongqing-on-july-19-2026,chongqing,C,whole,metar,ZUCK,35°C,35.0,35.0,iem_metar,2026-07-20T06:35:41Z
2026-07-19,highest-temperature-in-dallas-on-july-19-2026,dallas,F,whole,geocode,dallas,98-99°F,37.3,99.1,openmeteo_grid,2026-07-20T06:35:41Z
2026-07-19,highest-temperature-in-guangzhou-on-july-19-2026,guangzhou,C,whole,metar,ZGGG,32°C,32.0,32.0,iem_metar,2026-07-20T06:35:41Z
2026-07-19,highest-temperature-in-helsinki-on-july-19-2026,helsinki,C,whole,metar,EFHK,20°C,20.0,20.0,iem_metar,2026-07-20T06:35:41Z
2026-07-17,highest-temperature-in-hong-kong-on-july-17-2026,hong-kong,C,decimal,hko,HKO,30°C,31.0,31.0,iem_vhhh_proxy,2026-07-20T06:35:41Z
2026-07-18,highest-temperature-in-hong-kong-on-july-18-2026,hong-kong,C,decimal,hko,HKO,30°C,32.0,32.0,iem_vhhh_proxy,2026-07-20T06:35:41Z
2026-07-19,highest-temperature-in-hong-kong-on-july-19-2026,hong-kong,C,decimal,hko,HKO,30°C,32.0,32.0,iem_vhhh_proxy,2026-07-20T06:35:41Z
2026-07-19,highest-temperature-in-istanbul-on-july-19-2026,istanbul,C,whole,geocode,istanbul,28°C,29.6,29.6,openmeteo_grid,2026-07-20T06:35:41Z
2026-07-19,highest-temperature-in-jeddah-on-july-19-2026,jeddah,C,whole,metar,OEJN,38°C,38.0,38.0,iem_metar,2026-07-20T06:35:41Z
2026-07-19,highest-temperature-in-karachi-on-july-19-2026,karachi,C,whole,metar,OPKC,32°C,32.0,32.0,iem_metar,2026-07-20T06:35:41Z
2026-07-19,highest-temperature-in-kuala-lumpur-on-july-19-2026,kuala-lumpur,C,whole,metar,WMKK,32°C,32.0,32.0,iem_metar,2026-07-20T06:35:41Z
2026-07-19,highest-temperature-in-london-on-july-19-2026,london,C,whole,metar,EGLC,21°C,21.0,21.0,iem_metar,2026-07-20T06:35:41Z
2026-07-19,highest-temperature-in-lucknow-on-july-19-2026,lucknow,C,whole,metar,VILK,29°C,29.0,29.0,iem_metar,2026-07-20T06:35:41Z
2026-07-19,highest-temperature-in-madrid-on-july-19-2026,madrid,C,whole,metar,LEMD,36°C,36.0,36.0,iem_metar,2026-07-20T06:35:41Z
2026-07-19,highest-temperature-in-manila-on-july-19-2026,manila,C,whole,metar,RPLL,33°C,33.0,33.0,iem_metar,2026-07-20T06:35:41Z
2026-07-19,highest-temperature-in-miami-on-july-19-2026,miami,F,whole,metar,KMIA,90-91°F,32.9,91.2,openmeteo_grid,2026-07-20T06:35:41Z
2026-07-19,highest-temperature-in-milan-on-july-19-2026,milan,C,whole,metar,LIMC,32°C,32.0,32.0,iem_metar,2026-07-20T06:35:41Z
2026-07-19,highest-temperature-in-moscow-on-july-19-2026,moscow,C,whole,geocode,moscow,27°C,26.8,26.8,openmeteo_grid,2026-07-20T06:35:41Z
2026-07-19,highest-temperature-in-munich-on-july-19-2026,munich,C,whole,metar,EDDM,23°C,23.0,23.0,iem_metar,2026-07-20T06:35:41Z
2026-07-19,highest-temperature-in-nyc-on-july-19-2026,nyc,F,whole,metar,KLGA,80-81°F,28.3,83.0,iem_metar,2026-07-20T06:35:41Z
2026-07-19,highest-temperature-in-panama-city-on-july-19-2026,panama-city,C,whole,metar,MPMG,32°C,32.0,32.0,iem_metar,2026-07-20T06:35:41Z
2026-07-19,highest-temperature-in-paris-on-july-19-2026,paris,C,whole,metar,LFPB,24°C,24.0,24.0,iem_metar,2026-07-20T06:35:41Z
2026-07-19,highest-temperature-in-qingdao-on-july-19-2026,qingdao,C,whole,metar,ZSQD,29°C,29.0,29.0,iem_metar,2026-07-20T06:35:41Z
2026-07-19,highest-temperature-in-sao-paulo-on-july-19-2026,sao-paulo,C,whole,metar,SBGR,26°C,26.0,26.0,iem_metar,2026-07-20T06:35:41Z
2026-07-19,highest-temperature-in-seoul-on-july-19-2026,seoul,C,whole,metar,RKSI,26°C,27.0,27.0,iem_metar,2026-07-20T06:35:41Z
2026-07-19,highest-temperature-in-shanghai-on-july-19-2026,shanghai,C,whole,metar,ZSPD,33°C,33.0,33.0,iem_metar,2026-07-20T06:35:41Z
2026-07-19,highest-temperature-in-shenzhen-on-july-19-2026,shenzhen,C,whole,metar,ZGSZ,31°C,31.0,31.0,iem_metar,2026-07-20T06:35:41Z
2026-07-19,highest-temperature-in-singapore-on-july-19-2026,singapore,C,whole,metar,WSSS,32°C,32.0,32.0,iem_metar,2026-07-20T06:35:41Z
2026-07-19,highest-temperature-in-taipei-on-july-19-2026,taipei,C,whole,metar,RCSS,36°C,36.0,36.0,iem_metar,2026-07-20T06:35:41Z
2026-07-19,highest-temperature-in-tel-aviv-on-july-19-2026,tel-aviv,C,whole,geocode,tel-aviv,34°C,32.7,32.7,openmeteo_grid,2026-07-20T06:35:41Z
2026-07-19,highest-temperature-in-tokyo-on-july-19-2026,tokyo,C,whole,metar,RJTT,32°C,32.0,32.0,iem_metar,2026-07-20T06:35:41Z
2026-07-19,highest-temperature-in-toronto-on-july-19-2026,toronto,C,whole,metar,CYYZ,25°C,25.0,25.0,iem_metar,2026-07-20T06:35:41Z
2026-07-19,highest-temperature-in-warsaw-on-july-19-2026,warsaw,C,whole,metar,EPWA,27°C,27.0,27.0,iem_metar,2026-07-20T06:35:41Z
2026-07-19,highest-temperature-in-wellington-on-july-19-2026,wellington,C,whole,metar,NZWN,13°C,13.0,13.0,iem_metar,2026-07-20T06:35:41Z
2026-07-19,highest-temperature-in-wuhan-on-july-19-2026,wuhan,C,whole,metar,ZHHH,33°C,33.0,33.0,iem_metar,2026-07-20T06:35:41Z
2026-07-19,highest-temperature-in-austin-on-july-19-2026,austin,F,whole,metar,KAUS,94-95°F,35.0,95.0,iem_metar,2026-07-20T10:35:51Z
2026-07-19,highest-temperature-in-denver-on-july-19-2026,denver,F,whole,geocode,denver,98-99°F,38.2,100.8,openmeteo_grid,2026-07-20T10:35:51Z
2026-07-19,highest-temperature-in-houston-on-july-19-2026,houston,F,whole,metar,KHOU,94-95°F,35.9,96.6,openmeteo_grid,2026-07-20T10:35:51Z
2026-07-19,highest-temperature-in-los-angeles-on-july-19-2026,los-angeles,F,whole,metar,KLAX,76-77°F,25.6,78.0,iem_metar,2026-07-20T10:35:51Z
2026-07-19,highest-temperature-in-mexico-city-on-july-19-2026,mexico-city,C,whole,metar,MMMX,25°C,25.0,25.0,iem_metar,2026-07-20T10:35:51Z
2026-07-19,highest-temperature-in-san-francisco-on-july-19-2026,san-francisco,F,whole,metar,KSFO,64-65°F,18.9,66.0,iem_metar,2026-07-20T10:35:51Z
2026-07-19,highest-temperature-in-seattle-on-july-19-2026,seattle,F,whole,metar,KSEA,78-79°F,25.6,78.0,iem_metar,2026-07-20T10:35:51Z
2026-07-20,highest-temperature-in-amsterdam-on-july-20-2026,amsterdam,C,whole,metar,EHAM,20°C,20.0,20.0,iem_metar,2026-07-21T09:42:34Z
2026-07-20,highest-temperature-in-ankara-on-july-20-2026,ankara,C,whole,metar,LTAC,33°C,33.0,33.0,iem_metar,2026-07-21T09:42:34Z
2026-07-20,highest-temperature-in-atlanta-on-july-20-2026,atlanta,F,whole,metar,KATL,92-93°F,33.3,91.9,openmeteo_grid,2026-07-21T09:42:34Z
2026-07-20,highest-temperature-in-austin-on-july-20-2026,austin,F,whole,metar,KAUS,96-97°F,36.1,97.0,iem_metar,2026-07-21T09:42:34Z
2026-07-20,highest-temperature-in-beijing-on-july-20-2026,beijing,C,whole,metar,ZBAA,30°C,30.0,30.0,iem_metar,2026-07-21T09:42:34Z
2026-07-20,highest-temperature-in-buenos-aires-on-july-20-2026,buenos-aires,C,whole,metar,SAEZ,15°C,15.0,15.0,iem_metar,2026-07-21T09:42:34Z
2026-07-20,highest-temperature-in-busan-on-july-20-2026,busan,C,whole,metar,RKPK,32°C,32.0,32.0,iem_metar,2026-07-21T09:42:34Z
2026-07-20,highest-temperature-in-cape-town-on-july-20-2026,cape-town,C,whole,metar,FACT,16°C,16.0,16.0,iem_metar,2026-07-21T09:42:34Z
2026-07-20,highest-temperature-in-chengdu-on-july-20-2026,chengdu,C,whole,metar,ZUUU,38°C,38.0,38.0,iem_metar,2026-07-21T09:42:34Z
2026-07-20,highest-temperature-in-chicago-on-july-20-2026,chicago,F,whole,metar,KORD,82-83°F,28.3,82.9,openmeteo_grid,2026-07-21T09:42:34Z
2026-07-20,highest-temperature-in-chongqing-on-july-20-2026,chongqing,C,whole,metar,ZUCK,38°C,38.0,38.0,iem_metar,2026-07-21T09:42:34Z
2026-07-20,highest-temperature-in-dallas-on-july-20-2026,dallas,F,whole,geocode,dallas,102-103°F,39.0,102.2,openmeteo_grid,2026-07-21T09:42:34Z
2026-07-20,highest-temperature-in-denver-on-july-20-2026,denver,F,whole,geocode,denver,100-101°F,39.3,102.7,openmeteo_grid,2026-07-21T09:42:34Z
2026-07-20,highest-temperature-in-guangzhou-on-july-20-2026,guangzhou,C,whole,metar,ZGGG,33°C,33.0,33.0,iem_metar,2026-07-21T09:42:34Z
2026-07-20,highest-temperature-in-helsinki-on-july-20-2026,helsinki,C,whole,metar,EFHK,21°C,21.0,21.0,iem_metar,2026-07-21T09:42:34Z
2026-07-20,highest-temperature-in-hong-kong-on-july-20-2026,hong-kong,C,decimal,hko,HKO,29°C,31.0,31.0,iem_vhhh_proxy,2026-07-21T09:42:34Z
2026-07-20,highest-temperature-in-houston-on-july-20-2026,houston,F,whole,metar,KHOU,94-95°F,35.9,96.6,openmeteo_grid,2026-07-21T09:42:34Z
2026-07-20,highest-temperature-in-istanbul-on-july-20-2026,istanbul,C,whole,geocode,istanbul,28°C,30.0,30.0,openmeteo_grid,2026-07-21T09:42:34Z
2026-07-20,highest-temperature-in-jeddah-on-july-20-2026,jeddah,C,whole,metar,OEJN,>=40°C,40.0,40.0,iem_metar,2026-07-21T09:42:34Z
2026-07-20,highest-temperature-in-karachi-on-july-20-2026,karachi,C,whole,metar,OPKC,33°C,33.0,33.0,iem_metar,2026-07-21T09:42:34Z
2026-07-20,highest-temperature-in-kuala-lumpur-on-july-20-2026,kuala-lumpur,C,whole,metar,WMKK,29°C,29.0,29.0,iem_metar,2026-07-21T09:42:34Z
2026-07-20,highest-temperature-in-london-on-july-20-2026,london,C,whole,metar,EGLC,25°C,25.0,25.0,iem_metar,2026-07-21T09:42:34Z
2026-07-20,highest-temperature-in-los-angeles-on-july-20-2026,los-angeles,F,whole,metar,KLAX,80-81°F,28.3,83.0,iem_metar,2026-07-21T09:42:34Z
2026-07-20,highest-temperature-in-lucknow-on-july-20-2026,lucknow,C,whole,metar,VILK,27°C,27.0,27.0,iem_metar,2026-07-21T09:42:34Z
2026-07-20,highest-temperature-in-madrid-on-july-20-2026,madrid,C,whole,metar,LEMD,36°C,36.0,36.0,iem_metar,2026-07-21T09:42:34Z
2026-07-20,highest-temperature-in-manila-on-july-20-2026,manila,C,whole,metar,RPLL,33°C,33.0,33.0,iem_metar,2026-07-21T09:42:34Z
2026-07-20,highest-temperature-in-mexico-city-on-july-20-2026,mexico-city,C,whole,metar,MMMX,27°C,27.0,27.0,iem_metar,2026-07-21T09:42:34Z
2026-07-20,highest-temperature-in-miami-on-july-20-2026,miami,F,whole,metar,KMIA,92-93°F,32.9,91.2,openmeteo_grid,2026-07-21T09:42:34Z
2026-07-20,highest-temperature-in-milan-on-july-20-2026,milan,C,whole,metar,LIMC,31°C,31.0,31.0,iem_metar,2026-07-21T09:42:34Z
2026-07-20,highest-temperature-in-moscow-on-july-20-2026,moscow,C,whole,geocode,moscow,26°C,27.5,27.5,openmeteo_grid,2026-07-21T09:42:34Z
2026-07-20,highest-temperature-in-munich-on-july-20-2026,munich,C,whole,metar,EDDM,23°C,23.0,23.0,iem_metar,2026-07-21T09:42:34Z
2026-07-20,highest-temperature-in-nyc-on-july-20-2026,nyc,F,whole,metar,KLGA,82-83°F,28.3,83.0,iem_metar,2026-07-21T09:42:34Z
2026-07-20,highest-temperature-in-panama-city-on-july-20-2026,panama-city,C,whole,metar,MPMG,29°C,29.0,29.0,iem_metar,2026-07-21T09:42:34Z
2026-07-20,highest-temperature-in-paris-on-july-20-2026,paris,C,whole,metar,LFPB,24°C,24.0,24.0,iem_metar,2026-07-21T09:42:34Z
2026-07-20,highest-temperature-in-qingdao-on-july-20-2026,qingdao,C,whole,metar,ZSQD,29°C,29.0,29.0,iem_metar,2026-07-21T09:42:34Z
2026-07-20,highest-temperature-in-sao-paulo-on-july-20-2026,sao-paulo,C,whole,metar,SBGR,27°C,27.0,27.0,iem_metar,2026-07-21T09:42:34Z
2026-07-20,highest-temperature-in-seattle-on-july-20-2026,seattle,F,whole,metar,KSEA,82-83°F,27.8,82.0,iem_metar,2026-07-21T09:42:34Z
2026-07-20,highest-temperature-in-seoul-on-july-20-2026,seoul,C,whole,metar,RKSI,27°C,27.0,27.0,iem_metar,2026-07-21T09:42:34Z
2026-07-20,highest-temperature-in-shanghai-on-july-20-2026,shanghai,C,whole,metar,ZSPD,35°C,35.0,35.0,iem_metar,2026-07-21T09:42:34Z
2026-07-20,highest-temperature-in-shenzhen-on-july-20-2026,shenzhen,C,whole,metar,ZGSZ,29°C,30.0,30.0,iem_metar,2026-07-21T09:42:34Z
2026-07-20,highest-temperature-in-singapore-on-july-20-2026,singapore,C,whole,metar,WSSS,32°C,32.0,32.0,iem_metar,2026-07-21T09:42:34Z
2026-07-20,highest-temperature-in-taipei-on-july-20-2026,taipei,C,whole,metar,RCSS,35°C,35.0,35.0,iem_metar,2026-07-21T09:42:34Z
2026-07-20,highest-temperature-in-tel-aviv-on-july-20-2026,tel-aviv,C,whole,geocode,tel-aviv,33°C,31.8,31.8,openmeteo_grid,2026-07-21T09:42:34Z
2026-07-20,highest-temperature-in-tokyo-on-july-20-2026,tokyo,C,whole,metar,RJTT,35°C,35.0,35.0,iem_metar,2026-07-21T09:42:34Z
2026-07-20,highest-temperature-in-toronto-on-july-20-2026,toronto,C,whole,metar,CYYZ,27°C,27.0,27.0,iem_metar,2026-07-21T09:42:34Z
2026-07-20,highest-temperature-in-warsaw-on-july-20-2026,warsaw,C,whole,metar,EPWA,20°C,20.0,20.0,iem_metar,2026-07-21T09:42:34Z
2026-07-20,highest-temperature-in-wellington-on-july-20-2026,wellington,C,whole,metar,NZWN,12°C,12.0,12.0,iem_metar,2026-07-21T09:42:34Z
2026-07-20,highest-temperature-in-wuhan-on-july-20-2026,wuhan,C,whole,metar,ZHHH,33°C,33.0,33.0,iem_metar,2026-07-21T09:42:34Z
2026-07-20,highest-temperature-in-san-francisco-on-july-20-2026,san-francisco,F,whole,metar,KSFO,70-71°F,22.2,72.0,iem_metar,2026-07-21T17:01:01Z
2026-07-21,highest-temperature-in-amsterdam-on-july-21-2026,amsterdam,C,whole,metar,EHAM,22°C,22.0,22.0,iem_metar,2026-07-22T09:44:37Z
2026-07-21,highest-temperature-in-ankara-on-july-21-2026,ankara,C,whole,metar,LTAC,33°C,33.0,33.0,iem_metar,2026-07-22T09:44:37Z
2026-07-21,highest-temperature-in-atlanta-on-july-21-2026,atlanta,F,whole,metar,KATL,90-91°F,32.4,90.3,openmeteo_grid,2026-07-22T09:44:37Z
2026-07-21,highest-temperature-in-austin-on-july-21-2026,austin,F,whole,metar,KAUS,100-101°F,38.3,101.0,iem_metar,2026-07-22T09:44:37Z
2026-07-21,highest-temperature-in-beijing-on-july-21-2026,beijing,C,whole,metar,ZBAA,32°C,32.0,32.0,iem_metar,2026-07-22T09:44:37Z
2026-07-21,highest-temperature-in-buenos-aires-on-july-21-2026,buenos-aires,C,whole,metar,SAEZ,13°C,13.0,13.0,iem_metar,2026-07-22T09:44:37Z
2026-07-21,highest-temperature-in-busan-on-july-21-2026,busan,C,whole,metar,RKPK,32°C,32.0,32.0,iem_metar,2026-07-22T09:44:37Z
2026-07-21,highest-temperature-in-cape-town-on-july-21-2026,cape-town,C,whole,metar,FACT,18°C,18.0,18.0,iem_metar,2026-07-22T09:44:37Z
2026-07-21,highest-temperature-in-chengdu-on-july-21-2026,chengdu,C,whole,metar,ZUUU,38°C,38.0,38.0,iem_metar,2026-07-22T09:44:37Z
2026-07-21,highest-temperature-in-chicago-on-july-21-2026,chicago,F,whole,metar,KORD,86-87°F,29.6,85.3,openmeteo_grid,2026-07-22T09:44:37Z
2026-07-21,highest-temperature-in-chongqing-on-july-21-2026,chongqing,C,whole,metar,ZUCK,39°C,39.0,39.0,iem_metar,2026-07-22T09:44:37Z
2026-07-21,highest-temperature-in-dallas-on-july-21-2026,dallas,F,whole,geocode,dallas,106-107°F,41.5,106.7,openmeteo_grid,2026-07-22T09:44:37Z
2026-07-21,highest-temperature-in-denver-on-july-21-2026,denver,F,whole,geocode,denver,96-97°F,36.0,96.8,openmeteo_grid,2026-07-22T09:44:37Z
2026-07-21,highest-temperature-in-guangzhou-on-july-21-2026,guangzhou,C,whole,metar,ZGGG,31°C,31.0,31.0,iem_metar,2026-07-22T09:44:37Z
2026-07-21,highest-temperature-in-helsinki-on-july-21-2026,helsinki,C,whole,metar,EFHK,14°C,14.0,14.0,iem_metar,2026-07-22T09:44:37Z
2026-07-21,highest-temperature-in-hong-kong-on-july-21-2026,hong-kong,C,decimal,hko,HKO,30°C,31.0,31.0,iem_vhhh_proxy,2026-07-22T09:44:37Z
2026-07-21,highest-temperature-in-houston-on-july-21-2026,houston,F,whole,metar,KHOU,96-97°F,37.1,98.8,openmeteo_grid,2026-07-22T09:44:37Z
2026-07-21,highest-temperature-in-istanbul-on-july-21-2026,istanbul,C,whole,geocode,istanbul,28°C,29.9,29.9,openmeteo_grid,2026-07-22T09:44:37Z
2026-07-21,highest-temperature-in-jeddah-on-july-21-2026,jeddah,C,whole,metar,OEJN,>=44°C,44.0,44.0,iem_metar,2026-07-22T09:44:37Z
2026-07-21,highest-temperature-in-karachi-on-july-21-2026,karachi,C,whole,metar,OPKC,33°C,33.0,33.0,iem_metar,2026-07-22T09:44:37Z
2026-07-21,highest-temperature-in-kuala-lumpur-on-july-21-2026,kuala-lumpur,C,whole,metar,WMKK,34°C,34.0,34.0,iem_metar,2026-07-22T09:44:37Z
2026-07-21,highest-temperature-in-london-on-july-21-2026,london,C,whole,metar,EGLC,22°C,22.0,22.0,iem_metar,2026-07-22T09:44:37Z
2026-07-21,highest-temperature-in-los-angeles-on-july-21-2026,los-angeles,F,whole,metar,KLAX,80-81°F,27.2,81.0,iem_metar,2026-07-22T09:44:37Z
2026-07-21,highest-temperature-in-lucknow-on-july-21-2026,lucknow,C,whole,metar,VILK,31°C,31.0,31.0,iem_metar,2026-07-22T09:44:37Z
2026-07-21,highest-temperature-in-madrid-on-july-21-2026,madrid,C,whole,metar,LEMD,37°C,37.0,37.0,iem_metar,2026-07-22T09:44:37Z
2026-07-21,highest-temperature-in-manila-on-july-21-2026,manila,C,whole,metar,RPLL,33°C,33.0,33.0,iem_metar,2026-07-22T09:44:37Z
2026-07-21,highest-temperature-in-mexico-city-on-july-21-2026,mexico-city,C,whole,metar,MMMX,27°C,27.0,27.0,iem_metar,2026-07-22T09:44:37Z
2026-07-21,highest-temperature-in-miami-on-july-21-2026,miami,F,whole,metar,KMIA,90-91°F,32.5,90.5,openmeteo_grid,2026-07-22T09:44:37Z
2026-07-21,highest-temperature-in-milan-on-july-21-2026,milan,C,whole,metar,LIMC,30°C,30.0,30.0,iem_metar,2026-07-22T09:44:37Z
2026-07-21,highest-temperature-in-moscow-on-july-21-2026,moscow,C,whole,geocode,moscow,24°C,24.2,24.2,openmeteo_grid,2026-07-22T09:44:37Z
2026-07-21,highest-temperature-in-munich-on-july-21-2026,munich,C,whole,metar,EDDM,23°C,23.0,23.0,iem_metar,2026-07-22T09:44:37Z
2026-07-21,highest-temperature-in-nyc-on-july-21-2026,nyc,F,whole,metar,KLGA,82-83°F,28.3,83.0,iem_metar,2026-07-22T09:44:37Z
2026-07-21,highest-temperature-in-panama-city-on-july-21-2026,panama-city,C,whole,metar,MPMG,32°C,32.0,32.0,iem_metar,2026-07-22T09:44:37Z
2026-07-21,highest-temperature-in-paris-on-july-21-2026,paris,C,whole,metar,LFPB,26°C,26.0,26.0,iem_metar,2026-07-22T09:44:37Z
2026-07-21,highest-temperature-in-qingdao-on-july-21-2026,qingdao,C,whole,metar,ZSQD,32°C,32.0,32.0,iem_metar,2026-07-22T09:44:37Z
2026-07-21,highest-temperature-in-san-francisco-on-july-21-2026,san-francisco,F,whole,metar,KSFO,90-91°F,33.3,92.0,iem_metar,2026-07-22T09:44:37Z
2026-07-21,highest-temperature-in-sao-paulo-on-july-21-2026,sao-paulo,C,whole,metar,SBGR,28°C,28.0,28.0,iem_metar,2026-07-22T09:44:37Z
2026-07-21,highest-temperature-in-seattle-on-july-21-2026,seattle,F,whole,metar,KSEA,92-93°F,33.9,93.0,iem_metar,2026-07-22T09:44:37Z
2026-07-21,highest-temperature-in-seoul-on-july-21-2026,seoul,C,whole,metar,RKSI,27°C,27.0,27.0,iem_metar,2026-07-22T09:44:37Z
2026-07-21,highest-temperature-in-shanghai-on-july-21-2026,shanghai,C,whole,metar,ZSPD,33°C,33.0,33.0,iem_metar,2026-07-22T09:44:37Z
2026-07-21,highest-temperature-in-shenzhen-on-july-21-2026,shenzhen,C,whole,metar,ZGSZ,31°C,31.0,31.0,iem_metar,2026-07-22T09:44:37Z
2026-07-21,highest-temperature-in-singapore-on-july-21-2026,singapore,C,whole,metar,WSSS,31°C,31.0,31.0,iem_metar,2026-07-22T09:44:37Z
2026-07-21,highest-temperature-in-taipei-on-july-21-2026,taipei,C,whole,metar,RCSS,34°C,34.0,34.0,iem_metar,2026-07-22T09:44:37Z
2026-07-21,highest-temperature-in-tel-aviv-on-july-21-2026,tel-aviv,C,whole,geocode,tel-aviv,33°C,31.5,31.5,openmeteo_grid,2026-07-22T09:44:37Z
2026-07-21,highest-temperature-in-tokyo-on-july-21-2026,tokyo,C,whole,metar,RJTT,34°C,34.0,34.0,iem_metar,2026-07-22T09:44:37Z
2026-07-21,highest-temperature-in-toronto-on-july-21-2026,toronto,C,whole,metar,CYYZ,24°C,24.0,24.0,iem_metar,2026-07-22T09:44:37Z
2026-07-21,highest-temperature-in-warsaw-on-july-21-2026,warsaw,C,whole,metar,EPWA,17°C,17.0,17.0,iem_metar,2026-07-22T09:44:37Z
2026-07-21,highest-temperature-in-wellington-on-july-21-2026,wellington,C,whole,metar,NZWN,12°C,12.0,12.0,iem_metar,2026-07-22T09:44:37Z
2026-07-21,highest-temperature-in-wuhan-on-july-21-2026,wuhan,C,whole,metar,ZHHH,35°C,35.0,35.0,iem_metar,2026-07-22T09:44:37Z
2026-07-22,highest-temperature-in-amsterdam-on-july-22-2026,amsterdam,C,whole,metar,EHAM,20°C,20.0,20.0,iem_metar,2026-07-23T09:23:22Z
2026-07-22,highest-temperature-in-ankara-on-july-22-2026,ankara,C,whole,metar,LTAC,31°C,31.0,31.0,iem_metar,2026-07-23T09:23:22Z
2026-07-22,highest-temperature-in-atlanta-on-july-22-2026,atlanta,F,whole,metar,KATL,88-89°F,31.0,87.8,openmeteo_grid,2026-07-23T09:23:22Z
2026-07-22,highest-temperature-in-austin-on-july-22-2026,austin,F,whole,metar,KAUS,102-103°F,40.0,104.0,iem_metar,2026-07-23T09:23:22Z
2026-07-22,highest-temperature-in-beijing-on-july-22-2026,beijing,C,whole,metar,ZBAA,28°C,28.0,28.0,iem_metar,2026-07-23T09:23:22Z
2026-07-22,highest-temperature-in-buenos-aires-on-july-22-2026,buenos-aires,C,whole,metar,SAEZ,15°C,15.0,15.0,iem_metar,2026-07-23T09:23:22Z
2026-07-22,highest-temperature-in-busan-on-july-22-2026,busan,C,whole,metar,RKPK,34°C,34.0,34.0,iem_metar,2026-07-23T09:23:22Z
2026-07-22,highest-temperature-in-cape-town-on-july-22-2026,cape-town,C,whole,metar,FACT,16°C,16.0,16.0,iem_metar,2026-07-23T09:23:22Z
2026-07-22,highest-temperature-in-chengdu-on-july-22-2026,chengdu,C,whole,metar,ZUUU,39°C,39.0,39.0,iem_metar,2026-07-23T09:23:22Z
2026-07-22,highest-temperature-in-chicago-on-july-22-2026,chicago,F,whole,metar,KORD,74-75°F,23.0,73.4,openmeteo_grid,2026-07-23T09:23:22Z
2026-07-22,highest-temperature-in-chongqing-on-july-22-2026,chongqing,C,whole,metar,ZUCK,40°C,40.0,40.0,iem_metar,2026-07-23T09:23:22Z
2026-07-22,highest-temperature-in-dallas-on-july-22-2026,dallas,F,whole,geocode,dallas,108-109°F,41.3,106.3,openmeteo_grid,2026-07-23T09:23:22Z
2026-07-22,highest-temperature-in-guangzhou-on-july-22-2026,guangzhou,C,whole,metar,ZGGG,34°C,34.0,34.0,iem_metar,2026-07-23T09:23:22Z
2026-07-22,highest-temperature-in-helsinki-on-july-22-2026,helsinki,C,whole,metar,EFHK,19°C,19.0,19.0,iem_metar,2026-07-23T09:23:22Z
2026-07-22,highest-temperature-in-hong-kong-on-july-22-2026,hong-kong,C,decimal,hko,HKO,33°C,32.0,32.0,iem_vhhh_proxy,2026-07-23T09:23:22Z
2026-07-22,highest-temperature-in-houston-on-july-22-2026,houston,F,whole,metar,KHOU,102-103°F,39.2,102.6,openmeteo_grid,2026-07-23T09:23:22Z
2026-07-22,highest-temperature-in-istanbul-on-july-22-2026,istanbul,C,whole,geocode,istanbul,>=34°C,31.7,31.7,openmeteo_grid,2026-07-23T09:23:22Z
2026-07-22,highest-temperature-in-jeddah-on-july-22-2026,jeddah,C,whole,metar,OEJN,38°C,38.0,38.0,iem_metar,2026-07-23T09:23:22Z
2026-07-22,highest-temperature-in-karachi-on-july-22-2026,karachi,C,whole,metar,OPKC,34°C,34.0,34.0,iem_metar,2026-07-23T09:23:22Z
2026-07-22,highest-temperature-in-kuala-lumpur-on-july-22-2026,kuala-lumpur,C,whole,metar,WMKK,31°C,31.0,31.0,iem_metar,2026-07-23T09:23:22Z
2026-07-22,highest-temperature-in-london-on-july-22-2026,london,C,whole,metar,EGLC,25°C,25.0,25.0,iem_metar,2026-07-23T09:23:22Z
2026-07-22,highest-temperature-in-los-angeles-on-july-22-2026,los-angeles,F,whole,metar,KLAX,76-77°F,25.0,77.0,iem_metar,2026-07-23T09:23:22Z
2026-07-22,highest-temperature-in-lucknow-on-july-22-2026,lucknow,C,whole,metar,VILK,33°C,33.0,33.0,iem_metar,2026-07-23T09:23:22Z
2026-07-22,highest-temperature-in-madrid-on-july-22-2026,madrid,C,whole,metar,LEMD,39°C,39.0,39.0,iem_metar,2026-07-23T09:23:22Z
2026-07-22,highest-temperature-in-manila-on-july-22-2026,manila,C,whole,metar,RPLL,33°C,33.0,33.0,iem_metar,2026-07-23T09:23:22Z
2026-07-22,highest-temperature-in-mexico-city-on-july-22-2026,mexico-city,C,whole,metar,MMMX,27°C,27.0,27.0,iem_metar,2026-07-23T09:23:22Z
2026-07-22,highest-temperature-in-miami-on-july-22-2026,miami,F,whole,metar,KMIA,92-93°F,31.8,89.2,openmeteo_grid,2026-07-23T09:23:22Z
2026-07-22,highest-temperature-in-milan-on-july-22-2026,milan,C,whole,metar,LIMC,29°C,29.0,29.0,iem_metar,2026-07-23T09:23:22Z
2026-07-22,highest-temperature-in-moscow-on-july-22-2026,moscow,C,whole,geocode,moscow,24°C,23.8,23.8,openmeteo_grid,2026-07-23T09:23:22Z
2026-07-22,highest-temperature-in-munich-on-july-22-2026,munich,C,whole,metar,EDDM,25°C,25.0,25.0,iem_metar,2026-07-23T09:23:22Z
2026-07-22,highest-temperature-in-nyc-on-july-22-2026,nyc,F,whole,metar,KLGA,88-89°F,31.7,89.0,iem_metar,2026-07-23T09:23:22Z
2026-07-22,highest-temperature-in-panama-city-on-july-22-2026,panama-city,C,whole,metar,MPMG,30°C,30.0,30.0,iem_metar,2026-07-23T09:23:22Z
2026-07-22,highest-temperature-in-paris-on-july-22-2026,paris,C,whole,metar,LFPB,26°C,26.0,26.0,iem_metar,2026-07-23T09:23:22Z
2026-07-22,highest-temperature-in-qingdao-on-july-22-2026,qingdao,C,whole,metar,ZSQD,29°C,29.0,29.0,iem_metar,2026-07-23T09:23:22Z
2026-07-22,highest-temperature-in-san-francisco-on-july-22-2026,san-francisco,F,whole,metar,KSFO,72-73°F,23.3,74.0,iem_metar,2026-07-23T09:23:22Z
2026-07-22,highest-temperature-in-sao-paulo-on-july-22-2026,sao-paulo,C,whole,metar,SBGR,23°C,23.0,23.0,iem_metar,2026-07-23T09:23:22Z
2026-07-22,highest-temperature-in-seattle-on-july-22-2026,seattle,F,whole,metar,KSEA,94-95°F,35.0,95.0,iem_metar,2026-07-23T09:23:22Z
2026-07-22,highest-temperature-in-seoul-on-july-22-2026,seoul,C,whole,metar,RKSI,27°C,27.0,27.0,iem_metar,2026-07-23T09:23:22Z
2026-07-22,highest-temperature-in-shanghai-on-july-22-2026,shanghai,C,whole,metar,ZSPD,35°C,35.0,35.0,iem_metar,2026-07-23T09:23:22Z
2026-07-22,highest-temperature-in-shenzhen-on-july-22-2026,shenzhen,C,whole,metar,ZGSZ,33°C,32.0,32.0,iem_metar,2026-07-23T09:23:22Z
2026-07-22,highest-temperature-in-singapore-on-july-22-2026,singapore,C,whole,metar,WSSS,30°C,30.0,30.0,iem_metar,2026-07-23T09:23:22Z
2026-07-22,highest-temperature-in-taipei-on-july-22-2026,taipei,C,whole,metar,RCSS,36°C,36.0,36.0,iem_metar,2026-07-23T09:23:22Z
2026-07-22,highest-temperature-in-tel-aviv-on-july-22-2026,tel-aviv,C,whole,geocode,tel-aviv,33°C,32.0,32.0,openmeteo_grid,2026-07-23T09:23:22Z
2026-07-22,highest-temperature-in-tokyo-on-july-22-2026,tokyo,C,whole,metar,RJTT,34°C,34.0,34.0,iem_metar,2026-07-23T09:23:22Z
2026-07-22,highest-temperature-in-toronto-on-july-22-2026,toronto,C,whole,metar,CYYZ,22°C,22.0,22.0,iem_metar,2026-07-23T09:23:22Z
2026-07-22,highest-temperature-in-warsaw-on-july-22-2026,warsaw,C,whole,metar,EPWA,22°C,22.0,22.0,iem_metar,2026-07-23T09:23:22Z
2026-07-22,highest-temperature-in-wellington-on-july-22-2026,wellington,C,whole,metar,NZWN,14°C,14.0,14.0,iem_metar,2026-07-23T09:23:22Z
2026-07-22,highest-temperature-in-wuhan-on-july-22-2026,wuhan,C,whole,metar,ZHHH,29°C,29.0,29.0,iem_metar,2026-07-23T09:23:22Z
2026-07-22,highest-temperature-in-denver-on-july-22-2026,denver,F,whole,geocode,denver,>=94°F,34.1,93.4,openmeteo_grid,2026-07-23T17:04:18Z
2026-07-23,highest-temperature-in-amsterdam-on-july-23-2026,amsterdam,C,whole,metar,EHAM,21°C,21.0,21.0,iem_metar,2026-07-24T09:17:15Z
2026-07-23,highest-temperature-in-ankara-on-july-23-2026,ankara,C,whole,metar,LTAC,30°C,30.0,30.0,iem_metar,2026-07-24T09:17:15Z
2026-07-23,highest-temperature-in-atlanta-on-july-23-2026,atlanta,F,whole,metar,KATL,88-89°F,30.7,87.3,openmeteo_grid,2026-07-24T09:17:15Z
2026-07-23,highest-temperature-in-austin-on-july-23-2026,austin,F,whole,metar,KAUS,98-99°F,37.8,100.0,iem_metar,2026-07-24T09:17:15Z
2026-07-23,highest-temperature-in-beijing-on-july-23-2026,beijing,C,whole,metar,ZBAA,28°C,28.0,28.0,iem_metar,2026-07-24T09:17:15Z
2026-07-23,highest-temperature-in-buenos-aires-on-july-23-2026,buenos-aires,C,whole,metar,SAEZ,16°C,16.0,16.0,iem_metar,2026-07-24T09:17:15Z
2026-07-23,highest-temperature-in-busan-on-july-23-2026,busan,C,whole,metar,RKPK,34°C,34.0,34.0,iem_metar,2026-07-24T09:17:15Z
2026-07-23,highest-temperature-in-cape-town-on-july-23-2026,cape-town,C,whole,metar,FACT,15°C,15.0,15.0,iem_metar,2026-07-24T09:17:15Z
2026-07-23,highest-temperature-in-chengdu-on-july-23-2026,chengdu,C,whole,metar,ZUUU,37°C,37.0,37.0,iem_metar,2026-07-24T09:17:15Z
2026-07-23,highest-temperature-in-chicago-on-july-23-2026,chicago,F,whole,metar,KORD,76-77°F,26.0,78.8,openmeteo_grid,2026-07-24T09:17:15Z
2026-07-23,highest-temperature-in-chongqing-on-july-23-2026,chongqing,C,whole,metar,ZUCK,40°C,40.0,40.0,iem_metar,2026-07-24T09:17:15Z
2026-07-23,highest-temperature-in-dallas-on-july-23-2026,dallas,F,whole,geocode,dallas,96-97°F,37.0,98.6,openmeteo_grid,2026-07-24T09:17:15Z
2026-07-23,highest-temperature-in-denver-on-july-23-2026,denver,F,whole,geocode,denver,84-85°F,31.8,89.2,openmeteo_grid,2026-07-24T09:17:15Z
2026-07-23,highest-temperature-in-guangzhou-on-july-23-2026,guangzhou,C,whole,metar,ZGGG,36°C,36.0,36.0,iem_metar,2026-07-24T09:17:15Z
2026-07-23,highest-temperature-in-helsinki-on-july-23-2026,helsinki,C,whole,metar,EFHK,20°C,20.0,20.0,iem_metar,2026-07-24T09:17:15Z
2026-07-23,highest-temperature-in-hong-kong-on-july-23-2026,hong-kong,C,decimal,hko,HKO,33°C,33.0,33.0,iem_vhhh_proxy,2026-07-24T09:17:15Z
2026-07-23,highest-temperature-in-houston-on-july-23-2026,houston,F,whole,metar,KHOU,90-91°F,31.8,89.2,openmeteo_grid,2026-07-24T09:17:15Z
2026-07-23,highest-temperature-in-istanbul-on-july-23-2026,istanbul,C,whole,geocode,istanbul,24°C,25.8,25.8,openmeteo_grid,2026-07-24T09:17:15Z
2026-07-23,highest-temperature-in-jeddah-on-july-23-2026,jeddah,C,whole,metar,OEJN,>=39°C,40.0,40.0,iem_metar,2026-07-24T09:17:15Z
2026-07-23,highest-temperature-in-karachi-on-july-23-2026,karachi,C,whole,metar,OPKC,35°C,35.0,35.0,iem_metar,2026-07-24T09:17:15Z
2026-07-23,highest-temperature-in-kuala-lumpur-on-july-23-2026,kuala-lumpur,C,whole,metar,WMKK,32°C,32.0,32.0,iem_metar,2026-07-24T09:17:15Z
2026-07-23,highest-temperature-in-london-on-july-23-2026,london,C,whole,metar,EGLC,26°C,26.0,26.0,iem_metar,2026-07-24T09:17:15Z
2026-07-23,highest-temperature-in-los-angeles-on-july-23-2026,los-angeles,F,whole,metar,KLAX,80-81°F,26.7,80.0,iem_metar,2026-07-24T09:17:15Z
2026-07-23,highest-temperature-in-lucknow-on-july-23-2026,lucknow,C,whole,metar,VILK,31°C,31.0,31.0,iem_metar,2026-07-24T09:17:15Z
2026-07-23,highest-temperature-in-madrid-on-july-23-2026,madrid,C,whole,metar,LEMD,38°C,38.0,38.0,iem_metar,2026-07-24T09:17:15Z
2026-07-23,highest-temperature-in-manila-on-july-23-2026,manila,C,whole,metar,RPLL,32°C,32.0,32.0,iem_metar,2026-07-24T09:17:15Z
2026-07-23,highest-temperature-in-mexico-city-on-july-23-2026,mexico-city,C,whole,metar,MMMX,26°C,26.0,26.0,iem_metar,2026-07-24T09:17:15Z
2026-07-23,highest-temperature-in-miami-on-july-23-2026,miami,F,whole,metar,KMIA,92-93°F,33.1,91.6,openmeteo_grid,2026-07-24T09:17:15Z
2026-07-23,highest-temperature-in-milan-on-july-23-2026,milan,C,whole,metar,LIMC,30°C,30.0,30.0,iem_metar,2026-07-24T09:17:15Z
2026-07-23,highest-temperature-in-moscow-on-july-23-2026,moscow,C,whole,geocode,moscow,22°C,21.3,21.3,openmeteo_grid,2026-07-24T09:17:15Z
2026-07-23,highest-temperature-in-munich-on-july-23-2026,munich,C,whole,metar,EDDM,22°C,22.0,22.0,iem_metar,2026-07-24T09:17:15Z
2026-07-23,highest-temperature-in-nyc-on-july-23-2026,nyc,F,whole,metar,KLGA,80-81°F,27.2,81.0,iem_metar,2026-07-24T09:17:15Z
2026-07-23,highest-temperature-in-panama-city-on-july-23-2026,panama-city,C,whole,metar,MPMG,29°C,29.0,29.0,iem_metar,2026-07-24T09:17:15Z
2026-07-23,highest-temperature-in-paris-on-july-23-2026,paris,C,whole,metar,LFPB,25°C,25.0,25.0,iem_metar,2026-07-24T09:17:15Z
2026-07-23,highest-temperature-in-qingdao-on-july-23-2026,qingdao,C,whole,metar,ZSQD,>=33°C,33.0,33.0,iem_metar,2026-07-24T09:17:15Z
2026-07-23,highest-temperature-in-san-francisco-on-july-23-2026,san-francisco,F,whole,metar,KSFO,68-69°F,21.1,70.0,iem_metar,2026-07-24T09:17:15Z
2026-07-23,highest-temperature-in-sao-paulo-on-july-23-2026,sao-paulo,C,whole,metar,SBGR,24°C,24.0,24.0,iem_metar,2026-07-24T09:17:15Z
2026-07-23,highest-temperature-in-seattle-on-july-23-2026,seattle,F,whole,metar,KSEA,74-75°F,24.4,76.0,iem_metar,2026-07-24T09:17:15Z
2026-07-23,highest-temperature-in-seoul-on-july-23-2026,seoul,C,whole,metar,RKSI,>=30°C,30.0,30.0,iem_metar,2026-07-24T09:17:15Z
2026-07-23,highest-temperature-in-shanghai-on-july-23-2026,shanghai,C,whole,metar,ZSPD,35°C,35.0,35.0,iem_metar,2026-07-24T09:17:15Z
2026-07-23,highest-temperature-in-shenzhen-on-july-23-2026,shenzhen,C,whole,metar,ZGSZ,33°C,32.0,32.0,iem_metar,2026-07-24T09:17:15Z
2026-07-23,highest-temperature-in-singapore-on-july-23-2026,singapore,C,whole,metar,WSSS,30°C,30.0,30.0,iem_metar,2026-07-24T09:17:15Z
2026-07-23,highest-temperature-in-taipei-on-july-23-2026,taipei,C,whole,metar,RCSS,34°C,34.0,34.0,iem_metar,2026-07-24T09:17:15Z
2026-07-23,highest-temperature-in-tel-aviv-on-july-23-2026,tel-aviv,C,whole,geocode,tel-aviv,33°C,31.8,31.8,openmeteo_grid,2026-07-24T09:17:15Z
2026-07-23,highest-temperature-in-tokyo-on-july-23-2026,tokyo,C,whole,metar,RJTT,35°C,35.0,35.0,iem_metar,2026-07-24T09:17:15Z
2026-07-23,highest-temperature-in-toronto-on-july-23-2026,toronto,C,whole,metar,CYYZ,26°C,26.0,26.0,iem_metar,2026-07-24T09:17:15Z
2026-07-23,highest-temperature-in-warsaw-on-july-23-2026,warsaw,C,whole,metar,EPWA,19°C,19.0,19.0,iem_metar,2026-07-24T09:17:15Z
2026-07-23,highest-temperature-in-wellington-on-july-23-2026,wellington,C,whole,metar,NZWN,14°C,14.0,14.0,iem_metar,2026-07-24T09:17:15Z
2026-07-23,highest-temperature-in-wuhan-on-july-23-2026,wuhan,C,whole,metar,ZHHH,33°C,33.0,33.0,iem_metar,2026-07-24T09:17:15Z
2026-07-24,highest-temperature-in-amsterdam-on-july-24-2026,amsterdam,C,whole,metar,EHAM,24°C,24.0,24.0,iem_metar,2026-07-25T07:41:30Z
2026-07-24,highest-temperature-in-ankara-on-july-24-2026,ankara,C,whole,metar,LTAC,26°C,26.0,26.0,iem_metar,2026-07-25T07:41:30Z
2026-07-24,highest-temperature-in-atlanta-on-july-24-2026,atlanta,F,whole,metar,KATL,88-89°F,29.8,85.6,openmeteo_grid,2026-07-25T07:41:30Z
2026-07-24,highest-temperature-in-austin-on-july-24-2026,austin,F,whole,metar,KAUS,94-95°F,35.6,96.0,iem_metar,2026-07-25T07:41:30Z
2026-07-24,highest-temperature-in-beijing-on-july-24-2026,beijing,C,whole,metar,ZBAA,32°C,32.0,32.0,iem_metar,2026-07-25T07:41:30Z
2026-07-24,highest-temperature-in-buenos-aires-on-july-24-2026,buenos-aires,C,whole,metar,SAEZ,17°C,17.0,17.0,iem_metar,2026-07-25T07:41:30Z
2026-07-24,highest-temperature-in-busan-on-july-24-2026,busan,C,whole,metar,RKPK,35°C,35.0,35.0,iem_metar,2026-07-25T07:41:30Z
2026-07-24,highest-temperature-in-cape-town-on-july-24-2026,cape-town,C,whole,metar,FACT,18°C,18.0,18.0,iem_metar,2026-07-25T07:41:30Z
2026-07-24,highest-temperature-in-chengdu-on-july-24-2026,chengdu,C,whole,metar,ZUUU,39°C,39.0,39.0,iem_metar,2026-07-25T07:41:30Z
2026-07-24,highest-temperature-in-chicago-on-july-24-2026,chicago,F,whole,metar,KORD,78-79°F,26.8,80.2,openmeteo_grid,2026-07-25T07:41:30Z
2026-07-24,highest-temperature-in-chongqing-on-july-24-2026,chongqing,C,whole,metar,ZUCK,40°C,40.0,40.0,iem_metar,2026-07-25T07:41:30Z
2026-07-24,highest-temperature-in-dallas-on-july-24-2026,dallas,F,whole,geocode,dallas,94-95°F,35.4,95.7,openmeteo_grid,2026-07-25T07:41:30Z
2026-07-24,highest-temperature-in-guangzhou-on-july-24-2026,guangzhou,C,whole,metar,ZGGG,36°C,36.0,36.0,iem_metar,2026-07-25T07:41:30Z
2026-07-24,highest-temperature-in-helsinki-on-july-24-2026,helsinki,C,whole,metar,EFHK,21°C,21.0,21.0,iem_metar,2026-07-25T07:41:30Z
2026-07-24,highest-temperature-in-houston-on-july-24-2026,houston,F,whole,metar,KHOU,92-93°F,34.4,93.9,openmeteo_grid,2026-07-25T07:41:30Z
2026-07-24,highest-temperature-in-istanbul-on-july-24-2026,istanbul,C,whole,geocode,istanbul,25°C,26.2,26.2,openmeteo_grid,2026-07-25T07:41:30Z
2026-07-24,highest-temperature-in-jeddah-on-july-24-2026,jeddah,C,whole,metar,OEJN,40°C,40.0,40.0,iem_metar,2026-07-25T07:41:30Z
2026-07-24,highest-temperature-in-karachi-on-july-24-2026,karachi,C,whole,metar,OPKC,35°C,35.0,35.0,iem_metar,2026-07-25T07:41:30Z
2026-07-24,highest-temperature-in-kuala-lumpur-on-july-24-2026,kuala-lumpur,C,whole,metar,WMKK,32°C,32.0,32.0,iem_metar,2026-07-25T07:41:30Z
2026-07-24,highest-temperature-in-london-on-july-24-2026,london,C,whole,metar,EGLC,28°C,28.0,28.0,iem_metar,2026-07-25T07:41:30Z
2026-07-24,highest-temperature-in-lucknow-on-july-24-2026,lucknow,C,whole,metar,VILK,32°C,32.0,32.0,iem_metar,2026-07-25T07:41:30Z
2026-07-24,highest-temperature-in-madrid-on-july-24-2026,madrid,C,whole,metar,LEMD,33°C,33.0,33.0,iem_metar,2026-07-25T07:41:30Z
2026-07-24,highest-temperature-in-manila-on-july-24-2026,manila,C,whole,metar,RPLL,30°C,30.0,30.0,iem_metar,2026-07-25T07:41:30Z
2026-07-24,highest-temperature-in-miami-on-july-24-2026,miami,F,whole,metar,KMIA,92-93°F,31.6,88.9,openmeteo_grid,2026-07-25T07:41:30Z
2026-07-24,highest-temperature-in-milan-on-july-24-2026,milan,C,whole,metar,LIMC,30°C,30.0,30.0,iem_metar,2026-07-25T07:41:30Z
2026-07-24,highest-temperature-in-moscow-on-july-24-2026,moscow,C,whole,geocode,moscow,22°C,23.2,23.2,openmeteo_grid,2026-07-25T07:41:30Z
2026-07-24,highest-temperature-in-munich-on-july-24-2026,munich,C,whole,metar,EDDM,25°C,25.0,25.0,iem_metar,2026-07-25T07:41:30Z
2026-07-24,highest-temperature-in-nyc-on-july-24-2026,nyc,F,whole,metar,KLGA,82-83°F,27.8,82.0,iem_metar,2026-07-25T07:41:30Z
2026-07-24,highest-temperature-in-panama-city-on-july-24-2026,panama-city,C,whole,metar,MPMG,30°C,30.0,30.0,iem_metar,2026-07-25T07:41:30Z
2026-07-24,highest-temperature-in-paris-on-july-24-2026,paris,C,whole,metar,LFPB,28°C,28.0,28.0,iem_metar,2026-07-25T07:41:30Z
2026-07-24,highest-temperature-in-qingdao-on-july-24-2026,qingdao,C,whole,metar,ZSQD,30°C,30.0,30.0,iem_metar,2026-07-25T07:41:30Z
2026-07-24,highest-temperature-in-sao-paulo-on-july-24-2026,sao-paulo,C,whole,metar,SBGR,17°C,17.0,17.0,iem_metar,2026-07-25T07:41:30Z
2026-07-24,highest-temperature-in-seoul-on-july-24-2026,seoul,C,whole,metar,RKSI,31°C,31.0,31.0,iem_metar,2026-07-25T07:41:30Z
2026-07-24,highest-temperature-in-shanghai-on-july-24-2026,shanghai,C,whole,metar,ZSPD,36°C,36.0,36.0,iem_metar,2026-07-25T07:41:30Z
2026-07-24,highest-temperature-in-shenzhen-on-july-24-2026,shenzhen,C,whole,metar,ZGSZ,35°C,33.0,33.0,iem_metar,2026-07-25T07:41:30Z
2026-07-24,highest-temperature-in-singapore-on-july-24-2026,singapore,C,whole,metar,WSSS,32°C,32.0,32.0,iem_metar,2026-07-25T07:41:30Z
2026-07-24,highest-temperature-in-taipei-on-july-24-2026,taipei,C,whole,metar,RCSS,36°C,36.0,36.0,iem_metar,2026-07-25T07:41:30Z
2026-07-24,highest-temperature-in-tel-aviv-on-july-24-2026,tel-aviv,C,whole,geocode,tel-aviv,32°C,31.3,31.3,openmeteo_grid,2026-07-25T07:41:30Z
2026-07-24,highest-temperature-in-tokyo-on-july-24-2026,tokyo,C,whole,metar,RJTT,34°C,34.0,34.0,iem_metar,2026-07-25T07:41:30Z
2026-07-24,highest-temperature-in-toronto-on-july-24-2026,toronto,C,whole,metar,CYYZ,25°C,25.0,25.0,iem_metar,2026-07-25T07:41:30Z
2026-07-24,highest-temperature-in-warsaw-on-july-24-2026,warsaw,C,whole,metar,EPWA,20°C,20.0,20.0,iem_metar,2026-07-25T07:41:30Z
2026-07-24,highest-temperature-in-wellington-on-july-24-2026,wellington,C,whole,metar,NZWN,14°C,14.0,14.0,iem_metar,2026-07-25T07:41:30Z
2026-07-24,highest-temperature-in-wuhan-on-july-24-2026,wuhan,C,whole,metar,ZHHH,35°C,35.0,35.0,iem_metar,2026-07-25T07:41:30Z
2026-07-24,highest-temperature-in-denver-on-july-24-2026,denver,F,whole,geocode,denver,96-97°F,36.9,98.4,openmeteo_grid,2026-07-25T15:49:50Z
2026-07-24,highest-temperature-in-los-angeles-on-july-24-2026,los-angeles,F,whole,metar,KLAX,78-79°F,25.6,78.0,iem_metar,2026-07-25T15:49:50Z
2026-07-24,highest-temperature-in-mexico-city-on-july-24-2026,mexico-city,C,whole,metar,MMMX,27°C,27.0,27.0,iem_metar,2026-07-25T15:49:50Z
2026-07-24,highest-temperature-in-san-francisco-on-july-24-2026,san-francisco,F,whole,metar,KSFO,70-71°F,21.7,71.0,iem_metar,2026-07-25T15:49:50Z
2026-07-24,highest-temperature-in-seattle-on-july-24-2026,seattle,F,whole,metar,KSEA,82-83°F,27.8,82.0,iem_metar,2026-07-25T15:49:50Z
2026-07-25,highest-temperature-in-amsterdam-on-july-25-2026,amsterdam,C,whole,metar,EHAM,25°C,25.0,25.0,iem_metar,2026-07-26T05:48:40Z
2026-07-25,highest-temperature-in-ankara-on-july-25-2026,ankara,C,whole,metar,LTAC,17°C,17.0,17.0,iem_metar,2026-07-26T05:48:40Z
2026-07-25,highest-temperature-in-atlanta-on-july-25-2026,atlanta,F,whole,metar,KATL,88-89°F,30.1,86.2,openmeteo_grid,2026-07-26T05:48:40Z
2026-07-25,highest-temperature-in-beijing-on-july-25-2026,beijing,C,whole,metar,ZBAA,31°C,31.0,31.0,iem_metar,2026-07-26T05:48:40Z
2026-07-25,highest-temperature-in-buenos-aires-on-july-25-2026,buenos-aires,C,whole,metar,SAEZ,18°C,18.0,18.0,iem_metar,2026-07-26T05:48:40Z
2026-07-25,highest-temperature-in-busan-on-july-25-2026,busan,C,whole,metar,RKPK,35°C,35.0,35.0,iem_metar,2026-07-26T05:48:40Z
2026-07-25,highest-temperature-in-cape-town-on-july-25-2026,cape-town,C,whole,metar,FACT,21°C,21.0,21.0,iem_metar,2026-07-26T05:48:40Z
2026-07-25,highest-temperature-in-chengdu-on-july-25-2026,chengdu,C,whole,metar,ZUUU,41°C,41.0,41.0,iem_metar,2026-07-26T05:48:40Z
2026-07-25,highest-temperature-in-chongqing-on-july-25-2026,chongqing,C,whole,metar,ZUCK,39°C,39.0,39.0,iem_metar,2026-07-26T05:48:40Z
2026-07-25,highest-temperature-in-guangzhou-on-july-25-2026,guangzhou,C,whole,metar,ZGGG,37°C,37.0,37.0,iem_metar,2026-07-26T05:48:40Z
2026-07-25,highest-temperature-in-helsinki-on-july-25-2026,helsinki,C,whole,metar,EFHK,20°C,20.0,20.0,iem_metar,2026-07-26T05:48:40Z
2026-07-25,highest-temperature-in-istanbul-on-july-25-2026,istanbul,C,whole,geocode,istanbul,23°C,23.6,23.6,openmeteo_grid,2026-07-26T05:48:40Z
2026-07-25,highest-temperature-in-jeddah-on-july-25-2026,jeddah,C,whole,metar,OEJN,40°C,40.0,40.0,iem_metar,2026-07-26T05:48:40Z
2026-07-25,highest-temperature-in-karachi-on-july-25-2026,karachi,C,whole,metar,OPKC,33°C,33.0,33.0,iem_metar,2026-07-26T05:48:40Z
2026-07-25,highest-temperature-in-kuala-lumpur-on-july-25-2026,kuala-lumpur,C,whole,metar,WMKK,30°C,30.0,30.0,iem_metar,2026-07-26T05:48:40Z
2026-07-25,highest-temperature-in-london-on-july-25-2026,london,C,whole,metar,EGLC,29°C,29.0,29.0,iem_metar,2026-07-26T05:48:40Z
2026-07-25,highest-temperature-in-lucknow-on-july-25-2026,lucknow,C,whole,metar,VILK,34°C,34.0,34.0,iem_metar,2026-07-26T05:48:40Z
2026-07-25,highest-temperature-in-madrid-on-july-25-2026,madrid,C,whole,metar,LEMD,29°C,29.0,29.0,iem_metar,2026-07-26T05:48:40Z
2026-07-25,highest-temperature-in-manila-on-july-25-2026,manila,C,whole,metar,RPLL,32°C,32.0,32.0,iem_metar,2026-07-26T05:48:40Z
2026-07-25,highest-temperature-in-miami-on-july-25-2026,miami,F,whole,metar,KMIA,92-93°F,31.7,89.1,openmeteo_grid,2026-07-26T05:48:40Z
2026-07-25,highest-temperature-in-milan-on-july-25-2026,milan,C,whole,metar,LIMC,30°C,30.0,30.0,iem_metar,2026-07-26T05:48:40Z
2026-07-25,highest-temperature-in-moscow-on-july-25-2026,moscow,C,whole,geocode,moscow,23°C,21.8,21.8,openmeteo_grid,2026-07-26T05:48:40Z
2026-07-25,highest-temperature-in-munich-on-july-25-2026,munich,C,whole,metar,EDDM,31°C,31.0,31.0,iem_metar,2026-07-26T05:48:40Z
2026-07-25,highest-temperature-in-nyc-on-july-25-2026,nyc,F,whole,metar,KLGA,78-79°F,26.7,80.0,iem_metar,2026-07-26T05:48:40Z
2026-07-25,highest-temperature-in-panama-city-on-july-25-2026,panama-city,C,whole,metar,MPMG,33°C,33.0,33.0,iem_metar,2026-07-26T05:48:40Z
2026-07-25,highest-temperature-in-paris-on-july-25-2026,paris,C,whole,metar,LFPB,30°C,30.0,30.0,iem_metar,2026-07-26T05:48:40Z
2026-07-25,highest-temperature-in-qingdao-on-july-25-2026,qingdao,C,whole,metar,ZSQD,31°C,31.0,31.0,iem_metar,2026-07-26T05:48:40Z
2026-07-25,highest-temperature-in-sao-paulo-on-july-25-2026,sao-paulo,C,whole,metar,SBGR,21°C,21.0,21.0,iem_metar,2026-07-26T05:48:40Z
2026-07-25,highest-temperature-in-seoul-on-july-25-2026,seoul,C,whole,metar,RKSI,31°C,31.0,31.0,iem_metar,2026-07-26T05:48:40Z
2026-07-25,highest-temperature-in-shanghai-on-july-25-2026,shanghai,C,whole,metar,ZSPD,35°C,35.0,35.0,iem_metar,2026-07-26T05:48:40Z
2026-07-25,highest-temperature-in-shenzhen-on-july-25-2026,shenzhen,C,whole,metar,ZGSZ,35°C,36.0,36.0,iem_metar,2026-07-26T05:48:40Z
2026-07-25,highest-temperature-in-singapore-on-july-25-2026,singapore,C,whole,metar,WSSS,30°C,30.0,30.0,iem_metar,2026-07-26T05:48:40Z
2026-07-25,highest-temperature-in-taipei-on-july-25-2026,taipei,C,whole,metar,RCSS,36°C,36.0,36.0,iem_metar,2026-07-26T05:48:40Z
2026-07-25,highest-temperature-in-tel-aviv-on-july-25-2026,tel-aviv,C,whole,geocode,tel-aviv,33°C,31.6,31.6,openmeteo_grid,2026-07-26T05:48:40Z
2026-07-25,highest-temperature-in-tokyo-on-july-25-2026,tokyo,C,whole,metar,RJTT,>=36°C,36.0,36.0,iem_metar,2026-07-26T05:48:40Z
2026-07-25,highest-temperature-in-toronto-on-july-25-2026,toronto,C,whole,metar,CYYZ,26°C,26.0,26.0,iem_metar,2026-07-26T05:48:40Z
2026-07-25,highest-temperature-in-warsaw-on-july-25-2026,warsaw,C,whole,metar,EPWA,24°C,24.0,24.0,iem_metar,2026-07-26T05:48:40Z
2026-07-25,highest-temperature-in-wellington-on-july-25-2026,wellington,C,whole,metar,NZWN,12°C,12.0,12.0,iem_metar,2026-07-26T05:48:40Z
2026-07-25,highest-temperature-in-wuhan-on-july-25-2026,wuhan,C,whole,metar,ZHHH,36°C,36.0,36.0,iem_metar,2026-07-26T05:48:40Z
2026-07-25,highest-temperature-in-austin-on-july-25-2026,austin,F,whole,metar,KAUS,96-97°F,36.1,97.0,iem_metar,2026-07-26T09:04:50Z
2026-07-25,highest-temperature-in-chicago-on-july-25-2026,chicago,F,whole,metar,KORD,80-81°F,26.4,79.5,openmeteo_grid,2026-07-26T09:04:50Z
2026-07-25,highest-temperature-in-dallas-on-july-25-2026,dallas,F,whole,geocode,dallas,98-99°F,37.7,99.9,openmeteo_grid,2026-07-26T09:04:50Z
2026-07-25,highest-temperature-in-denver-on-july-25-2026,denver,F,whole,geocode,denver,100-101°F,39.1,102.4,openmeteo_grid,2026-07-26T09:04:50Z
2026-07-25,highest-temperature-in-houston-on-july-25-2026,houston,F,whole,metar,KHOU,92-93°F,34.5,94.1,openmeteo_grid,2026-07-26T09:04:50Z
2026-07-25,highest-temperature-in-los-angeles-on-july-25-2026,los-angeles,F,whole,metar,KLAX,78-79°F,26.1,79.0,iem_metar,2026-07-26T09:04:50Z
2026-07-25,highest-temperature-in-mexico-city-on-july-25-2026,mexico-city,C,whole,metar,MMMX,27°C,27.0,27.0,iem_metar,2026-07-26T09:04:50Z
2026-07-25,highest-temperature-in-san-francisco-on-july-25-2026,san-francisco,F,whole,metar,KSFO,70-71°F,21.7,71.0,iem_metar,2026-07-26T09:04:50Z
2026-07-25,highest-temperature-in-seattle-on-july-25-2026,seattle,F,whole,metar,KSEA,72-73°F,22.8,73.0,iem_metar,2026-07-26T09:04:50Z
2026-07-26,highest-temperature-in-amsterdam-on-july-26-2026,amsterdam,C,whole,metar,EHAM,22°C,22.0,22.0,iem_metar,2026-07-27T12:48:07Z
2026-07-26,highest-temperature-in-ankara-on-july-26-2026,ankara,C,whole,metar,LTAC,24°C,24.0,24.0,iem_metar,2026-07-27T12:48:07Z
2026-07-26,highest-temperature-in-atlanta-on-july-26-2026,atlanta,F,whole,metar,KATL,90-91°F,32.6,90.7,openmeteo_grid,2026-07-27T12:48:07Z
2026-07-26,highest-temperature-in-austin-on-july-26-2026,austin,F,whole,metar,KAUS,96-97°F,36.1,97.0,iem_metar,2026-07-27T12:48:07Z
2026-07-26,highest-temperature-in-beijing-on-july-26-2026,beijing,C,whole,metar,ZBAA,34°C,34.0,34.0,iem_metar,2026-07-27T12:48:07Z
2026-07-26,highest-temperature-in-buenos-aires-on-july-26-2026,buenos-aires,C,whole,metar,SAEZ,20°C,20.0,20.0,iem_metar,2026-07-27T12:48:07Z
2026-07-26,highest-temperature-in-busan-on-july-26-2026,busan,C,whole,metar,RKPK,37°C,37.0,37.0,iem_metar,2026-07-27T12:48:07Z
2026-07-26,highest-temperature-in-cape-town-on-july-26-2026,cape-town,C,whole,metar,FACT,>=24°C,24.0,24.0,iem_metar,2026-07-27T12:48:07Z
2026-07-26,highest-temperature-in-chengdu-on-july-26-2026,chengdu,C,whole,metar,ZUUU,37°C,37.0,37.0,iem_metar,2026-07-27T12:48:07Z
2026-07-26,highest-temperature-in-chicago-on-july-26-2026,chicago,F,whole,metar,KORD,90-91°F,32.6,90.7,openmeteo_grid,2026-07-27T12:48:07Z
2026-07-26,highest-temperature-in-chongqing-on-july-26-2026,chongqing,C,whole,metar,ZUCK,41°C,41.0,41.0,iem_metar,2026-07-27T12:48:07Z
2026-07-26,highest-temperature-in-dallas-on-july-26-2026,dallas,F,whole,geocode,dallas,98-99°F,37.3,99.1,openmeteo_grid,2026-07-27T12:48:07Z
2026-07-26,highest-temperature-in-denver-on-july-26-2026,denver,F,whole,geocode,denver,100-101°F,39.2,102.6,openmeteo_grid,2026-07-27T12:48:07Z
2026-07-26,highest-temperature-in-guangzhou-on-july-26-2026,guangzhou,C,whole,metar,ZGGG,29°C,29.0,29.0,iem_metar,2026-07-27T12:48:07Z
2026-07-26,highest-temperature-in-helsinki-on-july-26-2026,helsinki,C,whole,metar,EFHK,19°C,19.0,19.0,iem_metar,2026-07-27T12:48:07Z
2026-07-24,highest-temperature-in-hong-kong-on-july-24-2026,hong-kong,C,decimal,hko,HKO,33°C,34.0,34.0,iem_vhhh_proxy,2026-07-27T12:48:07Z
2026-07-25,highest-temperature-in-hong-kong-on-july-25-2026,hong-kong,C,decimal,hko,HKO,34°C,34.0,34.0,iem_vhhh_proxy,2026-07-27T12:48:07Z
2026-07-26,highest-temperature-in-hong-kong-on-july-26-2026,hong-kong,C,decimal,hko,HKO,28°C,30.0,30.0,iem_vhhh_proxy,2026-07-27T12:48:07Z
2026-07-26,highest-temperature-in-houston-on-july-26-2026,houston,F,whole,metar,KHOU,94-95°F,35.0,95.0,openmeteo_grid,2026-07-27T12:48:07Z
2026-07-26,highest-temperature-in-istanbul-on-july-26-2026,istanbul,C,whole,geocode,istanbul,28°C,26.0,26.0,openmeteo_grid,2026-07-27T12:48:07Z
2026-07-26,highest-temperature-in-jeddah-on-july-26-2026,jeddah,C,whole,metar,OEJN,40°C,40.0,40.0,iem_metar,2026-07-27T12:48:07Z
2026-07-26,highest-temperature-in-karachi-on-july-26-2026,karachi,C,whole,metar,OPKC,35°C,35.0,35.0,iem_metar,2026-07-27T12:48:07Z
2026-07-26,highest-temperature-in-kuala-lumpur-on-july-26-2026,kuala-lumpur,C,whole,metar,WMKK,33°C,33.0,33.0,iem_metar,2026-07-27T12:48:07Z
2026-07-26,highest-temperature-in-london-on-july-26-2026,london,C,whole,metar,EGLC,27°C,27.0,27.0,iem_metar,2026-07-27T12:48:07Z
2026-07-26,highest-temperature-in-los-angeles-on-july-26-2026,los-angeles,F,whole,metar,KLAX,78-79°F,26.7,80.0,iem_metar,2026-07-27T12:48:07Z
2026-07-26,highest-temperature-in-lucknow-on-july-26-2026,lucknow,C,whole,metar,VILK,36°C,36.0,36.0,iem_metar,2026-07-27T12:48:07Z
2026-07-26,highest-temperature-in-madrid-on-july-26-2026,madrid,C,whole,metar,LEMD,31°C,31.0,31.0,iem_metar,2026-07-27T12:48:07Z
2026-07-26,highest-temperature-in-manila-on-july-26-2026,manila,C,whole,metar,RPLL,31°C,31.0,31.0,iem_metar,2026-07-27T12:48:07Z
2026-07-26,highest-temperature-in-mexico-city-on-july-26-2026,mexico-city,C,whole,metar,MMMX,24°C,24.0,24.0,iem_metar,2026-07-27T12:48:07Z
2026-07-26,highest-temperature-in-miami-on-july-26-2026,miami,F,whole,metar,KMIA,94-95°F,33.4,92.1,openmeteo_grid,2026-07-27T12:48:07Z
2026-07-26,highest-temperature-in-milan-on-july-26-2026,milan,C,whole,metar,LIMC,31°C,31.0,31.0,iem_metar,2026-07-27T12:48:07Z
2026-07-26,highest-temperature-in-moscow-on-july-26-2026,moscow,C,whole,geocode,moscow,20°C,18.0,18.0,openmeteo_grid,2026-07-27T12:48:07Z
2026-07-26,highest-temperature-in-munich-on-july-26-2026,munich,C,whole,metar,EDDM,27°C,27.0,27.0,iem_metar,2026-07-27T12:48:07Z
2026-07-26,highest-temperature-in-nyc-on-july-26-2026,nyc,F,whole,metar,KLGA,82-83°F,28.9,84.0,iem_metar,2026-07-27T12:48:07Z
2026-07-26,highest-temperature-in-panama-city-on-july-26-2026,panama-city,C,whole,metar,MPMG,32°C,32.0,32.0,iem_metar,2026-07-27T12:48:07Z
2026-07-26,highest-temperature-in-paris-on-july-26-2026,paris,C,whole,metar,LFPB,26°C,26.0,26.0,iem_metar,2026-07-27T12:48:07Z
2026-07-26,highest-temperature-in-qingdao-on-july-26-2026,qingdao,C,whole,metar,ZSQD,31°C,31.0,31.0,iem_metar,2026-07-27T12:48:07Z
2026-07-26,highest-temperature-in-san-francisco-on-july-26-2026,san-francisco,F,whole,metar,KSFO,68-69°F,20.6,69.0,iem_metar,2026-07-27T12:48:07Z
2026-07-26,highest-temperature-in-sao-paulo-on-july-26-2026,sao-paulo,C,whole,metar,SBGR,25°C,25.0,25.0,iem_metar,2026-07-27T12:48:07Z
2026-07-26,highest-temperature-in-seattle-on-july-26-2026,seattle,F,whole,metar,KSEA,72-73°F,23.3,74.0,iem_metar,2026-07-27T12:48:07Z
2026-07-26,highest-temperature-in-seoul-on-july-26-2026,seoul,C,whole,metar,RKSI,31°C,31.0,31.0,iem_metar,2026-07-27T12:48:07Z
2026-07-26,highest-temperature-in-shanghai-on-july-26-2026,shanghai,C,whole,metar,ZSPD,35°C,35.0,35.0,iem_metar,2026-07-27T12:48:07Z
2026-07-26,highest-temperature-in-shenzhen-on-july-26-2026,shenzhen,C,whole,metar,ZGSZ,29°C,29.0,29.0,iem_metar,2026-07-27T12:48:07Z
2026-07-26,highest-temperature-in-singapore-on-july-26-2026,singapore,C,whole,metar,WSSS,30°C,30.0,30.0,iem_metar,2026-07-27T12:48:07Z
2026-07-26,highest-temperature-in-taipei-on-july-26-2026,taipei,C,whole,metar,RCSS,37°C,37.0,37.0,iem_metar,2026-07-27T12:48:07Z
2026-07-26,highest-temperature-in-tel-aviv-on-july-26-2026,tel-aviv,C,whole,geocode,tel-aviv,31°C,30.5,30.5,openmeteo_grid,2026-07-27T12:48:07Z
2026-07-26,highest-temperature-in-tokyo-on-july-26-2026,tokyo,C,whole,metar,RJTT,32°C,32.0,32.0,iem_metar,2026-07-27T12:48:07Z
2026-07-26,highest-temperature-in-toronto-on-july-26-2026,toronto,C,whole,metar,CYYZ,27°C,27.0,27.0,iem_metar,2026-07-27T12:48:07Z
2026-07-26,highest-temperature-in-warsaw-on-july-26-2026,warsaw,C,whole,metar,EPWA,28°C,28.0,28.0,iem_metar,2026-07-27T12:48:07Z
2026-07-26,highest-temperature-in-wellington-on-july-26-2026,wellington,C,whole,metar,NZWN,10°C,10.0,10.0,iem_metar,2026-07-27T12:48:07Z
2026-07-26,highest-temperature-in-wuhan-on-july-26-2026,wuhan,C,whole,metar,ZHHH,36°C,36.0,36.0,iem_metar,2026-07-27T12:48:07Z
2026-07-27,highest-temperature-in-amsterdam-on-july-27-2026,amsterdam,C,whole,metar,EHAM,21°C,21.0,21.0,iem_metar,2026-07-28T10:20:44Z
2026-07-27,highest-temperature-in-ankara-on-july-27-2026,ankara,C,whole,metar,LTAC,28°C,28.0,28.0,iem_metar,2026-07-28T10:20:44Z
2026-07-27,highest-temperature-in-atlanta-on-july-27-2026,atlanta,F,whole,metar,KATL,90-91°F,32.5,90.5,openmeteo_grid,2026-07-28T10:20:44Z
2026-07-27,highest-temperature-in-austin-on-july-27-2026,austin,F,whole,metar,KAUS,98-99°F,36.7,98.0,iem_metar,2026-07-28T10:20:44Z
2026-07-27,highest-temperature-in-beijing-on-july-27-2026,beijing,C,whole,metar,ZBAA,34°C,34.0,34.0,iem_metar,2026-07-28T10:20:44Z
2026-07-27,highest-temperature-in-buenos-aires-on-july-27-2026,buenos-aires,C,whole,metar,SAEZ,18°C,18.0,18.0,iem_metar,2026-07-28T10:20:44Z
2026-07-27,highest-temperature-in-busan-on-july-27-2026,busan,C,whole,metar,RKPK,35°C,35.0,35.0,iem_metar,2026-07-28T10:20:44Z
2026-07-27,highest-temperature-in-cape-town-on-july-27-2026,cape-town,C,whole,metar,FACT,17°C,17.0,17.0,iem_metar,2026-07-28T10:20:44Z
2026-07-27,highest-temperature-in-chengdu-on-july-27-2026,chengdu,C,whole,metar,ZUUU,30°C,30.0,30.0,iem_metar,2026-07-28T10:20:44Z
2026-07-27,highest-temperature-in-chicago-on-july-27-2026,chicago,F,whole,metar,KORD,84-85°F,29.6,85.3,openmeteo_grid,2026-07-28T10:20:44Z
2026-07-27,highest-temperature-in-chongqing-on-july-27-2026,chongqing,C,whole,metar,ZUCK,40°C,40.0,40.0,iem_metar,2026-07-28T10:20:44Z
2026-07-27,highest-temperature-in-dallas-on-july-27-2026,dallas,F,whole,geocode,dallas,98-99°F,38.3,100.9,openmeteo_grid,2026-07-28T10:20:44Z
2026-07-27,highest-temperature-in-guangzhou-on-july-27-2026,guangzhou,C,whole,metar,ZGGG,32°C,32.0,32.0,iem_metar,2026-07-28T10:20:44Z
2026-07-27,highest-temperature-in-helsinki-on-july-27-2026,helsinki,C,whole,metar,EFHK,21°C,21.0,21.0,iem_metar,2026-07-28T10:20:44Z
2026-07-27,highest-temperature-in-hong-kong-on-july-27-2026,hong-kong,C,decimal,hko,HKO,28°C,30.0,30.0,iem_vhhh_proxy,2026-07-28T10:20:44Z
2026-07-27,highest-temperature-in-houston-on-july-27-2026,houston,F,whole,metar,KHOU,94-95°F,35.1,95.2,openmeteo_grid,2026-07-28T10:20:44Z
2026-07-27,highest-temperature-in-istanbul-on-july-27-2026,istanbul,C,whole,geocode,istanbul,32°C,28.5,28.5,openmeteo_grid,2026-07-28T10:20:44Z
2026-07-27,highest-temperature-in-jeddah-on-july-27-2026,jeddah,C,whole,metar,OEJN,>=40°C,42.0,42.0,iem_metar,2026-07-28T10:20:44Z
2026-07-27,highest-temperature-in-karachi-on-july-27-2026,karachi,C,whole,metar,OPKC,34°C,34.0,34.0,iem_metar,2026-07-28T10:20:44Z
2026-07-27,highest-temperature-in-kuala-lumpur-on-july-27-2026,kuala-lumpur,C,whole,metar,WMKK,33°C,33.0,33.0,iem_metar,2026-07-28T10:20:44Z
2026-07-27,highest-temperature-in-london-on-july-27-2026,london,C,whole,metar,EGLC,27°C,27.0,27.0,iem_metar,2026-07-28T10:20:44Z
2026-07-27,highest-temperature-in-lucknow-on-july-27-2026,lucknow,C,whole,metar,VILK,33°C,33.0,33.0,iem_metar,2026-07-28T10:20:44Z
2026-07-27,highest-temperature-in-madrid-on-july-27-2026,madrid,C,whole,metar,LEMD,35°C,35.0,35.0,iem_metar,2026-07-28T10:20:44Z
2026-07-27,highest-temperature-in-manila-on-july-27-2026,manila,C,whole,metar,RPLL,33°C,33.0,33.0,iem_metar,2026-07-28T10:20:44Z
2026-07-27,highest-temperature-in-miami-on-july-27-2026,miami,F,whole,metar,KMIA,90-91°F,31.5,88.7,openmeteo_grid,2026-07-28T10:20:44Z
2026-07-27,highest-temperature-in-milan-on-july-27-2026,milan,C,whole,metar,LIMC,33°C,33.0,33.0,iem_metar,2026-07-28T10:20:44Z
2026-07-27,highest-temperature-in-moscow-on-july-27-2026,moscow,C,whole,geocode,moscow,>=22°C,25.2,25.2,openmeteo_grid,2026-07-28T10:20:44Z
2026-07-27,highest-temperature-in-munich-on-july-27-2026,munich,C,whole,metar,EDDM,25°C,25.0,25.0,iem_metar,2026-07-28T10:20:44Z
2026-07-27,highest-temperature-in-nyc-on-july-27-2026,nyc,F,whole,metar,KLGA,84-85°F,29.4,85.0,iem_metar,2026-07-28T10:20:44Z
2026-07-27,highest-temperature-in-panama-city-on-july-27-2026,panama-city,C,whole,metar,MPMG,32°C,32.0,32.0,iem_metar,2026-07-28T10:20:44Z
2026-07-27,highest-temperature-in-paris-on-july-27-2026,paris,C,whole,metar,LFPB,27°C,27.0,27.0,iem_metar,2026-07-28T10:20:44Z
2026-07-27,highest-temperature-in-qingdao-on-july-27-2026,qingdao,C,whole,metar,ZSQD,32°C,32.0,32.0,iem_metar,2026-07-28T10:20:44Z
2026-07-27,highest-temperature-in-sao-paulo-on-july-27-2026,sao-paulo,C,whole,metar,SBGR,28°C,28.0,28.0,iem_metar,2026-07-28T10:20:44Z
2026-07-27,highest-temperature-in-seoul-on-july-27-2026,seoul,C,whole,metar,RKSI,31°C,31.0,31.0,iem_metar,2026-07-28T10:20:44Z
2026-07-27,highest-temperature-in-shanghai-on-july-27-2026,shanghai,C,whole,metar,ZSPD,34°C,34.0,34.0,iem_metar,2026-07-28T10:20:44Z
2026-07-27,highest-temperature-in-shenzhen-on-july-27-2026,shenzhen,C,whole,metar,ZGSZ,31°C,30.0,30.0,iem_metar,2026-07-28T10:20:44Z
2026-07-27,highest-temperature-in-singapore-on-july-27-2026,singapore,C,whole,metar,WSSS,32°C,32.0,32.0,iem_metar,2026-07-28T10:20:44Z
2026-07-27,highest-temperature-in-taipei-on-july-27-2026,taipei,C,whole,metar,RCSS,35°C,35.0,35.0,iem_metar,2026-07-28T10:20:44Z
2026-07-27,highest-temperature-in-tel-aviv-on-july-27-2026,tel-aviv,C,whole,geocode,tel-aviv,32°C,31.4,31.4,openmeteo_grid,2026-07-28T10:20:44Z
2026-07-27,highest-temperature-in-tokyo-on-july-27-2026,tokyo,C,whole,metar,RJTT,30°C,30.0,30.0,iem_metar,2026-07-28T10:20:44Z
2026-07-27,highest-temperature-in-toronto-on-july-27-2026,toronto,C,whole,metar,CYYZ,29°C,29.0,29.0,iem_metar,2026-07-28T10:20:44Z
2026-07-27,highest-temperature-in-warsaw-on-july-27-2026,warsaw,C,whole,metar,EPWA,23°C,23.0,23.0,iem_metar,2026-07-28T10:20:44Z
2026-07-27,highest-temperature-in-wellington-on-july-27-2026,wellington,C,whole,metar,NZWN,11°C,11.0,11.0,iem_metar,2026-07-28T10:20:44Z
2026-07-27,highest-temperature-in-wuhan-on-july-27-2026,wuhan,C,whole,metar,ZHHH,32°C,32.0,32.0,iem_metar,2026-07-28T10:20:44Z
2026-07-27,highest-temperature-in-denver-on-july-27-2026,denver,F,whole,geocode,denver,92-93°F,33.6,92.5,openmeteo_grid,2026-07-28T17:14:00Z
2026-07-27,highest-temperature-in-los-angeles-on-july-27-2026,los-angeles,F,whole,metar,KLAX,78-79°F,26.1,79.0,iem_metar,2026-07-28T17:14:00Z
2026-07-27,highest-temperature-in-mexico-city-on-july-27-2026,mexico-city,C,whole,metar,MMMX,23°C,23.0,23.0,iem_metar,2026-07-28T17:14:00Z
2026-07-27,highest-temperature-in-san-francisco-on-july-27-2026,san-francisco,F,whole,metar,KSFO,68-69°F,20.6,69.0,iem_metar,2026-07-28T17:14:00Z
2026-07-27,highest-temperature-in-seattle-on-july-27-2026,seattle,F,whole,metar,KSEA,78-79°F,25.6,78.0,iem_metar,2026-07-28T17:14:00Z
2026-07-28,highest-temperature-in-amsterdam-on-july-28-2026,amsterdam,C,whole,metar,EHAM,27°C,27.0,27.0,iem_metar,2026-07-29T10:21:01Z
2026-07-28,highest-temperature-in-ankara-on-july-28-2026,ankara,C,whole,metar,LTAC,30°C,30.0,30.0,iem_metar,2026-07-29T10:21:01Z
2026-07-28,highest-temperature-in-atlanta-on-july-28-2026,atlanta,F,whole,metar,KATL,94-95°F,34.4,93.9,openmeteo_grid,2026-07-29T10:21:01Z
2026-07-28,highest-temperature-in-austin-on-july-28-2026,austin,F,whole,metar,KAUS,96-97°F,37.2,99.0,iem_metar,2026-07-29T10:21:01Z
2026-07-28,highest-temperature-in-beijing-on-july-28-2026,beijing,C,whole,metar,ZBAA,35°C,35.0,35.0,iem_metar,2026-07-29T10:21:01Z
2026-07-28,highest-temperature-in-buenos-aires-on-july-28-2026,buenos-aires,C,whole,metar,SAEZ,17°C,17.0,17.0,iem_metar,2026-07-29T10:21:01Z
2026-07-28,highest-temperature-in-busan-on-july-28-2026,busan,C,whole,metar,RKPK,35°C,35.0,35.0,iem_metar,2026-07-29T10:21:01Z
2026-07-28,highest-temperature-in-cape-town-on-july-28-2026,cape-town,C,whole,metar,FACT,20°C,20.0,20.0,iem_metar,2026-07-29T10:21:01Z
2026-07-28,highest-temperature-in-chengdu-on-july-28-2026,chengdu,C,whole,metar,ZUUU,32°C,32.0,32.0,iem_metar,2026-07-29T10:21:01Z
2026-07-28,highest-temperature-in-chicago-on-july-28-2026,chicago,F,whole,metar,KORD,78-79°F,26.2,79.2,openmeteo_grid,2026-07-29T10:21:01Z
2026-07-28,highest-temperature-in-chongqing-on-july-28-2026,chongqing,C,whole,metar,ZUCK,36°C,36.0,36.0,iem_metar,2026-07-29T10:21:01Z
2026-07-28,highest-temperature-in-dallas-on-july-28-2026,dallas,F,whole,geocode,dallas,98-99°F,37.7,99.9,openmeteo_grid,2026-07-29T10:21:01Z
2026-07-28,highest-temperature-in-denver-on-july-28-2026,denver,F,whole,geocode,denver,92-93°F,33.9,93.0,openmeteo_grid,2026-07-29T10:21:01Z
2026-07-28,highest-temperature-in-guangzhou-on-july-28-2026,guangzhou,C,whole,metar,ZGGG,31°C,31.0,31.0,iem_metar,2026-07-29T10:21:01Z
2026-07-28,highest-temperature-in-helsinki-on-july-28-2026,helsinki,C,whole,metar,EFHK,20°C,20.0,20.0,iem_metar,2026-07-29T10:21:01Z
2026-07-28,highest-temperature-in-hong-kong-on-july-28-2026,hong-kong,C,decimal,hko,HKO,29°C,30.0,30.0,iem_vhhh_proxy,2026-07-29T10:21:01Z
2026-07-28,highest-temperature-in-houston-on-july-28-2026,houston,F,whole,metar,KHOU,94-95°F,35.2,95.4,openmeteo_grid,2026-07-29T10:21:01Z
2026-07-28,highest-temperature-in-istanbul-on-july-28-2026,istanbul,C,whole,geocode,istanbul,29°C,30.0,30.0,openmeteo_grid,2026-07-29T10:21:01Z
2026-07-28,highest-temperature-in-jeddah-on-july-28-2026,jeddah,C,whole,metar,OEJN,37°C,37.0,37.0,iem_metar,2026-07-29T10:21:01Z
2026-07-28,highest-temperature-in-karachi-on-july-28-2026,karachi,C,whole,metar,OPKC,33°C,33.0,33.0,iem_metar,2026-07-29T10:21:01Z
2026-07-28,highest-temperature-in-kuala-lumpur-on-july-28-2026,kuala-lumpur,C,whole,metar,WMKK,31°C,31.0,31.0,iem_metar,2026-07-29T10:21:01Z
2026-07-28,highest-temperature-in-london-on-july-28-2026,london,C,whole,metar,EGLC,29°C,29.0,29.0,iem_metar,2026-07-29T10:21:01Z
2026-07-28,highest-temperature-in-los-angeles-on-july-28-2026,los-angeles,F,whole,metar,KLAX,78-79°F,26.1,79.0,iem_metar,2026-07-29T10:21:01Z
2026-07-28,highest-temperature-in-lucknow-on-july-28-2026,lucknow,C,whole,metar,VILK,34°C,34.0,34.0,iem_metar,2026-07-29T10:21:01Z
2026-07-28,highest-temperature-in-madrid-on-july-28-2026,madrid,C,whole,metar,LEMD,38°C,38.0,38.0,iem_metar,2026-07-29T10:21:01Z
2026-07-28,highest-temperature-in-manila-on-july-28-2026,manila,C,whole,metar,RPLL,32°C,32.0,32.0,iem_metar,2026-07-29T10:21:01Z
2026-07-28,highest-temperature-in-mexico-city-on-july-28-2026,mexico-city,C,whole,metar,MMMX,26°C,26.0,26.0,iem_metar,2026-07-29T10:21:01Z
2026-07-28,highest-temperature-in-miami-on-july-28-2026,miami,F,whole,metar,KMIA,88-89°F,31.6,88.9,openmeteo_grid,2026-07-29T10:21:01Z
2026-07-28,highest-temperature-in-milan-on-july-28-2026,milan,C,whole,metar,LIMC,33°C,33.0,33.0,iem_metar,2026-07-29T10:21:01Z
2026-07-28,highest-temperature-in-moscow-on-july-28-2026,moscow,C,whole,geocode,moscow,28°C,28.4,28.4,openmeteo_grid,2026-07-29T10:21:01Z
2026-07-28,highest-temperature-in-munich-on-july-28-2026,munich,C,whole,metar,EDDM,29°C,29.0,29.0,iem_metar,2026-07-29T10:21:01Z
2026-07-28,highest-temperature-in-nyc-on-july-28-2026,nyc,F,whole,metar,KLGA,80-81°F,27.2,81.0,iem_metar,2026-07-29T10:21:01Z
2026-07-28,highest-temperature-in-panama-city-on-july-28-2026,panama-city,C,whole,metar,MPMG,32°C,32.0,32.0,iem_metar,2026-07-29T10:21:01Z
2026-07-28,highest-temperature-in-paris-on-july-28-2026,paris,C,whole,metar,LFPB,32°C,32.0,32.0,iem_metar,2026-07-29T10:21:01Z
2026-07-28,highest-temperature-in-qingdao-on-july-28-2026,qingdao,C,whole,metar,ZSQD,33°C,33.0,33.0,iem_metar,2026-07-29T10:21:01Z
2026-07-28,highest-temperature-in-san-francisco-on-july-28-2026,san-francisco,F,whole,metar,KSFO,70-71°F,21.7,71.0,iem_metar,2026-07-29T10:21:01Z
2026-07-28,highest-temperature-in-sao-paulo-on-july-28-2026,sao-paulo,C,whole,metar,SBGR,29°C,29.0,29.0,iem_metar,2026-07-29T10:21:01Z
2026-07-28,highest-temperature-in-seattle-on-july-28-2026,seattle,F,whole,metar,KSEA,72-73°F,22.8,73.0,iem_metar,2026-07-29T10:21:01Z
2026-07-28,highest-temperature-in-seoul-on-july-28-2026,seoul,C,whole,metar,RKSI,30°C,30.0,30.0,iem_metar,2026-07-29T10:21:01Z
2026-07-28,highest-temperature-in-shanghai-on-july-28-2026,shanghai,C,whole,metar,ZSPD,33°C,33.0,33.0,iem_metar,2026-07-29T10:21:01Z
2026-07-28,highest-temperature-in-shenzhen-on-july-28-2026,shenzhen,C,whole,metar,ZGSZ,30°C,30.0,30.0,iem_metar,2026-07-29T10:21:01Z
2026-07-28,highest-temperature-in-singapore-on-july-28-2026,singapore,C,whole,metar,WSSS,31°C,31.0,31.0,iem_metar,2026-07-29T10:21:01Z
2026-07-28,highest-temperature-in-taipei-on-july-28-2026,taipei,C,whole,metar,RCSS,36°C,36.0,36.0,iem_metar,2026-07-29T10:21:01Z
2026-07-28,highest-temperature-in-tel-aviv-on-july-28-2026,tel-aviv,C,whole,geocode,tel-aviv,32°C,31.6,31.6,openmeteo_grid,2026-07-29T10:21:01Z
2026-07-28,highest-temperature-in-tokyo-on-july-28-2026,tokyo,C,whole,metar,RJTT,31°C,31.0,31.0,iem_metar,2026-07-29T10:21:01Z
2026-07-28,highest-temperature-in-toronto-on-july-28-2026,toronto,C,whole,metar,CYYZ,27°C,27.0,27.0,iem_metar,2026-07-29T10:21:01Z
2026-07-28,highest-temperature-in-warsaw-on-july-28-2026,warsaw,C,whole,metar,EPWA,22°C,22.0,22.0,iem_metar,2026-07-29T10:21:01Z
2026-07-28,highest-temperature-in-wellington-on-july-28-2026,wellington,C,whole,metar,NZWN,13°C,13.0,13.0,iem_metar,2026-07-29T10:21:01Z
2026-07-28,highest-temperature-in-wuhan-on-july-28-2026,wuhan,C,whole,metar,ZHHH,33°C,33.0,33.0,iem_metar,2026-07-29T10:21:01Z
2026-07-29,highest-temperature-in-amsterdam-on-july-29-2026,amsterdam,C,whole,metar,EHAM,32°C,32.0,32.0,iem_metar,2026-07-30T09:46:13Z
2026-07-29,highest-temperature-in-ankara-on-july-29-2026,ankara,C,whole,metar,LTAC,28°C,28.0,28.0,iem_metar,2026-07-30T09:46:13Z
2026-07-29,highest-temperature-in-atlanta-on-july-29-2026,atlanta,F,whole,metar,KATL,88-89°F,29.6,85.3,openmeteo_grid,2026-07-30T09:46:13Z
2026-07-29,highest-temperature-in-austin-on-july-29-2026,austin,F,whole,metar,KAUS,98-99°F,37.2,99.0,iem_metar,2026-07-30T09:46:13Z
2026-07-29,highest-temperature-in-beijing-on-july-29-2026,beijing,C,whole,metar,ZBAA,35°C,35.0,35.0,iem_metar,2026-07-30T09:46:13Z
2026-07-29,highest-temperature-in-buenos-aires-on-july-29-2026,buenos-aires,C,whole,metar,SAEZ,17°C,17.0,17.0,iem_metar,2026-07-30T09:46:13Z
2026-07-29,highest-temperature-in-busan-on-july-29-2026,busan,C,whole,metar,RKPK,39°C,39.0,39.0,iem_metar,2026-07-30T09:46:13Z
2026-07-29,highest-temperature-in-cape-town-on-july-29-2026,cape-town,C,whole,metar,FACT,21°C,21.0,21.0,iem_metar,2026-07-30T09:46:13Z
2026-07-29,highest-temperature-in-chengdu-on-july-29-2026,chengdu,C,whole,metar,ZUUU,>=34°C,34.0,34.0,iem_metar,2026-07-30T09:46:13Z
2026-07-29,highest-temperature-in-chicago-on-july-29-2026,chicago,F,whole,metar,KORD,80-81°F,26.9,80.4,openmeteo_grid,2026-07-30T09:46:13Z
2026-07-29,highest-temperature-in-chongqing-on-july-29-2026,chongqing,C,whole,metar,ZUCK,39°C,39.0,39.0,iem_metar,2026-07-30T09:46:13Z
2026-07-29,highest-temperature-in-dallas-on-july-29-2026,dallas,F,whole,geocode,dallas,98-99°F,37.2,99.0,openmeteo_grid,2026-07-30T09:46:13Z
2026-07-29,highest-temperature-in-denver-on-july-29-2026,denver,F,whole,geocode,denver,90-91°F,33.0,91.4,openmeteo_grid,2026-07-30T09:46:13Z
2026-07-29,highest-temperature-in-guangzhou-on-july-29-2026,guangzhou,C,whole,metar,ZGGG,31°C,31.0,31.0,iem_metar,2026-07-30T09:46:13Z
2026-07-29,highest-temperature-in-helsinki-on-july-29-2026,helsinki,C,whole,metar,EFHK,24°C,24.0,24.0,iem_metar,2026-07-30T09:46:13Z
2026-07-29,highest-temperature-in-hong-kong-on-july-29-2026,hong-kong,C,decimal,hko,HKO,27°C,28.0,28.0,iem_vhhh_proxy,2026-07-30T09:46:13Z
2026-07-29,highest-temperature-in-houston-on-july-29-2026,houston,F,whole,metar,KHOU,94-95°F,35.6,96.1,openmeteo_grid,2026-07-30T09:46:13Z
2026-07-29,highest-temperature-in-istanbul-on-july-29-2026,istanbul,C,whole,geocode,istanbul,27°C,28.2,28.2,openmeteo_grid,2026-07-30T09:46:13Z
2026-07-29,highest-temperature-in-jeddah-on-july-29-2026,jeddah,C,whole,metar,OEJN,40°C,40.0,40.0,iem_metar,2026-07-30T09:46:13Z
2026-07-29,highest-temperature-in-karachi-on-july-29-2026,karachi,C,whole,metar,OPKC,34°C,34.0,34.0,iem_metar,2026-07-30T09:46:13Z
2026-07-29,highest-temperature-in-kuala-lumpur-on-july-29-2026,kuala-lumpur,C,whole,metar,WMKK,31°C,31.0,31.0,iem_metar,2026-07-30T09:46:13Z
2026-07-29,highest-temperature-in-london-on-july-29-2026,london,C,whole,metar,EGLC,34°C,34.0,34.0,iem_metar,2026-07-30T09:46:13Z
2026-07-29,highest-temperature-in-lucknow-on-july-29-2026,lucknow,C,whole,metar,VILK,34°C,34.0,34.0,iem_metar,2026-07-30T09:46:13Z
2026-07-29,highest-temperature-in-madrid-on-july-29-2026,madrid,C,whole,metar,LEMD,39°C,39.0,39.0,iem_metar,2026-07-30T09:46:13Z
2026-07-29,highest-temperature-in-manila-on-july-29-2026,manila,C,whole,metar,RPLL,<=27°C,27.0,27.0,iem_metar,2026-07-30T09:46:13Z
2026-07-29,highest-temperature-in-mexico-city-on-july-29-2026,mexico-city,C,whole,metar,MMMX,26°C,26.0,26.0,iem_metar,2026-07-30T09:46:13Z
2026-07-29,highest-temperature-in-miami-on-july-29-2026,miami,F,whole,metar,KMIA,94-95°F,34.0,93.2,openmeteo_grid,2026-07-30T09:46:13Z
2026-07-29,highest-temperature-in-milan-on-july-29-2026,milan,C,whole,metar,LIMC,34°C,34.0,34.0,iem_metar,2026-07-30T09:46:13Z
2026-07-29,highest-temperature-in-moscow-on-july-29-2026,moscow,C,whole,geocode,moscow,17°C,19.4,19.4,openmeteo_grid,2026-07-30T09:46:13Z
2026-07-29,highest-temperature-in-munich-on-july-29-2026,munich,C,whole,metar,EDDM,34°C,34.0,34.0,iem_metar,2026-07-30T09:46:13Z
2026-07-29,highest-temperature-in-nyc-on-july-29-2026,nyc,F,whole,metar,KLGA,80-81°F,28.3,83.0,iem_metar,2026-07-30T09:46:13Z
2026-07-29,highest-temperature-in-panama-city-on-july-29-2026,panama-city,C,whole,metar,MPMG,33°C,33.0,33.0,iem_metar,2026-07-30T09:46:13Z
2026-07-29,highest-temperature-in-paris-on-july-29-2026,paris,C,whole,metar,LFPB,38°C,38.0,38.0,iem_metar,2026-07-30T09:46:13Z
2026-07-29,highest-temperature-in-qingdao-on-july-29-2026,qingdao,C,whole,metar,ZSQD,33°C,33.0,33.0,iem_metar,2026-07-30T09:46:13Z
2026-07-29,highest-temperature-in-san-francisco-on-july-29-2026,san-francisco,F,whole,metar,KSFO,68-69°F,21.1,70.0,iem_metar,2026-07-30T09:46:13Z
2026-07-29,highest-temperature-in-sao-paulo-on-july-29-2026,sao-paulo,C,whole,metar,SBGR,30°C,30.0,30.0,iem_metar,2026-07-30T09:46:13Z
2026-07-29,highest-temperature-in-seattle-on-july-29-2026,seattle,F,whole,metar,KSEA,74-75°F,23.9,75.0,iem_metar,2026-07-30T09:46:13Z
2026-07-29,highest-temperature-in-seoul-on-july-29-2026,seoul,C,whole,metar,RKSI,30°C,30.0,30.0,iem_metar,2026-07-30T09:46:13Z
2026-07-29,highest-temperature-in-shanghai-on-july-29-2026,shanghai,C,whole,metar,ZSPD,35°C,35.0,35.0,iem_metar,2026-07-30T09:46:13Z
2026-07-29,highest-temperature-in-shenzhen-on-july-29-2026,shenzhen,C,whole,metar,ZGSZ,28°C,29.0,29.0,iem_metar,2026-07-30T09:46:13Z
2026-07-29,highest-temperature-in-singapore-on-july-29-2026,singapore,C,whole,metar,WSSS,32°C,32.0,32.0,iem_metar,2026-07-30T09:46:13Z
2026-07-29,highest-temperature-in-taipei-on-july-29-2026,taipei,C,whole,metar,RCSS,36°C,36.0,36.0,iem_metar,2026-07-30T09:46:13Z
2026-07-29,highest-temperature-in-tel-aviv-on-july-29-2026,tel-aviv,C,whole,geocode,tel-aviv,33°C,31.8,31.8,openmeteo_grid,2026-07-30T09:46:13Z
2026-07-29,highest-temperature-in-tokyo-on-july-29-2026,tokyo,C,whole,metar,RJTT,34°C,34.0,34.0,iem_metar,2026-07-30T09:46:13Z
2026-07-29,highest-temperature-in-toronto-on-july-29-2026,toronto,C,whole,metar,CYYZ,27°C,27.0,27.0,iem_metar,2026-07-30T09:46:13Z
2026-07-29,highest-temperature-in-warsaw-on-july-29-2026,warsaw,C,whole,metar,EPWA,25°C,25.0,25.0,iem_metar,2026-07-30T09:46:13Z
2026-07-29,highest-temperature-in-wellington-on-july-29-2026,wellington,C,whole,metar,NZWN,12°C,12.0,12.0,iem_metar,2026-07-30T09:46:13Z
2026-07-29,highest-temperature-in-wuhan-on-july-29-2026,wuhan,C,whole,metar,ZHHH,33°C,33.0,33.0,iem_metar,2026-07-30T09:46:13Z
2026-07-29,highest-temperature-in-los-angeles-on-july-29-2026,los-angeles,F,whole,metar,KLAX,78-79°F,26.1,79.0,iem_metar,2026-07-30T17:10:39Z
2026-07-30,highest-temperature-in-amsterdam-on-july-30-2026,amsterdam,C,whole,metar,EHAM,26°C,26.0,26.0,iem_metar,2026-07-31T10:14:26Z
2026-07-30,highest-temperature-in-ankara-on-july-30-2026,ankara,C,whole,metar,LTAC,27°C,27.0,27.0,iem_metar,2026-07-31T10:14:26Z
2026-07-30,highest-temperature-in-atlanta-on-july-30-2026,atlanta,F,whole,metar,KATL,88-89°F,31.8,89.2,openmeteo_grid,2026-07-31T10:14:26Z
2026-07-30,highest-temperature-in-austin-on-july-30-2026,austin,F,whole,metar,KAUS,100-101°F,38.3,101.0,iem_metar,2026-07-31T10:14:26Z
2026-07-30,highest-temperature-in-beijing-on-july-30-2026,beijing,C,whole,metar,ZBAA,35°C,35.0,35.0,iem_metar,2026-07-31T10:14:26Z
2026-07-30,highest-temperature-in-buenos-aires-on-july-30-2026,buenos-aires,C,whole,metar,SAEZ,17°C,17.0,17.0,iem_metar,2026-07-31T10:14:26Z
2026-07-30,highest-temperature-in-busan-on-july-30-2026,busan,C,whole,metar,RKPK,38°C,38.0,38.0,iem_metar,2026-07-31T10:14:26Z
2026-07-30,highest-temperature-in-cape-town-on-july-30-2026,cape-town,C,whole,metar,FACT,21°C,21.0,21.0,iem_metar,2026-07-31T10:14:26Z
2026-07-30,highest-temperature-in-chengdu-on-july-30-2026,chengdu,C,whole,metar,ZUUU,28°C,28.0,28.0,iem_metar,2026-07-31T10:14:26Z
2026-07-30,highest-temperature-in-chicago-on-july-30-2026,chicago,F,whole,metar,KORD,86-87°F,31.2,88.2,openmeteo_grid,2026-07-31T10:14:26Z
2026-07-30,highest-temperature-in-chongqing-on-july-30-2026,chongqing,C,whole,metar,ZUCK,39°C,39.0,39.0,iem_metar,2026-07-31T10:14:26Z
2026-07-30,highest-temperature-in-dallas-on-july-30-2026,dallas,F,whole,geocode,dallas,98-99°F,38.4,101.1,openmeteo_grid,2026-07-31T10:14:26Z
2026-07-30,highest-temperature-in-denver-on-july-30-2026,denver,F,whole,geocode,denver,94-95°F,36.0,96.8,openmeteo_grid,2026-07-31T10:14:26Z
2026-07-30,highest-temperature-in-guangzhou-on-july-30-2026,guangzhou,C,whole,metar,ZGGG,32°C,32.0,32.0,iem_metar,2026-07-31T10:14:26Z
2026-07-30,highest-temperature-in-helsinki-on-july-30-2026,helsinki,C,whole,metar,EFHK,24°C,24.0,24.0,iem_metar,2026-07-31T10:14:26Z
2026-07-30,highest-temperature-in-hong-kong-on-july-30-2026,hong-kong,C,decimal,hko,HKO,28°C,31.0,31.0,iem_vhhh_proxy,2026-07-31T10:14:26Z
2026-07-30,highest-temperature-in-houston-on-july-30-2026,houston,F,whole,metar,KHOU,96-97°F,36.2,97.2,openmeteo_grid,2026-07-31T10:14:26Z
2026-07-30,highest-temperature-in-istanbul-on-july-30-2026,istanbul,C,whole,geocode,istanbul,26°C,26.6,26.6,openmeteo_grid,2026-07-31T10:14:26Z
2026-07-30,highest-temperature-in-jeddah-on-july-30-2026,jeddah,C,whole,metar,OEJN,>=42°C,42.0,42.0,iem_metar,2026-07-31T10:14:26Z
2026-07-30,highest-temperature-in-karachi-on-july-30-2026,karachi,C,whole,metar,OPKC,35°C,35.0,35.0,iem_metar,2026-07-31T10:14:26Z
2026-07-30,highest-temperature-in-kuala-lumpur-on-july-30-2026,kuala-lumpur,C,whole,metar,WMKK,33°C,33.0,33.0,iem_metar,2026-07-31T10:14:26Z
2026-07-30,highest-temperature-in-london-on-july-30-2026,london,C,whole,metar,EGLC,28°C,28.0,28.0,iem_metar,2026-07-31T10:14:26Z
2026-07-30,highest-temperature-in-los-angeles-on-july-30-2026,los-angeles,F,whole,metar,KLAX,76-77°F,25.6,78.0,iem_metar,2026-07-31T10:14:26Z
2026-07-30,highest-temperature-in-lucknow-on-july-30-2026,lucknow,C,whole,metar,VILK,34°C,34.0,34.0,iem_metar,2026-07-31T10:14:26Z
2026-07-30,highest-temperature-in-madrid-on-july-30-2026,madrid,C,whole,metar,LEMD,40°C,40.0,40.0,iem_metar,2026-07-31T10:14:26Z
2026-07-30,highest-temperature-in-manila-on-july-30-2026,manila,C,whole,metar,RPLL,33°C,33.0,33.0,iem_metar,2026-07-31T10:14:26Z
2026-07-30,highest-temperature-in-mexico-city-on-july-30-2026,mexico-city,C,whole,metar,MMMX,27°C,27.0,27.0,iem_metar,2026-07-31T10:14:26Z
2026-07-30,highest-temperature-in-miami-on-july-30-2026,miami,F,whole,metar,KMIA,96-97°F,36.4,97.5,openmeteo_grid,2026-07-31T10:14:26Z
2026-07-30,highest-temperature-in-milan-on-july-30-2026,milan,C,whole,metar,LIMC,36°C,36.0,36.0,iem_metar,2026-07-31T10:14:26Z
2026-07-30,highest-temperature-in-moscow-on-july-30-2026,moscow,C,whole,geocode,moscow,21°C,22.2,22.2,openmeteo_grid,2026-07-31T10:14:26Z
2026-07-30,highest-temperature-in-munich-on-july-30-2026,munich,C,whole,metar,EDDM,37°C,37.0,37.0,iem_metar,2026-07-31T10:14:26Z
2026-07-30,highest-temperature-in-nyc-on-july-30-2026,nyc,F,whole,metar,KLGA,76-77°F,24.4,76.0,iem_metar,2026-07-31T10:14:26Z
2026-07-30,highest-temperature-in-panama-city-on-july-30-2026,panama-city,C,whole,metar,MPMG,33°C,33.0,33.0,iem_metar,2026-07-31T10:14:26Z
2026-07-30,highest-temperature-in-paris-on-july-30-2026,paris,C,whole,metar,LFPB,30°C,30.0,30.0,iem_metar,2026-07-31T10:14:26Z
2026-07-30,highest-temperature-in-qingdao-on-july-30-2026,qingdao,C,whole,metar,ZSQD,34°C,34.0,34.0,iem_metar,2026-07-31T10:14:26Z
2026-07-30,highest-temperature-in-san-francisco-on-july-30-2026,san-francisco,F,whole,metar,KSFO,72-73°F,22.8,73.0,iem_metar,2026-07-31T10:14:26Z
2026-07-30,highest-temperature-in-sao-paulo-on-july-30-2026,sao-paulo,C,whole,metar,SBGR,22°C,22.0,22.0,iem_metar,2026-07-31T10:14:26Z
2026-07-30,highest-temperature-in-seattle-on-july-30-2026,seattle,F,whole,metar,KSEA,78-79°F,26.1,79.0,iem_metar,2026-07-31T10:14:26Z
2026-07-30,highest-temperature-in-seoul-on-july-30-2026,seoul,C,whole,metar,RKSI,30°C,30.0,30.0,iem_metar,2026-07-31T10:14:26Z
2026-07-30,highest-temperature-in-shanghai-on-july-30-2026,shanghai,C,whole,metar,ZSPD,36°C,36.0,36.0,iem_metar,2026-07-31T10:14:26Z
2026-07-30,highest-temperature-in-shenzhen-on-july-30-2026,shenzhen,C,whole,metar,ZGSZ,32°C,31.0,31.0,iem_metar,2026-07-31T10:14:26Z
2026-07-30,highest-temperature-in-singapore-on-july-30-2026,singapore,C,whole,metar,WSSS,31°C,31.0,31.0,iem_metar,2026-07-31T10:14:26Z
2026-07-30,highest-temperature-in-taipei-on-july-30-2026,taipei,C,whole,metar,RCSS,35°C,35.0,35.0,iem_metar,2026-07-31T10:14:26Z
2026-07-30,highest-temperature-in-tel-aviv-on-july-30-2026,tel-aviv,C,whole,geocode,tel-aviv,34°C,32.4,32.4,openmeteo_grid,2026-07-31T10:14:26Z
2026-07-30,highest-temperature-in-tokyo-on-july-30-2026,tokyo,C,whole,metar,RJTT,35°C,35.0,35.0,iem_metar,2026-07-31T10:14:26Z
2026-07-30,highest-temperature-in-toronto-on-july-30-2026,toronto,C,whole,metar,CYYZ,28°C,28.0,28.0,iem_metar,2026-07-31T10:14:26Z
2026-07-30,highest-temperature-in-warsaw-on-july-30-2026,warsaw,C,whole,metar,EPWA,31°C,31.0,31.0,iem_metar,2026-07-31T10:14:26Z
2026-07-30,highest-temperature-in-wellington-on-july-30-2026,wellington,C,whole,metar,NZWN,14°C,14.0,14.0,iem_metar,2026-07-31T10:14:26Z
2026-07-30,highest-temperature-in-wuhan-on-july-30-2026,wuhan,C,whole,metar,ZHHH,34°C,34.0,34.0,iem_metar,2026-07-31T10:14:26Z
2026-07-31,highest-temperature-in-amsterdam-on-july-31-2026,amsterdam,C,whole,metar,EHAM,24°C,24.0,24.0,iem_metar,2026-08-01T08:02:42Z
2026-07-31,highest-temperature-in-ankara-on-july-31-2026,ankara,C,whole,metar,LTAC,26°C,26.0,26.0,iem_metar,2026-08-01T08:02:42Z
2026-07-31,highest-temperature-in-beijing-on-july-31-2026,beijing,C,whole,metar,ZBAA,36°C,36.0,36.0,iem_metar,2026-08-01T08:02:42Z
2026-07-31,highest-temperature-in-buenos-aires-on-july-31-2026,buenos-aires,C,whole,metar,SAEZ,25°C,25.0,25.0,iem_metar,2026-08-01T08:02:42Z
2026-07-31,highest-temperature-in-busan-on-july-31-2026,busan,C,whole,metar,RKPK,37°C,37.0,37.0,iem_metar,2026-08-01T08:02:42Z
2026-07-31,highest-temperature-in-cape-town-on-july-31-2026,cape-town,C,whole,metar,FACT,24°C,24.0,24.0,iem_metar,2026-08-01T08:02:42Z
2026-07-31,highest-temperature-in-chengdu-on-july-31-2026,chengdu,C,whole,metar,ZUUU,27°C,27.0,27.0,iem_metar,2026-08-01T08:02:42Z
2026-07-31,highest-temperature-in-chicago-on-july-31-2026,chicago,F,whole,metar,KORD,80-81°F,27.4,81.3,openmeteo_grid,2026-08-01T08:02:42Z
2026-07-31,highest-temperature-in-chongqing-on-july-31-2026,chongqing,C,whole,metar,ZUCK,38°C,38.0,38.0,iem_metar,2026-08-01T08:02:42Z
2026-07-31,highest-temperature-in-guangzhou-on-july-31-2026,guangzhou,C,whole,metar,ZGGG,33°C,33.0,33.0,iem_metar,2026-08-01T08:02:42Z
2026-07-31,highest-temperature-in-helsinki-on-july-31-2026,helsinki,C,whole,metar,EFHK,26°C,26.0,26.0,iem_metar,2026-08-01T08:02:42Z
2026-07-31,highest-temperature-in-istanbul-on-july-31-2026,istanbul,C,whole,geocode,istanbul,26°C,26.9,26.9,openmeteo_grid,2026-08-01T08:02:42Z
2026-07-31,highest-temperature-in-jeddah-on-july-31-2026,jeddah,C,whole,metar,OEJN,41°C,41.0,41.0,iem_metar,2026-08-01T08:02:42Z
2026-07-31,highest-temperature-in-karachi-on-july-31-2026,karachi,C,whole,metar,OPKC,36°C,36.0,36.0,iem_metar,2026-08-01T08:02:42Z
2026-07-31,highest-temperature-in-kuala-lumpur-on-july-31-2026,kuala-lumpur,C,whole,metar,WMKK,32°C,32.0,32.0,iem_metar,2026-08-01T08:02:42Z
2026-07-31,highest-temperature-in-london-on-july-31-2026,london,C,whole,metar,EGLC,25°C,25.0,25.0,iem_metar,2026-08-01T08:02:42Z
2026-07-31,highest-temperature-in-lucknow-on-july-31-2026,lucknow,C,whole,metar,VILK,33°C,33.0,33.0,iem_metar,2026-08-01T08:02:42Z
2026-07-31,highest-temperature-in-madrid-on-july-31-2026,madrid,C,whole,metar,LEMD,38°C,38.0,38.0,iem_metar,2026-08-01T08:02:42Z
2026-07-31,highest-temperature-in-manila-on-july-31-2026,manila,C,whole,metar,RPLL,33°C,33.0,33.0,iem_metar,2026-08-01T08:02:42Z
2026-07-31,highest-temperature-in-mexico-city-on-july-31-2026,mexico-city,C,whole,metar,MMMX,26°C,26.0,26.0,iem_metar,2026-08-01T08:02:42Z
2026-07-31,highest-temperature-in-miami-on-july-31-2026,miami,F,whole,metar,KMIA,96-97°F,35.0,95.0,openmeteo_grid,2026-08-01T08:02:42Z
2026-07-31,highest-temperature-in-milan-on-july-31-2026,milan,C,whole,metar,LIMC,35°C,35.0,35.0,iem_metar,2026-08-01T08:02:42Z
2026-07-31,highest-temperature-in-moscow-on-july-31-2026,moscow,C,whole,geocode,moscow,24°C,25.2,25.2,openmeteo_grid,2026-08-01T08:02:42Z
2026-07-31,highest-temperature-in-munich-on-july-31-2026,munich,C,whole,metar,EDDM,36°C,36.0,36.0,iem_metar,2026-08-01T08:02:42Z
2026-07-31,highest-temperature-in-panama-city-on-july-31-2026,panama-city,C,whole,metar,MPMG,34°C,34.0,34.0,iem_metar,2026-08-01T08:02:42Z
2026-07-31,highest-temperature-in-paris-on-july-31-2026,paris,C,whole,metar,LFPB,29°C,29.0,29.0,iem_metar,2026-08-01T08:02:42Z
2026-07-31,highest-temperature-in-qingdao-on-july-31-2026,qingdao,C,whole,metar,ZSQD,36°C,36.0,36.0,iem_metar,2026-08-01T08:02:42Z
2026-07-31,highest-temperature-in-sao-paulo-on-july-31-2026,sao-paulo,C,whole,metar,SBGR,23°C,23.0,23.0,iem_metar,2026-08-01T08:02:42Z
2026-07-31,highest-temperature-in-seoul-on-july-31-2026,seoul,C,whole,metar,RKSI,31°C,31.0,31.0,iem_metar,2026-08-01T08:02:42Z
2026-07-31,highest-temperature-in-shanghai-on-july-31-2026,shanghai,C,whole,metar,ZSPD,37°C,37.0,37.0,iem_metar,2026-08-01T08:02:42Z
2026-07-31,highest-temperature-in-shenzhen-on-july-31-2026,shenzhen,C,whole,metar,ZGSZ,27°C,27.0,27.0,iem_metar,2026-08-01T08:02:42Z
2026-07-31,highest-temperature-in-singapore-on-july-31-2026,singapore,C,whole,metar,WSSS,32°C,32.0,32.0,iem_metar,2026-08-01T08:02:42Z
2026-07-31,highest-temperature-in-taipei-on-july-31-2026,taipei,C,whole,metar,RCSS,37°C,37.0,37.0,iem_metar,2026-08-01T08:02:42Z
2026-07-31,highest-temperature-in-tel-aviv-on-july-31-2026,tel-aviv,C,whole,geocode,tel-aviv,34°C,32.3,32.3,openmeteo_grid,2026-08-01T08:02:42Z
2026-07-31,highest-temperature-in-tokyo-on-july-31-2026,tokyo,C,whole,metar,RJTT,35°C,35.0,35.0,iem_metar,2026-08-01T08:02:42Z
2026-07-31,highest-temperature-in-toronto-on-july-31-2026,toronto,C,whole,metar,CYYZ,30°C,30.0,30.0,iem_metar,2026-08-01T08:02:42Z
2026-07-31,highest-temperature-in-warsaw-on-july-31-2026,warsaw,C,whole,metar,EPWA,33°C,33.0,33.0,iem_metar,2026-08-01T08:02:42Z
2026-07-31,highest-temperature-in-wellington-on-july-31-2026,wellington,C,whole,metar,NZWN,15°C,15.0,15.0,iem_metar,2026-08-01T08:02:42Z
2026-07-31,highest-temperature-in-wuhan-on-july-31-2026,wuhan,C,whole,metar,ZHHH,35°C,35.0,35.0,iem_metar,2026-08-01T08:02:42Z
2026-07-31,highest-temperature-in-atlanta-on-july-31-2026,atlanta,F,whole,metar,KATL,90-91°F,32.4,90.3,openmeteo_grid,2026-08-01T15:43:25Z
2026-07-31,highest-temperature-in-austin-on-july-31-2026,austin,F,whole,metar,KAUS,100-101°F,37.8,100.0,iem_metar,2026-08-01T15:43:25Z
2026-07-31,highest-temperature-in-dallas-on-july-31-2026,dallas,F,whole,geocode,dallas,102-103°F,39.0,102.2,openmeteo_grid,2026-08-01T15:43:25Z
2026-07-31,highest-temperature-in-denver-on-july-31-2026,denver,F,whole,geocode,denver,90-91°F,35.0,95.0,openmeteo_grid,2026-08-01T15:43:25Z
2026-07-31,highest-temperature-in-houston-on-july-31-2026,houston,F,whole,metar,KHOU,96-97°F,36.5,97.7,openmeteo_grid,2026-08-01T15:43:25Z
2026-07-31,highest-temperature-in-los-angeles-on-july-31-2026,los-angeles,F,whole,metar,KLAX,78-79°F,26.1,79.0,iem_metar,2026-08-01T15:43:25Z
2026-07-31,highest-temperature-in-nyc-on-july-31-2026,nyc,F,whole,metar,KLGA,84-85°F,28.9,84.0,iem_metar,2026-08-01T15:43:25Z
2026-07-31,highest-temperature-in-san-francisco-on-july-31-2026,san-francisco,F,whole,metar,KSFO,72-73°F,22.2,72.0,iem_metar,2026-08-01T15:43:25Z
2026-07-31,highest-temperature-in-seattle-on-july-31-2026,seattle,F,whole,metar,KSEA,82-83°F,27.8,82.0,iem_metar,2026-08-01T15:43:25Z
2026-08-01,highest-temperature-in-amsterdam-on-august-1-2026,amsterdam,C,whole,metar,EHAM,24°C,24.0,24.0,iem_metar,2026-08-02T09:03:52Z
2026-08-01,highest-temperature-in-ankara-on-august-1-2026,ankara,C,whole,metar,LTAC,28°C,28.0,28.0,iem_metar,2026-08-02T09:03:52Z
2026-08-01,highest-temperature-in-beijing-on-august-1-2026,beijing,C,whole,metar,ZBAA,36°C,36.0,36.0,iem_metar,2026-08-02T09:03:52Z
2026-08-01,highest-temperature-in-buenos-aires-on-august-1-2026,buenos-aires,C,whole,metar,SAEZ,19°C,19.0,19.0,iem_metar,2026-08-02T09:03:52Z
2026-08-01,highest-temperature-in-busan-on-august-1-2026,busan,C,whole,metar,RKPK,39°C,39.0,39.0,iem_metar,2026-08-02T09:03:52Z
2026-08-01,highest-temperature-in-cape-town-on-august-1-2026,cape-town,C,whole,metar,FACT,27°C,27.0,27.0,iem_metar,2026-08-02T09:03:52Z
2026-08-01,highest-temperature-in-chengdu-on-august-1-2026,chengdu,C,whole,metar,ZUUU,27°C,27.0,27.0,iem_metar,2026-08-02T09:03:52Z
2026-08-01,highest-temperature-in-chicago-on-august-1-2026,chicago,F,whole,metar,KORD,72-73°F,21.2,70.2,openmeteo_grid,2026-08-02T09:03:52Z
2026-08-01,highest-temperature-in-chongqing-on-august-1-2026,chongqing,C,whole,metar,ZUCK,38°C,38.0,38.0,iem_metar,2026-08-02T09:03:52Z
2026-08-01,highest-temperature-in-dallas-on-august-1-2026,dallas,F,whole,geocode,dallas,96-97°F,36.4,97.5,openmeteo_grid,2026-08-02T09:03:52Z
2026-08-01,highest-temperature-in-denver-on-august-1-2026,denver,F,whole,geocode,denver,92-93°F,35.1,95.2,openmeteo_grid,2026-08-02T09:03:52Z
2026-08-01,highest-temperature-in-guangzhou-on-august-1-2026,guangzhou,C,whole,metar,ZGGG,31°C,31.0,31.0,iem_metar,2026-08-02T09:03:52Z
2026-08-01,highest-temperature-in-helsinki-on-august-1-2026,helsinki,C,whole,metar,EFHK,23°C,23.0,23.0,iem_metar,2026-08-02T09:03:52Z
2026-08-01,highest-temperature-in-houston-on-august-1-2026,houston,F,whole,metar,KHOU,94-95°F,35.3,95.5,openmeteo_grid,2026-08-02T09:03:52Z
2026-08-01,highest-temperature-in-istanbul-on-august-1-2026,istanbul,C,whole,geocode,istanbul,27°C,27.3,27.3,openmeteo_grid,2026-08-02T09:03:52Z
2026-08-01,highest-temperature-in-jeddah-on-august-1-2026,jeddah,C,whole,metar,OEJN,43°C,43.0,43.0,iem_metar,2026-08-02T09:03:52Z
2026-08-01,highest-temperature-in-karachi-on-august-1-2026,karachi,C,whole,metar,OPKC,35°C,35.0,35.0,iem_metar,2026-08-02T09:03:52Z
2026-08-01,highest-temperature-in-kuala-lumpur-on-august-1-2026,kuala-lumpur,C,whole,metar,WMKK,34°C,34.0,34.0,iem_metar,2026-08-02T09:03:52Z
2026-08-01,highest-temperature-in-london-on-august-1-2026,london,C,whole,metar,EGLC,26°C,26.0,26.0,iem_metar,2026-08-02T09:03:52Z
2026-08-01,highest-temperature-in-los-angeles-on-august-1-2026,los-angeles,F,whole,metar,KLAX,78-79°F,26.7,80.0,iem_metar,2026-08-02T09:03:52Z
2026-08-01,highest-temperature-in-lucknow-on-august-1-2026,lucknow,C,whole,metar,VILK,34°C,34.0,34.0,iem_metar,2026-08-02T09:03:52Z
2026-08-01,highest-temperature-in-madrid-on-august-1-2026,madrid,C,whole,metar,LEMD,39°C,39.0,39.0,iem_metar,2026-08-02T09:03:52Z
2026-08-01,highest-temperature-in-manila-on-august-1-2026,manila,C,whole,metar,RPLL,32°C,32.0,32.0,iem_metar,2026-08-02T09:03:52Z
2026-08-01,highest-temperature-in-miami-on-august-1-2026,miami,F,whole,metar,KMIA,92-93°F,33.3,91.9,openmeteo_grid,2026-08-02T09:03:52Z
2026-08-01,highest-temperature-in-milan-on-august-1-2026,milan,C,whole,metar,LIMC,36°C,36.0,36.0,iem_metar,2026-08-02T09:03:52Z
2026-08-01,highest-temperature-in-moscow-on-august-1-2026,moscow,C,whole,geocode,moscow,27°C,27.2,27.2,openmeteo_grid,2026-08-02T09:03:52Z
2026-08-01,highest-temperature-in-munich-on-august-1-2026,munich,C,whole,metar,EDDM,30°C,30.0,30.0,iem_metar,2026-08-02T09:03:52Z
2026-08-01,highest-temperature-in-nyc-on-august-1-2026,nyc,F,whole,metar,KLGA,86-87°F,30.6,87.0,iem_metar,2026-08-02T09:03:52Z
2026-08-01,highest-temperature-in-paris-on-august-1-2026,paris,C,whole,metar,LFPB,29°C,29.0,29.0,iem_metar,2026-08-02T09:03:52Z
2026-08-01,highest-temperature-in-qingdao-on-august-1-2026,qingdao,C,whole,metar,ZSQD,35°C,35.0,35.0,iem_metar,2026-08-02T09:03:52Z
2026-08-01,highest-temperature-in-sao-paulo-on-august-1-2026,sao-paulo,C,whole,metar,SBGR,27°C,27.0,27.0,iem_metar,2026-08-02T09:03:52Z
2026-08-01,highest-temperature-in-seattle-on-august-1-2026,seattle,F,whole,metar,KSEA,70-71°F,22.2,72.0,iem_metar,2026-08-02T09:03:52Z
2026-08-01,highest-temperature-in-seoul-on-august-1-2026,seoul,C,whole,metar,RKSI,32°C,32.0,32.0,iem_metar,2026-08-02T09:03:52Z
2026-08-01,highest-temperature-in-shanghai-on-august-1-2026,shanghai,C,whole,metar,ZSPD,37°C,37.0,37.0,iem_metar,2026-08-02T09:03:52Z
2026-08-01,highest-temperature-in-shenzhen-on-august-1-2026,shenzhen,C,whole,metar,ZGSZ,31°C,30.0,30.0,iem_metar,2026-08-02T09:03:52Z
2026-08-01,highest-temperature-in-singapore-on-august-1-2026,singapore,C,whole,metar,WSSS,33°C,33.0,33.0,iem_metar,2026-08-02T09:03:52Z
2026-08-01,highest-temperature-in-taipei-on-august-1-2026,taipei,C,whole,metar,RCSS,36°C,36.0,36.0,iem_metar,2026-08-02T09:03:52Z
2026-08-01,highest-temperature-in-tel-aviv-on-august-1-2026,tel-aviv,C,whole,geocode,tel-aviv,34°C,32.8,32.8,openmeteo_grid,2026-08-02T09:03:52Z
2026-08-01,highest-temperature-in-tokyo-on-august-1-2026,tokyo,C,whole,metar,RJTT,35°C,35.0,35.0,iem_metar,2026-08-02T09:03:52Z
2026-08-01,highest-temperature-in-toronto-on-august-1-2026,toronto,C,whole,metar,CYYZ,28°C,28.0,28.0,iem_metar,2026-08-02T09:03:52Z
2026-08-01,highest-temperature-in-warsaw-on-august-1-2026,warsaw,C,whole,metar,EPWA,31°C,31.0,31.0,iem_metar,2026-08-02T09:03:52Z
2026-08-01,highest-temperature-in-wellington-on-august-1-2026,wellington,C,whole,metar,NZWN,11°C,11.0,11.0,iem_metar,2026-08-02T09:03:52Z
2026-08-01,highest-temperature-in-wuhan-on-august-1-2026,wuhan,C,whole,metar,ZHHH,36°C,36.0,36.0,iem_metar,2026-08-02T09:03:52Z
2026-08-01,highest-temperature-in-atlanta-on-august-1-2026,atlanta,F,whole,metar,KATL,86-87°F,29.1,84.4,openmeteo_grid,2026-08-02T15:47:51Z
2026-08-01,highest-temperature-in-austin-on-august-1-2026,austin,F,whole,metar,KAUS,94-95°F,35.0,95.0,iem_metar,2026-08-02T15:47:51Z
2026-08-01,highest-temperature-in-mexico-city-on-august-1-2026,mexico-city,C,whole,metar,MMMX,27°C,27.0,27.0,iem_metar,2026-08-02T15:47:51Z
2026-08-01,highest-temperature-in-panama-city-on-august-1-2026,panama-city,C,whole,metar,MPMG,33°C,33.0,33.0,iem_metar,2026-08-02T15:47:51Z
2026-08-01,highest-temperature-in-san-francisco-on-august-1-2026,san-francisco,F,whole,metar,KSFO,72-73°F,22.8,73.0,iem_metar,2026-08-02T15:47:51Z
2026-08-02,highest-temperature-in-amsterdam-on-august-2-2026,amsterdam,C,whole,metar,EHAM,26°C,26.0,26.0,iem_metar,2026-08-03T12:50:29Z
2026-08-02,highest-temperature-in-ankara-on-august-2-2026,ankara,C,whole,metar,LTAC,32°C,32.0,32.0,iem_metar,2026-08-03T12:50:29Z
2026-08-02,highest-temperature-in-atlanta-on-august-2-2026,atlanta,F,whole,metar,KATL,90-91°F,32.7,90.9,openmeteo_grid,2026-08-03T12:50:29Z
2026-08-02,highest-temperature-in-austin-on-august-2-2026,austin,F,whole,metar,KAUS,100-101°F,37.8,100.0,iem_metar,2026-08-03T12:50:29Z
2026-08-02,highest-temperature-in-beijing-on-august-2-2026,beijing,C,whole,metar,ZBAA,35°C,35.0,35.0,iem_metar,2026-08-03T12:50:29Z
2026-08-02,highest-temperature-in-buenos-aires-on-august-2-2026,buenos-aires,C,whole,metar,SAEZ,18°C,18.0,18.0,iem_metar,2026-08-03T12:50:29Z
2026-08-02,highest-temperature-in-busan-on-august-2-2026,busan,C,whole,metar,RKPK,39°C,39.0,39.0,iem_metar,2026-08-03T12:50:29Z
2026-08-02,highest-temperature-in-cape-town-on-august-2-2026,cape-town,C,whole,metar,FACT,23°C,23.0,23.0,iem_metar,2026-08-03T12:50:29Z
2026-08-02,highest-temperature-in-chengdu-on-august-2-2026,chengdu,C,whole,metar,ZUUU,>=29°C,30.0,30.0,iem_metar,2026-08-03T12:50:29Z
2026-08-02,highest-temperature-in-chicago-on-august-2-2026,chicago,F,whole,metar,KORD,76-77°F,23.6,74.5,openmeteo_grid,2026-08-03T12:50:29Z
2026-08-02,highest-temperature-in-chongqing-on-august-2-2026,chongqing,C,whole,metar,ZUCK,<=33°C,31.0,31.0,iem_metar,2026-08-03T12:50:29Z
2026-08-02,highest-temperature-in-dallas-on-august-2-2026,dallas,F,whole,geocode,dallas,94-95°F,35.2,95.4,openmeteo_grid,2026-08-03T12:50:29Z
2026-08-02,highest-temperature-in-denver-on-august-2-2026,denver,F,whole,geocode,denver,100-101°F,39.6,103.3,openmeteo_grid,2026-08-03T12:50:29Z
2026-08-02,highest-temperature-in-guangzhou-on-august-2-2026,guangzhou,C,whole,metar,ZGGG,30°C,30.0,30.0,iem_metar,2026-08-03T12:50:29Z
2026-08-02,highest-temperature-in-helsinki-on-august-2-2026,helsinki,C,whole,metar,EFHK,22°C,22.0,22.0,iem_metar,2026-08-03T12:50:29Z
2026-08-01,highest-temperature-in-hong-kong-on-august-1-2026,hong-kong,C,decimal,hko,HKO,28°C,30.0,30.0,iem_vhhh_proxy,2026-08-03T12:50:29Z
2026-08-02,highest-temperature-in-hong-kong-on-august-2-2026,hong-kong,C,decimal,hko,HKO,26°C,29.0,29.0,iem_vhhh_proxy,2026-08-03T12:50:29Z
2026-07-31,highest-temperature-in-hong-kong-on-july-31-2026,hong-kong,C,decimal,hko,HKO,27°C,28.0,28.0,iem_vhhh_proxy,2026-08-03T12:50:29Z
2026-08-02,highest-temperature-in-houston-on-august-2-2026,houston,F,whole,metar,KHOU,98-99°F,36.6,97.9,openmeteo_grid,2026-08-03T12:50:29Z
2026-08-02,highest-temperature-in-istanbul-on-august-2-2026,istanbul,C,whole,geocode,istanbul,27°C,27.8,27.8,openmeteo_grid,2026-08-03T12:50:29Z
2026-08-02,highest-temperature-in-jeddah-on-august-2-2026,jeddah,C,whole,metar,OEJN,43°C,43.0,43.0,iem_metar,2026-08-03T12:50:29Z
2026-08-02,highest-temperature-in-karachi-on-august-2-2026,karachi,C,whole,metar,OPKC,30°C,30.0,30.0,iem_metar,2026-08-03T12:50:29Z
2026-08-02,highest-temperature-in-kuala-lumpur-on-august-2-2026,kuala-lumpur,C,whole,metar,WMKK,34°C,34.0,34.0,iem_metar,2026-08-03T12:50:29Z
2026-08-02,highest-temperature-in-london-on-august-2-2026,london,C,whole,metar,EGLC,27°C,27.0,27.0,iem_metar,2026-08-03T12:50:29Z
2026-08-02,highest-temperature-in-los-angeles-on-august-2-2026,los-angeles,F,whole,metar,KLAX,78-79°F,25.6,78.0,iem_metar,2026-08-03T12:50:29Z
2026-08-02,highest-temperature-in-lucknow-on-august-2-2026,lucknow,C,whole,metar,VILK,>=34°C,34.0,34.0,iem_metar,2026-08-03T12:50:29Z
2026-08-02,highest-temperature-in-madrid-on-august-2-2026,madrid,C,whole,metar,LEMD,37°C,37.0,37.0,iem_metar,2026-08-03T12:50:29Z
2026-08-02,highest-temperature-in-manila-on-august-2-2026,manila,C,whole,metar,RPLL,30°C,30.0,30.0,iem_metar,2026-08-03T12:50:29Z
2026-08-02,highest-temperature-in-mexico-city-on-august-2-2026,mexico-city,C,whole,metar,MMMX,27°C,27.0,27.0,iem_metar,2026-08-03T12:50:29Z
2026-08-02,highest-temperature-in-miami-on-august-2-2026,miami,F,whole,metar,KMIA,90-91°F,31.8,89.2,openmeteo_grid,2026-08-03T12:50:29Z
2026-08-02,highest-temperature-in-milan-on-august-2-2026,milan,C,whole,metar,LIMC,34°C,34.0,34.0,iem_metar,2026-08-03T12:50:29Z
2026-08-02,highest-temperature-in-moscow-on-august-2-2026,moscow,C,whole,geocode,moscow,30°C,30.4,30.4,openmeteo_grid,2026-08-03T12:50:29Z
2026-08-02,highest-temperature-in-munich-on-august-2-2026,munich,C,whole,metar,EDDM,31°C,31.0,31.0,iem_metar,2026-08-03T12:50:29Z
2026-08-02,highest-temperature-in-nyc-on-august-2-2026,nyc,F,whole,metar,KLGA,84-85°F,29.4,85.0,iem_metar,2026-08-03T12:50:29Z
2026-08-02,highest-temperature-in-panama-city-on-august-2-2026,panama-city,C,whole,metar,MPMG,33°C,33.0,33.0,iem_metar,2026-08-03T12:50:29Z
2026-08-02,highest-temperature-in-paris-on-august-2-2026,paris,C,whole,metar,LFPB,32°C,32.0,32.0,iem_metar,2026-08-03T12:50:29Z
2026-08-02,highest-temperature-in-qingdao-on-august-2-2026,qingdao,C,whole,metar,ZSQD,36°C,36.0,36.0,iem_metar,2026-08-03T12:50:29Z
2026-08-02,highest-temperature-in-san-francisco-on-august-2-2026,san-francisco,F,whole,metar,KSFO,78-79°F,26.1,79.0,iem_metar,2026-08-03T12:50:29Z
2026-08-02,highest-temperature-in-sao-paulo-on-august-2-2026,sao-paulo,C,whole,metar,SBGR,29°C,29.0,29.0,iem_metar,2026-08-03T12:50:29Z
2026-08-02,highest-temperature-in-seattle-on-august-2-2026,seattle,F,whole,metar,KSEA,68-69°F,20.6,69.0,iem_metar,2026-08-03T12:50:29Z
2026-08-02,highest-temperature-in-seoul-on-august-2-2026,seoul,C,whole,metar,RKSI,33°C,33.0,33.0,iem_metar,2026-08-03T12:50:29Z
2026-08-02,highest-temperature-in-shanghai-on-august-2-2026,shanghai,C,whole,metar,ZSPD,36°C,36.0,36.0,iem_metar,2026-08-03T12:50:29Z
2026-08-02,highest-temperature-in-shenzhen-on-august-2-2026,shenzhen,C,whole,metar,ZGSZ,30°C,29.0,29.0,iem_metar,2026-08-03T12:50:29Z
2026-08-02,highest-temperature-in-singapore-on-august-2-2026,singapore,C,whole,metar,WSSS,32°C,32.0,32.0,iem_metar,2026-08-03T12:50:29Z
2026-08-02,highest-temperature-in-taipei-on-august-2-2026,taipei,C,whole,metar,RCSS,36°C,36.0,36.0,iem_metar,2026-08-03T12:50:29Z
2026-08-02,highest-temperature-in-tel-aviv-on-august-2-2026,tel-aviv,C,whole,geocode,tel-aviv,35°C,33.6,33.6,openmeteo_grid,2026-08-03T12:50:29Z
2026-08-02,highest-temperature-in-tokyo-on-august-2-2026,tokyo,C,whole,metar,RJTT,33°C,33.0,33.0,iem_metar,2026-08-03T12:50:29Z
2026-08-02,highest-temperature-in-toronto-on-august-2-2026,toronto,C,whole,metar,CYYZ,24°C,24.0,24.0,iem_metar,2026-08-03T12:50:29Z
2026-08-02,highest-temperature-in-warsaw-on-august-2-2026,warsaw,C,whole,metar,EPWA,24°C,24.0,24.0,iem_metar,2026-08-03T12:50:29Z
2026-08-02,highest-temperature-in-wellington-on-august-2-2026,wellington,C,whole,metar,NZWN,12°C,12.0,12.0,iem_metar,2026-08-03T12:50:29Z
2026-08-02,highest-temperature-in-wuhan-on-august-2-2026,wuhan,C,whole,metar,ZHHH,37°C,37.0,37.0,iem_metar,2026-08-03T12:50:29Z
2026-08-03,highest-temperature-in-amsterdam-on-august-3-2026,amsterdam,C,whole,metar,EHAM,31°C,31.0,31.0,iem_metar,2026-08-04T10:25:19Z
2026-08-03,highest-temperature-in-ankara-on-august-3-2026,ankara,C,whole,metar,LTAC,33°C,33.0,33.0,iem_metar,2026-08-04T10:25:19Z
2026-08-03,highest-temperature-in-atlanta-on-august-3-2026,atlanta,F,whole,metar,KATL,86-87°F,29.2,84.6,openmeteo_grid,2026-08-04T10:25:19Z
2026-08-03,highest-temperature-in-austin-on-august-3-2026,austin,F,whole,metar,KAUS,102-103°F,38.9,102.0,iem_metar,2026-08-04T10:25:19Z
2026-08-03,highest-temperature-in-beijing-on-august-3-2026,beijing,C,whole,metar,ZBAA,36°C,36.0,36.0,iem_metar,2026-08-04T10:25:19Z
2026-08-03,highest-temperature-in-buenos-aires-on-august-3-2026,buenos-aires,C,whole,metar,SAEZ,17°C,17.0,17.0,iem_metar,2026-08-04T10:25:19Z
2026-08-03,highest-temperature-in-busan-on-august-3-2026,busan,C,whole,metar,RKPK,38°C,38.0,38.0,iem_metar,2026-08-04T10:25:19Z
2026-08-03,highest-temperature-in-cape-town-on-august-3-2026,cape-town,C,whole,metar,FACT,23°C,23.0,23.0,iem_metar,2026-08-04T10:25:19Z
2026-08-03,highest-temperature-in-chengdu-on-august-3-2026,chengdu,C,whole,metar,ZUUU,34°C,34.0,34.0,iem_metar,2026-08-04T10:25:19Z
2026-08-03,highest-temperature-in-chicago-on-august-3-2026,chicago,F,whole,metar,KORD,82-83°F,27.9,82.2,openmeteo_grid,2026-08-04T10:25:19Z
2026-08-03,highest-temperature-in-chongqing-on-august-3-2026,chongqing,C,whole,metar,ZUCK,24°C,24.0,24.0,iem_metar,2026-08-04T10:25:19Z
2026-08-03,highest-temperature-in-dallas-on-august-3-2026,dallas,F,whole,geocode,dallas,98-99°F,37.8,100.0,openmeteo_grid,2026-08-04T10:25:19Z
2026-08-03,highest-temperature-in-guangzhou-on-august-3-2026,guangzhou,C,whole,metar,ZGGG,31°C,31.0,31.0,iem_metar,2026-08-04T10:25:19Z
2026-08-03,highest-temperature-in-helsinki-on-august-3-2026,helsinki,C,whole,metar,EFHK,21°C,21.0,21.0,iem_metar,2026-08-04T10:25:19Z
2026-08-03,highest-temperature-in-hong-kong-on-august-3-2026,hong-kong,C,decimal,hko,HKO,28°C,30.0,30.0,iem_vhhh_proxy,2026-08-04T10:25:19Z
2026-08-03,highest-temperature-in-houston-on-august-3-2026,houston,F,whole,metar,KHOU,96-97°F,36.5,97.7,openmeteo_grid,2026-08-04T10:25:19Z
2026-08-03,highest-temperature-in-istanbul-on-august-3-2026,istanbul,C,whole,geocode,istanbul,28°C,29.5,29.5,openmeteo_grid,2026-08-04T10:25:19Z
2026-08-03,highest-temperature-in-jeddah-on-august-3-2026,jeddah,C,whole,metar,OEJN,>=41°C,42.0,42.0,iem_metar,2026-08-04T10:25:19Z
2026-08-03,highest-temperature-in-karachi-on-august-3-2026,karachi,C,whole,metar,OPKC,33°C,33.0,33.0,iem_metar,2026-08-04T10:25:19Z
2026-08-03,highest-temperature-in-kuala-lumpur-on-august-3-2026,kuala-lumpur,C,whole,metar,WMKK,34°C,34.0,34.0,iem_metar,2026-08-04T10:25:19Z
2026-08-03,highest-temperature-in-london-on-august-3-2026,london,C,whole,metar,EGLC,29°C,29.0,29.0,iem_metar,2026-08-04T10:25:19Z
2026-08-03,highest-temperature-in-los-angeles-on-august-3-2026,los-angeles,F,whole,metar,KLAX,78-79°F,25.6,78.0,iem_metar,2026-08-04T10:25:19Z
2026-08-03,highest-temperature-in-lucknow-on-august-3-2026,lucknow,C,whole,metar,VILK,33°C,33.0,33.0,iem_metar,2026-08-04T10:25:19Z
2026-08-03,highest-temperature-in-madrid-on-august-3-2026,madrid,C,whole,metar,LEMD,33°C,33.0,33.0,iem_metar,2026-08-04T10:25:19Z
2026-08-03,highest-temperature-in-manila-on-august-3-2026,manila,C,whole,metar,RPLL,30°C,30.0,30.0,iem_metar,2026-08-04T10:25:19Z
2026-08-03,highest-temperature-in-mexico-city-on-august-3-2026,mexico-city,C,whole,metar,MMMX,27°C,27.0,27.0,iem_metar,2026-08-04T10:25:19Z
2026-08-03,highest-temperature-in-miami-on-august-3-2026,miami,F,whole,metar,KMIA,90-91°F,30.9,87.6,openmeteo_grid,2026-08-04T10:25:19Z
2026-08-03,highest-temperature-in-milan-on-august-3-2026,milan,C,whole,metar,LIMC,36°C,36.0,36.0,iem_metar,2026-08-04T10:25:19Z
2026-08-03,highest-temperature-in-moscow-on-august-3-2026,moscow,C,whole,geocode,moscow,25°C,24.6,24.6,openmeteo_grid,2026-08-04T10:25:19Z
2026-08-03,highest-temperature-in-munich-on-august-3-2026,munich,C,whole,metar,EDDM,36°C,36.0,36.0,iem_metar,2026-08-04T10:25:19Z
2026-08-03,highest-temperature-in-nyc-on-august-3-2026,nyc,F,whole,metar,KLGA,84-85°F,30.0,86.0,iem_metar,2026-08-04T10:25:19Z
2026-08-03,highest-temperature-in-panama-city-on-august-3-2026,panama-city,C,whole,metar,MPMG,31°C,31.0,31.0,iem_metar,2026-08-04T10:25:19Z
2026-08-03,highest-temperature-in-paris-on-august-3-2026,paris,C,whole,metar,LFPB,36°C,36.0,36.0,iem_metar,2026-08-04T10:25:19Z
2026-08-03,highest-temperature-in-qingdao-on-august-3-2026,qingdao,C,whole,metar,ZSQD,35°C,35.0,35.0,iem_metar,2026-08-04T10:25:19Z
2026-08-03,highest-temperature-in-san-francisco-on-august-3-2026,san-francisco,F,whole,metar,KSFO,76-77°F,25.6,78.0,iem_metar,2026-08-04T10:25:19Z
2026-08-03,highest-temperature-in-sao-paulo-on-august-3-2026,sao-paulo,C,whole,metar,SBGR,27°C,27.0,27.0,iem_metar,2026-08-04T10:25:19Z
2026-08-03,highest-temperature-in-seoul-on-august-3-2026,seoul,C,whole,metar,RKSI,33°C,33.0,33.0,iem_metar,2026-08-04T10:25:19Z
2026-08-03,highest-temperature-in-shanghai-on-august-3-2026,shanghai,C,whole,metar,ZSPD,34°C,34.0,34.0,iem_metar,2026-08-04T10:25:19Z
2026-08-03,highest-temperature-in-shenzhen-on-august-3-2026,shenzhen,C,whole,metar,ZGSZ,31°C,29.0,29.0,iem_metar,2026-08-04T10:25:19Z
2026-08-03,highest-temperature-in-singapore-on-august-3-2026,singapore,C,whole,metar,WSSS,33°C,33.0,33.0,iem_metar,2026-08-04T10:25:19Z
2026-08-03,highest-temperature-in-taipei-on-august-3-2026,taipei,C,whole,metar,RCSS,37°C,37.0,37.0,iem_metar,2026-08-04T10:25:19Z
2026-08-03,highest-temperature-in-tel-aviv-on-august-3-2026,tel-aviv,C,whole,geocode,tel-aviv,34°C,33.2,33.2,openmeteo_grid,2026-08-04T10:25:19Z
2026-08-03,highest-temperature-in-tokyo-on-august-3-2026,tokyo,C,whole,metar,RJTT,27°C,27.0,27.0,iem_metar,2026-08-04T10:25:19Z
2026-08-03,highest-temperature-in-toronto-on-august-3-2026,toronto,C,whole,metar,CYYZ,27°C,27.0,27.0,iem_metar,2026-08-04T10:25:19Z
2026-08-03,highest-temperature-in-warsaw-on-august-3-2026,warsaw,C,whole,metar,EPWA,29°C,29.0,29.0,iem_metar,2026-08-04T10:25:19Z
2026-08-03,highest-temperature-in-wellington-on-august-3-2026,wellington,C,whole,metar,NZWN,16°C,16.0,16.0,iem_metar,2026-08-04T10:25:19Z
2026-08-03,highest-temperature-in-wuhan-on-august-3-2026,wuhan,C,whole,metar,ZHHH,37°C,37.0,37.0,iem_metar,2026-08-04T10:25:19Z
2026-08-03,highest-temperature-in-denver-on-august-3-2026,denver,F,whole,geocode,denver,100-101°F,39.1,102.4,openmeteo_grid,2026-08-04T18:16:34Z
2026-08-03,highest-temperature-in-seattle-on-august-3-2026,seattle,F,whole,metar,KSEA,74-75°F,23.9,75.0,iem_metar,2026-08-04T18:16:34Z
2026-08-04,highest-temperature-in-amsterdam-on-august-4-2026,amsterdam,C,whole,metar,EHAM,33°C,33.0,33.0,iem_metar,2026-08-05T10:21:11Z
2026-08-04,highest-temperature-in-ankara-on-august-4-2026,ankara,C,whole,metar,LTAC,33°C,33.0,33.0,iem_metar,2026-08-05T10:21:11Z
2026-08-04,highest-temperature-in-atlanta-on-august-4-2026,atlanta,F,whole,metar,KATL,84-85°F,27.6,81.7,openmeteo_grid,2026-08-05T10:21:11Z
2026-08-04,highest-temperature-in-austin-on-august-4-2026,austin,F,whole,metar,KAUS,100-101°F,38.3,101.0,iem_metar,2026-08-05T10:21:11Z
2026-08-04,highest-temperature-in-beijing-on-august-4-2026,beijing,C,whole,metar,ZBAA,35°C,35.0,35.0,iem_metar,2026-08-05T10:21:11Z
2026-08-04,highest-temperature-in-buenos-aires-on-august-4-2026,buenos-aires,C,whole,metar,SAEZ,16°C,16.0,16.0,iem_metar,2026-08-05T10:21:11Z
2026-08-04,highest-temperature-in-busan-on-august-4-2026,busan,C,whole,metar,RKPK,35°C,35.0,35.0,iem_metar,2026-08-05T10:21:11Z
2026-08-04,highest-temperature-in-cape-town-on-august-4-2026,cape-town,C,whole,metar,FACT,<=18°C,15.0,15.0,iem_metar,2026-08-05T10:21:11Z
2026-08-04,highest-temperature-in-chengdu-on-august-4-2026,chengdu,C,whole,metar,ZUUU,34°C,34.0,34.0,iem_metar,2026-08-05T10:21:11Z
2026-08-04,highest-temperature-in-chicago-on-august-4-2026,chicago,F,whole,metar,KORD,84-85°F,30.5,86.9,openmeteo_grid,2026-08-05T10:21:11Z
2026-08-04,highest-temperature-in-chongqing-on-august-4-2026,chongqing,C,whole,metar,ZUCK,32°C,32.0,32.0,iem_metar,2026-08-05T10:21:11Z
2026-08-04,highest-temperature-in-dallas-on-august-4-2026,dallas,F,whole,geocode,dallas,100-101°F,38.1,100.6,openmeteo_grid,2026-08-05T10:21:11Z
2026-08-04,highest-temperature-in-denver-on-august-4-2026,denver,F,whole,geocode,denver,74-75°F,24.5,76.1,openmeteo_grid,2026-08-05T10:21:11Z
2026-08-04,highest-temperature-in-guangzhou-on-august-4-2026,guangzhou,C,whole,metar,ZGGG,32°C,32.0,32.0,iem_metar,2026-08-05T10:21:11Z
2026-08-04,highest-temperature-in-helsinki-on-august-4-2026,helsinki,C,whole,metar,EFHK,21°C,21.0,21.0,iem_metar,2026-08-05T10:21:11Z
2026-08-04,highest-temperature-in-hong-kong-on-august-4-2026,hong-kong,C,decimal,hko,HKO,32°C,32.0,32.0,iem_vhhh_proxy,2026-08-05T10:21:11Z
2026-08-04,highest-temperature-in-houston-on-august-4-2026,houston,F,whole,metar,KHOU,94-95°F,35.3,95.5,openmeteo_grid,2026-08-05T10:21:11Z
2026-08-04,highest-temperature-in-istanbul-on-august-4-2026,istanbul,C,whole,geocode,istanbul,31°C,31.2,31.2,openmeteo_grid,2026-08-05T10:21:11Z
2026-08-04,highest-temperature-in-jeddah-on-august-4-2026,jeddah,C,whole,metar,OEJN,37°C,37.0,37.0,iem_metar,2026-08-05T10:21:11Z
2026-08-04,highest-temperature-in-karachi-on-august-4-2026,karachi,C,whole,metar,OPKC,33°C,33.0,33.0,iem_metar,2026-08-05T10:21:11Z
2026-08-04,highest-temperature-in-kuala-lumpur-on-august-4-2026,kuala-lumpur,C,whole,metar,WMKK,34°C,34.0,34.0,iem_metar,2026-08-05T10:21:11Z
2026-08-04,highest-temperature-in-london-on-august-4-2026,london,C,whole,metar,EGLC,30°C,30.0,30.0,iem_metar,2026-08-05T10:21:11Z
2026-08-04,highest-temperature-in-los-angeles-on-august-4-2026,los-angeles,F,whole,metar,KLAX,76-77°F,25.6,78.0,iem_metar,2026-08-05T10:21:11Z
2026-08-04,highest-temperature-in-lucknow-on-august-4-2026,lucknow,C,whole,metar,VILK,29°C,29.0,29.0,iem_metar,2026-08-05T10:21:11Z
2026-08-04,highest-temperature-in-madrid-on-august-4-2026,madrid,C,whole,metar,LEMD,34°C,34.0,34.0,iem_metar,2026-08-05T10:21:11Z
2026-08-04,highest-temperature-in-manila-on-august-4-2026,manila,C,whole,metar,RPLL,30°C,30.0,30.0,iem_metar,2026-08-05T10:21:11Z
2026-08-04,highest-temperature-in-mexico-city-on-august-4-2026,mexico-city,C,whole,metar,MMMX,26°C,26.0,26.0,iem_metar,2026-08-05T10:21:11Z
2026-08-04,highest-temperature-in-miami-on-august-4-2026,miami,F,whole,metar,KMIA,90-91°F,31.0,87.8,openmeteo_grid,2026-08-05T10:21:11Z
2026-08-04,highest-temperature-in-milan-on-august-4-2026,milan,C,whole,metar,LIMC,36°C,36.0,36.0,iem_metar,2026-08-05T10:21:11Z
2026-08-04,highest-temperature-in-moscow-on-august-4-2026,moscow,C,whole,geocode,moscow,25°C,25.5,25.5,openmeteo_grid,2026-08-05T10:21:11Z
2026-08-04,highest-temperature-in-munich-on-august-4-2026,munich,C,whole,metar,EDDM,37°C,37.0,37.0,iem_metar,2026-08-05T10:21:11Z
2026-08-04,highest-temperature-in-nyc-on-august-4-2026,nyc,F,whole,metar,KLGA,84-85°F,29.4,85.0,iem_metar,2026-08-05T10:21:11Z
2026-08-04,highest-temperature-in-panama-city-on-august-4-2026,panama-city,C,whole,metar,MPMG,33°C,33.0,33.0,iem_metar,2026-08-05T10:21:11Z
2026-08-04,highest-temperature-in-paris-on-august-4-2026,paris,C,whole,metar,LFPB,33°C,33.0,33.0,iem_metar,2026-08-05T10:21:11Z
2026-08-04,highest-temperature-in-qingdao-on-august-4-2026,qingdao,C,whole,metar,ZSQD,>=36°C,36.0,36.0,iem_metar,2026-08-05T10:21:11Z
2026-08-04,highest-temperature-in-san-francisco-on-august-4-2026,san-francisco,F,whole,metar,KSFO,72-73°F,22.8,73.0,iem_metar,2026-08-05T10:21:11Z
2026-08-04,highest-temperature-in-sao-paulo-on-august-4-2026,sao-paulo,C,whole,metar,SBGR,26°C,26.0,26.0,iem_metar,2026-08-05T10:21:11Z
2026-08-04,highest-temperature-in-seattle-on-august-4-2026,seattle,F,whole,metar,KSEA,80-81°F,27.2,81.0,iem_metar,2026-08-05T10:21:11Z
2026-08-04,highest-temperature-in-seoul-on-august-4-2026,seoul,C,whole,metar,RKSI,34°C,34.0,34.0,iem_metar,2026-08-05T10:21:11Z
2026-08-04,highest-temperature-in-shanghai-on-august-4-2026,shanghai,C,whole,metar,ZSPD,33°C,33.0,33.0,iem_metar,2026-08-05T10:21:11Z
2026-08-04,highest-temperature-in-shenzhen-on-august-4-2026,shenzhen,C,whole,metar,ZGSZ,31°C,30.0,30.0,iem_metar,2026-08-05T10:21:11Z
2026-08-04,highest-temperature-in-singapore-on-august-4-2026,singapore,C,whole,metar,WSSS,32°C,32.0,32.0,iem_metar,2026-08-05T10:21:11Z
2026-08-04,highest-temperature-in-taipei-on-august-4-2026,taipei,C,whole,metar,RCSS,35°C,35.0,35.0,iem_metar,2026-08-05T10:21:11Z
2026-08-04,highest-temperature-in-tel-aviv-on-august-4-2026,tel-aviv,C,whole,geocode,tel-aviv,32°C,31.7,31.7,openmeteo_grid,2026-08-05T10:21:11Z
2026-08-04,highest-temperature-in-tokyo-on-august-4-2026,tokyo,C,whole,metar,RJTT,29°C,29.0,29.0,iem_metar,2026-08-05T10:21:11Z
2026-08-04,highest-temperature-in-toronto-on-august-4-2026,toronto,C,whole,metar,CYYZ,28°C,28.0,28.0,iem_metar,2026-08-05T10:21:11Z
2026-08-04,highest-temperature-in-warsaw-on-august-4-2026,warsaw,C,whole,metar,EPWA,31°C,31.0,31.0,iem_metar,2026-08-05T10:21:11Z
2026-08-04,highest-temperature-in-wellington-on-august-4-2026,wellington,C,whole,metar,NZWN,10°C,10.0,10.0,iem_metar,2026-08-05T10:21:11Z
2026-08-04,highest-temperature-in-wuhan-on-august-4-2026,wuhan,C,whole,metar,ZHHH,38°C,38.0,38.0,iem_metar,2026-08-05T10:21:11Z
2026-08-05,highest-temperature-in-amsterdam-on-august-5-2026,amsterdam,C,whole,metar,EHAM,25°C,25.0,25.0,iem_metar,2026-08-06T10:23:15Z
2026-08-05,highest-temperature-in-ankara-on-august-5-2026,ankara,C,whole,metar,LTAC,32°C,32.0,32.0,iem_metar,2026-08-06T10:23:15Z
2026-08-05,highest-temperature-in-atlanta-on-august-5-2026,atlanta,F,whole,metar,KATL,88-89°F,30.4,86.7,openmeteo_grid,2026-08-06T10:23:15Z
2026-08-05,highest-temperature-in-austin-on-august-5-2026,austin,F,whole,metar,KAUS,98-99°F,37.8,100.0,iem_metar,2026-08-06T10:23:15Z
2026-08-05,highest-temperature-in-beijing-on-august-5-2026,beijing,C,whole,metar,ZBAA,37°C,37.0,37.0,iem_metar,2026-08-06T10:23:15Z
2026-08-05,highest-temperature-in-buenos-aires-on-august-5-2026,buenos-aires,C,whole,metar,SAEZ,16°C,16.0,16.0,iem_metar,2026-08-06T10:23:15Z
2026-08-05,highest-temperature-in-busan-on-august-5-2026,busan,C,whole,metar,RKPK,35°C,35.0,35.0,iem_metar,2026-08-06T10:23:15Z
2026-08-05,highest-temperature-in-cape-town-on-august-5-2026,cape-town,C,whole,metar,FACT,16°C,16.0,16.0,iem_metar,2026-08-06T10:23:15Z
2026-08-05,highest-temperature-in-chengdu-on-august-5-2026,chengdu,C,whole,metar,ZUUU,>=35°C,36.0,36.0,iem_metar,2026-08-06T10:23:15Z
2026-08-05,highest-temperature-in-chicago-on-august-5-2026,chicago,F,whole,metar,KORD,80-81°F,27.5,81.5,openmeteo_grid,2026-08-06T10:23:15Z
2026-08-05,highest-temperature-in-chongqing-on-august-5-2026,chongqing,C,whole,metar,ZUCK,35°C,35.0,35.0,iem_metar,2026-08-06T10:23:15Z
2026-08-05,highest-temperature-in-dallas-on-august-5-2026,dallas,F,whole,geocode,dallas,100-101°F,38.4,101.1,openmeteo_grid,2026-08-06T10:23:15Z
2026-08-05,highest-temperature-in-denver-on-august-5-2026,denver,F,whole,geocode,denver,84-85°F,29.5,85.1,openmeteo_grid,2026-08-06T10:23:15Z
2026-08-05,highest-temperature-in-guangzhou-on-august-5-2026,guangzhou,C,whole,metar,ZGGG,35°C,35.0,35.0,iem_metar,2026-08-06T10:23:15Z
2026-08-05,highest-temperature-in-helsinki-on-august-5-2026,helsinki,C,whole,metar,EFHK,21°C,21.0,21.0,iem_metar,2026-08-06T10:23:15Z
2026-08-05,highest-temperature-in-hong-kong-on-august-5-2026,hong-kong,C,decimal,hko,HKO,33°C,31.0,31.0,iem_vhhh_proxy,2026-08-06T10:23:15Z
2026-08-05,highest-temperature-in-houston-on-august-5-2026,houston,F,whole,metar,KHOU,96-97°F,35.7,96.3,openmeteo_grid,2026-08-06T10:23:15Z
2026-08-05,highest-temperature-in-istanbul-on-august-5-2026,istanbul,C,whole,geocode,istanbul,28°C,30.6,30.6,openmeteo_grid,2026-08-06T10:23:15Z
2026-08-05,highest-temperature-in-jeddah-on-august-5-2026,jeddah,C,whole,metar,OEJN,38°C,38.0,38.0,iem_metar,2026-08-06T10:23:15Z
2026-08-05,highest-temperature-in-karachi-on-august-5-2026,karachi,C,whole,metar,OPKC,32°C,32.0,32.0,iem_metar,2026-08-06T10:23:15Z
2026-08-05,highest-temperature-in-kuala-lumpur-on-august-5-2026,kuala-lumpur,C,whole,metar,WMKK,33°C,33.0,33.0,iem_metar,2026-08-06T10:23:15Z
2026-08-05,highest-temperature-in-london-on-august-5-2026,london,C,whole,metar,EGLC,26°C,26.0,26.0,iem_metar,2026-08-06T10:23:15Z
2026-08-05,highest-temperature-in-los-angeles-on-august-5-2026,los-angeles,F,whole,metar,KLAX,76-77°F,25.0,77.0,iem_metar,2026-08-06T10:23:15Z
2026-08-05,highest-temperature-in-lucknow-on-august-5-2026,lucknow,C,whole,metar,VILK,31°C,31.0,31.0,iem_metar,2026-08-06T10:23:15Z
2026-08-05,highest-temperature-in-madrid-on-august-5-2026,madrid,C,whole,metar,LEMD,36°C,36.0,36.0,iem_metar,2026-08-06T10:23:15Z
2026-08-05,highest-temperature-in-manila-on-august-5-2026,manila,C,whole,metar,RPLL,28°C,28.0,28.0,iem_metar,2026-08-06T10:23:15Z
2026-08-05,highest-temperature-in-mexico-city-on-august-5-2026,mexico-city,C,whole,metar,MMMX,26°C,26.0,26.0,iem_metar,2026-08-06T10:23:15Z
2026-08-05,highest-temperature-in-miami-on-august-5-2026,miami,F,whole,metar,KMIA,88-89°F,30.5,86.9,openmeteo_grid,2026-08-06T10:23:15Z
2026-08-05,highest-temperature-in-milan-on-august-5-2026,milan,C,whole,metar,LIMC,36°C,36.0,36.0,iem_metar,2026-08-06T10:23:15Z
2026-08-05,highest-temperature-in-moscow-on-august-5-2026,moscow,C,whole,geocode,moscow,27°C,27.2,27.2,openmeteo_grid,2026-08-06T10:23:15Z
2026-08-05,highest-temperature-in-munich-on-august-5-2026,munich,C,whole,metar,EDDM,34°C,34.0,34.0,iem_metar,2026-08-06T10:23:15Z
2026-08-05,highest-temperature-in-nyc-on-august-5-2026,nyc,F,whole,metar,KLGA,84-85°F,29.4,85.0,iem_metar,2026-08-06T10:23:15Z
2026-08-05,highest-temperature-in-panama-city-on-august-5-2026,panama-city,C,whole,metar,MPMG,31°C,31.0,31.0,iem_metar,2026-08-06T10:23:15Z
2026-08-05,highest-temperature-in-paris-on-august-5-2026,paris,C,whole,metar,LFPB,28°C,28.0,28.0,iem_metar,2026-08-06T10:23:15Z
2026-08-05,highest-temperature-in-qingdao-on-august-5-2026,qingdao,C,whole,metar,ZSQD,>=36°C,38.0,38.0,iem_metar,2026-08-06T10:23:15Z
2026-08-05,highest-temperature-in-san-francisco-on-august-5-2026,san-francisco,F,whole,metar,KSFO,70-71°F,22.2,72.0,iem_metar,2026-08-06T10:23:15Z
2026-08-05,highest-temperature-in-sao-paulo-on-august-5-2026,sao-paulo,C,whole,metar,SBGR,28°C,28.0,28.0,iem_metar,2026-08-06T10:23:15Z
2026-08-05,highest-temperature-in-seattle-on-august-5-2026,seattle,F,whole,metar,KSEA,86-87°F,30.6,87.0,iem_metar,2026-08-06T10:23:15Z
2026-08-05,highest-temperature-in-seoul-on-august-5-2026,seoul,C,whole,metar,RKSI,34°C,34.0,34.0,iem_metar,2026-08-06T10:23:15Z
2026-08-05,highest-temperature-in-shanghai-on-august-5-2026,shanghai,C,whole,metar,ZSPD,33°C,33.0,33.0,iem_metar,2026-08-06T10:23:15Z
2026-08-05,highest-temperature-in-shenzhen-on-august-5-2026,shenzhen,C,whole,metar,ZGSZ,32°C,31.0,31.0,iem_metar,2026-08-06T10:23:15Z
2026-08-05,highest-temperature-in-singapore-on-august-5-2026,singapore,C,whole,metar,WSSS,32°C,32.0,32.0,iem_metar,2026-08-06T10:23:15Z
2026-08-05,highest-temperature-in-taipei-on-august-5-2026,taipei,C,whole,metar,RCSS,37°C,37.0,37.0,iem_metar,2026-08-06T10:23:15Z
2026-08-05,highest-temperature-in-tel-aviv-on-august-5-2026,tel-aviv,C,whole,geocode,tel-aviv,33°C,31.8,31.8,openmeteo_grid,2026-08-06T10:23:15Z
2026-08-05,highest-temperature-in-tokyo-on-august-5-2026,tokyo,C,whole,metar,RJTT,30°C,30.0,30.0,iem_metar,2026-08-06T10:23:15Z
2026-08-05,highest-temperature-in-toronto-on-august-5-2026,toronto,C,whole,metar,CYYZ,29°C,29.0,29.0,iem_metar,2026-08-06T10:23:15Z
2026-08-05,highest-temperature-in-warsaw-on-august-5-2026,warsaw,C,whole,metar,EPWA,36°C,36.0,36.0,iem_metar,2026-08-06T10:23:15Z
2026-08-05,highest-temperature-in-wellington-on-august-5-2026,wellington,C,whole,metar,NZWN,9°C,9.0,9.0,iem_metar,2026-08-06T10:23:15Z
2026-08-05,highest-temperature-in-wuhan-on-august-5-2026,wuhan,C,whole,metar,ZHHH,37°C,37.0,37.0,iem_metar,2026-08-06T10:23:15Z
2026-08-06,highest-temperature-in-amsterdam-on-august-6-2026,amsterdam,C,whole,metar,EHAM,21°C,21.0,21.0,iem_metar,2026-08-07T06:01:01Z
2026-08-06,highest-temperature-in-ankara-on-august-6-2026,ankara,C,whole,metar,LTAC,32°C,32.0,32.0,iem_metar,2026-08-07T06:01:01Z
2026-08-06,highest-temperature-in-atlanta-on-august-6-2026,atlanta,F,whole,metar,KATL,88-89°F,30.6,87.1,openmeteo_grid,2026-08-07T06:01:01Z
2026-08-06,highest-temperature-in-beijing-on-august-6-2026,beijing,C,whole,metar,ZBAA,36°C,36.0,36.0,iem_metar,2026-08-07T06:01:01Z
2026-08-06,highest-temperature-in-buenos-aires-on-august-6-2026,buenos-aires,C,whole,metar,SAEZ,14°C,14.0,14.0,iem_metar,2026-08-07T06:01:01Z
2026-08-06,highest-temperature-in-busan-on-august-6-2026,busan,C,whole,metar,RKPK,36°C,36.0,36.0,iem_metar,2026-08-07T06:01:01Z
2026-08-06,highest-temperature-in-cape-town-on-august-6-2026,cape-town,C,whole,metar,FACT,16°C,16.0,16.0,iem_metar,2026-08-07T06:01:01Z
2026-08-06,highest-temperature-in-chengdu-on-august-6-2026,chengdu,C,whole,metar,ZUUU,29°C,29.0,29.0,iem_metar,2026-08-07T06:01:01Z
2026-08-06,highest-temperature-in-chongqing-on-august-6-2026,chongqing,C,whole,metar,ZUCK,35°C,35.0,35.0,iem_metar,2026-08-07T06:01:01Z
2026-08-06,highest-temperature-in-guangzhou-on-august-6-2026,guangzhou,C,whole,metar,ZGGG,37°C,37.0,37.0,iem_metar,2026-08-07T06:01:01Z
2026-08-06,highest-temperature-in-helsinki-on-august-6-2026,helsinki,C,whole,metar,EFHK,25°C,25.0,25.0,iem_metar,2026-08-07T06:01:01Z
2026-08-06,highest-temperature-in-hong-kong-on-august-6-2026,hong-kong,C,decimal,hko,HKO,34°C,33.0,33.0,iem_vhhh_proxy,2026-08-07T06:01:01Z
2026-08-06,highest-temperature-in-istanbul-on-august-6-2026,istanbul,C,whole,geocode,istanbul,28°C,29.5,29.5,openmeteo_grid,2026-08-07T06:01:01Z
2026-08-06,highest-temperature-in-jeddah-on-august-6-2026,jeddah,C,whole,metar,OEJN,40°C,40.0,40.0,iem_metar,2026-08-07T06:01:01Z
2026-08-06,highest-temperature-in-karachi-on-august-6-2026,karachi,C,whole,metar,OPKC,33°C,33.0,33.0,iem_metar,2026-08-07T06:01:01Z
2026-08-06,highest-temperature-in-kuala-lumpur-on-august-6-2026,kuala-lumpur,C,whole,metar,WMKK,34°C,34.0,34.0,iem_metar,2026-08-07T06:01:01Z
2026-08-06,highest-temperature-in-london-on-august-6-2026,london,C,whole,metar,EGLC,23°C,23.0,23.0,iem_metar,2026-08-07T06:01:01Z
2026-08-06,highest-temperature-in-lucknow-on-august-6-2026,lucknow,C,whole,metar,VILK,29°C,29.0,29.0,iem_metar,2026-08-07T06:01:01Z
2026-08-06,highest-temperature-in-madrid-on-august-6-2026,madrid,C,whole,metar,LEMD,38°C,38.0,38.0,iem_metar,2026-08-07T06:01:01Z
2026-08-06,highest-temperature-in-manila-on-august-6-2026,manila,C,whole,metar,RPLL,29°C,29.0,29.0,iem_metar,2026-08-07T06:01:01Z
2026-08-06,highest-temperature-in-milan-on-august-6-2026,milan,C,whole,metar,LIMC,36°C,36.0,36.0,iem_metar,2026-08-07T06:01:01Z
2026-08-06,highest-temperature-in-moscow-on-august-6-2026,moscow,C,whole,geocode,moscow,30°C,30.1,30.1,openmeteo_grid,2026-08-07T06:01:01Z
2026-08-06,highest-temperature-in-munich-on-august-6-2026,munich,C,whole,metar,EDDM,24°C,24.0,24.0,iem_metar,2026-08-07T06:01:01Z
2026-08-06,highest-temperature-in-nyc-on-august-6-2026,nyc,F,whole,metar,KLGA,90-91°F,32.8,91.0,iem_metar,2026-08-07T06:01:01Z
2026-08-06,highest-temperature-in-panama-city-on-august-6-2026,panama-city,C,whole,metar,MPMG,29°C,29.0,29.0,iem_metar,2026-08-07T06:01:01Z
2026-08-06,highest-temperature-in-paris-on-august-6-2026,paris,C,whole,metar,LFPB,25°C,25.0,25.0,iem_metar,2026-08-07T06:01:01Z
2026-08-06,highest-temperature-in-qingdao-on-august-6-2026,qingdao,C,whole,metar,ZSQD,37°C,37.0,37.0,iem_metar,2026-08-07T06:01:01Z
2026-08-06,highest-temperature-in-sao-paulo-on-august-6-2026,sao-paulo,C,whole,metar,SBGR,28°C,28.0,28.0,iem_metar,2026-08-07T06:01:01Z
2026-08-06,highest-temperature-in-seoul-on-august-6-2026,seoul,C,whole,metar,RKSI,35°C,35.0,35.0,iem_metar,2026-08-07T06:01:01Z
2026-08-06,highest-temperature-in-shanghai-on-august-6-2026,shanghai,C,whole,metar,ZSPD,33°C,33.0,33.0,iem_metar,2026-08-07T06:01:01Z
2026-08-06,highest-temperature-in-shenzhen-on-august-6-2026,shenzhen,C,whole,metar,ZGSZ,32°C,31.0,31.0,iem_metar,2026-08-07T06:01:01Z
2026-08-06,highest-temperature-in-singapore-on-august-6-2026,singapore,C,whole,metar,WSSS,32°C,32.0,32.0,iem_metar,2026-08-07T06:01:01Z
2026-08-06,highest-temperature-in-taipei-on-august-6-2026,taipei,C,whole,metar,RCSS,36°C,36.0,36.0,iem_metar,2026-08-07T06:01:01Z
2026-08-06,highest-temperature-in-tel-aviv-on-august-6-2026,tel-aviv,C,whole,geocode,tel-aviv,33°C,31.9,31.9,openmeteo_grid,2026-08-07T06:01:01Z
2026-08-06,highest-temperature-in-tokyo-on-august-6-2026,tokyo,C,whole,metar,RJTT,31°C,31.0,31.0,iem_metar,2026-08-07T06:01:01Z
2026-08-06,highest-temperature-in-toronto-on-august-6-2026,toronto,C,whole,metar,CYYZ,29°C,29.0,29.0,iem_metar,2026-08-07T06:01:01Z
2026-08-06,highest-temperature-in-warsaw-on-august-6-2026,warsaw,C,whole,metar,EPWA,33°C,33.0,33.0,iem_metar,2026-08-07T06:01:01Z
2026-08-06,highest-temperature-in-wellington-on-august-6-2026,wellington,C,whole,metar,NZWN,10°C,10.0,10.0,iem_metar,2026-08-07T06:01:01Z
2026-08-06,highest-temperature-in-wuhan-on-august-6-2026,wuhan,C,whole,metar,ZHHH,36°C,36.0,36.0,iem_metar,2026-08-07T06:01:01Z
2026-08-06,highest-temperature-in-austin-on-august-6-2026,austin,F,whole,metar,KAUS,100-101°F,37.8,100.0,iem_metar,2026-08-07T15:13:35Z
2026-08-06,highest-temperature-in-chicago-on-august-6-2026,chicago,F,whole,metar,KORD,80-81°F,26.5,79.7,openmeteo_grid,2026-08-07T15:13:35Z
2026-08-06,highest-temperature-in-dallas-on-august-6-2026,dallas,F,whole,geocode,dallas,100-101°F,38.5,101.3,openmeteo_grid,2026-08-07T15:13:35Z
2026-08-06,highest-temperature-in-denver-on-august-6-2026,denver,F,whole,geocode,denver,96-97°F,37.0,98.6,openmeteo_grid,2026-08-07T15:13:35Z
2026-08-06,highest-temperature-in-houston-on-august-6-2026,houston,F,whole,metar,KHOU,92-93°F,34.4,93.9,openmeteo_grid,2026-08-07T15:13:35Z
2026-08-06,highest-temperature-in-los-angeles-on-august-6-2026,los-angeles,F,whole,metar,KLAX,76-77°F,25.0,77.0,iem_metar,2026-08-07T15:13:35Z
2026-08-06,highest-temperature-in-mexico-city-on-august-6-2026,mexico-city,C,whole,metar,MMMX,24°C,24.0,24.0,iem_metar,2026-08-07T15:13:35Z
2026-08-06,highest-temperature-in-miami-on-august-6-2026,miami,F,whole,metar,KMIA,88-89°F,30.1,86.2,openmeteo_grid,2026-08-07T15:13:35Z
2026-08-06,highest-temperature-in-san-francisco-on-august-6-2026,san-francisco,F,whole,metar,KSFO,72-73°F,22.2,72.0,iem_metar,2026-08-07T15:13:35Z
2026-08-06,highest-temperature-in-seattle-on-august-6-2026,seattle,F,whole,metar,KSEA,86-87°F,30.6,87.0,iem_metar,2026-08-07T15:13:35Z
2026-08-07,highest-temperature-in-amsterdam-on-august-7-2026,amsterdam,C,whole,metar,EHAM,22°C,22.0,22.0,iem_metar,2026-08-08T04:26:34Z
2026-08-07,highest-temperature-in-ankara-on-august-7-2026,ankara,C,whole,metar,LTAC,33°C,33.0,33.0,iem_metar,2026-08-08T04:26:34Z
2026-08-07,highest-temperature-in-beijing-on-august-7-2026,beijing,C,whole,metar,ZBAA,36°C,36.0,36.0,iem_metar,2026-08-08T04:26:34Z
2026-08-07,highest-temperature-in-busan-on-august-7-2026,busan,C,whole,metar,RKPK,37°C,37.0,37.0,iem_metar,2026-08-08T04:26:34Z
2026-08-07,highest-temperature-in-cape-town-on-august-7-2026,cape-town,C,whole,metar,FACT,20°C,20.0,20.0,iem_metar,2026-08-08T04:26:34Z
2026-08-07,highest-temperature-in-chengdu-on-august-7-2026,chengdu,C,whole,metar,ZUUU,33°C,33.0,33.0,iem_metar,2026-08-08T04:26:34Z
2026-08-07,highest-temperature-in-chongqing-on-august-7-2026,chongqing,C,whole,metar,ZUCK,30°C,30.0,30.0,iem_metar,2026-08-08T04:26:34Z
2026-08-07,highest-temperature-in-guangzhou-on-august-7-2026,guangzhou,C,whole,metar,ZGGG,37°C,37.0,37.0,iem_metar,2026-08-08T04:26:34Z
2026-08-07,highest-temperature-in-helsinki-on-august-7-2026,helsinki,C,whole,metar,EFHK,22°C,22.0,22.0,iem_metar,2026-08-08T04:26:34Z
2026-08-07,highest-temperature-in-istanbul-on-august-7-2026,istanbul,C,whole,geocode,istanbul,28°C,29.9,29.9,openmeteo_grid,2026-08-08T04:26:34Z
2026-08-07,highest-temperature-in-jeddah-on-august-7-2026,jeddah,C,whole,metar,OEJN,38°C,38.0,38.0,iem_metar,2026-08-08T04:26:34Z
2026-08-07,highest-temperature-in-jinan-on-august-7-2026,jinan,C,whole,metar,ZSJN,>=26°C,37.4,37.4,openmeteo_grid,2026-08-08T04:26:34Z
2026-08-07,highest-temperature-in-karachi-on-august-7-2026,karachi,C,whole,metar,OPKC,33°C,33.0,33.0,iem_metar,2026-08-08T04:26:34Z
2026-08-07,highest-temperature-in-kuala-lumpur-on-august-7-2026,kuala-lumpur,C,whole,metar,WMKK,35°C,35.0,35.0,iem_metar,2026-08-08T04:26:34Z
2026-08-07,highest-temperature-in-london-on-august-7-2026,london,C,whole,metar,EGLC,26°C,26.0,26.0,iem_metar,2026-08-08T04:26:34Z
2026-08-07,highest-temperature-in-lucknow-on-august-7-2026,lucknow,C,whole,metar,VILK,32°C,32.0,32.0,iem_metar,2026-08-08T04:26:34Z
2026-08-07,highest-temperature-in-manila-on-august-7-2026,manila,C,whole,metar,RPLL,29°C,29.0,29.0,iem_metar,2026-08-08T04:26:34Z
2026-08-07,highest-temperature-in-milan-on-august-7-2026,milan,C,whole,metar,LIMC,33°C,33.0,33.0,iem_metar,2026-08-08T04:26:34Z
2026-08-07,highest-temperature-in-moscow-on-august-7-2026,moscow,C,whole,geocode,moscow,29°C,30.5,30.5,openmeteo_grid,2026-08-08T04:26:34Z
2026-08-07,highest-temperature-in-paris-on-august-7-2026,paris,C,whole,metar,LFPB,27°C,27.0,27.0,iem_metar,2026-08-08T04:26:34Z
2026-08-07,highest-temperature-in-qingdao-on-august-7-2026,qingdao,C,whole,metar,ZSQD,37°C,37.0,37.0,iem_metar,2026-08-08T04:26:34Z
2026-08-07,highest-temperature-in-sao-paulo-on-august-7-2026,sao-paulo,C,whole,metar,SBGR,25°C,25.0,25.0,iem_metar,2026-08-08T04:26:34Z
2026-08-07,highest-temperature-in-seoul-on-august-7-2026,seoul,C,whole,metar,RKSI,35°C,35.0,35.0,iem_metar,2026-08-08T04:26:34Z
2026-08-07,highest-temperature-in-shanghai-on-august-7-2026,shanghai,C,whole,metar,ZSPD,34°C,34.0,34.0,iem_metar,2026-08-08T04:26:34Z
2026-08-07,highest-temperature-in-shenzhen-on-august-7-2026,shenzhen,C,whole,metar,ZGSZ,35°C,34.0,34.0,iem_metar,2026-08-08T04:26:34Z
2026-08-07,highest-temperature-in-singapore-on-august-7-2026,singapore,C,whole,metar,WSSS,33°C,33.0,33.0,iem_metar,2026-08-08T04:26:34Z
2026-08-07,highest-temperature-in-taipei-on-august-7-2026,taipei,C,whole,metar,RCSS,33°C,33.0,33.0,iem_metar,2026-08-08T04:26:34Z
2026-08-07,highest-temperature-in-tel-aviv-on-august-7-2026,tel-aviv,C,whole,geocode,tel-aviv,32°C,31.1,31.1,openmeteo_grid,2026-08-08T04:26:34Z
2026-08-07,highest-temperature-in-tokyo-on-august-7-2026,tokyo,C,whole,metar,RJTT,33°C,33.0,33.0,iem_metar,2026-08-08T04:26:34Z
2026-08-07,highest-temperature-in-warsaw-on-august-7-2026,warsaw,C,whole,metar,EPWA,24°C,24.0,24.0,iem_metar,2026-08-08T04:26:34Z
2026-08-07,highest-temperature-in-wellington-on-august-7-2026,wellington,C,whole,metar,NZWN,12°C,12.0,12.0,iem_metar,2026-08-08T04:26:34Z
2026-08-07,highest-temperature-in-wuhan-on-august-7-2026,wuhan,C,whole,metar,ZHHH,37°C,37.0,37.0,iem_metar,2026-08-08T04:26:34Z
2026-08-07,highest-temperature-in-zhengzhou-on-august-7-2026,zhengzhou,C,whole,metar,ZHCC,>=32°C,35.0,35.0,iem_metar,2026-08-08T04:26:34Z
2026-08-07,highest-temperature-in-atlanta-on-august-7-2026,atlanta,F,whole,metar,KATL,86-87°F,29.4,84.9,openmeteo_grid,2026-08-08T14:08:43Z
2026-08-07,highest-temperature-in-austin-on-august-7-2026,austin,F,whole,metar,KAUS,98-99°F,37.2,99.0,iem_metar,2026-08-08T14:08:43Z
2026-08-07,highest-temperature-in-buenos-aires-on-august-7-2026,buenos-aires,C,whole,metar,SAEZ,14°C,14.0,14.0,iem_metar,2026-08-08T14:08:43Z
2026-08-07,highest-temperature-in-chicago-on-august-7-2026,chicago,F,whole,metar,KORD,86-87°F,30.5,86.9,openmeteo_grid,2026-08-08T14:08:43Z
2026-08-07,highest-temperature-in-dallas-on-august-7-2026,dallas,F,whole,geocode,dallas,100-101°F,39.2,102.6,openmeteo_grid,2026-08-08T14:08:43Z
2026-08-07,highest-temperature-in-denver-on-august-7-2026,denver,F,whole,geocode,denver,96-97°F,36.2,97.2,openmeteo_grid,2026-08-08T14:08:43Z
2026-08-07,highest-temperature-in-houston-on-august-7-2026,houston,F,whole,metar,KHOU,92-93°F,34.4,93.9,openmeteo_grid,2026-08-08T14:08:43Z
2026-08-07,highest-temperature-in-los-angeles-on-august-7-2026,los-angeles,F,whole,metar,KLAX,78-79°F,26.1,79.0,iem_metar,2026-08-08T14:08:43Z
2026-08-07,highest-temperature-in-madrid-on-august-7-2026,madrid,C,whole,metar,LEMD,39°C,39.0,39.0,iem_metar,2026-08-08T14:08:43Z
2026-08-07,highest-temperature-in-mexico-city-on-august-7-2026,mexico-city,C,whole,metar,MMMX,24°C,24.0,24.0,iem_metar,2026-08-08T14:08:43Z
2026-08-07,highest-temperature-in-miami-on-august-7-2026,miami,F,whole,metar,KMIA,90-91°F,31.0,87.8,openmeteo_grid,2026-08-08T14:08:43Z
2026-08-07,highest-temperature-in-munich-on-august-7-2026,munich,C,whole,metar,EDDM,28°C,28.0,28.0,iem_metar,2026-08-08T14:08:43Z
2026-08-07,highest-temperature-in-nyc-on-august-7-2026,nyc,F,whole,metar,KLGA,92-93°F,33.9,93.0,iem_metar,2026-08-08T14:08:43Z
2026-08-07,highest-temperature-in-panama-city-on-august-7-2026,panama-city,C,whole,metar,MPMG,34°C,34.0,34.0,iem_metar,2026-08-08T14:08:43Z
2026-08-07,highest-temperature-in-san-francisco-on-august-7-2026,san-francisco,F,whole,metar,KSFO,66-67°F,19.4,67.0,iem_metar,2026-08-08T14:08:43Z
2026-08-07,highest-temperature-in-seattle-on-august-7-2026,seattle,F,whole,metar,KSEA,84-85°F,29.4,85.0,iem_metar,2026-08-08T14:08:43Z
2026-08-07,highest-temperature-in-toronto-on-august-7-2026,toronto,C,whole,metar,CYYZ,26°C,26.0,26.0,iem_metar,2026-08-08T14:08:43Z
2026-08-08,highest-temperature-in-amsterdam-on-august-8-2026,amsterdam,C,whole,metar,EHAM,25°C,25.0,25.0,iem_metar,2026-08-09T02:31:27Z
2026-08-08,highest-temperature-in-ankara-on-august-8-2026,ankara,C,whole,metar,LTAC,33°C,33.0,33.0,iem_metar,2026-08-09T02:31:27Z
2026-08-08,highest-temperature-in-beijing-on-august-8-2026,beijing,C,whole,metar,ZBAA,32°C,32.0,32.0,iem_metar,2026-08-09T02:31:27Z
2026-08-08,highest-temperature-in-busan-on-august-8-2026,busan,C,whole,metar,RKPK,36°C,36.0,36.0,iem_metar,2026-08-09T02:31:27Z
2026-08-08,highest-temperature-in-cape-town-on-august-8-2026,cape-town,C,whole,metar,FACT,17°C,17.0,17.0,iem_metar,2026-08-09T02:31:27Z
2026-08-08,highest-temperature-in-chengdu-on-august-8-2026,chengdu,C,whole,metar,ZUUU,35°C,35.0,35.0,iem_metar,2026-08-09T02:31:27Z
2026-08-08,highest-temperature-in-chongqing-on-august-8-2026,chongqing,C,whole,metar,ZUCK,30°C,30.0,30.0,iem_metar,2026-08-09T02:31:27Z
2026-08-08,highest-temperature-in-guangzhou-on-august-8-2026,guangzhou,C,whole,metar,ZGGG,37°C,37.0,37.0,iem_metar,2026-08-09T02:31:27Z
2026-08-08,highest-temperature-in-helsinki-on-august-8-2026,helsinki,C,whole,metar,EFHK,20°C,20.0,20.0,iem_metar,2026-08-09T02:31:27Z
2026-08-08,highest-temperature-in-jeddah-on-august-8-2026,jeddah,C,whole,metar,OEJN,>=39°C,39.0,39.0,iem_metar,2026-08-09T02:31:27Z
2026-08-08,highest-temperature-in-jinan-on-august-8-2026,jinan,C,whole,metar,ZSJN,>=26°C,32.8,32.8,openmeteo_grid,2026-08-09T02:31:27Z
2026-08-08,highest-temperature-in-karachi-on-august-8-2026,karachi,C,whole,metar,OPKC,34°C,34.0,34.0,iem_metar,2026-08-09T02:31:27Z
2026-08-08,highest-temperature-in-kuala-lumpur-on-august-8-2026,kuala-lumpur,C,whole,metar,WMKK,33°C,33.0,33.0,iem_metar,2026-08-09T02:31:27Z
2026-08-08,highest-temperature-in-lucknow-on-august-8-2026,lucknow,C,whole,metar,VILK,32°C,32.0,32.0,iem_metar,2026-08-09T02:31:27Z
2026-08-08,highest-temperature-in-madrid-on-august-8-2026,madrid,C,whole,metar,LEMD,38°C,38.0,38.0,iem_metar,2026-08-09T02:31:27Z
2026-08-08,highest-temperature-in-manila-on-august-8-2026,manila,C,whole,metar,RPLL,28°C,28.0,28.0,iem_metar,2026-08-09T02:31:27Z
2026-08-08,highest-temperature-in-milan-on-august-8-2026,milan,C,whole,metar,LIMC,34°C,34.0,34.0,iem_metar,2026-08-09T02:31:27Z
2026-08-08,highest-temperature-in-moscow-on-august-8-2026,moscow,C,whole,geocode,moscow,24°C,25.1,25.1,openmeteo_grid,2026-08-09T02:31:27Z
2026-08-08,highest-temperature-in-munich-on-august-8-2026,munich,C,whole,metar,EDDM,30°C,30.0,30.0,iem_metar,2026-08-09T02:31:27Z
2026-08-08,highest-temperature-in-paris-on-august-8-2026,paris,C,whole,metar,LFPB,31°C,31.0,31.0,iem_metar,2026-08-09T02:31:27Z
2026-08-08,highest-temperature-in-qingdao-on-august-8-2026,qingdao,C,whole,metar,ZSQD,33°C,33.0,33.0,iem_metar,2026-08-09T02:31:27Z
2026-08-08,highest-temperature-in-seoul-on-august-8-2026,seoul,C,whole,metar,RKSI,36°C,36.0,36.0,iem_metar,2026-08-09T02:31:27Z
2026-08-08,highest-temperature-in-shanghai-on-august-8-2026,shanghai,C,whole,metar,ZSPD,33°C,33.0,33.0,iem_metar,2026-08-09T02:31:27Z
2026-08-08,highest-temperature-in-shenzhen-on-august-8-2026,shenzhen,C,whole,metar,ZGSZ,36°C,36.0,36.0,iem_metar,2026-08-09T02:31:27Z
2026-08-08,highest-temperature-in-singapore-on-august-8-2026,singapore,C,whole,metar,WSSS,32°C,32.0,32.0,iem_metar,2026-08-09T02:31:27Z
2026-08-08,highest-temperature-in-taipei-on-august-8-2026,taipei,C,whole,metar,RCSS,>=32°C,35.0,35.0,iem_metar,2026-08-09T02:31:27Z
2026-08-08,highest-temperature-in-tel-aviv-on-august-8-2026,tel-aviv,C,whole,geocode,tel-aviv,32°C,31.8,31.8,openmeteo_grid,2026-08-09T02:31:27Z
2026-08-08,highest-temperature-in-tokyo-on-august-8-2026,tokyo,C,whole,metar,RJTT,34°C,34.0,34.0,iem_metar,2026-08-09T02:31:27Z
2026-08-08,highest-temperature-in-wellington-on-august-8-2026,wellington,C,whole,metar,NZWN,13°C,13.0,13.0,iem_metar,2026-08-09T02:31:27Z
2026-08-08,highest-temperature-in-wuhan-on-august-8-2026,wuhan,C,whole,metar,ZHHH,37°C,37.0,37.0,iem_metar,2026-08-09T02:31:27Z
2026-08-08,highest-temperature-in-zhengzhou-on-august-8-2026,zhengzhou,C,whole,metar,ZHCC,31°C,31.0,31.0,iem_metar,2026-08-09T02:31:27Z
2026-08-08,highest-temperature-in-atlanta-on-august-8-2026,atlanta,F,whole,metar,KATL,90-91°F,32.9,91.2,openmeteo_grid,2026-08-09T13:14:44Z
2026-08-08,highest-temperature-in-austin-on-august-8-2026,austin,F,whole,metar,KAUS,98-99°F,36.7,98.0,iem_metar,2026-08-09T13:14:44Z
2026-08-08,highest-temperature-in-buenos-aires-on-august-8-2026,buenos-aires,C,whole,metar,SAEZ,13°C,13.0,13.0,iem_metar,2026-08-09T13:14:44Z
2026-08-08,highest-temperature-in-chicago-on-august-8-2026,chicago,F,whole,metar,KORD,84-85°F,29.6,85.3,openmeteo_grid,2026-08-09T13:14:44Z
2026-08-08,highest-temperature-in-dallas-on-august-8-2026,dallas,F,whole,geocode,dallas,100-101°F,38.8,101.8,openmeteo_grid,2026-08-09T13:14:44Z
2026-08-08,highest-temperature-in-denver-on-august-8-2026,denver,F,whole,geocode,denver,98-99°F,38.3,100.9,openmeteo_grid,2026-08-09T13:14:44Z
2026-08-08,highest-temperature-in-houston-on-august-8-2026,houston,F,whole,metar,KHOU,92-93°F,32.9,91.2,openmeteo_grid,2026-08-09T13:14:44Z
2026-08-08,highest-temperature-in-istanbul-on-august-8-2026,istanbul,C,whole,geocode,istanbul,29°C,30.0,30.0,openmeteo_grid,2026-08-09T13:14:44Z
2026-08-08,highest-temperature-in-london-on-august-8-2026,london,C,whole,metar,EGLC,28°C,28.0,28.0,iem_metar,2026-08-09T13:14:44Z
2026-08-08,highest-temperature-in-los-angeles-on-august-8-2026,los-angeles,F,whole,metar,KLAX,78-79°F,26.1,79.0,iem_metar,2026-08-09T13:14:44Z
2026-08-08,highest-temperature-in-mexico-city-on-august-8-2026,mexico-city,C,whole,metar,MMMX,24°C,24.0,24.0,iem_metar,2026-08-09T13:14:44Z
2026-08-08,highest-temperature-in-miami-on-august-8-2026,miami,F,whole,metar,KMIA,90-91°F,31.5,88.7,openmeteo_grid,2026-08-09T13:14:44Z
2026-08-08,highest-temperature-in-nyc-on-august-8-2026,nyc,F,whole,metar,KLGA,90-91°F,32.8,91.0,iem_metar,2026-08-09T13:14:44Z
2026-08-08,highest-temperature-in-panama-city-on-august-8-2026,panama-city,C,whole,metar,MPMG,33°C,33.0,33.0,iem_metar,2026-08-09T13:14:44Z
2026-08-08,highest-temperature-in-san-francisco-on-august-8-2026,san-francisco,F,whole,metar,KSFO,<=67°F,18.9,66.0,iem_metar,2026-08-09T13:14:44Z
2026-08-08,highest-temperature-in-sao-paulo-on-august-8-2026,sao-paulo,C,whole,metar,SBGR,29°C,29.0,29.0,iem_metar,2026-08-09T13:14:44Z
2026-08-08,highest-temperature-in-seattle-on-august-8-2026,seattle,F,whole,metar,KSEA,82-83°F,28.3,83.0,iem_metar,2026-08-09T13:14:44Z
2026-08-08,highest-temperature-in-toronto-on-august-8-2026,toronto,C,whole,metar,CYYZ,30°C,30.0,30.0,iem_metar,2026-08-09T13:14:44Z
2026-08-08,highest-temperature-in-warsaw-on-august-8-2026,warsaw,C,whole,metar,EPWA,22°C,22.0,22.0,iem_metar,2026-08-09T13:14:44Z
2026-08-09,highest-temperature-in-amsterdam-on-august-9-2026,amsterdam,C,whole,metar,EHAM,30°C,30.0,30.0,iem_metar,2026-08-10T02:36:01Z
2026-08-09,highest-temperature-in-beijing-on-august-9-2026,beijing,C,whole,metar,ZBAA,30°C,30.0,30.0,iem_metar,2026-08-10T02:36:01Z
2026-08-09,highest-temperature-in-busan-on-august-9-2026,busan,C,whole,metar,RKPK,32°C,32.0,32.0,iem_metar,2026-08-10T02:36:01Z
2026-08-09,highest-temperature-in-cape-town-on-august-9-2026,cape-town,C,whole,metar,FACT,15°C,15.0,15.0,iem_metar,2026-08-10T02:36:01Z
2026-08-09,highest-temperature-in-chengdu-on-august-9-2026,chengdu,C,whole,metar,ZUUU,34°C,34.0,34.0,iem_metar,2026-08-10T02:36:01Z
2026-08-09,highest-temperature-in-chongqing-on-august-9-2026,chongqing,C,whole,metar,ZUCK,31°C,31.0,31.0,iem_metar,2026-08-10T02:36:01Z
2026-08-09,highest-temperature-in-guangzhou-on-august-9-2026,guangzhou,C,whole,metar,ZGGG,38°C,38.0,38.0,iem_metar,2026-08-10T02:36:01Z
2026-08-09,highest-temperature-in-helsinki-on-august-9-2026,helsinki,C,whole,metar,EFHK,22°C,22.0,22.0,iem_metar,2026-08-10T02:36:01Z
2026-08-09,highest-temperature-in-istanbul-on-august-9-2026,istanbul,C,whole,geocode,istanbul,27°C,27.5,27.5,openmeteo_grid,2026-08-10T02:36:01Z
2026-08-09,highest-temperature-in-jinan-on-august-9-2026,jinan,C,whole,metar,ZSJN,>=26°C,32.7,32.7,openmeteo_grid,2026-08-10T02:36:01Z
2026-08-09,highest-temperature-in-karachi-on-august-9-2026,karachi,C,whole,metar,OPKC,33°C,33.0,33.0,iem_metar,2026-08-10T02:36:01Z
2026-08-09,highest-temperature-in-kuala-lumpur-on-august-9-2026,kuala-lumpur,C,whole,metar,WMKK,33°C,33.0,33.0,iem_metar,2026-08-10T02:36:01Z
2026-08-09,highest-temperature-in-london-on-august-9-2026,london,C,whole,metar,EGLC,31°C,31.0,31.0,iem_metar,2026-08-10T02:36:01Z
2026-08-09,highest-temperature-in-lucknow-on-august-9-2026,lucknow,C,whole,metar,VILK,33°C,33.0,33.0,iem_metar,2026-08-10T02:36:01Z
2026-08-09,highest-temperature-in-madrid-on-august-9-2026,madrid,C,whole,metar,LEMD,37°C,37.0,37.0,iem_metar,2026-08-10T02:36:01Z
2026-08-09,highest-temperature-in-manila-on-august-9-2026,manila,C,whole,metar,RPLL,31°C,31.0,31.0,iem_metar,2026-08-10T02:36:01Z
2026-08-09,highest-temperature-in-milan-on-august-9-2026,milan,C,whole,metar,LIMC,34°C,34.0,34.0,iem_metar,2026-08-10T02:36:01Z
2026-08-09,highest-temperature-in-munich-on-august-9-2026,munich,C,whole,metar,EDDM,34°C,34.0,34.0,iem_metar,2026-08-10T02:36:01Z
2026-08-09,highest-temperature-in-paris-on-august-9-2026,paris,C,whole,metar,LFPB,33°C,33.0,33.0,iem_metar,2026-08-10T02:36:01Z
2026-08-09,highest-temperature-in-qingdao-on-august-9-2026,qingdao,C,whole,metar,ZSQD,32°C,32.0,32.0,iem_metar,2026-08-10T02:36:01Z
2026-08-09,highest-temperature-in-seoul-on-august-9-2026,seoul,C,whole,metar,RKSI,33°C,33.0,33.0,iem_metar,2026-08-10T02:36:01Z
2026-08-09,highest-temperature-in-shanghai-on-august-9-2026,shanghai,C,whole,metar,ZSPD,28°C,28.0,28.0,iem_metar,2026-08-10T02:36:01Z
2026-08-09,highest-temperature-in-shenzhen-on-august-9-2026,shenzhen,C,whole,metar,ZGSZ,36°C,37.0,37.0,iem_metar,2026-08-10T02:36:01Z
2026-08-09,highest-temperature-in-singapore-on-august-9-2026,singapore,C,whole,metar,WSSS,32°C,32.0,32.0,iem_metar,2026-08-10T02:36:01Z
2026-08-09,highest-temperature-in-taipei-on-august-9-2026,taipei,C,whole,metar,RCSS,29°C,29.0,29.0,iem_metar,2026-08-10T02:36:01Z
2026-08-09,highest-temperature-in-tokyo-on-august-9-2026,tokyo,C,whole,metar,RJTT,33°C,33.0,33.0,iem_metar,2026-08-10T02:36:01Z
2026-08-09,highest-temperature-in-warsaw-on-august-9-2026,warsaw,C,whole,metar,EPWA,25°C,25.0,25.0,iem_metar,2026-08-10T02:36:01Z
2026-08-09,highest-temperature-in-wellington-on-august-9-2026,wellington,C,whole,metar,NZWN,14°C,14.0,14.0,iem_metar,2026-08-10T02:36:01Z
2026-08-09,highest-temperature-in-wuhan-on-august-9-2026,wuhan,C,whole,metar,ZHHH,33°C,33.0,33.0,iem_metar,2026-08-10T02:36:01Z
2026-08-09,highest-temperature-in-zhengzhou-on-august-9-2026,zhengzhou,C,whole,metar,ZHCC,31°C,31.0,31.0,iem_metar,2026-08-10T02:36:01Z
2026-08-09,highest-temperature-in-ankara-on-august-9-2026,ankara,C,whole,metar,LTAC,31°C,31.0,31.0,iem_metar,2026-08-10T13:42:15Z
2026-08-09,highest-temperature-in-atlanta-on-august-9-2026,atlanta,F,whole,metar,KATL,90-91°F,34.2,93.6,openmeteo_grid,2026-08-10T13:42:15Z
2026-08-09,highest-temperature-in-austin-on-august-9-2026,austin,F,whole,metar,KAUS,98-99°F,37.2,99.0,iem_metar,2026-08-10T13:42:15Z
2026-08-09,highest-temperature-in-buenos-aires-on-august-9-2026,buenos-aires,C,whole,metar,SAEZ,13°C,13.0,13.0,iem_metar,2026-08-10T13:42:15Z
2026-08-09,highest-temperature-in-chicago-on-august-9-2026,chicago,F,whole,metar,KORD,84-85°F,29.6,85.3,openmeteo_grid,2026-08-10T13:42:15Z
2026-08-09,highest-temperature-in-dallas-on-august-9-2026,dallas,F,whole,geocode,dallas,98-99°F,37.6,99.7,openmeteo_grid,2026-08-10T13:42:15Z
2026-08-09,highest-temperature-in-denver-on-august-9-2026,denver,F,whole,geocode,denver,98-99°F,36.7,98.1,openmeteo_grid,2026-08-10T13:42:15Z
2026-08-07,highest-temperature-in-hong-kong-on-august-7-2026,hong-kong,C,decimal,hko,HKO,33°C,34.0,34.0,iem_vhhh_proxy,2026-08-10T13:42:15Z
2026-08-08,highest-temperature-in-hong-kong-on-august-8-2026,hong-kong,C,decimal,hko,HKO,34°C,36.0,36.0,iem_vhhh_proxy,2026-08-10T13:42:15Z
2026-08-09,highest-temperature-in-hong-kong-on-august-9-2026,hong-kong,C,decimal,hko,HKO,36°C,36.0,36.0,iem_vhhh_proxy,2026-08-10T13:42:15Z
2026-08-09,highest-temperature-in-houston-on-august-9-2026,houston,F,whole,metar,KHOU,92-93°F,34.2,93.6,openmeteo_grid,2026-08-10T13:42:15Z
2026-08-09,highest-temperature-in-jeddah-on-august-9-2026,jeddah,C,whole,metar,OEJN,37°C,37.0,37.0,iem_metar,2026-08-10T13:42:15Z
2026-08-09,highest-temperature-in-los-angeles-on-august-9-2026,los-angeles,F,whole,metar,KLAX,80-81°F,26.7,80.0,iem_metar,2026-08-10T13:42:15Z
2026-08-09,highest-temperature-in-mexico-city-on-august-9-2026,mexico-city,C,whole,metar,MMMX,23°C,23.0,23.0,iem_metar,2026-08-10T13:42:15Z
2026-08-09,highest-temperature-in-miami-on-august-9-2026,miami,F,whole,metar,KMIA,92-93°F,31.5,88.7,openmeteo_grid,2026-08-10T13:42:15Z
2026-08-09,highest-temperature-in-moscow-on-august-9-2026,moscow,C,whole,geocode,moscow,22°C,22.4,22.4,openmeteo_grid,2026-08-10T13:42:15Z
2026-08-09,highest-temperature-in-nyc-on-august-9-2026,nyc,F,whole,metar,KLGA,90-91°F,32.8,91.0,iem_metar,2026-08-10T13:42:15Z
2026-08-09,highest-temperature-in-panama-city-on-august-9-2026,panama-city,C,whole,metar,MPMG,32°C,32.0,32.0,iem_metar,2026-08-10T13:42:15Z
2026-08-09,highest-temperature-in-san-francisco-on-august-9-2026,san-francisco,F,whole,metar,KSFO,<=75°F,21.1,70.0,iem_metar,2026-08-10T13:42:15Z
2026-08-09,highest-temperature-in-sao-paulo-on-august-9-2026,sao-paulo,C,whole,metar,SBGR,26°C,26.0,26.0,iem_metar,2026-08-10T13:42:15Z
2026-08-09,highest-temperature-in-seattle-on-august-9-2026,seattle,F,whole,metar,KSEA,76-77°F,25.0,77.0,iem_metar,2026-08-10T13:42:15Z
2026-08-09,highest-temperature-in-tel-aviv-on-august-9-2026,tel-aviv,C,whole,geocode,tel-aviv,33°C,31.8,31.8,openmeteo_grid,2026-08-10T13:42:15Z
2026-08-09,highest-temperature-in-toronto-on-august-9-2026,toronto,C,whole,metar,CYYZ,27°C,27.0,27.0,iem_metar,2026-08-10T13:42:15Z
2026-08-10,highest-temperature-in-amsterdam-on-august-10-2026,amsterdam,C,whole,metar,EHAM,23°C,23.0,23.0,iem_metar,2026-08-11T02:30:25Z
2026-08-10,highest-temperature-in-ankara-on-august-10-2026,ankara,C,whole,metar,LTAC,31°C,31.0,31.0,iem_metar,2026-08-11T02:30:25Z
2026-08-10,highest-temperature-in-beijing-on-august-10-2026,beijing,C,whole,metar,ZBAA,32°C,32.0,32.0,iem_metar,2026-08-11T02:30:25Z
2026-08-10,highest-temperature-in-busan-on-august-10-2026,busan,C,whole,metar,RKPK,32°C,32.0,32.0,iem_metar,2026-08-11T02:30:25Z
2026-08-10,highest-temperature-in-cape-town-on-august-10-2026,cape-town,C,whole,metar,FACT,15°C,15.0,15.0,iem_metar,2026-08-11T02:30:25Z
2026-08-10,highest-temperature-in-chengdu-on-august-10-2026,chengdu,C,whole,metar,ZUUU,36°C,36.0,36.0,iem_metar,2026-08-11T02:30:25Z
2026-08-10,highest-temperature-in-chongqing-on-august-10-2026,chongqing,C,whole,metar,ZUCK,34°C,34.0,34.0,iem_metar,2026-08-11T02:30:25Z
2026-08-10,highest-temperature-in-guangzhou-on-august-10-2026,guangzhou,C,whole,metar,ZGGG,37°C,37.0,37.0,iem_metar,2026-08-11T02:30:25Z
2026-08-10,highest-temperature-in-helsinki-on-august-10-2026,helsinki,C,whole,metar,EFHK,23°C,23.0,23.0,iem_metar,2026-08-11T02:30:25Z
2026-08-10,highest-temperature-in-istanbul-on-august-10-2026,istanbul,C,whole,geocode,istanbul,28°C,28.9,28.9,openmeteo_grid,2026-08-11T02:30:25Z
2026-08-10,highest-temperature-in-jeddah-on-august-10-2026,jeddah,C,whole,metar,OEJN,>=41°C,43.0,43.0,iem_metar,2026-08-11T02:30:25Z
2026-08-10,highest-temperature-in-jinan-on-august-10-2026,jinan,C,whole,metar,ZSJN,>=26°C,31.0,31.0,iem_metar,2026-08-11T02:30:25Z
2026-08-10,highest-temperature-in-karachi-on-august-10-2026,karachi,C,whole,metar,OPKC,33°C,33.0,33.0,iem_metar,2026-08-11T02:30:25Z
2026-08-10,highest-temperature-in-kuala-lumpur-on-august-10-2026,kuala-lumpur,C,whole,metar,WMKK,34°C,34.0,34.0,iem_metar,2026-08-11T02:30:25Z
2026-08-10,highest-temperature-in-london-on-august-10-2026,london,C,whole,metar,EGLC,26°C,26.0,26.0,iem_metar,2026-08-11T02:30:25Z
2026-08-10,highest-temperature-in-lucknow-on-august-10-2026,lucknow,C,whole,metar,VILK,32°C,32.0,32.0,iem_metar,2026-08-11T02:30:25Z
2026-08-10,highest-temperature-in-madrid-on-august-10-2026,madrid,C,whole,metar,LEMD,37°C,37.0,37.0,iem_metar,2026-08-11T02:30:25Z
2026-08-10,highest-temperature-in-manila-on-august-10-2026,manila,C,whole,metar,RPLL,32°C,32.0,32.0,iem_metar,2026-08-11T02:30:25Z
2026-08-10,highest-temperature-in-milan-on-august-10-2026,milan,C,whole,metar,LIMC,34°C,34.0,34.0,iem_metar,2026-08-11T02:30:25Z
2026-08-10,highest-temperature-in-moscow-on-august-10-2026,moscow,C,whole,geocode,moscow,24°C,24.0,24.0,openmeteo_grid,2026-08-11T02:30:25Z
2026-08-10,highest-temperature-in-munich-on-august-10-2026,munich,C,whole,metar,EDDM,34°C,34.0,34.0,iem_metar,2026-08-11T02:30:25Z
2026-08-10,highest-temperature-in-paris-on-august-10-2026,paris,C,whole,metar,LFPB,32°C,32.0,32.0,iem_metar,2026-08-11T02:30:25Z
2026-08-10,highest-temperature-in-qingdao-on-august-10-2026,qingdao,C,whole,metar,ZSQD,31°C,31.0,31.0,iem_metar,2026-08-11T02:30:25Z
2026-08-10,highest-temperature-in-seoul-on-august-10-2026,seoul,C,whole,metar,RKSI,33°C,33.0,33.0,iem_metar,2026-08-11T02:30:25Z
2026-08-10,highest-temperature-in-shanghai-on-august-10-2026,shanghai,C,whole,metar,ZSPD,28°C,28.0,28.0,iem_metar,2026-08-11T02:30:25Z
2026-08-10,highest-temperature-in-shenzhen-on-august-10-2026,shenzhen,C,whole,metar,ZGSZ,36°C,36.0,36.0,iem_metar,2026-08-11T02:30:25Z
2026-08-10,highest-temperature-in-singapore-on-august-10-2026,singapore,C,whole,metar,WSSS,32°C,32.0,32.0,iem_metar,2026-08-11T02:30:25Z
2026-08-10,highest-temperature-in-taipei-on-august-10-2026,taipei,C,whole,metar,RCSS,36°C,36.0,36.0,iem_metar,2026-08-11T02:30:25Z
2026-08-10,highest-temperature-in-tel-aviv-on-august-10-2026,tel-aviv,C,whole,geocode,tel-aviv,34°C,32.1,32.1,openmeteo_grid,2026-08-11T02:30:25Z
2026-08-10,highest-temperature-in-tokyo-on-august-10-2026,tokyo,C,whole,metar,RJTT,30°C,30.0,30.0,iem_metar,2026-08-11T02:30:25Z
2026-08-10,highest-temperature-in-warsaw-on-august-10-2026,warsaw,C,whole,metar,EPWA,32°C,32.0,32.0,iem_metar,2026-08-11T02:30:25Z
2026-08-10,highest-temperature-in-wellington-on-august-10-2026,wellington,C,whole,metar,NZWN,15°C,15.0,15.0,iem_metar,2026-08-11T02:30:25Z
2026-08-10,highest-temperature-in-wuhan-on-august-10-2026,wuhan,C,whole,metar,ZHHH,29°C,29.0,29.0,iem_metar,2026-08-11T02:30:25Z
2026-08-10,highest-temperature-in-zhengzhou-on-august-10-2026,zhengzhou,C,whole,metar,ZHCC,>=32°C,32.0,32.0,iem_metar,2026-08-11T02:30:25Z
2026-08-10,highest-temperature-in-atlanta-on-august-10-2026,atlanta,F,whole,metar,KATL,94-95°F,33.4,92.1,openmeteo_grid,2026-08-11T13:41:21Z
2026-08-10,highest-temperature-in-austin-on-august-10-2026,austin,F,whole,metar,KAUS,96-97°F,36.1,97.0,iem_metar,2026-08-11T13:41:21Z
2026-08-10,highest-temperature-in-buenos-aires-on-august-10-2026,buenos-aires,C,whole,metar,SAEZ,13°C,13.0,13.0,iem_metar,2026-08-11T13:41:21Z
2026-08-10,highest-temperature-in-chicago-on-august-10-2026,chicago,F,whole,metar,KORD,86-87°F,32.1,89.8,openmeteo_grid,2026-08-11T13:41:21Z
2026-08-10,highest-temperature-in-dallas-on-august-10-2026,dallas,F,whole,geocode,dallas,98-99°F,37.7,99.9,openmeteo_grid,2026-08-11T13:41:21Z
2026-08-10,highest-temperature-in-denver-on-august-10-2026,denver,F,whole,geocode,denver,96-97°F,35.4,95.7,openmeteo_grid,2026-08-11T13:41:21Z
2026-08-10,highest-temperature-in-hong-kong-on-august-10-2026,hong-kong,C,decimal,hko,HKO,35°C,36.0,36.0,iem_vhhh_proxy,2026-08-11T13:41:21Z
2026-08-10,highest-temperature-in-houston-on-august-10-2026,houston,F,whole,metar,KHOU,86-87°F,30.9,87.6,openmeteo_grid,2026-08-11T13:41:21Z
2026-08-10,highest-temperature-in-los-angeles-on-august-10-2026,los-angeles,F,whole,metar,KLAX,78-79°F,25.6,78.0,iem_metar,2026-08-11T13:41:21Z
2026-08-10,highest-temperature-in-mexico-city-on-august-10-2026,mexico-city,C,whole,metar,MMMX,25°C,25.0,25.0,iem_metar,2026-08-11T13:41:21Z
2026-08-10,highest-temperature-in-miami-on-august-10-2026,miami,F,whole,metar,KMIA,92-93°F,31.1,88.0,openmeteo_grid,2026-08-11T13:41:21Z
2026-08-10,highest-temperature-in-nyc-on-august-10-2026,nyc,F,whole,metar,KLGA,90-91°F,32.8,91.0,iem_metar,2026-08-11T13:41:21Z
2026-08-10,highest-temperature-in-panama-city-on-august-10-2026,panama-city,C,whole,metar,MPMG,33°C,33.0,33.0,iem_metar,2026-08-11T13:41:21Z
2026-08-10,highest-temperature-in-san-francisco-on-august-10-2026,san-francisco,F,whole,metar,KSFO,72-73°F,22.8,73.0,iem_metar,2026-08-11T13:41:21Z
2026-08-10,highest-temperature-in-sao-paulo-on-august-10-2026,sao-paulo,C,whole,metar,SBGR,18°C,18.0,18.0,iem_metar,2026-08-11T13:41:21Z
2026-08-10,highest-temperature-in-seattle-on-august-10-2026,seattle,F,whole,metar,KSEA,74-75°F,23.3,74.0,iem_metar,2026-08-11T13:41:21Z
2026-08-10,highest-temperature-in-toronto-on-august-10-2026,toronto,C,whole,metar,CYYZ,29°C,29.0,29.0,iem_metar,2026-08-11T13:41:21Z
2026-08-11,highest-temperature-in-amsterdam-on-august-11-2026,amsterdam,C,whole,metar,EHAM,22°C,22.0,22.0,iem_metar,2026-08-12T02:46:00Z
2026-08-11,highest-temperature-in-ankara-on-august-11-2026,ankara,C,whole,metar,LTAC,32°C,32.0,32.0,iem_metar,2026-08-12T02:46:00Z
2026-08-11,highest-temperature-in-beijing-on-august-11-2026,beijing,C,whole,metar,ZBAA,33°C,33.0,33.0,iem_metar,2026-08-12T02:46:00Z
2026-08-11,highest-temperature-in-busan-on-august-11-2026,busan,C,whole,metar,RKPK,31°C,31.0,31.0,iem_metar,2026-08-12T02:46:00Z
2026-08-11,highest-temperature-in-cape-town-on-august-11-2026,cape-town,C,whole,metar,FACT,20°C,20.0,20.0,iem_metar,2026-08-12T02:46:00Z
2026-08-11,highest-temperature-in-chengdu-on-august-11-2026,chengdu,C,whole,metar,ZUUU,35°C,35.0,35.0,iem_metar,2026-08-12T02:46:00Z
2026-08-11,highest-temperature-in-chongqing-on-august-11-2026,chongqing,C,whole,metar,ZUCK,35°C,35.0,35.0,iem_metar,2026-08-12T02:46:00Z
2026-08-11,highest-temperature-in-guangzhou-on-august-11-2026,guangzhou,C,whole,metar,ZGGG,37°C,37.0,37.0,iem_metar,2026-08-12T02:46:00Z
2026-08-11,highest-temperature-in-helsinki-on-august-11-2026,helsinki,C,whole,metar,EFHK,18°C,18.0,18.0,iem_metar,2026-08-12T02:46:00Z
2026-08-11,highest-temperature-in-istanbul-on-august-11-2026,istanbul,C,whole,geocode,istanbul,27°C,27.8,27.8,openmeteo_grid,2026-08-12T02:46:00Z
2026-08-11,highest-temperature-in-jeddah-on-august-11-2026,jeddah,C,whole,metar,OEJN,40°C,40.0,40.0,iem_metar,2026-08-12T02:46:00Z
2026-08-11,highest-temperature-in-jinan-on-august-11-2026,jinan,C,whole,metar,ZSJN,>=26°C,32.9,32.9,openmeteo_grid,2026-08-12T02:46:00Z
2026-08-11,highest-temperature-in-karachi-on-august-11-2026,karachi,C,whole,metar,OPKC,32°C,32.0,32.0,iem_metar,2026-08-12T02:46:00Z
2026-08-11,highest-temperature-in-kuala-lumpur-on-august-11-2026,kuala-lumpur,C,whole,metar,WMKK,32°C,32.0,32.0,iem_metar,2026-08-12T02:46:00Z
2026-08-11,highest-temperature-in-lucknow-on-august-11-2026,lucknow,C,whole,metar,VILK,34°C,34.0,34.0,iem_metar,2026-08-12T02:46:00Z
2026-08-11,highest-temperature-in-madrid-on-august-11-2026,madrid,C,whole,metar,LEMD,36°C,36.0,36.0,iem_metar,2026-08-12T02:46:00Z
2026-08-11,highest-temperature-in-manila-on-august-11-2026,manila,C,whole,metar,RPLL,31°C,31.0,31.0,iem_metar,2026-08-12T02:46:00Z
2026-08-11,highest-temperature-in-milan-on-august-11-2026,milan,C,whole,metar,LIMC,36°C,36.0,36.0,iem_metar,2026-08-12T02:46:00Z
2026-08-11,highest-temperature-in-moscow-on-august-11-2026,moscow,C,whole,geocode,moscow,26°C,25.1,25.1,openmeteo_grid,2026-08-12T02:46:00Z
2026-08-11,highest-temperature-in-munich-on-august-11-2026,munich,C,whole,metar,EDDM,31°C,31.0,31.0,iem_metar,2026-08-12T02:46:00Z
2026-08-11,highest-temperature-in-paris-on-august-11-2026,paris,C,whole,metar,LFPB,32°C,32.0,32.0,iem_metar,2026-08-12T02:46:00Z
2026-08-11,highest-temperature-in-qingdao-on-august-11-2026,qingdao,C,whole,metar,ZSQD,31°C,31.0,31.0,iem_metar,2026-08-12T02:46:00Z
2026-08-11,highest-temperature-in-seoul-on-august-11-2026,seoul,C,whole,metar,RKSI,32°C,32.0,32.0,iem_metar,2026-08-12T02:46:00Z
2026-08-11,highest-temperature-in-shanghai-on-august-11-2026,shanghai,C,whole,metar,ZSPD,29°C,29.0,29.0,iem_metar,2026-08-12T02:46:00Z
2026-08-11,highest-temperature-in-shenzhen-on-august-11-2026,shenzhen,C,whole,metar,ZGSZ,37°C,36.0,36.0,iem_metar,2026-08-12T02:46:00Z
2026-08-11,highest-temperature-in-singapore-on-august-11-2026,singapore,C,whole,metar,WSSS,33°C,33.0,33.0,iem_metar,2026-08-12T02:46:00Z
2026-08-11,highest-temperature-in-taipei-on-august-11-2026,taipei,C,whole,metar,RCSS,35°C,35.0,35.0,iem_metar,2026-08-12T02:46:00Z
2026-08-11,highest-temperature-in-tel-aviv-on-august-11-2026,tel-aviv,C,whole,geocode,tel-aviv,35°C,34.0,34.0,openmeteo_grid,2026-08-12T02:46:00Z
2026-08-11,highest-temperature-in-tokyo-on-august-11-2026,tokyo,C,whole,metar,RJTT,32°C,32.0,32.0,iem_metar,2026-08-12T02:46:00Z
2026-08-11,highest-temperature-in-warsaw-on-august-11-2026,warsaw,C,whole,metar,EPWA,22°C,22.0,22.0,iem_metar,2026-08-12T02:46:00Z
2026-08-11,highest-temperature-in-wellington-on-august-11-2026,wellington,C,whole,metar,NZWN,12°C,12.0,12.0,iem_metar,2026-08-12T02:46:00Z
2026-08-11,highest-temperature-in-wuhan-on-august-11-2026,wuhan,C,whole,metar,ZHHH,29°C,29.0,29.0,iem_metar,2026-08-12T02:46:00Z
2026-08-11,highest-temperature-in-zhengzhou-on-august-11-2026,zhengzhou,C,whole,metar,ZHCC,26°C,26.0,26.0,iem_metar,2026-08-12T02:46:00Z
2026-08-11,highest-temperature-in-atlanta-on-august-11-2026,atlanta,F,whole,metar,KATL,92-93°F,32.2,90.0,openmeteo_grid,2026-08-12T13:44:28Z
2026-08-11,highest-temperature-in-austin-on-august-11-2026,austin,F,whole,metar,KAUS,100-101°F,37.8,100.0,iem_metar,2026-08-12T13:44:28Z
2026-08-11,highest-temperature-in-buenos-aires-on-august-11-2026,buenos-aires,C,whole,metar,SAEZ,12°C,12.0,12.0,iem_metar,2026-08-12T13:44:28Z
2026-08-11,highest-temperature-in-chicago-on-august-11-2026,chicago,F,whole,metar,KORD,80-81°F,27.7,81.9,openmeteo_grid,2026-08-12T13:44:28Z
2026-08-11,highest-temperature-in-dallas-on-august-11-2026,dallas,F,whole,geocode,dallas,98-99°F,38.1,100.6,openmeteo_grid,2026-08-12T13:44:28Z
2026-08-11,highest-temperature-in-denver-on-august-11-2026,denver,F,whole,geocode,denver,94-95°F,35.1,95.2,openmeteo_grid,2026-08-12T13:44:28Z
2026-08-11,highest-temperature-in-hong-kong-on-august-11-2026,hong-kong,C,decimal,hko,HKO,35°C,36.0,36.0,iem_vhhh_proxy,2026-08-12T13:44:28Z
2026-08-11,highest-temperature-in-houston-on-august-11-2026,houston,F,whole,metar,KHOU,92-93°F,34.3,93.7,openmeteo_grid,2026-08-12T13:44:28Z
2026-08-11,highest-temperature-in-london-on-august-11-2026,london,C,whole,metar,EGLC,24°C,24.0,24.0,iem_metar,2026-08-12T13:44:28Z
2026-08-11,highest-temperature-in-los-angeles-on-august-11-2026,los-angeles,F,whole,metar,KLAX,80-81°F,26.7,80.0,iem_metar,2026-08-12T13:44:28Z
2026-08-11,highest-temperature-in-mexico-city-on-august-11-2026,mexico-city,C,whole,metar,MMMX,25°C,25.0,25.0,iem_metar,2026-08-12T13:44:28Z
2026-08-11,highest-temperature-in-miami-on-august-11-2026,miami,F,whole,metar,KMIA,92-93°F,31.4,88.5,openmeteo_grid,2026-08-12T13:44:28Z
2026-08-11,highest-temperature-in-nyc-on-august-11-2026,nyc,F,whole,metar,KLGA,86-87°F,30.6,87.0,iem_metar,2026-08-12T13:44:28Z
2026-08-11,highest-temperature-in-panama-city-on-august-11-2026,panama-city,C,whole,metar,MPMG,33°C,33.0,33.0,iem_metar,2026-08-12T13:44:28Z
2026-08-11,highest-temperature-in-san-francisco-on-august-11-2026,san-francisco,F,whole,metar,KSFO,76-77°F,24.4,76.0,iem_metar,2026-08-12T13:44:28Z
2026-08-11,highest-temperature-in-sao-paulo-on-august-11-2026,sao-paulo,C,whole,metar,SBGR,18°C,18.0,18.0,iem_metar,2026-08-12T13:44:28Z
2026-08-11,highest-temperature-in-seattle-on-august-11-2026,seattle,F,whole,metar,KSEA,78-79°F,25.6,78.0,iem_metar,2026-08-12T13:44:28Z
2026-08-11,highest-temperature-in-toronto-on-august-11-2026,toronto,C,whole,metar,CYYZ,29°C,29.0,29.0,iem_metar,2026-08-12T13:44:28Z
2026-08-12,highest-temperature-in-amsterdam-on-august-12-2026,amsterdam,C,whole,metar,EHAM,28°C,28.0,28.0,iem_metar,2026-08-13T02:47:54Z
2026-08-12,highest-temperature-in-ankara-on-august-12-2026,ankara,C,whole,metar,LTAC,32°C,32.0,32.0,iem_metar,2026-08-13T02:47:54Z
2026-08-12,highest-temperature-in-beijing-on-august-12-2026,beijing,C,whole,metar,ZBAA,27°C,27.0,27.0,iem_metar,2026-08-13T02:47:54Z
2026-08-12,highest-temperature-in-busan-on-august-12-2026,busan,C,whole,metar,RKPK,31°C,31.0,31.0,iem_metar,2026-08-13T02:47:54Z
2026-08-12,highest-temperature-in-cape-town-on-august-12-2026,cape-town,C,whole,metar,FACT,23°C,23.0,23.0,iem_metar,2026-08-13T02:47:54Z
2026-08-12,highest-temperature-in-chengdu-on-august-12-2026,chengdu,C,whole,metar,ZUUU,38°C,38.0,38.0,iem_metar,2026-08-13T02:47:54Z
2026-08-12,highest-temperature-in-chongqing-on-august-12-2026,chongqing,C,whole,metar,ZUCK,36°C,36.0,36.0,iem_metar,2026-08-13T02:47:54Z
2026-08-12,highest-temperature-in-guangzhou-on-august-12-2026,guangzhou,C,whole,metar,ZGGG,39°C,39.0,39.0,iem_metar,2026-08-13T02:47:54Z
2026-08-12,highest-temperature-in-helsinki-on-august-12-2026,helsinki,C,whole,metar,EFHK,17°C,17.0,17.0,iem_metar,2026-08-13T02:47:54Z
2026-08-12,highest-temperature-in-istanbul-on-august-12-2026,istanbul,C,whole,geocode,istanbul,28°C,30.0,30.0,openmeteo_grid,2026-08-13T02:47:54Z
2026-08-12,highest-temperature-in-jeddah-on-august-12-2026,jeddah,C,whole,metar,OEJN,39°C,39.0,39.0,iem_metar,2026-08-13T02:47:54Z
2026-08-12,highest-temperature-in-jinan-on-august-12-2026,jinan,C,whole,metar,ZSJN,>=26°C,26.0,26.0,iem_metar,2026-08-13T02:47:54Z
2026-08-12,highest-temperature-in-karachi-on-august-12-2026,karachi,C,whole,metar,OPKC,33°C,33.0,33.0,iem_metar,2026-08-13T02:47:54Z
2026-08-12,highest-temperature-in-kuala-lumpur-on-august-12-2026,kuala-lumpur,C,whole,metar,WMKK,34°C,34.0,34.0,iem_metar,2026-08-13T02:47:54Z
2026-08-12,highest-temperature-in-london-on-august-12-2026,london,C,whole,metar,EGLC,30°C,30.0,30.0,iem_metar,2026-08-13T02:47:54Z
2026-08-12,highest-temperature-in-lucknow-on-august-12-2026,lucknow,C,whole,metar,VILK,35°C,35.0,35.0,iem_metar,2026-08-13T02:47:54Z
2026-08-12,highest-temperature-in-madrid-on-august-12-2026,madrid,C,whole,metar,LEMD,38°C,38.0,38.0,iem_metar,2026-08-13T02:47:54Z
2026-08-12,highest-temperature-in-manila-on-august-12-2026,manila,C,whole,metar,RPLL,30°C,30.0,30.0,iem_metar,2026-08-13T02:47:54Z
2026-08-12,highest-temperature-in-milan-on-august-12-2026,milan,C,whole,metar,LIMC,36°C,36.0,36.0,iem_metar,2026-08-13T02:47:54Z
2026-08-12,highest-temperature-in-moscow-on-august-12-2026,moscow,C,whole,geocode,moscow,18°C,17.6,17.6,openmeteo_grid,2026-08-13T02:47:54Z
2026-08-12,highest-temperature-in-munich-on-august-12-2026,munich,C,whole,metar,EDDM,30°C,30.0,30.0,iem_metar,2026-08-13T02:47:54Z
2026-08-12,highest-temperature-in-paris-on-august-12-2026,paris,C,whole,metar,LFPB,35°C,35.0,35.0,iem_metar,2026-08-13T02:47:54Z
2026-08-12,highest-temperature-in-qingdao-on-august-12-2026,qingdao,C,whole,metar,ZSQD,32°C,32.0,32.0,iem_metar,2026-08-13T02:47:54Z
2026-08-12,highest-temperature-in-seoul-on-august-12-2026,seoul,C,whole,metar,RKSI,32°C,32.0,32.0,iem_metar,2026-08-13T02:47:54Z
2026-08-12,highest-temperature-in-shanghai-on-august-12-2026,shanghai,C,whole,metar,ZSPD,27°C,27.0,27.0,iem_metar,2026-08-13T02:47:54Z
2026-08-12,highest-temperature-in-shenzhen-on-august-12-2026,shenzhen,C,whole,metar,ZGSZ,36°C,33.0,33.0,iem_metar,2026-08-13T02:47:54Z
2026-08-12,highest-temperature-in-singapore-on-august-12-2026,singapore,C,whole,metar,WSSS,32°C,32.0,32.0,iem_metar,2026-08-13T02:47:54Z
2026-08-12,highest-temperature-in-taipei-on-august-12-2026,taipei,C,whole,metar,RCSS,36°C,36.0,36.0,iem_metar,2026-08-13T02:47:54Z
2026-08-12,highest-temperature-in-tel-aviv-on-august-12-2026,tel-aviv,C,whole,geocode,tel-aviv,35°C,33.7,33.7,openmeteo_grid,2026-08-13T02:47:54Z
2026-08-12,highest-temperature-in-tokyo-on-august-12-2026,tokyo,C,whole,metar,RJTT,29°C,29.0,29.0,iem_metar,2026-08-13T02:47:54Z
2026-08-12,highest-temperature-in-warsaw-on-august-12-2026,warsaw,C,whole,metar,EPWA,22°C,22.0,22.0,iem_metar,2026-08-13T02:47:54Z
2026-08-12,highest-temperature-in-wellington-on-august-12-2026,wellington,C,whole,metar,NZWN,14°C,14.0,14.0,iem_metar,2026-08-13T02:47:54Z
2026-08-12,highest-temperature-in-wuhan-on-august-12-2026,wuhan,C,whole,metar,ZHHH,28°C,28.0,28.0,iem_metar,2026-08-13T02:47:54Z
2026-08-12,highest-temperature-in-zhengzhou-on-august-12-2026,zhengzhou,C,whole,metar,ZHCC,25°C,25.0,25.0,iem_metar,2026-08-13T02:47:54Z
2026-08-12,highest-temperature-in-atlanta-on-august-12-2026,atlanta,F,whole,metar,KATL,92-93°F,33.0,91.4,openmeteo_grid,2026-08-13T13:45:09Z
2026-08-12,highest-temperature-in-austin-on-august-12-2026,austin,F,whole,metar,KAUS,100-101°F,38.3,101.0,iem_metar,2026-08-13T13:45:09Z
2026-08-12,highest-temperature-in-buenos-aires-on-august-12-2026,buenos-aires,C,whole,metar,SAEZ,12°C,12.0,12.0,iem_metar,2026-08-13T13:45:09Z
2026-08-12,highest-temperature-in-chicago-on-august-12-2026,chicago,F,whole,metar,KORD,82-83°F,29.8,85.6,openmeteo_grid,2026-08-13T13:45:09Z
2026-08-12,highest-temperature-in-dallas-on-august-12-2026,dallas,F,whole,geocode,dallas,100-101°F,39.5,103.1,openmeteo_grid,2026-08-13T13:45:09Z
2026-08-12,highest-temperature-in-denver-on-august-12-2026,denver,F,whole,geocode,denver,92-93°F,34.1,93.4,openmeteo_grid,2026-08-13T13:45:09Z
2026-08-12,highest-temperature-in-hong-kong-on-august-12-2026,hong-kong,C,decimal,hko,HKO,34°C,35.0,35.0,iem_vhhh_proxy,2026-08-13T13:45:09Z
2026-08-12,highest-temperature-in-houston-on-august-12-2026,houston,F,whole,metar,KHOU,94-95°F,35.2,95.4,openmeteo_grid,2026-08-13T13:45:09Z
2026-08-12,highest-temperature-in-los-angeles-on-august-12-2026,los-angeles,F,whole,metar,KLAX,76-77°F,24.4,76.0,iem_metar,2026-08-13T13:45:09Z
2026-08-12,highest-temperature-in-mexico-city-on-august-12-2026,mexico-city,C,whole,metar,MMMX,25°C,25.0,25.0,iem_metar,2026-08-13T13:45:09Z
2026-08-12,highest-temperature-in-miami-on-august-12-2026,miami,F,whole,metar,KMIA,92-93°F,31.7,89.1,openmeteo_grid,2026-08-13T13:45:09Z
2026-08-12,highest-temperature-in-nyc-on-august-12-2026,nyc,F,whole,metar,KLGA,86-87°F,30.0,86.0,iem_metar,2026-08-13T13:45:09Z
2026-08-12,highest-temperature-in-panama-city-on-august-12-2026,panama-city,C,whole,metar,MPMG,33°C,33.0,33.0,iem_metar,2026-08-13T13:45:09Z
2026-08-12,highest-temperature-in-san-francisco-on-august-12-2026,san-francisco,F,whole,metar,KSFO,72-73°F,22.8,73.0,iem_metar,2026-08-13T13:45:09Z
2026-08-12,highest-temperature-in-sao-paulo-on-august-12-2026,sao-paulo,C,whole,metar,SBGR,24°C,24.0,24.0,iem_metar,2026-08-13T13:45:09Z
2026-08-12,highest-temperature-in-seattle-on-august-12-2026,seattle,F,whole,metar,KSEA,78-79°F,25.6,78.0,iem_metar,2026-08-13T13:45:09Z
2026-08-12,highest-temperature-in-toronto-on-august-12-2026,toronto,C,whole,metar,CYYZ,27°C,27.0,27.0,iem_metar,2026-08-13T13:45:09Z
2026-08-13,highest-temperature-in-amsterdam-on-august-13-2026,amsterdam,C,whole,metar,EHAM,33°C,33.0,33.0,iem_metar,2026-08-14T02:46:44Z
2026-08-13,highest-temperature-in-ankara-on-august-13-2026,ankara,C,whole,metar,LTAC,30°C,30.0,30.0,iem_metar,2026-08-14T02:46:44Z
2026-08-13,highest-temperature-in-beijing-on-august-13-2026,beijing,C,whole,metar,ZBAA,30°C,30.0,30.0,iem_metar,2026-08-14T02:46:44Z
2026-08-13,highest-temperature-in-busan-on-august-13-2026,busan,C,whole,metar,RKPK,32°C,32.0,32.0,iem_metar,2026-08-14T02:46:44Z
2026-08-13,highest-temperature-in-cape-town-on-august-13-2026,cape-town,C,whole,metar,FACT,28°C,28.0,28.0,iem_metar,2026-08-14T02:46:44Z
2026-08-13,highest-temperature-in-chengdu-on-august-13-2026,chengdu,C,whole,metar,ZUUU,36°C,36.0,36.0,iem_metar,2026-08-14T02:46:44Z
2026-08-13,highest-temperature-in-chongqing-on-august-13-2026,chongqing,C,whole,metar,ZUCK,36°C,36.0,36.0,iem_metar,2026-08-14T02:46:44Z
2026-08-13,highest-temperature-in-guangzhou-on-august-13-2026,guangzhou,C,whole,metar,ZGGG,35°C,35.0,35.0,iem_metar,2026-08-14T02:46:44Z
2026-08-13,highest-temperature-in-helsinki-on-august-13-2026,helsinki,C,whole,metar,EFHK,19°C,19.0,19.0,iem_metar,2026-08-14T02:46:44Z
2026-08-13,highest-temperature-in-istanbul-on-august-13-2026,istanbul,C,whole,geocode,istanbul,27°C,28.5,28.5,openmeteo_grid,2026-08-14T02:46:44Z
2026-08-13,highest-temperature-in-jeddah-on-august-13-2026,jeddah,C,whole,metar,OEJN,39°C,39.0,39.0,iem_metar,2026-08-14T02:46:44Z
2026-08-13,highest-temperature-in-jinan-on-august-13-2026,jinan,C,whole,metar,ZSJN,>=26°C,27.5,27.5,openmeteo_grid,2026-08-14T02:46:44Z
2026-08-13,highest-temperature-in-karachi-on-august-13-2026,karachi,C,whole,metar,OPKC,33°C,33.0,33.0,iem_metar,2026-08-14T02:46:44Z
2026-08-13,highest-temperature-in-kuala-lumpur-on-august-13-2026,kuala-lumpur,C,whole,metar,WMKK,33°C,33.0,33.0,iem_metar,2026-08-14T02:46:44Z
2026-08-13,highest-temperature-in-london-on-august-13-2026,london,C,whole,metar,EGLC,34°C,34.0,34.0,iem_metar,2026-08-14T02:46:44Z
2026-08-13,highest-temperature-in-lucknow-on-august-13-2026,lucknow,C,whole,metar,VILK,35°C,35.0,35.0,iem_metar,2026-08-14T02:46:44Z
2026-08-13,highest-temperature-in-madrid-on-august-13-2026,madrid,C,whole,metar,LEMD,40°C,40.0,40.0,iem_metar,2026-08-14T02:46:44Z
2026-08-13,highest-temperature-in-manila-on-august-13-2026,manila,C,whole,metar,RPLL,28°C,28.0,28.0,iem_metar,2026-08-14T02:46:44Z
2026-08-13,highest-temperature-in-milan-on-august-13-2026,milan,C,whole,metar,LIMC,35°C,35.0,35.0,iem_metar,2026-08-14T02:46:44Z
2026-08-13,highest-temperature-in-moscow-on-august-13-2026,moscow,C,whole,geocode,moscow,14°C,15.3,15.3,openmeteo_grid,2026-08-14T02:46:44Z
2026-08-13,highest-temperature-in-munich-on-august-13-2026,munich,C,whole,metar,EDDM,31°C,31.0,31.0,iem_metar,2026-08-14T02:46:44Z
2026-08-13,highest-temperature-in-paris-on-august-13-2026,paris,C,whole,metar,LFPB,38°C,38.0,38.0,iem_metar,2026-08-14T02:46:44Z
2026-08-13,highest-temperature-in-qingdao-on-august-13-2026,qingdao,C,whole,metar,ZSQD,29°C,29.0,29.0,iem_metar,2026-08-14T02:46:44Z
2026-08-13,highest-temperature-in-seoul-on-august-13-2026,seoul,C,whole,metar,RKSI,31°C,31.0,31.0,iem_metar,2026-08-14T02:46:44Z
2026-08-13,highest-temperature-in-shanghai-on-august-13-2026,shanghai,C,whole,metar,ZSPD,29°C,29.0,29.0,iem_metar,2026-08-14T02:46:44Z
2026-08-13,highest-temperature-in-shenzhen-on-august-13-2026,shenzhen,C,whole,metar,ZGSZ,36°C,32.0,32.0,iem_metar,2026-08-14T02:46:44Z
2026-08-13,highest-temperature-in-singapore-on-august-13-2026,singapore,C,whole,metar,WSSS,32°C,32.0,32.0,iem_metar,2026-08-14T02:46:44Z
2026-08-13,highest-temperature-in-taipei-on-august-13-2026,taipei,C,whole,metar,RCSS,36°C,36.0,36.0,iem_metar,2026-08-14T02:46:44Z
2026-08-13,highest-temperature-in-tel-aviv-on-august-13-2026,tel-aviv,C,whole,geocode,tel-aviv,34°C,32.0,32.0,openmeteo_grid,2026-08-14T02:46:44Z
2026-08-13,highest-temperature-in-tokyo-on-august-13-2026,tokyo,C,whole,metar,RJTT,28°C,28.0,28.0,iem_metar,2026-08-14T02:46:44Z
2026-08-13,highest-temperature-in-warsaw-on-august-13-2026,warsaw,C,whole,metar,EPWA,23°C,23.0,23.0,iem_metar,2026-08-14T02:46:44Z
2026-08-13,highest-temperature-in-wellington-on-august-13-2026,wellington,C,whole,metar,NZWN,15°C,15.0,15.0,iem_metar,2026-08-14T02:46:44Z
2026-08-13,highest-temperature-in-wuhan-on-august-13-2026,wuhan,C,whole,metar,ZHHH,26°C,26.0,26.0,iem_metar,2026-08-14T02:46:44Z
2026-08-13,highest-temperature-in-zhengzhou-on-august-13-2026,zhengzhou,C,whole,metar,ZHCC,27°C,27.0,27.0,iem_metar,2026-08-14T02:46:44Z
2026-08-13,highest-temperature-in-atlanta-on-august-13-2026,atlanta,F,whole,metar,KATL,94-95°F,33.9,93.0,openmeteo_grid,2026-08-14T13:40:36Z
2026-08-13,highest-temperature-in-austin-on-august-13-2026,austin,F,whole,metar,KAUS,102-103°F,38.9,102.0,iem_metar,2026-08-14T13:40:36Z
2026-08-13,highest-temperature-in-buenos-aires-on-august-13-2026,buenos-aires,C,whole,metar,SAEZ,10°C,10.0,10.0,iem_metar,2026-08-14T13:40:36Z
2026-08-13,highest-temperature-in-chicago-on-august-13-2026,chicago,F,whole,metar,KORD,78-79°F,27.0,80.6,openmeteo_grid,2026-08-14T13:40:36Z
2026-08-13,highest-temperature-in-dallas-on-august-13-2026,dallas,F,whole,geocode,dallas,100-101°F,38.4,101.1,openmeteo_grid,2026-08-14T13:40:36Z
2026-08-13,highest-temperature-in-denver-on-august-13-2026,denver,F,whole,geocode,denver,80-81°F,27.3,81.1,openmeteo_grid,2026-08-14T13:40:36Z
2026-08-13,highest-temperature-in-hong-kong-on-august-13-2026,hong-kong,C,decimal,hko,HKO,33°C,35.0,35.0,iem_vhhh_proxy,2026-08-14T13:40:36Z
2026-08-13,highest-temperature-in-houston-on-august-13-2026,houston,F,whole,metar,KHOU,94-95°F,35.8,96.4,openmeteo_grid,2026-08-14T13:40:36Z
2026-08-13,highest-temperature-in-los-angeles-on-august-13-2026,los-angeles,F,whole,metar,KLAX,76-77°F,25.0,77.0,iem_metar,2026-08-14T13:40:36Z
2026-08-13,highest-temperature-in-mexico-city-on-august-13-2026,mexico-city,C,whole,metar,MMMX,26°C,26.0,26.0,iem_metar,2026-08-14T13:40:36Z
2026-08-13,highest-temperature-in-miami-on-august-13-2026,miami,F,whole,metar,KMIA,94-95°F,32.8,91.0,openmeteo_grid,2026-08-14T13:40:36Z
2026-08-13,highest-temperature-in-nyc-on-august-13-2026,nyc,F,whole,metar,KLGA,86-87°F,30.0,86.0,iem_metar,2026-08-14T13:40:36Z
2026-08-13,highest-temperature-in-panama-city-on-august-13-2026,panama-city,C,whole,metar,MPMG,34°C,34.0,34.0,iem_metar,2026-08-14T13:40:36Z
2026-08-13,highest-temperature-in-san-francisco-on-august-13-2026,san-francisco,F,whole,metar,KSFO,70-71°F,21.7,71.0,iem_metar,2026-08-14T13:40:36Z
2026-08-13,highest-temperature-in-sao-paulo-on-august-13-2026,sao-paulo,C,whole,metar,SBGR,30°C,30.0,30.0,iem_metar,2026-08-14T13:40:36Z
2026-08-13,highest-temperature-in-seattle-on-august-13-2026,seattle,F,whole,metar,KSEA,80-81°F,26.7,80.0,iem_metar,2026-08-14T13:40:36Z
2026-08-13,highest-temperature-in-toronto-on-august-13-2026,toronto,C,whole,metar,CYYZ,28°C,28.0,28.0,iem_metar,2026-08-14T13:40:36Z
2026-08-14,highest-temperature-in-amsterdam-on-august-14-2026,amsterdam,C,whole,metar,EHAM,34°C,34.0,34.0,iem_metar,2026-08-15T01:53:06Z
2026-08-14,highest-temperature-in-ankara-on-august-14-2026,ankara,C,whole,metar,LTAC,27°C,27.0,27.0,iem_metar,2026-08-15T01:53:06Z
2026-08-14,highest-temperature-in-beijing-on-august-14-2026,beijing,C,whole,metar,ZBAA,32°C,32.0,32.0,iem_metar,2026-08-15T01:53:06Z
2026-08-14,highest-temperature-in-busan-on-august-14-2026,busan,C,whole,metar,RKPK,32°C,32.0,32.0,iem_metar,2026-08-15T01:53:06Z
2026-08-14,highest-temperature-in-cape-town-on-august-14-2026,cape-town,C,whole,metar,FACT,17°C,17.0,17.0,iem_metar,2026-08-15T01:53:06Z
2026-08-14,highest-temperature-in-chengdu-on-august-14-2026,chengdu,C,whole,metar,ZUUU,37°C,37.0,37.0,iem_metar,2026-08-15T01:53:06Z
2026-08-14,highest-temperature-in-chongqing-on-august-14-2026,chongqing,C,whole,metar,ZUCK,36°C,36.0,36.0,iem_metar,2026-08-15T01:53:06Z
2026-08-14,highest-temperature-in-guangzhou-on-august-14-2026,guangzhou,C,whole,metar,ZGGG,34°C,34.0,34.0,iem_metar,2026-08-15T01:53:06Z
2026-08-14,highest-temperature-in-helsinki-on-august-14-2026,helsinki,C,whole,metar,EFHK,20°C,20.0,20.0,iem_metar,2026-08-15T01:53:06Z
2026-08-14,highest-temperature-in-istanbul-on-august-14-2026,istanbul,C,whole,geocode,istanbul,27°C,27.3,27.3,openmeteo_grid,2026-08-15T01:53:06Z
2026-08-14,highest-temperature-in-jeddah-on-august-14-2026,jeddah,C,whole,metar,OEJN,39°C,39.0,39.0,iem_metar,2026-08-15T01:53:06Z
2026-08-14,highest-temperature-in-jinan-on-august-14-2026,jinan,C,whole,metar,ZSJN,>=26°C,31.1,31.1,openmeteo_grid,2026-08-15T01:53:06Z
2026-08-14,highest-temperature-in-karachi-on-august-14-2026,karachi,C,whole,metar,OPKC,32°C,32.0,32.0,iem_metar,2026-08-15T01:53:06Z
2026-08-14,highest-temperature-in-kuala-lumpur-on-august-14-2026,kuala-lumpur,C,whole,metar,WMKK,33°C,33.0,33.0,iem_metar,2026-08-15T01:53:06Z
2026-08-14,highest-temperature-in-london-on-august-14-2026,london,C,whole,metar,EGLC,34°C,34.0,34.0,iem_metar,2026-08-15T01:53:06Z
2026-08-14,highest-temperature-in-lucknow-on-august-14-2026,lucknow,C,whole,metar,VILK,34°C,34.0,34.0,iem_metar,2026-08-15T01:53:06Z
2026-08-14,highest-temperature-in-madrid-on-august-14-2026,madrid,C,whole,metar,LEMD,39°C,39.0,39.0,iem_metar,2026-08-15T01:53:06Z
2026-08-14,highest-temperature-in-manila-on-august-14-2026,manila,C,whole,metar,RPLL,28°C,28.0,28.0,iem_metar,2026-08-15T01:53:06Z
2026-08-14,highest-temperature-in-milan-on-august-14-2026,milan,C,whole,metar,LIMC,34°C,34.0,34.0,iem_metar,2026-08-15T01:53:06Z
2026-08-14,highest-temperature-in-moscow-on-august-14-2026,moscow,C,whole,geocode,moscow,18°C,18.1,18.1,openmeteo_grid,2026-08-15T01:53:06Z
2026-08-14,highest-temperature-in-munich-on-august-14-2026,munich,C,whole,metar,EDDM,33°C,33.0,33.0,iem_metar,2026-08-15T01:53:06Z
2026-08-14,highest-temperature-in-paris-on-august-14-2026,paris,C,whole,metar,LFPB,39°C,39.0,39.0,iem_metar,2026-08-15T01:53:06Z
2026-08-14,highest-temperature-in-qingdao-on-august-14-2026,qingdao,C,whole,metar,ZSQD,33°C,33.0,33.0,iem_metar,2026-08-15T01:53:06Z
2026-08-14,highest-temperature-in-seoul-on-august-14-2026,seoul,C,whole,metar,RKSI,30°C,30.0,30.0,iem_metar,2026-08-15T01:53:06Z
2026-08-14,highest-temperature-in-shanghai-on-august-14-2026,shanghai,C,whole,metar,ZSPD,28°C,28.0,28.0,iem_metar,2026-08-15T01:53:06Z
2026-08-14,highest-temperature-in-shenzhen-on-august-14-2026,shenzhen,C,whole,metar,ZGSZ,30°C,30.0,30.0,iem_metar,2026-08-15T01:53:06Z
2026-08-14,highest-temperature-in-singapore-on-august-14-2026,singapore,C,whole,metar,WSSS,33°C,33.0,33.0,iem_metar,2026-08-15T01:53:06Z
2026-08-14,highest-temperature-in-taipei-on-august-14-2026,taipei,C,whole,metar,RCSS,37°C,37.0,37.0,iem_metar,2026-08-15T01:53:06Z
2026-08-14,highest-temperature-in-tel-aviv-on-august-14-2026,tel-aviv,C,whole,geocode,tel-aviv,32°C,32.1,32.1,openmeteo_grid,2026-08-15T01:53:06Z
2026-08-14,highest-temperature-in-tokyo-on-august-14-2026,tokyo,C,whole,metar,RJTT,31°C,31.0,31.0,iem_metar,2026-08-15T01:53:06Z
2026-08-14,highest-temperature-in-warsaw-on-august-14-2026,warsaw,C,whole,metar,EPWA,26°C,26.0,26.0,iem_metar,2026-08-15T01:53:06Z
2026-08-14,highest-temperature-in-wellington-on-august-14-2026,wellington,C,whole,metar,NZWN,13°C,13.0,13.0,iem_metar,2026-08-15T01:53:06Z
2026-08-14,highest-temperature-in-wuhan-on-august-14-2026,wuhan,C,whole,metar,ZHHH,30°C,30.0,30.0,iem_metar,2026-08-15T01:53:06Z
2026-08-14,highest-temperature-in-zhengzhou-on-august-14-2026,zhengzhou,C,whole,metar,ZHCC,29°C,29.0,29.0,iem_metar,2026-08-15T01:53:06Z
2026-08-14,highest-temperature-in-atlanta-on-august-14-2026,atlanta,F,whole,metar,KATL,94-95°F,33.8,92.8,openmeteo_grid,2026-08-15T12:56:45Z
2026-08-14,highest-temperature-in-austin-on-august-14-2026,austin,F,whole,metar,KAUS,96-97°F,36.1,97.0,iem_metar,2026-08-15T12:56:45Z
2026-08-14,highest-temperature-in-buenos-aires-on-august-14-2026,buenos-aires,C,whole,metar,SAEZ,14°C,14.0,14.0,iem_metar,2026-08-15T12:56:45Z
2026-08-14,highest-temperature-in-chicago-on-august-14-2026,chicago,F,whole,metar,KORD,80-81°F,26.4,79.5,openmeteo_grid,2026-08-15T12:56:45Z
2026-08-14,highest-temperature-in-dallas-on-august-14-2026,dallas,F,whole,geocode,dallas,100-101°F,38.4,101.1,openmeteo_grid,2026-08-15T12:56:45Z
2026-08-14,highest-temperature-in-denver-on-august-14-2026,denver,F,whole,geocode,denver,86-87°F,33.9,93.0,openmeteo_grid,2026-08-15T12:56:45Z
2026-08-14,highest-temperature-in-houston-on-august-14-2026,houston,F,whole,metar,KHOU,92-93°F,34.6,94.3,openmeteo_grid,2026-08-15T12:56:45Z
2026-08-14,highest-temperature-in-los-angeles-on-august-14-2026,los-angeles,F,whole,metar,KLAX,78-79°F,25.6,78.0,iem_metar,2026-08-15T12:56:45Z
2026-08-14,highest-temperature-in-mexico-city-on-august-14-2026,mexico-city,C,whole,metar,MMMX,26°C,26.0,26.0,iem_metar,2026-08-15T12:56:45Z
2026-08-14,highest-temperature-in-miami-on-august-14-2026,miami,F,whole,metar,KMIA,94-95°F,33.0,91.4,openmeteo_grid,2026-08-15T12:56:45Z
2026-08-14,highest-temperature-in-nyc-on-august-14-2026,nyc,F,whole,metar,KLGA,86-87°F,30.0,86.0,iem_metar,2026-08-15T12:56:45Z
2026-08-14,highest-temperature-in-panama-city-on-august-14-2026,panama-city,C,whole,metar,MPMG,33°C,33.0,33.0,iem_metar,2026-08-15T12:56:45Z
2026-08-14,highest-temperature-in-san-francisco-on-august-14-2026,san-francisco,F,whole,metar,KSFO,70-71°F,21.1,70.0,iem_metar,2026-08-15T12:56:45Z
2026-08-14,highest-temperature-in-sao-paulo-on-august-14-2026,sao-paulo,C,whole,metar,SBGR,26°C,26.0,26.0,iem_metar,2026-08-15T12:56:45Z
2026-08-14,highest-temperature-in-seattle-on-august-14-2026,seattle,F,whole,metar,KSEA,76-77°F,25.0,77.0,iem_metar,2026-08-15T12:56:45Z
2026-08-14,highest-temperature-in-toronto-on-august-14-2026,toronto,C,whole,metar,CYYZ,27°C,27.0,27.0,iem_metar,2026-08-15T12:56:45Z
2026-08-15,highest-temperature-in-amsterdam-on-august-15-2026,amsterdam,C,whole,metar,EHAM,23°C,23.0,23.0,iem_metar,2026-08-16T02:00:43Z
2026-08-15,highest-temperature-in-ankara-on-august-15-2026,ankara,C,whole,metar,LTAC,26°C,26.0,26.0,iem_metar,2026-08-16T02:00:43Z
2026-08-15,highest-temperature-in-beijing-on-august-15-2026,beijing,C,whole,metar,ZBAA,29°C,29.0,29.0,iem_metar,2026-08-16T02:00:43Z
2026-08-15,highest-temperature-in-busan-on-august-15-2026,busan,C,whole,metar,RKPK,32°C,32.0,32.0,iem_metar,2026-08-16T02:00:43Z
2026-08-15,highest-temperature-in-chengdu-on-august-15-2026,chengdu,C,whole,metar,ZUUU,37°C,37.0,37.0,iem_metar,2026-08-16T02:00:43Z
2026-08-15,highest-temperature-in-chongqing-on-august-15-2026,chongqing,C,whole,metar,ZUCK,36°C,36.0,36.0,iem_metar,2026-08-16T02:00:43Z
2026-08-15,highest-temperature-in-guangzhou-on-august-15-2026,guangzhou,C,whole,metar,ZGGG,35°C,35.0,35.0,iem_metar,2026-08-16T02:00:43Z
2026-08-15,highest-temperature-in-istanbul-on-august-15-2026,istanbul,C,whole,geocode,istanbul,27°C,26.5,26.5,openmeteo_grid,2026-08-16T02:00:43Z
2026-08-15,highest-temperature-in-jeddah-on-august-15-2026,jeddah,C,whole,metar,OEJN,>=40°C,42.0,42.0,iem_metar,2026-08-16T02:00:43Z
2026-08-15,highest-temperature-in-jinan-on-august-15-2026,jinan,C,whole,metar,ZSJN,>=26°C,33.2,33.2,openmeteo_grid,2026-08-16T02:00:43Z
2026-08-15,highest-temperature-in-kuala-lumpur-on-august-15-2026,kuala-lumpur,C,whole,metar,WMKK,34°C,34.0,34.0,iem_metar,2026-08-16T02:00:43Z
2026-08-15,highest-temperature-in-lucknow-on-august-15-2026,lucknow,C,whole,metar,VILK,35°C,35.0,35.0,iem_metar,2026-08-16T02:00:43Z
2026-08-15,highest-temperature-in-manila-on-august-15-2026,manila,C,whole,metar,RPLL,31°C,31.0,31.0,iem_metar,2026-08-16T02:00:43Z
2026-08-15,highest-temperature-in-moscow-on-august-15-2026,moscow,C,whole,geocode,moscow,20°C,19.9,19.9,openmeteo_grid,2026-08-16T02:00:43Z
2026-08-15,highest-temperature-in-paris-on-august-15-2026,paris,C,whole,metar,LFPB,31°C,31.0,31.0,iem_metar,2026-08-16T02:00:43Z
2026-08-15,highest-temperature-in-qingdao-on-august-15-2026,qingdao,C,whole,metar,ZSQD,31°C,31.0,31.0,iem_metar,2026-08-16T02:00:43Z
2026-08-15,highest-temperature-in-seoul-on-august-15-2026,seoul,C,whole,metar,RKSI,28°C,28.0,28.0,iem_metar,2026-08-16T02:00:43Z
2026-08-15,highest-temperature-in-shanghai-on-august-15-2026,shanghai,C,whole,metar,ZSPD,31°C,31.0,31.0,iem_metar,2026-08-16T02:00:43Z
2026-08-15,highest-temperature-in-shenzhen-on-august-15-2026,shenzhen,C,whole,metar,ZGSZ,32°C,31.0,31.0,iem_metar,2026-08-16T02:00:43Z
2026-08-15,highest-temperature-in-singapore-on-august-15-2026,singapore,C,whole,metar,WSSS,33°C,33.0,33.0,iem_metar,2026-08-16T02:00:43Z
2026-08-15,highest-temperature-in-taipei-on-august-15-2026,taipei,C,whole,metar,RCSS,36°C,36.0,36.0,iem_metar,2026-08-16T02:00:43Z
2026-08-15,highest-temperature-in-tel-aviv-on-august-15-2026,tel-aviv,C,whole,geocode,tel-aviv,33°C,32.4,32.4,openmeteo_grid,2026-08-16T02:00:43Z
2026-08-15,highest-temperature-in-tokyo-on-august-15-2026,tokyo,C,whole,metar,RJTT,29°C,29.0,29.0,iem_metar,2026-08-16T02:00:43Z
2026-08-15,highest-temperature-in-wellington-on-august-15-2026,wellington,C,whole,metar,NZWN,13°C,13.0,13.0,iem_metar,2026-08-16T02:00:43Z
2026-08-15,highest-temperature-in-wuhan-on-august-15-2026,wuhan,C,whole,metar,ZHHH,28°C,28.0,28.0,iem_metar,2026-08-16T02:00:43Z
2026-08-15,highest-temperature-in-zhengzhou-on-august-15-2026,zhengzhou,C,whole,metar,ZHCC,31°C,31.0,31.0,iem_metar,2026-08-16T02:00:43Z
2026-08-15,highest-temperature-in-atlanta-on-august-15-2026,atlanta,F,whole,metar,KATL,94-95°F,34.2,93.6,openmeteo_grid,2026-08-16T13:01:19Z
2026-08-15,highest-temperature-in-austin-on-august-15-2026,austin,F,whole,metar,KAUS,102-103°F,38.9,102.0,iem_metar,2026-08-16T13:01:19Z
2026-08-15,highest-temperature-in-buenos-aires-on-august-15-2026,buenos-aires,C,whole,metar,SAEZ,16°C,16.0,16.0,iem_metar,2026-08-16T13:01:19Z
2026-08-15,highest-temperature-in-cape-town-on-august-15-2026,cape-town,C,whole,metar,FACT,17°C,17.0,17.0,iem_metar,2026-08-16T13:01:19Z
2026-08-15,highest-temperature-in-chicago-on-august-15-2026,chicago,F,whole,metar,KORD,78-79°F,25.6,78.1,openmeteo_grid,2026-08-16T13:01:19Z
2026-08-15,highest-temperature-in-dallas-on-august-15-2026,dallas,F,whole,geocode,dallas,100-101°F,38.3,100.9,openmeteo_grid,2026-08-16T13:01:19Z
2026-08-15,highest-temperature-in-denver-on-august-15-2026,denver,F,whole,geocode,denver,82-83°F,28.4,83.1,openmeteo_grid,2026-08-16T13:01:19Z
2026-08-15,highest-temperature-in-helsinki-on-august-15-2026,helsinki,C,whole,metar,EFHK,23°C,23.0,23.0,iem_metar,2026-08-16T13:01:19Z
2026-08-15,highest-temperature-in-houston-on-august-15-2026,houston,F,whole,metar,KHOU,96-97°F,36.5,97.7,openmeteo_grid,2026-08-16T13:01:19Z
2026-08-15,highest-temperature-in-karachi-on-august-15-2026,karachi,C,whole,metar,OPKC,32°C,32.0,32.0,iem_metar,2026-08-16T13:01:19Z
2026-08-15,highest-temperature-in-london-on-august-15-2026,london,C,whole,metar,EGLC,26°C,26.0,26.0,iem_metar,2026-08-16T13:01:19Z
2026-08-15,highest-temperature-in-los-angeles-on-august-15-2026,los-angeles,F,whole,metar,KLAX,76-77°F,24.4,76.0,iem_metar,2026-08-16T13:01:19Z
2026-08-15,highest-temperature-in-madrid-on-august-15-2026,madrid,C,whole,metar,LEMD,<=30°C,30.0,30.0,iem_metar,2026-08-16T13:01:19Z
2026-08-15,highest-temperature-in-mexico-city-on-august-15-2026,mexico-city,C,whole,metar,MMMX,26°C,26.0,26.0,iem_metar,2026-08-16T13:01:19Z
2026-08-15,highest-temperature-in-miami-on-august-15-2026,miami,F,whole,metar,KMIA,92-93°F,32.9,91.2,openmeteo_grid,2026-08-16T13:01:19Z
2026-08-15,highest-temperature-in-milan-on-august-15-2026,milan,C,whole,metar,LIMC,34°C,34.0,34.0,iem_metar,2026-08-16T13:01:19Z
2026-08-15,highest-temperature-in-munich-on-august-15-2026,munich,C,whole,metar,EDDM,35°C,35.0,35.0,iem_metar,2026-08-16T13:01:19Z
2026-08-15,highest-temperature-in-nyc-on-august-15-2026,nyc,F,whole,metar,KLGA,84-85°F,28.9,84.0,iem_metar,2026-08-16T13:01:19Z
2026-08-15,highest-temperature-in-panama-city-on-august-15-2026,panama-city,C,whole,metar,MPMG,32°C,32.0,32.0,iem_metar,2026-08-16T13:01:19Z
2026-08-15,highest-temperature-in-san-francisco-on-august-15-2026,san-francisco,F,whole,metar,KSFO,68-69°F,20.0,68.0,iem_metar,2026-08-16T13:01:19Z
2026-08-15,highest-temperature-in-sao-paulo-on-august-15-2026,sao-paulo,C,whole,metar,SBGR,22°C,22.0,22.0,iem_metar,2026-08-16T13:01:19Z
2026-08-15,highest-temperature-in-seattle-on-august-15-2026,seattle,F,whole,metar,KSEA,74-75°F,23.9,75.0,iem_metar,2026-08-16T13:01:19Z
2026-08-15,highest-temperature-in-toronto-on-august-15-2026,toronto,C,whole,metar,CYYZ,24°C,24.0,24.0,iem_metar,2026-08-16T13:01:19Z
2026-08-15,highest-temperature-in-warsaw-on-august-15-2026,warsaw,C,whole,metar,EPWA,30°C,30.0,30.0,iem_metar,2026-08-16T13:01:19Z
2026-08-16,highest-temperature-in-ankara-on-august-16-2026,ankara,C,whole,metar,LTAC,27°C,27.0,27.0,iem_metar,2026-08-17T01:57:21Z
2026-08-16,highest-temperature-in-beijing-on-august-16-2026,beijing,C,whole,metar,ZBAA,28°C,28.0,28.0,iem_metar,2026-08-17T01:57:21Z
2026-08-16,highest-temperature-in-busan-on-august-16-2026,busan,C,whole,metar,RKPK,26°C,26.0,26.0,iem_metar,2026-08-17T01:57:21Z
2026-08-16,highest-temperature-in-cape-town-on-august-16-2026,cape-town,C,whole,metar,FACT,17°C,17.0,17.0,iem_metar,2026-08-17T01:57:21Z
2026-08-16,highest-temperature-in-chengdu-on-august-16-2026,chengdu,C,whole,metar,ZUUU,30°C,30.0,30.0,iem_metar,2026-08-17T01:57:21Z
2026-08-16,highest-temperature-in-chongqing-on-august-16-2026,chongqing,C,whole,metar,ZUCK,37°C,37.0,37.0,iem_metar,2026-08-17T01:57:21Z
2026-08-16,highest-temperature-in-guangzhou-on-august-16-2026,guangzhou,C,whole,metar,ZGGG,37°C,37.0,37.0,iem_metar,2026-08-17T01:57:21Z
2026-08-16,highest-temperature-in-helsinki-on-august-16-2026,helsinki,C,whole,metar,EFHK,21°C,21.0,21.0,iem_metar,2026-08-17T01:57:21Z
2026-08-16,highest-temperature-in-istanbul-on-august-16-2026,istanbul,C,whole,geocode,istanbul,26°C,26.7,26.7,openmeteo_grid,2026-08-17T01:57:21Z
2026-08-16,highest-temperature-in-jeddah-on-august-16-2026,jeddah,C,whole,metar,OEJN,38°C,38.0,38.0,iem_metar,2026-08-17T01:57:21Z
2026-08-16,highest-temperature-in-jinan-on-august-16-2026,jinan,C,whole,metar,ZSJN,>=26°C,33.9,33.9,openmeteo_grid,2026-08-17T01:57:21Z
2026-08-16,highest-temperature-in-karachi-on-august-16-2026,karachi,C,whole,metar,OPKC,32°C,32.0,32.0,iem_metar,2026-08-17T01:57:21Z
2026-08-16,highest-temperature-in-kuala-lumpur-on-august-16-2026,kuala-lumpur,C,whole,metar,WMKK,33°C,33.0,33.0,iem_metar,2026-08-17T01:57:21Z
2026-08-16,highest-temperature-in-lucknow-on-august-16-2026,lucknow,C,whole,metar,VILK,31°C,31.0,31.0,iem_metar,2026-08-17T01:57:21Z
2026-08-16,highest-temperature-in-madrid-on-august-16-2026,madrid,C,whole,metar,LEMD,35°C,35.0,35.0,iem_metar,2026-08-17T01:57:21Z
2026-08-16,highest-temperature-in-manila-on-august-16-2026,manila,C,whole,metar,RPLL,32°C,32.0,32.0,iem_metar,2026-08-17T01:57:21Z
2026-08-16,highest-temperature-in-moscow-on-august-16-2026,moscow,C,whole,geocode,moscow,24°C,24.6,24.6,openmeteo_grid,2026-08-17T01:57:21Z
2026-08-16,highest-temperature-in-munich-on-august-16-2026,munich,C,whole,metar,EDDM,32°C,32.0,32.0,iem_metar,2026-08-17T01:57:21Z
2026-08-16,highest-temperature-in-paris-on-august-16-2026,paris,C,whole,metar,LFPB,31°C,31.0,31.0,iem_metar,2026-08-17T01:57:21Z
2026-08-16,highest-temperature-in-qingdao-on-august-16-2026,qingdao,C,whole,metar,ZSQD,33°C,33.0,33.0,iem_metar,2026-08-17T01:57:21Z
2026-08-16,highest-temperature-in-seoul-on-august-16-2026,seoul,C,whole,metar,RKSI,27°C,27.0,27.0,iem_metar,2026-08-17T01:57:21Z
2026-08-16,highest-temperature-in-shanghai-on-august-16-2026,shanghai,C,whole,metar,ZSPD,29°C,29.0,29.0,iem_metar,2026-08-17T01:57:21Z
2026-08-16,highest-temperature-in-shenzhen-on-august-16-2026,shenzhen,C,whole,metar,ZGSZ,35°C,33.0,33.0,iem_metar,2026-08-17T01:57:21Z
2026-08-16,highest-temperature-in-singapore-on-august-16-2026,singapore,C,whole,metar,WSSS,32°C,32.0,32.0,iem_metar,2026-08-17T01:57:21Z
2026-08-16,highest-temperature-in-taipei-on-august-16-2026,taipei,C,whole,metar,RCSS,36°C,36.0,36.0,iem_metar,2026-08-17T01:57:21Z
2026-08-16,highest-temperature-in-tel-aviv-on-august-16-2026,tel-aviv,C,whole,geocode,tel-aviv,33°C,32.2,32.2,openmeteo_grid,2026-08-17T01:57:21Z
2026-08-16,highest-temperature-in-tokyo-on-august-16-2026,tokyo,C,whole,metar,RJTT,26°C,26.0,26.0,iem_metar,2026-08-17T01:57:21Z
2026-08-16,highest-temperature-in-warsaw-on-august-16-2026,warsaw,C,whole,metar,EPWA,30°C,30.0,30.0,iem_metar,2026-08-17T01:57:21Z
2026-08-16,highest-temperature-in-wellington-on-august-16-2026,wellington,C,whole,metar,NZWN,10°C,10.0,10.0,iem_metar,2026-08-17T01:57:21Z
2026-08-16,highest-temperature-in-wuhan-on-august-16-2026,wuhan,C,whole,metar,ZHHH,32°C,32.0,32.0,iem_metar,2026-08-17T01:57:21Z
2026-08-16,highest-temperature-in-zhengzhou-on-august-16-2026,zhengzhou,C,whole,metar,ZHCC,>=32°C,32.0,32.0,iem_metar,2026-08-17T01:57:21Z
2026-08-16,highest-temperature-in-amsterdam-on-august-16-2026,amsterdam,C,whole,metar,EHAM,23°C,23.0,23.0,iem_metar,2026-08-17T13:05:44Z
2026-08-16,highest-temperature-in-atlanta-on-august-16-2026,atlanta,F,whole,metar,KATL,94-95°F,35.0,95.0,openmeteo_grid,2026-08-17T13:05:44Z
2026-08-16,highest-temperature-in-austin-on-august-16-2026,austin,F,whole,metar,KAUS,102-103°F,38.9,102.0,iem_metar,2026-08-17T13:05:44Z
2026-08-16,highest-temperature-in-buenos-aires-on-august-16-2026,buenos-aires,C,whole,metar,SAEZ,18°C,18.0,18.0,iem_metar,2026-08-17T13:05:44Z
2026-08-16,highest-temperature-in-chicago-on-august-16-2026,chicago,F,whole,metar,KORD,84-85°F,30.7,87.3,openmeteo_grid,2026-08-17T13:05:44Z
2026-08-16,highest-temperature-in-dallas-on-august-16-2026,dallas,F,whole,geocode,dallas,102-103°F,39.9,103.8,openmeteo_grid,2026-08-17T13:05:44Z
2026-08-16,highest-temperature-in-denver-on-august-16-2026,denver,F,whole,geocode,denver,82-83°F,29.6,85.3,openmeteo_grid,2026-08-17T13:05:44Z
2026-08-14,highest-temperature-in-hong-kong-on-august-14-2026,hong-kong,C,decimal,hko,HKO,30°C,30.0,30.0,iem_vhhh_proxy,2026-08-17T13:05:44Z
2026-08-15,highest-temperature-in-hong-kong-on-august-15-2026,hong-kong,C,decimal,hko,HKO,31°C,33.0,33.0,iem_vhhh_proxy,2026-08-17T13:05:44Z
2026-08-16,highest-temperature-in-hong-kong-on-august-16-2026,hong-kong,C,decimal,hko,HKO,33°C,34.0,34.0,iem_vhhh_proxy,2026-08-17T13:05:44Z
2026-08-16,highest-temperature-in-houston-on-august-16-2026,houston,F,whole,metar,KHOU,94-95°F,36.7,98.1,openmeteo_grid,2026-08-17T13:05:44Z
2026-08-16,highest-temperature-in-london-on-august-16-2026,london,C,whole,metar,EGLC,26°C,26.0,26.0,iem_metar,2026-08-17T13:05:44Z
2026-08-16,highest-temperature-in-los-angeles-on-august-16-2026,los-angeles,F,whole,metar,KLAX,76-77°F,24.4,76.0,iem_metar,2026-08-17T13:05:44Z
2026-08-16,highest-temperature-in-mexico-city-on-august-16-2026,mexico-city,C,whole,metar,MMMX,27°C,27.0,27.0,iem_metar,2026-08-17T13:05:44Z
2026-08-16,highest-temperature-in-miami-on-august-16-2026,miami,F,whole,metar,KMIA,92-93°F,32.9,91.2,openmeteo_grid,2026-08-17T13:05:44Z
2026-08-16,highest-temperature-in-milan-on-august-16-2026,milan,C,whole,metar,LIMC,35°C,35.0,35.0,iem_metar,2026-08-17T13:05:44Z
2026-08-16,highest-temperature-in-nyc-on-august-16-2026,nyc,F,whole,metar,KLGA,80-81°F,27.2,81.0,iem_metar,2026-08-17T13:05:44Z
2026-08-16,highest-temperature-in-panama-city-on-august-16-2026,panama-city,C,whole,metar,MPMG,31°C,31.0,31.0,iem_metar,2026-08-17T13:05:44Z
2026-08-16,highest-temperature-in-san-francisco-on-august-16-2026,san-francisco,F,whole,metar,KSFO,68-69°F,20.6,69.0,iem_metar,2026-08-17T13:05:44Z
2026-08-16,highest-temperature-in-sao-paulo-on-august-16-2026,sao-paulo,C,whole,metar,SBGR,27°C,27.0,27.0,iem_metar,2026-08-17T13:05:44Z
2026-08-16,highest-temperature-in-seattle-on-august-16-2026,seattle,F,whole,metar,KSEA,74-75°F,23.9,75.0,iem_metar,2026-08-17T13:05:44Z
2026-08-16,highest-temperature-in-toronto-on-august-16-2026,toronto,C,whole,metar,CYYZ,26°C,26.0,26.0,iem_metar,2026-08-17T13:05:44Z
2026-08-17,highest-temperature-in-amsterdam-on-august-17-2026,amsterdam,C,whole,metar,EHAM,21°C,21.0,21.0,iem_metar,2026-08-18T01:53:42Z
2026-08-17,highest-temperature-in-ankara-on-august-17-2026,ankara,C,whole,metar,LTAC,27°C,27.0,27.0,iem_metar,2026-08-18T01:53:42Z
2026-08-17,highest-temperature-in-beijing-on-august-17-2026,beijing,C,whole,metar,ZBAA,33°C,33.0,33.0,iem_metar,2026-08-18T01:53:42Z
2026-08-17,highest-temperature-in-busan-on-august-17-2026,busan,C,whole,metar,RKPK,26°C,26.0,26.0,iem_metar,2026-08-18T01:53:42Z
2026-08-17,highest-temperature-in-cape-town-on-august-17-2026,cape-town,C,whole,metar,FACT,17°C,17.0,17.0,iem_metar,2026-08-18T01:53:42Z
2026-08-17,highest-temperature-in-chengdu-on-august-17-2026,chengdu,C,whole,metar,ZUUU,27°C,27.0,27.0,iem_metar,2026-08-18T01:53:42Z
2026-08-17,highest-temperature-in-chongqing-on-august-17-2026,chongqing,C,whole,metar,ZUCK,36°C,36.0,36.0,iem_metar,2026-08-18T01:53:42Z
2026-08-17,highest-temperature-in-guangzhou-on-august-17-2026,guangzhou,C,whole,metar,ZGGG,34°C,34.0,34.0,iem_metar,2026-08-18T01:53:42Z
2026-08-17,highest-temperature-in-helsinki-on-august-17-2026,helsinki,C,whole,metar,EFHK,22°C,22.0,22.0,iem_metar,2026-08-18T01:53:42Z
2026-08-17,highest-temperature-in-istanbul-on-august-17-2026,istanbul,C,whole,geocode,istanbul,25°C,27.3,27.3,openmeteo_grid,2026-08-18T01:53:42Z
2026-08-17,highest-temperature-in-jeddah-on-august-17-2026,jeddah,C,whole,metar,OEJN,41°C,41.0,41.0,iem_metar,2026-08-18T01:53:42Z
2026-08-17,highest-temperature-in-jinan-on-august-17-2026,jinan,C,whole,metar,ZSJN,>=26°C,33.7,33.7,openmeteo_grid,2026-08-18T01:53:42Z
2026-08-17,highest-temperature-in-karachi-on-august-17-2026,karachi,C,whole,metar,OPKC,31°C,31.0,31.0,iem_metar,2026-08-18T01:53:42Z
2026-08-17,highest-temperature-in-kuala-lumpur-on-august-17-2026,kuala-lumpur,C,whole,metar,WMKK,34°C,34.0,34.0,iem_metar,2026-08-18T01:53:42Z
2026-08-17,highest-temperature-in-london-on-august-17-2026,london,C,whole,metar,EGLC,27°C,27.0,27.0,iem_metar,2026-08-18T01:53:42Z
2026-08-17,highest-temperature-in-lucknow-on-august-17-2026,lucknow,C,whole,metar,VILK,28°C,28.0,28.0,iem_metar,2026-08-18T01:53:42Z
2026-08-17,highest-temperature-in-madrid-on-august-17-2026,madrid,C,whole,metar,LEMD,38°C,38.0,38.0,iem_metar,2026-08-18T01:53:42Z
2026-08-17,highest-temperature-in-manila-on-august-17-2026,manila,C,whole,metar,RPLL,30°C,30.0,30.0,iem_metar,2026-08-18T01:53:42Z
2026-08-17,highest-temperature-in-moscow-on-august-17-2026,moscow,C,whole,geocode,moscow,23°C,22.4,22.4,openmeteo_grid,2026-08-18T01:53:42Z
2026-08-17,highest-temperature-in-munich-on-august-17-2026,munich,C,whole,metar,EDDM,27°C,27.0,27.0,iem_metar,2026-08-18T01:53:42Z
2026-08-17,highest-temperature-in-paris-on-august-17-2026,paris,C,whole,metar,LFPB,29°C,29.0,29.0,iem_metar,2026-08-18T01:53:42Z
2026-08-17,highest-temperature-in-qingdao-on-august-17-2026,qingdao,C,whole,metar,ZSQD,32°C,32.0,32.0,iem_metar,2026-08-18T01:53:42Z
2026-08-17,highest-temperature-in-seoul-on-august-17-2026,seoul,C,whole,metar,RKSI,28°C,28.0,28.0,iem_metar,2026-08-18T01:53:42Z
2026-08-17,highest-temperature-in-shanghai-on-august-17-2026,shanghai,C,whole,metar,ZSPD,31°C,31.0,31.0,iem_metar,2026-08-18T01:53:42Z
2026-08-17,highest-temperature-in-shenzhen-on-august-17-2026,shenzhen,C,whole,metar,ZGSZ,34°C,32.0,32.0,iem_metar,2026-08-18T01:53:42Z
2026-08-17,highest-temperature-in-singapore-on-august-17-2026,singapore,C,whole,metar,WSSS,33°C,33.0,33.0,iem_metar,2026-08-18T01:53:42Z
2026-08-17,highest-temperature-in-taipei-on-august-17-2026,taipei,C,whole,metar,RCSS,36°C,36.0,36.0,iem_metar,2026-08-18T01:53:42Z
2026-08-17,highest-temperature-in-tel-aviv-on-august-17-2026,tel-aviv,C,whole,geocode,tel-aviv,31°C,31.2,31.2,openmeteo_grid,2026-08-18T01:53:42Z
2026-08-17,highest-temperature-in-tokyo-on-august-17-2026,tokyo,C,whole,metar,RJTT,29°C,29.0,29.0,iem_metar,2026-08-18T01:53:42Z
2026-08-17,highest-temperature-in-wellington-on-august-17-2026,wellington,C,whole,metar,NZWN,10°C,10.0,10.0,iem_metar,2026-08-18T01:53:42Z
2026-08-17,highest-temperature-in-wuhan-on-august-17-2026,wuhan,C,whole,metar,ZHHH,34°C,34.0,34.0,iem_metar,2026-08-18T01:53:42Z
2026-08-17,highest-temperature-in-zhengzhou-on-august-17-2026,zhengzhou,C,whole,metar,ZHCC,>=32°C,32.0,32.0,iem_metar,2026-08-18T01:53:42Z
2026-08-17,highest-temperature-in-atlanta-on-august-17-2026,atlanta,F,whole,metar,KATL,98-99°F,36.1,97.0,openmeteo_grid,2026-08-18T13:07:49Z
2026-08-17,highest-temperature-in-austin-on-august-17-2026,austin,F,whole,metar,KAUS,102-103°F,39.4,103.0,iem_metar,2026-08-18T13:07:49Z
2026-08-17,highest-temperature-in-buenos-aires-on-august-17-2026,buenos-aires,C,whole,metar,SAEZ,15°C,15.0,15.0,iem_metar,2026-08-18T13:07:49Z
2026-08-17,highest-temperature-in-chicago-on-august-17-2026,chicago,F,whole,metar,KORD,78-79°F,26.6,79.9,openmeteo_grid,2026-08-18T13:07:49Z
2026-08-17,highest-temperature-in-dallas-on-august-17-2026,dallas,F,whole,geocode,dallas,104-105°F,40.8,105.4,openmeteo_grid,2026-08-18T13:07:49Z
2026-08-17,highest-temperature-in-denver-on-august-17-2026,denver,F,whole,geocode,denver,92-93°F,34.6,94.3,openmeteo_grid,2026-08-18T13:07:49Z
2026-08-17,highest-temperature-in-hong-kong-on-august-17-2026,hong-kong,C,decimal,hko,HKO,32°C,33.0,33.0,iem_vhhh_proxy,2026-08-18T13:07:49Z
2026-08-17,highest-temperature-in-houston-on-august-17-2026,houston,F,whole,metar,KHOU,96-97°F,36.7,98.1,openmeteo_grid,2026-08-18T13:07:49Z
2026-08-17,highest-temperature-in-los-angeles-on-august-17-2026,los-angeles,F,whole,metar,KLAX,76-77°F,25.0,77.0,iem_metar,2026-08-18T13:07:49Z
2026-08-17,highest-temperature-in-mexico-city-on-august-17-2026,mexico-city,C,whole,metar,MMMX,26°C,26.0,26.0,iem_metar,2026-08-18T13:07:49Z
2026-08-17,highest-temperature-in-miami-on-august-17-2026,miami,F,whole,metar,KMIA,94-95°F,33.7,92.7,openmeteo_grid,2026-08-18T13:07:49Z
2026-08-17,highest-temperature-in-milan-on-august-17-2026,milan,C,whole,metar,LIMC,31°C,31.0,31.0,iem_metar,2026-08-18T13:07:49Z
2026-08-17,highest-temperature-in-nyc-on-august-17-2026,nyc,F,whole,metar,KLGA,80-81°F,26.7,80.0,iem_metar,2026-08-18T13:07:49Z
2026-08-17,highest-temperature-in-panama-city-on-august-17-2026,panama-city,C,whole,metar,MPMG,26°C,26.0,26.0,iem_metar,2026-08-18T13:07:49Z
2026-08-17,highest-temperature-in-san-francisco-on-august-17-2026,san-francisco,F,whole,metar,KSFO,70-71°F,21.7,71.0,iem_metar,2026-08-18T13:07:49Z
2026-08-17,highest-temperature-in-sao-paulo-on-august-17-2026,sao-paulo,C,whole,metar,SBGR,29°C,29.0,29.0,iem_metar,2026-08-18T13:07:49Z
2026-08-17,highest-temperature-in-seattle-on-august-17-2026,seattle,F,whole,metar,KSEA,78-79°F,25.6,78.0,iem_metar,2026-08-18T13:07:49Z
2026-08-17,highest-temperature-in-toronto-on-august-17-2026,toronto,C,whole,metar,CYYZ,26°C,26.0,26.0,iem_metar,2026-08-18T13:07:49Z
2026-08-17,highest-temperature-in-warsaw-on-august-17-2026,warsaw,C,whole,metar,EPWA,24°C,24.0,24.0,iem_metar,2026-08-18T13:07:49Z
2026-08-18,highest-temperature-in-amsterdam-on-august-18-2026,amsterdam,C,whole,metar,EHAM,21°C,21.0,21.0,iem_metar,2026-08-19T01:56:08Z
2026-08-18,highest-temperature-in-ankara-on-august-18-2026,ankara,C,whole,metar,LTAC,30°C,30.0,30.0,iem_metar,2026-08-19T01:56:08Z
2026-08-18,highest-temperature-in-beijing-on-august-18-2026,beijing,C,whole,metar,ZBAA,32°C,32.0,32.0,iem_metar,2026-08-19T01:56:08Z
2026-08-18,highest-temperature-in-busan-on-august-18-2026,busan,C,whole,metar,RKPK,31°C,31.0,31.0,iem_metar,2026-08-19T01:56:08Z
2026-08-18,highest-temperature-in-cape-town-on-august-18-2026,cape-town,C,whole,metar,FACT,19°C,19.0,19.0,iem_metar,2026-08-19T01:56:08Z
2026-08-18,highest-temperature-in-chengdu-on-august-18-2026,chengdu,C,whole,metar,ZUUU,23°C,23.0,23.0,iem_metar,2026-08-19T01:56:08Z
2026-08-18,highest-temperature-in-chongqing-on-august-18-2026,chongqing,C,whole,metar,ZUCK,34°C,34.0,34.0,iem_metar,2026-08-19T01:56:08Z
2026-08-18,highest-temperature-in-guangzhou-on-august-18-2026,guangzhou,C,whole,metar,ZGGG,34°C,34.0,34.0,iem_metar,2026-08-19T01:56:08Z
2026-08-18,highest-temperature-in-helsinki-on-august-18-2026,helsinki,C,whole,metar,EFHK,20°C,20.0,20.0,iem_metar,2026-08-19T01:56:08Z
2026-08-18,highest-temperature-in-istanbul-on-august-18-2026,istanbul,C,whole,geocode,istanbul,32°C,27.0,27.0,openmeteo_grid,2026-08-19T01:56:08Z
2026-08-18,highest-temperature-in-jeddah-on-august-18-2026,jeddah,C,whole,metar,OEJN,38°C,38.0,38.0,iem_metar,2026-08-19T01:56:08Z
2026-08-18,highest-temperature-in-jinan-on-august-18-2026,jinan,C,whole,metar,ZSJN,>=26°C,34.1,34.1,openmeteo_grid,2026-08-19T01:56:08Z
2026-08-18,highest-temperature-in-karachi-on-august-18-2026,karachi,C,whole,metar,OPKC,32°C,32.0,32.0,iem_metar,2026-08-19T01:56:08Z
2026-08-18,highest-temperature-in-kuala-lumpur-on-august-18-2026,kuala-lumpur,C,whole,metar,WMKK,33°C,33.0,33.0,iem_metar,2026-08-19T01:56:08Z
2026-08-18,highest-temperature-in-lucknow-on-august-18-2026,lucknow,C,whole,metar,VILK,31°C,31.0,31.0,iem_metar,2026-08-19T01:56:08Z
2026-08-18,highest-temperature-in-madrid-on-august-18-2026,madrid,C,whole,metar,LEMD,39°C,39.0,39.0,iem_metar,2026-08-19T01:56:08Z
2026-08-18,highest-temperature-in-manila-on-august-18-2026,manila,C,whole,metar,RPLL,29°C,29.0,29.0,iem_metar,2026-08-19T01:56:08Z
2026-08-18,highest-temperature-in-milan-on-august-18-2026,milan,C,whole,metar,LIMC,32°C,32.0,32.0,iem_metar,2026-08-19T01:56:08Z
2026-08-18,highest-temperature-in-moscow-on-august-18-2026,moscow,C,whole,geocode,moscow,22°C,23.6,23.6,openmeteo_grid,2026-08-19T01:56:08Z
2026-08-18,highest-temperature-in-munich-on-august-18-2026,munich,C,whole,metar,EDDM,20°C,20.0,20.0,iem_metar,2026-08-19T01:56:08Z
2026-08-18,highest-temperature-in-paris-on-august-18-2026,paris,C,whole,metar,LFPB,27°C,27.0,27.0,iem_metar,2026-08-19T01:56:08Z
2026-08-18,highest-temperature-in-qingdao-on-august-18-2026,qingdao,C,whole,metar,ZSQD,33°C,33.0,33.0,iem_metar,2026-08-19T01:56:08Z
2026-08-18,highest-temperature-in-seoul-on-august-18-2026,seoul,C,whole,metar,RKSI,31°C,31.0,31.0,iem_metar,2026-08-19T01:56:08Z
2026-08-18,highest-temperature-in-shanghai-on-august-18-2026,shanghai,C,whole,metar,ZSPD,31°C,31.0,31.0,iem_metar,2026-08-19T01:56:08Z
2026-08-18,highest-temperature-in-shenzhen-on-august-18-2026,shenzhen,C,whole,metar,ZGSZ,34°C,32.0,32.0,iem_metar,2026-08-19T01:56:08Z
2026-08-18,highest-temperature-in-singapore-on-august-18-2026,singapore,C,whole,metar,WSSS,33°C,33.0,33.0,iem_metar,2026-08-19T01:56:08Z
2026-08-18,highest-temperature-in-taipei-on-august-18-2026,taipei,C,whole,metar,RCSS,34°C,34.0,34.0,iem_metar,2026-08-19T01:56:08Z
2026-08-18,highest-temperature-in-tel-aviv-on-august-18-2026,tel-aviv,C,whole,geocode,tel-aviv,32°C,31.6,31.6,openmeteo_grid,2026-08-19T01:56:08Z
2026-08-18,highest-temperature-in-tokyo-on-august-18-2026,tokyo,C,whole,metar,RJTT,31°C,31.0,31.0,iem_metar,2026-08-19T01:56:08Z
2026-08-18,highest-temperature-in-warsaw-on-august-18-2026,warsaw,C,whole,metar,EPWA,21°C,21.0,21.0,iem_metar,2026-08-19T01:56:08Z
2026-08-18,highest-temperature-in-wellington-on-august-18-2026,wellington,C,whole,metar,NZWN,12°C,12.0,12.0,iem_metar,2026-08-19T01:56:08Z
2026-08-18,highest-temperature-in-wuhan-on-august-18-2026,wuhan,C,whole,metar,ZHHH,35°C,35.0,35.0,iem_metar,2026-08-19T01:56:08Z
2026-08-18,highest-temperature-in-zhengzhou-on-august-18-2026,zhengzhou,C,whole,metar,ZHCC,>=32°C,32.0,32.0,iem_metar,2026-08-19T01:56:08Z
2026-08-18,highest-temperature-in-atlanta-on-august-18-2026,atlanta,F,whole,metar,KATL,92-93°F,33.0,91.4,openmeteo_grid,2026-08-19T13:09:02Z
2026-08-18,highest-temperature-in-austin-on-august-18-2026,austin,F,whole,metar,KAUS,100-101°F,38.3,101.0,iem_metar,2026-08-19T13:09:02Z
2026-08-18,highest-temperature-in-buenos-aires-on-august-18-2026,buenos-aires,C,whole,metar,SAEZ,11°C,11.0,11.0,iem_metar,2026-08-19T13:09:02Z
2026-08-18,highest-temperature-in-chicago-on-august-18-2026,chicago,F,whole,metar,KORD,78-79°F,27.9,82.2,openmeteo_grid,2026-08-19T13:09:02Z
2026-08-18,highest-temperature-in-dallas-on-august-18-2026,dallas,F,whole,geocode,dallas,104-105°F,40.7,105.3,openmeteo_grid,2026-08-19T13:09:02Z
2026-08-18,highest-temperature-in-denver-on-august-18-2026,denver,F,whole,geocode,denver,88-89°F,31.6,88.9,openmeteo_grid,2026-08-19T13:09:02Z
2026-08-18,highest-temperature-in-hong-kong-on-august-18-2026,hong-kong,C,decimal,hko,HKO,32°C,33.0,33.0,iem_vhhh_proxy,2026-08-19T13:09:02Z
2026-08-18,highest-temperature-in-houston-on-august-18-2026,houston,F,whole,metar,KHOU,94-95°F,35.1,95.2,openmeteo_grid,2026-08-19T13:09:02Z
2026-08-18,highest-temperature-in-london-on-august-18-2026,london,C,whole,metar,EGLC,26°C,26.0,26.0,iem_metar,2026-08-19T13:09:02Z
2026-08-18,highest-temperature-in-los-angeles-on-august-18-2026,los-angeles,F,whole,metar,KLAX,80-81°F,27.2,81.0,iem_metar,2026-08-19T13:09:02Z
2026-08-18,highest-temperature-in-mexico-city-on-august-18-2026,mexico-city,C,whole,metar,MMMX,26°C,26.0,26.0,iem_metar,2026-08-19T13:09:02Z
2026-08-18,highest-temperature-in-miami-on-august-18-2026,miami,F,whole,metar,KMIA,98-99°F,37.2,99.0,openmeteo_grid,2026-08-19T13:09:02Z
2026-08-18,highest-temperature-in-nyc-on-august-18-2026,nyc,F,whole,metar,KLGA,84-85°F,29.4,85.0,iem_metar,2026-08-19T13:09:02Z
2026-08-18,highest-temperature-in-panama-city-on-august-18-2026,panama-city,C,whole,metar,MPMG,31°C,31.0,31.0,iem_metar,2026-08-19T13:09:02Z
2026-08-18,highest-temperature-in-san-francisco-on-august-18-2026,san-francisco,F,whole,metar,KSFO,68-69°F,20.0,68.0,iem_metar,2026-08-19T13:09:02Z
2026-08-18,highest-temperature-in-sao-paulo-on-august-18-2026,sao-paulo,C,whole,metar,SBGR,31°C,31.0,31.0,iem_metar,2026-08-19T13:09:02Z
2026-08-18,highest-temperature-in-seattle-on-august-18-2026,seattle,F,whole,metar,KSEA,78-79°F,25.6,78.0,iem_metar,2026-08-19T13:09:02Z
2026-08-18,highest-temperature-in-toronto-on-august-18-2026,toronto,C,whole,metar,CYYZ,27°C,27.0,27.0,iem_metar,2026-08-19T13:09:02Z
