entry_utc,event_slug,city,target_date,lead_days,side,bucket,ask,shares,stake,fee,model_median_c,pm_top_bucket,status,payout,pnl,settle_utc
2026-07-16T14:53:49Z,highest-temperature-in-london-on-july-17-2026,london,2026-07-17,1,NO,29°C,0.79,12.66,10.0,0.105,29.4,28°C,won,12.66,2.56,2026-07-18T07:11:09Z
2026-07-16T14:53:49Z,highest-temperature-in-paris-on-july-17-2026,paris,2026-07-17,1,NO,>=29°C,0.77,12.99,10.0,0.115,31.0,28°C,won,12.99,2.88,2026-07-18T07:11:09Z
2026-07-16T14:53:49Z,highest-temperature-in-seoul-on-july-17-2026,seoul,2026-07-17,1,NO,24°C,0.999,10.01,10.0,0.0005,24.0,30°C,won,10.01,0.01,2026-07-18T07:11:09Z
2026-07-16T14:53:49Z,highest-temperature-in-ankara-on-july-17-2026,ankara,2026-07-17,1,NO,28°C,0.92,10.87,10.0,0.04,28.4,29°C,won,10.87,0.83,2026-07-18T07:11:09Z
2026-07-16T14:53:49Z,highest-temperature-in-wellington-on-july-17-2026,wellington,2026-07-17,1,NO,13°C,0.87,11.49,10.0,0.065,12.8,14°C,won,11.49,1.43,2026-07-18T07:11:09Z
2026-07-16T14:53:49Z,highest-temperature-in-munich-on-july-17-2026,munich,2026-07-17,1,NO,26°C,0.87,11.49,10.0,0.065,26.5,27°C,won,11.49,1.43,2026-07-18T07:11:09Z
2026-07-16T14:53:49Z,highest-temperature-in-tel-aviv-on-july-17-2026,tel-aviv,2026-07-17,1,NO,31°C,0.9,11.11,10.0,0.05,30.6,32°C,won,11.11,1.06,2026-07-18T07:11:09Z
2026-07-16T14:53:49Z,highest-temperature-in-tokyo-on-july-17-2026,tokyo,2026-07-17,1,NO,31°C,0.81,12.35,10.0,0.095,31.2,30°C,won,12.35,2.25,2026-07-18T07:11:09Z
2026-07-16T14:53:49Z,highest-temperature-in-hong-kong-on-july-17-2026,hong-kong,2026-07-17,1,NO,29°C,0.76,13.16,10.0,0.12,29.8,29°C,won,13.16,3.04,2026-07-20T06:37:36Z
2026-07-16T14:53:49Z,highest-temperature-in-shanghai-on-july-17-2026,shanghai,2026-07-17,1,NO,37°C,0.72,13.89,10.0,0.14,36.6,38°C,won,13.89,3.75,2026-07-18T07:11:09Z
2026-07-16T14:53:49Z,highest-temperature-in-singapore-on-july-17-2026,singapore,2026-07-17,1,NO,30°C,0.88,11.36,10.0,0.06,30.2,32°C,lost,0.0,-10.06,2026-07-18T07:11:09Z
2026-07-16T14:53:49Z,highest-temperature-in-milan-on-july-17-2026,milan,2026-07-17,1,NO,35°C,0.993,10.07,10.0,0.0035,35.3,32°C,won,10.07,0.07,2026-07-18T07:11:09Z
2026-07-16T14:53:49Z,highest-temperature-in-chongqing-on-july-17-2026,chongqing,2026-07-17,1,NO,35°C,0.77,12.99,10.0,0.115,34.8,34°C,won,12.99,2.88,2026-07-18T07:11:09Z
2026-07-16T14:53:49Z,highest-temperature-in-chengdu-on-july-17-2026,chengdu,2026-07-17,1,NO,<=29°C,0.976,10.25,10.0,0.012,27.8,32°C,lost,0.0,-10.01,2026-07-18T07:11:09Z
2026-07-16T14:53:49Z,highest-temperature-in-shenzhen-on-july-17-2026,shenzhen,2026-07-17,1,NO,32°C,0.82,12.2,10.0,0.09,31.6,31°C,won,12.2,2.11,2026-07-18T07:11:09Z
2026-07-16T14:53:49Z,highest-temperature-in-moscow-on-july-17-2026,moscow,2026-07-17,1,NO,21°C,0.7,14.29,10.0,0.15,21.3,22°C,lost,0.0,-10.15,2026-07-18T07:11:09Z
2026-07-16T14:53:49Z,highest-temperature-in-istanbul-on-july-17-2026,istanbul,2026-07-17,1,NO,31°C,0.985,10.15,10.0,0.0075,30.7,28°C,won,10.15,0.14,2026-07-18T07:11:09Z
2026-07-16T14:53:49Z,highest-temperature-in-busan-on-july-17-2026,busan,2026-07-17,1,NO,33°C,0.759,13.18,10.0,0.1205,33.4,32°C,won,13.18,3.06,2026-07-18T07:11:09Z
2026-07-16T14:53:49Z,highest-temperature-in-amsterdam-on-july-17-2026,amsterdam,2026-07-17,1,NO,26°C,0.994,10.06,10.0,0.003,26.2,23°C,won,10.06,0.06,2026-07-18T07:11:09Z
2026-07-16T14:53:49Z,highest-temperature-in-kuala-lumpur-on-july-17-2026,kuala-lumpur,2026-07-17,1,NO,31°C,0.91,10.99,10.0,0.045,31.4,33°C,won,10.99,0.95,2026-07-18T07:11:09Z
2026-07-16T14:53:49Z,highest-temperature-in-jeddah-on-july-17-2026,jeddah,2026-07-17,1,NO,35°C,0.99,10.1,10.0,0.005,35.4,38°C,won,10.1,0.09,2026-07-18T07:11:09Z
2026-07-16T14:53:49Z,highest-temperature-in-qingdao-on-july-17-2026,qingdao,2026-07-17,1,NO,26°C,0.76,13.16,10.0,0.12,25.5,25°C,lost,0.0,-10.12,2026-07-18T07:11:09Z
2026-07-16T14:53:49Z,highest-temperature-in-manila-on-july-17-2026,manila,2026-07-17,1,NO,31°C,0.94,10.64,10.0,0.03,30.9,33°C,won,10.64,0.61,2026-07-18T07:11:09Z
2026-07-16T14:53:49Z,highest-temperature-in-lucknow-on-july-17-2026,lucknow,2026-07-17,1,NO,>=35°C,0.74,13.51,10.0,0.13,42.0,33°C,lost,0.0,-10.13,2026-07-18T07:11:09Z
2026-07-16T14:53:49Z,highest-temperature-in-karachi-on-july-17-2026,karachi,2026-07-17,1,NO,32°C,0.89,11.24,10.0,0.055,32.4,33°C,won,11.24,1.19,2026-07-18T07:11:09Z
2026-07-16T14:53:49Z,highest-temperature-in-buenos-aires-on-july-17-2026,buenos-aires,2026-07-17,1,NO,>=26°C,0.971,10.3,10.0,0.0145,25.7,23°C,won,10.3,0.29,2026-07-18T07:11:09Z
2026-07-16T14:53:49Z,highest-temperature-in-toronto-on-july-17-2026,toronto,2026-07-17,1,NO,26°C,0.86,11.63,10.0,0.07,26.1,27°C,lost,0.0,-10.07,2026-07-18T07:11:09Z
2026-07-16T14:53:49Z,highest-temperature-in-seattle-on-july-17-2026,seattle,2026-07-17,1,NO,80-81°F,0.99,10.1,10.0,0.005,27.1,74-75°F,won,10.1,0.09,2026-07-18T15:33:39Z
2026-07-16T14:53:49Z,highest-temperature-in-nyc-on-july-17-2026,nyc,2026-07-17,1,NO,90-91°F,0.83,12.05,10.0,0.085,32.4,88-89°F,won,12.05,1.97,2026-07-18T07:11:09Z
2026-07-16T14:53:49Z,highest-temperature-in-dallas-on-july-17-2026,dallas,2026-07-17,1,NO,94-95°F,0.73,13.7,10.0,0.135,34.2,92-93°F,lost,0.0,-10.13,2026-07-18T07:11:09Z
2026-07-16T14:53:49Z,highest-temperature-in-atlanta-on-july-17-2026,atlanta,2026-07-17,1,NO,92-93°F,0.73,13.7,10.0,0.135,33.6,90-91°F,won,13.7,3.56,2026-07-18T07:11:09Z
2026-07-16T14:53:49Z,highest-temperature-in-chicago-on-july-17-2026,chicago,2026-07-17,1,NO,96-97°F,0.995,10.05,10.0,0.0025,35.5,90-91°F,won,10.05,0.05,2026-07-18T07:11:09Z
2026-07-16T14:53:49Z,highest-temperature-in-austin-on-july-17-2026,austin,2026-07-17,1,NO,94-95°F,0.93,10.75,10.0,0.035,34.4,90-91°F,lost,0.0,-10.04,2026-07-18T07:11:09Z
2026-07-16T14:53:49Z,highest-temperature-in-houston-on-july-17-2026,houston,2026-07-17,1,NO,94-95°F,0.78,12.82,10.0,0.11,34.9,92-93°F,won,12.82,2.71,2026-07-18T07:11:09Z
2026-07-16T14:53:49Z,highest-temperature-in-los-angeles-on-july-17-2026,los-angeles,2026-07-17,1,NO,82-83°F,0.94,10.64,10.0,0.03,27.6,78-79°F,won,10.64,0.61,2026-07-18T15:33:39Z
2026-07-16T14:53:49Z,highest-temperature-in-san-francisco-on-july-17-2026,san-francisco,2026-07-17,1,NO,68-69°F,0.89,11.24,10.0,0.055,20.6,64-65°F,won,11.24,1.19,2026-07-18T15:33:39Z
2026-07-16T14:53:49Z,highest-temperature-in-panama-city-on-july-17-2026,panama-city,2026-07-17,1,NO,32°C,0.93,10.75,10.0,0.035,32.1,34°C,won,10.75,0.71,2026-07-18T07:11:09Z
2026-07-16T14:53:49Z,highest-temperature-in-seoul-on-july-18-2026,seoul,2026-07-18,2,NO,24°C,0.997,10.03,10.0,0.0015,23.6,28°C,won,10.03,0.03,2026-07-19T08:24:41Z
2026-07-16T14:53:49Z,highest-temperature-in-wellington-on-july-18-2026,wellington,2026-07-18,2,NO,12°C,0.989,10.11,10.0,0.0055,11.9,14°C,won,10.11,0.1,2026-07-19T08:24:41Z
2026-07-16T14:53:49Z,highest-temperature-in-hong-kong-on-july-18-2026,hong-kong,2026-07-18,2,NO,29°C,0.92,10.87,10.0,0.04,29.9,31°C,won,10.87,0.83,2026-07-20T06:37:36Z
2026-07-16T14:53:49Z,highest-temperature-in-shanghai-on-july-18-2026,shanghai,2026-07-18,2,NO,34°C,0.91,10.99,10.0,0.045,34.2,36°C,won,10.99,0.95,2026-07-19T08:24:41Z
2026-07-16T14:53:49Z,highest-temperature-in-singapore-on-july-18-2026,singapore,2026-07-18,2,NO,30°C,0.96,10.42,10.0,0.02,30.2,32°C,won,10.42,0.4,2026-07-19T08:24:41Z
2026-07-16T14:53:49Z,highest-temperature-in-chongqing-on-july-18-2026,chongqing,2026-07-18,2,NO,30°C,0.83,12.05,10.0,0.085,29.8,31°C,won,12.05,1.97,2026-07-19T08:24:41Z
2026-07-16T14:53:49Z,highest-temperature-in-beijing-on-july-18-2026,beijing,2026-07-18,2,NO,36°C,0.998,10.02,10.0,0.001,35.6,31°C,won,10.02,0.02,2026-07-19T08:24:41Z
2026-07-16T14:53:49Z,highest-temperature-in-wuhan-on-july-18-2026,wuhan,2026-07-18,2,NO,30°C,0.77,12.99,10.0,0.115,30.0,31°C,won,12.99,2.88,2026-07-19T08:24:41Z
2026-07-16T14:53:49Z,highest-temperature-in-chengdu-on-july-18-2026,chengdu,2026-07-18,2,NO,<=30°C,0.99,10.1,10.0,0.005,27.4,34°C,won,10.1,0.09,2026-07-19T08:24:41Z
2026-07-16T14:53:49Z,highest-temperature-in-shenzhen-on-july-18-2026,shenzhen,2026-07-18,2,NO,32°C,0.79,12.66,10.0,0.105,32.5,31°C,won,12.66,2.56,2026-07-19T08:24:41Z
2026-07-16T14:53:49Z,highest-temperature-in-busan-on-july-18-2026,busan,2026-07-18,2,NO,29°C,0.72,13.89,10.0,0.14,28.9,29°C,won,13.89,3.75,2026-07-19T08:24:41Z
2026-07-16T14:53:49Z,highest-temperature-in-kuala-lumpur-on-july-18-2026,kuala-lumpur,2026-07-18,2,NO,29°C,0.978,10.22,10.0,0.011,29.3,31°C,won,10.22,0.21,2026-07-19T08:24:41Z
2026-07-16T14:53:49Z,highest-temperature-in-guangzhou-on-july-18-2026,guangzhou,2026-07-18,2,NO,33°C,0.76,13.16,10.0,0.12,33.2,34°C,won,13.16,3.04,2026-07-19T08:24:41Z
2026-07-16T14:53:49Z,highest-temperature-in-qingdao-on-july-18-2026,qingdao,2026-07-18,2,NO,30°C,0.74,13.51,10.0,0.13,30.3,29°C,won,13.51,3.38,2026-07-19T08:24:41Z
2026-07-16T14:53:49Z,highest-temperature-in-manila-on-july-18-2026,manila,2026-07-18,2,NO,31°C,0.87,11.49,10.0,0.065,31.0,32°C,won,11.49,1.43,2026-07-19T08:24:41Z
2026-07-16T14:53:49Z,highest-temperature-in-london-on-july-18-2026,london,2026-07-18,2,NO,28°C,0.988,10.12,10.0,0.006,28.1,24°C,won,10.12,0.11,2026-07-19T08:24:41Z
2026-07-16T14:53:49Z,highest-temperature-in-paris-on-july-18-2026,paris,2026-07-18,2,NO,31°C,0.98,10.2,10.0,0.01,31.4,28°C,won,10.2,0.19,2026-07-19T08:24:41Z
2026-07-16T14:53:49Z,highest-temperature-in-ankara-on-july-18-2026,ankara,2026-07-18,2,NO,28°C,0.949,10.54,10.0,0.0255,28.4,30°C,won,10.54,0.51,2026-07-19T08:24:41Z
2026-07-16T14:53:49Z,highest-temperature-in-lucknow-on-july-18-2026,lucknow,2026-07-18,2,NO,>=35°C,0.9,11.11,10.0,0.05,36.6,33°C,won,11.11,1.06,2026-07-19T08:24:41Z
2026-07-16T14:53:49Z,highest-temperature-in-munich-on-july-18-2026,munich,2026-07-18,2,NO,25°C,0.91,10.99,10.0,0.045,25.4,24°C,won,10.99,0.95,2026-07-19T08:24:41Z
2026-07-16T14:53:49Z,highest-temperature-in-tel-aviv-on-july-18-2026,tel-aviv,2026-07-18,2,NO,32°C,0.94,10.64,10.0,0.03,32.5,33°C,won,10.64,0.61,2026-07-19T08:24:41Z
2026-07-16T14:53:49Z,highest-temperature-in-milan-on-july-18-2026,milan,2026-07-18,2,NO,36°C,0.989,10.11,10.0,0.0055,35.8,33°C,won,10.11,0.1,2026-07-19T08:24:41Z
2026-07-16T14:53:49Z,highest-temperature-in-madrid-on-july-18-2026,madrid,2026-07-18,2,NO,38°C,0.83,12.05,10.0,0.085,37.8,37°C,won,12.05,1.97,2026-07-19T08:24:41Z
2026-07-16T14:53:49Z,highest-temperature-in-warsaw-on-july-18-2026,warsaw,2026-07-18,2,NO,30°C,0.99,10.1,10.0,0.005,29.7,26°C,won,10.1,0.09,2026-07-19T08:24:41Z
2026-07-16T14:53:49Z,highest-temperature-in-moscow-on-july-18-2026,moscow,2026-07-18,2,NO,26°C,0.91,10.99,10.0,0.045,26.0,25°C,won,10.99,0.95,2026-07-19T08:24:41Z
2026-07-16T14:53:49Z,highest-temperature-in-istanbul-on-july-18-2026,istanbul,2026-07-18,2,NO,30°C,0.96,10.42,10.0,0.02,30.0,28°C,won,10.42,0.4,2026-07-19T08:24:41Z
2026-07-16T14:53:49Z,highest-temperature-in-amsterdam-on-july-18-2026,amsterdam,2026-07-18,2,NO,22°C,0.94,10.64,10.0,0.03,21.9,20°C,won,10.64,0.61,2026-07-19T08:24:41Z
2026-07-16T14:53:49Z,highest-temperature-in-helsinki-on-july-18-2026,helsinki,2026-07-18,2,NO,23°C,0.87,11.49,10.0,0.065,23.0,25°C,won,11.49,1.43,2026-07-19T08:24:41Z
2026-07-16T14:53:49Z,highest-temperature-in-jeddah-on-july-18-2026,jeddah,2026-07-18,2,NO,35°C,0.982,10.18,10.0,0.009,34.9,38°C,won,10.18,0.17,2026-07-19T08:24:41Z
2026-07-16T14:53:49Z,highest-temperature-in-cape-town-on-july-18-2026,cape-town,2026-07-18,2,NO,20°C,0.96,10.42,10.0,0.02,19.5,17°C,won,10.42,0.4,2026-07-19T08:24:41Z
2026-07-17T07:42:56Z,highest-temperature-in-tokyo-on-july-18-2026,tokyo,2026-07-18,1,NO,31°C,0.72,13.89,10.0,0.14,30.9,30°C,won,13.89,3.75,2026-07-19T08:24:41Z
2026-07-17T07:42:56Z,highest-temperature-in-taipei-on-july-18-2026,taipei,2026-07-18,1,NO,37°C,0.74,13.51,10.0,0.13,36.7,36°C,won,13.51,3.38,2026-07-19T08:24:41Z
2026-07-17T07:42:56Z,highest-temperature-in-karachi-on-july-18-2026,karachi,2026-07-18,1,NO,32°C,0.77,12.99,10.0,0.115,32.0,33°C,won,12.99,2.88,2026-07-19T08:24:41Z
2026-07-17T07:42:56Z,highest-temperature-in-toronto-on-july-18-2026,toronto,2026-07-18,1,NO,30°C,0.9,11.11,10.0,0.05,29.7,28°C,won,11.11,1.06,2026-07-19T08:24:41Z
2026-07-17T07:42:56Z,highest-temperature-in-seattle-on-july-18-2026,seattle,2026-07-18,1,NO,80-81°F,0.995,10.05,10.0,0.0025,26.5,74-75°F,won,10.05,0.05,2026-07-19T09:35:08Z
2026-07-17T07:42:56Z,highest-temperature-in-nyc-on-july-18-2026,nyc,2026-07-18,1,NO,86-87°F,0.987,10.13,10.0,0.0065,29.9,80-81°F,won,10.13,0.12,2026-07-19T08:24:41Z
2026-07-17T07:42:56Z,highest-temperature-in-miami-on-july-18-2026,miami,2026-07-18,1,NO,88-89°F,0.91,10.99,10.0,0.045,31.0,90-91°F,won,10.99,0.95,2026-07-19T08:24:41Z
2026-07-17T07:42:56Z,highest-temperature-in-chicago-on-july-18-2026,chicago,2026-07-18,1,NO,90-91°F,0.72,13.89,10.0,0.14,32.8,88-89°F,lost,0.0,-10.14,2026-07-19T08:24:41Z
2026-07-17T07:42:56Z,highest-temperature-in-austin-on-july-18-2026,austin,2026-07-18,1,NO,94-95°F,0.71,14.08,10.0,0.145,34.7,92-93°F,lost,0.0,-10.14,2026-07-19T08:24:41Z
2026-07-17T07:42:56Z,highest-temperature-in-denver-on-july-18-2026,denver,2026-07-18,1,NO,96-97°F,0.804,12.44,10.0,0.098,35.7,94-95°F,won,12.44,2.34,2026-07-19T08:24:41Z
2026-07-17T07:42:56Z,highest-temperature-in-houston-on-july-18-2026,houston,2026-07-18,1,NO,96-97°F,0.9,11.11,10.0,0.05,35.7,92-93°F,won,11.11,1.06,2026-07-19T08:24:41Z
2026-07-17T07:42:56Z,highest-temperature-in-los-angeles-on-july-18-2026,los-angeles,2026-07-18,1,NO,78-79°F,0.7,14.29,10.0,0.15,26.0,76-77°F,lost,0.0,-10.15,2026-07-19T08:24:41Z
2026-07-17T07:42:56Z,highest-temperature-in-san-francisco-on-july-18-2026,san-francisco,2026-07-18,1,NO,>=74°F,0.998,10.02,10.0,0.001,23.1,66-67°F,won,10.02,0.02,2026-07-19T09:35:08Z
2026-07-17T07:42:56Z,highest-temperature-in-mexico-city-on-july-18-2026,mexico-city,2026-07-18,1,NO,25°C,0.82,12.2,10.0,0.09,25.1,24°C,lost,0.0,-10.09,2026-07-19T08:24:41Z
2026-07-17T07:42:56Z,highest-temperature-in-panama-city-on-july-18-2026,panama-city,2026-07-18,1,NO,32°C,0.9,11.11,10.0,0.05,32.3,34°C,won,11.11,1.06,2026-07-19T08:24:41Z
2026-07-17T07:42:56Z,highest-temperature-in-seoul-on-july-19-2026,seoul,2026-07-19,2,NO,23°C,0.999,10.01,10.0,0.0005,23.1,28°C,won,10.01,0.01,2026-07-20T06:37:36Z
2026-07-17T07:42:56Z,highest-temperature-in-shanghai-on-july-19-2026,shanghai,2026-07-19,2,NO,30°C,0.91,10.99,10.0,0.045,30.2,32°C,won,10.99,0.95,2026-07-20T06:37:36Z
2026-07-17T07:42:56Z,highest-temperature-in-singapore-on-july-19-2026,singapore,2026-07-19,2,NO,31°C,0.88,11.36,10.0,0.06,30.6,32°C,won,11.36,1.3,2026-07-20T06:37:36Z
2026-07-17T07:42:56Z,highest-temperature-in-taipei-on-july-19-2026,taipei,2026-07-19,2,NO,37°C,0.74,13.51,10.0,0.13,37.4,36°C,won,13.51,3.38,2026-07-20T06:37:36Z
2026-07-17T07:42:56Z,highest-temperature-in-chongqing-on-july-19-2026,chongqing,2026-07-19,2,NO,34°C,0.87,11.49,10.0,0.065,34.5,35°C,won,11.49,1.43,2026-07-20T06:37:36Z
2026-07-17T07:42:56Z,highest-temperature-in-beijing-on-july-19-2026,beijing,2026-07-19,2,NO,31°C,0.87,11.49,10.0,0.065,31.1,32°C,won,11.49,1.43,2026-07-20T06:37:36Z
2026-07-17T07:42:56Z,highest-temperature-in-wuhan-on-july-19-2026,wuhan,2026-07-19,2,NO,32°C,0.7,14.29,10.0,0.15,32.0,31°C,won,14.29,4.14,2026-07-20T06:37:36Z
2026-07-17T07:42:56Z,highest-temperature-in-chengdu-on-july-19-2026,chengdu,2026-07-19,2,NO,34°C,0.98,10.2,10.0,0.01,34.5,37°C,won,10.2,0.19,2026-07-20T06:37:36Z
2026-07-17T07:42:56Z,highest-temperature-in-shenzhen-on-july-19-2026,shenzhen,2026-07-19,2,NO,33°C,0.94,10.64,10.0,0.03,32.9,31°C,won,10.64,0.61,2026-07-20T06:37:36Z
2026-07-17T07:42:56Z,highest-temperature-in-busan-on-july-19-2026,busan,2026-07-19,2,NO,30°C,0.82,12.2,10.0,0.09,30.2,31°C,won,12.2,2.11,2026-07-20T06:37:36Z
2026-07-17T07:42:56Z,highest-temperature-in-kuala-lumpur-on-july-19-2026,kuala-lumpur,2026-07-19,2,NO,31°C,0.92,10.87,10.0,0.04,31.2,32°C,won,10.87,0.83,2026-07-20T06:37:36Z
2026-07-17T07:42:56Z,highest-temperature-in-qingdao-on-july-19-2026,qingdao,2026-07-19,2,NO,29°C,0.78,12.82,10.0,0.11,29.2,30°C,lost,0.0,-10.11,2026-07-20T06:37:36Z
2026-07-17T07:42:56Z,highest-temperature-in-london-on-july-19-2026,london,2026-07-19,2,NO,25°C,0.87,11.49,10.0,0.065,24.8,23°C,won,11.49,1.43,2026-07-20T06:37:36Z
2026-07-17T07:42:56Z,highest-temperature-in-paris-on-july-19-2026,paris,2026-07-19,2,NO,27°C,0.94,10.64,10.0,0.03,27.1,25°C,won,10.64,0.61,2026-07-20T06:37:36Z
2026-07-17T07:42:56Z,highest-temperature-in-ankara-on-july-19-2026,ankara,2026-07-19,2,NO,31°C,0.988,10.12,10.0,0.006,31.3,33°C,won,10.12,0.11,2026-07-20T06:37:36Z
2026-07-17T07:42:56Z,highest-temperature-in-lucknow-on-july-19-2026,lucknow,2026-07-19,2,NO,33°C,0.93,10.75,10.0,0.035,32.8,30°C,won,10.75,0.71,2026-07-20T06:37:36Z
2026-07-17T07:42:56Z,highest-temperature-in-munich-on-july-19-2026,munich,2026-07-19,2,NO,20°C,0.78,12.82,10.0,0.11,20.0,21°C,won,12.82,2.71,2026-07-20T06:37:36Z
2026-07-17T07:42:56Z,highest-temperature-in-tel-aviv-on-july-19-2026,tel-aviv,2026-07-19,2,NO,33°C,0.98,10.2,10.0,0.01,33.3,35°C,won,10.2,0.19,2026-07-20T06:37:36Z
2026-07-17T07:42:56Z,highest-temperature-in-milan-on-july-19-2026,milan,2026-07-19,2,NO,35°C,0.999,10.01,10.0,0.0005,34.6,31°C,won,10.01,0.01,2026-07-20T06:37:36Z
2026-07-17T07:42:56Z,highest-temperature-in-warsaw-on-july-19-2026,warsaw,2026-07-19,2,NO,28°C,0.83,12.05,10.0,0.085,27.7,27°C,won,12.05,1.97,2026-07-20T06:37:36Z
2026-07-17T07:42:56Z,highest-temperature-in-moscow-on-july-19-2026,moscow,2026-07-19,2,NO,27°C,0.87,11.49,10.0,0.065,27.0,27°C,lost,0.0,-10.06,2026-07-20T06:37:36Z
2026-07-17T07:42:56Z,highest-temperature-in-istanbul-on-july-19-2026,istanbul,2026-07-19,2,NO,30°C,0.98,10.2,10.0,0.01,30.0,28°C,won,10.2,0.19,2026-07-20T06:37:36Z
2026-07-17T07:42:56Z,highest-temperature-in-amsterdam-on-july-19-2026,amsterdam,2026-07-19,2,NO,18°C,0.71,14.08,10.0,0.145,18.3,19°C,won,14.08,3.94,2026-07-20T06:37:36Z
2026-07-17T07:42:56Z,highest-temperature-in-helsinki-on-july-19-2026,helsinki,2026-07-19,2,NO,18°C,0.97,10.31,10.0,0.015,18.2,19°C,won,10.31,0.3,2026-07-20T06:37:36Z
2026-07-17T07:42:56Z,highest-temperature-in-jeddah-on-july-19-2026,jeddah,2026-07-19,2,NO,36°C,0.96,10.42,10.0,0.02,35.5,38°C,won,10.42,0.4,2026-07-20T06:37:36Z
2026-07-17T07:42:56Z,highest-temperature-in-cape-town-on-july-19-2026,cape-town,2026-07-19,2,NO,18°C,0.8,12.5,10.0,0.1,17.9,17°C,won,12.5,2.4,2026-07-20T06:37:36Z
2026-07-17T07:42:56Z,highest-temperature-in-karachi-on-july-19-2026,karachi,2026-07-19,2,NO,31°C,0.98,10.2,10.0,0.01,31.4,33°C,won,10.2,0.19,2026-07-20T06:37:36Z
2026-07-18T07:11:09Z,highest-temperature-in-hong-kong-on-july-19-2026,hong-kong,2026-07-19,1,NO,29°C,0.85,11.76,10.0,0.075,29.8,30°C,won,11.76,1.68,2026-07-20T06:37:36Z
2026-07-18T07:11:09Z,highest-temperature-in-guangzhou-on-july-19-2026,guangzhou,2026-07-19,1,NO,35°C,0.825,12.12,10.0,0.0875,34.6,33°C,won,12.12,2.03,2026-07-20T06:37:36Z
2026-07-18T07:11:09Z,highest-temperature-in-sao-paulo-on-july-19-2026,sao-paulo,2026-07-19,1,NO,26°C,0.77,12.99,10.0,0.115,26.5,27°C,lost,0.0,-10.12,2026-07-20T06:37:36Z
2026-07-18T07:11:09Z,highest-temperature-in-buenos-aires-on-july-19-2026,buenos-aires,2026-07-19,1,NO,12°C,0.92,10.87,10.0,0.04,11.6,14°C,won,10.87,0.83,2026-07-20T06:37:36Z
2026-07-18T07:11:09Z,highest-temperature-in-toronto-on-july-19-2026,toronto,2026-07-19,1,NO,24°C,0.73,13.7,10.0,0.135,24.2,25°C,won,13.7,3.56,2026-07-20T06:37:36Z
2026-07-18T07:11:09Z,highest-temperature-in-seattle-on-july-19-2026,seattle,2026-07-19,1,NO,82-83°F,0.95,10.53,10.0,0.025,27.5,78-79°F,won,10.53,0.5,2026-07-20T10:35:57Z
2026-07-18T07:11:09Z,highest-temperature-in-nyc-on-july-19-2026,nyc,2026-07-19,1,NO,80-81°F,0.79,12.66,10.0,0.105,27.3,82-83°F,lost,0.0,-10.11,2026-07-20T06:37:36Z
2026-07-18T07:11:09Z,highest-temperature-in-dallas-on-july-19-2026,dallas,2026-07-19,1,NO,100-101°F,0.77,12.99,10.0,0.115,37.6,98-99°F,won,12.99,2.88,2026-07-20T06:37:36Z
2026-07-18T07:11:09Z,highest-temperature-in-chicago-on-july-19-2026,chicago,2026-07-19,1,NO,82-83°F,0.75,13.33,10.0,0.125,28.1,80-81°F,won,13.33,3.21,2026-07-20T06:37:36Z
2026-07-18T07:11:09Z,highest-temperature-in-austin-on-july-19-2026,austin,2026-07-19,1,NO,96-97°F,0.77,12.99,10.0,0.115,35.9,94-95°F,won,12.99,2.88,2026-07-20T10:35:57Z
2026-07-18T07:11:09Z,highest-temperature-in-denver-on-july-19-2026,denver,2026-07-19,1,NO,100-101°F,0.89,11.24,10.0,0.055,37.5,96-97°F,won,11.24,1.19,2026-07-20T10:35:57Z
2026-07-18T07:11:09Z,highest-temperature-in-houston-on-july-19-2026,houston,2026-07-19,1,NO,98-99°F,0.94,10.64,10.0,0.03,36.7,94-95°F,won,10.64,0.61,2026-07-20T10:35:57Z
2026-07-18T07:11:09Z,highest-temperature-in-san-francisco-on-july-19-2026,san-francisco,2026-07-19,1,NO,74-75°F,0.989,10.11,10.0,0.0055,23.6,68-69°F,won,10.11,0.1,2026-07-20T10:35:57Z
2026-07-18T07:11:09Z,highest-temperature-in-panama-city-on-july-19-2026,panama-city,2026-07-19,1,NO,31°C,0.71,14.08,10.0,0.145,31.0,32°C,won,14.08,3.94,2026-07-20T06:37:36Z
2026-07-18T07:11:09Z,highest-temperature-in-london-on-july-20-2026,london,2026-07-20,2,NO,26°C,0.92,10.87,10.0,0.04,26.5,25°C,won,10.87,0.83,2026-07-21T09:44:03Z
2026-07-18T07:11:09Z,highest-temperature-in-paris-on-july-20-2026,paris,2026-07-20,2,NO,27°C,0.99,10.1,10.0,0.005,26.7,24°C,won,10.1,0.09,2026-07-21T09:44:03Z
2026-07-18T07:11:09Z,highest-temperature-in-seoul-on-july-20-2026,seoul,2026-07-20,2,NO,23°C,0.998,10.02,10.0,0.001,23.3,27°C,won,10.02,0.02,2026-07-21T09:44:03Z
2026-07-18T07:11:09Z,highest-temperature-in-wellington-on-july-20-2026,wellington,2026-07-20,2,NO,11°C,0.74,13.51,10.0,0.13,11.2,12°C,won,13.51,3.38,2026-07-21T09:44:03Z
2026-07-18T07:11:09Z,highest-temperature-in-munich-on-july-20-2026,munich,2026-07-20,2,NO,22°C,0.81,12.35,10.0,0.095,21.9,23°C,won,12.35,2.25,2026-07-21T09:44:03Z
2026-07-18T07:11:09Z,highest-temperature-in-tel-aviv-on-july-20-2026,tel-aviv,2026-07-20,2,NO,32°C,0.989,10.11,10.0,0.0055,32.2,34°C,won,10.11,0.1,2026-07-21T09:44:03Z
2026-07-18T07:11:09Z,highest-temperature-in-tokyo-on-july-20-2026,tokyo,2026-07-20,2,NO,34°C,0.81,12.35,10.0,0.095,33.5,33°C,won,12.35,2.25,2026-07-21T09:44:03Z
2026-07-18T07:11:09Z,highest-temperature-in-hong-kong-on-july-20-2026,hong-kong,2026-07-20,2,NO,29°C,0.89,11.24,10.0,0.055,29.8,30°C,lost,0.0,-10.05,2026-07-21T09:44:03Z
2026-07-18T07:11:09Z,highest-temperature-in-shanghai-on-july-20-2026,shanghai,2026-07-20,2,NO,32°C,0.88,11.36,10.0,0.06,31.6,34°C,won,11.36,1.3,2026-07-21T09:44:03Z
2026-07-18T07:11:09Z,highest-temperature-in-singapore-on-july-20-2026,singapore,2026-07-20,2,NO,31°C,0.77,12.99,10.0,0.115,31.0,32°C,won,12.99,2.88,2026-07-21T09:44:03Z
2026-07-18T07:11:09Z,highest-temperature-in-milan-on-july-20-2026,milan,2026-07-20,2,NO,>=32°C,0.908,11.01,10.0,0.046,32.4,30°C,won,11.01,0.96,2026-07-21T09:44:03Z
2026-07-18T07:11:09Z,highest-temperature-in-taipei-on-july-20-2026,taipei,2026-07-20,2,NO,36°C,0.72,13.89,10.0,0.14,35.5,35°C,won,13.89,3.75,2026-07-21T09:44:03Z
2026-07-18T07:11:09Z,highest-temperature-in-beijing-on-july-20-2026,beijing,2026-07-20,2,NO,>=32°C,0.99,10.1,10.0,0.005,33.4,29°C,won,10.1,0.09,2026-07-21T09:44:03Z
2026-07-18T07:11:09Z,highest-temperature-in-chengdu-on-july-20-2026,chengdu,2026-07-20,2,NO,<=34°C,0.997,10.03,10.0,0.0015,34.2,39°C,won,10.03,0.03,2026-07-21T09:44:03Z
2026-07-18T07:11:09Z,highest-temperature-in-shenzhen-on-july-20-2026,shenzhen,2026-07-20,2,NO,32°C,0.89,11.24,10.0,0.055,32.0,30°C,won,11.24,1.19,2026-07-21T09:44:03Z
2026-07-18T07:11:09Z,highest-temperature-in-moscow-on-july-20-2026,moscow,2026-07-20,2,NO,28°C,0.86,11.63,10.0,0.07,27.7,27°C,won,11.63,1.56,2026-07-21T09:44:03Z
2026-07-18T07:11:09Z,highest-temperature-in-istanbul-on-july-20-2026,istanbul,2026-07-20,2,NO,32°C,0.99,10.1,10.0,0.005,32.0,29°C,won,10.1,0.09,2026-07-21T09:44:03Z
2026-07-18T07:11:09Z,highest-temperature-in-busan-on-july-20-2026,busan,2026-07-20,2,NO,31°C,0.74,13.51,10.0,0.13,31.3,32°C,won,13.51,3.38,2026-07-21T09:44:03Z
2026-07-18T07:11:09Z,highest-temperature-in-amsterdam-on-july-20-2026,amsterdam,2026-07-20,2,NO,21°C,0.8,12.5,10.0,0.1,21.3,20°C,won,12.5,2.4,2026-07-21T09:44:03Z
2026-07-18T07:11:09Z,highest-temperature-in-kuala-lumpur-on-july-20-2026,kuala-lumpur,2026-07-20,2,NO,31°C,0.84,11.9,10.0,0.08,31.2,32°C,won,11.9,1.82,2026-07-21T09:44:03Z
2026-07-18T07:11:09Z,highest-temperature-in-jeddah-on-july-20-2026,jeddah,2026-07-20,2,NO,37°C,0.95,10.53,10.0,0.025,37.1,>=40°C,won,10.53,0.5,2026-07-21T09:44:03Z
2026-07-18T07:11:09Z,highest-temperature-in-guangzhou-on-july-20-2026,guangzhou,2026-07-20,2,NO,32°C,0.83,12.05,10.0,0.085,32.4,32°C,won,12.05,1.97,2026-07-21T09:44:03Z
2026-07-18T07:11:09Z,highest-temperature-in-lucknow-on-july-20-2026,lucknow,2026-07-20,2,NO,30°C,0.7,14.29,10.0,0.15,29.5,30°C,won,14.29,4.14,2026-07-21T09:44:03Z
2026-07-18T07:11:09Z,highest-temperature-in-cape-town-on-july-20-2026,cape-town,2026-07-20,2,NO,18°C,0.89,11.24,10.0,0.055,18.2,17°C,won,11.24,1.19,2026-07-21T09:44:03Z
2026-07-19T08:24:41Z,highest-temperature-in-ankara-on-july-20-2026,ankara,2026-07-20,1,NO,33°C,0.84,11.9,10.0,0.08,33.2,34°C,lost,0.0,-10.08,2026-07-21T09:44:03Z
2026-07-19T08:24:41Z,highest-temperature-in-qingdao-on-july-20-2026,qingdao,2026-07-20,1,NO,28°C,0.74,13.51,10.0,0.13,28.0,29°C,won,13.51,3.38,2026-07-21T09:44:03Z
2026-07-19T08:24:41Z,highest-temperature-in-karachi-on-july-20-2026,karachi,2026-07-20,1,NO,32°C,0.72,13.89,10.0,0.14,31.5,33°C,won,13.89,3.75,2026-07-21T09:44:03Z
2026-07-19T08:24:41Z,highest-temperature-in-toronto-on-july-20-2026,toronto,2026-07-20,1,NO,27°C,0.81,12.35,10.0,0.095,27.2,26°C,lost,0.0,-10.1,2026-07-21T09:44:03Z
2026-07-19T08:24:41Z,highest-temperature-in-seattle-on-july-20-2026,seattle,2026-07-20,1,NO,88-89°F,0.979,10.21,10.0,0.0105,31.3,84-85°F,won,10.21,0.2,2026-07-21T09:44:03Z
2026-07-19T08:24:41Z,highest-temperature-in-nyc-on-july-20-2026,nyc,2026-07-20,1,NO,84-85°F,0.93,10.75,10.0,0.035,29.1,80-81°F,won,10.75,0.71,2026-07-21T09:44:03Z
2026-07-19T08:24:41Z,highest-temperature-in-dallas-on-july-20-2026,dallas,2026-07-20,1,NO,102-103°F,0.73,13.7,10.0,0.135,39.0,100-101°F,lost,0.0,-10.13,2026-07-21T09:44:03Z
2026-07-19T08:24:41Z,highest-temperature-in-atlanta-on-july-20-2026,atlanta,2026-07-20,1,NO,94-95°F,0.73,13.7,10.0,0.135,34.6,92-93°F,won,13.7,3.56,2026-07-21T09:44:03Z
2026-07-19T08:24:41Z,highest-temperature-in-miami-on-july-20-2026,miami,2026-07-20,1,NO,90-91°F,0.7,14.29,10.0,0.15,32.5,92-93°F,won,14.29,4.14,2026-07-21T09:44:03Z
2026-07-19T08:24:41Z,highest-temperature-in-chicago-on-july-20-2026,chicago,2026-07-20,1,NO,90-91°F,0.92,10.87,10.0,0.04,32.9,84-85°F,won,10.87,0.83,2026-07-21T09:44:03Z
2026-07-19T08:24:41Z,highest-temperature-in-los-angeles-on-july-20-2026,los-angeles,2026-07-20,1,NO,76-77°F,0.83,12.05,10.0,0.085,25.0,78-79°F,won,12.05,1.97,2026-07-21T09:44:03Z
2026-07-19T08:24:41Z,highest-temperature-in-san-francisco-on-july-20-2026,san-francisco,2026-07-20,1,NO,68-69°F,0.96,10.42,10.0,0.02,20.1,72-73°F,won,10.42,0.4,2026-07-21T17:01:02Z
2026-07-19T08:24:41Z,highest-temperature-in-panama-city-on-july-20-2026,panama-city,2026-07-20,1,NO,28°C,0.84,11.9,10.0,0.08,27.6,30°C,won,11.9,1.82,2026-07-21T09:44:03Z
2026-07-19T08:24:41Z,highest-temperature-in-london-on-july-21-2026,london,2026-07-21,2,NO,27°C,0.93,10.75,10.0,0.035,27.3,25°C,won,10.75,0.71,2026-07-22T09:46:08Z
2026-07-19T08:24:41Z,highest-temperature-in-paris-on-july-21-2026,paris,2026-07-21,2,NO,28°C,0.98,10.2,10.0,0.01,27.8,26°C,won,10.2,0.19,2026-07-22T09:46:08Z
2026-07-19T08:24:41Z,highest-temperature-in-seoul-on-july-21-2026,seoul,2026-07-21,2,NO,24°C,0.998,10.02,10.0,0.001,23.9,28°C,won,10.02,0.02,2026-07-22T09:46:08Z
2026-07-19T08:24:41Z,highest-temperature-in-ankara-on-july-21-2026,ankara,2026-07-21,2,NO,33°C,0.72,13.89,10.0,0.14,32.7,34°C,lost,0.0,-10.14,2026-07-22T09:46:08Z
2026-07-19T08:24:41Z,highest-temperature-in-wellington-on-july-21-2026,wellington,2026-07-21,2,NO,11°C,0.97,10.31,10.0,0.015,11.3,13°C,won,10.31,0.3,2026-07-22T09:46:08Z
2026-07-19T08:24:41Z,highest-temperature-in-munich-on-july-21-2026,munich,2026-07-21,2,NO,22°C,0.7,14.29,10.0,0.15,21.5,23°C,won,14.29,4.14,2026-07-22T09:46:08Z
2026-07-19T08:24:41Z,highest-temperature-in-tel-aviv-on-july-21-2026,tel-aviv,2026-07-21,2,NO,32°C,0.96,10.42,10.0,0.02,31.7,33°C,won,10.42,0.4,2026-07-22T09:46:08Z
2026-07-19T08:24:41Z,highest-temperature-in-shanghai-on-july-21-2026,shanghai,2026-07-21,2,NO,<=28°C,0.999,10.01,10.0,0.0005,28.2,33°C,won,10.01,0.01,2026-07-22T09:46:08Z
2026-07-19T08:24:41Z,highest-temperature-in-milan-on-july-21-2026,milan,2026-07-21,2,NO,>=34°C,0.998,10.02,10.0,0.001,33.6,29°C,won,10.02,0.02,2026-07-22T09:46:08Z
2026-07-19T08:24:41Z,highest-temperature-in-madrid-on-july-21-2026,madrid,2026-07-21,2,NO,41°C,0.991,10.09,10.0,0.0045,40.7,38°C,won,10.09,0.09,2026-07-22T09:46:08Z
2026-07-19T08:24:41Z,highest-temperature-in-warsaw-on-july-21-2026,warsaw,2026-07-21,2,NO,16°C,0.98,10.2,10.0,0.01,15.8,18°C,won,10.2,0.19,2026-07-22T09:46:08Z
2026-07-19T08:24:41Z,highest-temperature-in-chongqing-on-july-21-2026,chongqing,2026-07-21,2,NO,38°C,0.76,13.16,10.0,0.12,38.5,39°C,won,13.16,3.04,2026-07-22T09:46:08Z
2026-07-19T08:24:41Z,highest-temperature-in-beijing-on-july-21-2026,beijing,2026-07-21,2,NO,32°C,0.87,11.49,10.0,0.065,32.1,30°C,lost,0.0,-10.06,2026-07-22T09:46:08Z
2026-07-19T08:24:41Z,highest-temperature-in-wuhan-on-july-21-2026,wuhan,2026-07-21,2,NO,28°C,0.997,10.03,10.0,0.0015,28.5,33°C,won,10.03,0.03,2026-07-22T09:46:08Z
2026-07-19T08:24:41Z,highest-temperature-in-chengdu-on-july-21-2026,chengdu,2026-07-21,2,NO,<=34°C,0.998,10.02,10.0,0.001,34.4,39°C,won,10.02,0.02,2026-07-22T09:46:08Z
2026-07-19T08:24:41Z,highest-temperature-in-shenzhen-on-july-21-2026,shenzhen,2026-07-21,2,NO,33°C,0.95,10.53,10.0,0.025,32.6,31°C,won,10.53,0.5,2026-07-22T09:46:08Z
2026-07-19T08:24:41Z,highest-temperature-in-moscow-on-july-21-2026,moscow,2026-07-21,2,NO,26°C,0.988,10.12,10.0,0.006,26.4,24°C,won,10.12,0.11,2026-07-22T09:46:08Z
2026-07-19T08:24:41Z,highest-temperature-in-istanbul-on-july-21-2026,istanbul,2026-07-21,2,NO,32°C,0.99,10.1,10.0,0.005,32.3,30°C,won,10.1,0.09,2026-07-22T09:46:08Z
2026-07-19T08:24:41Z,highest-temperature-in-amsterdam-on-july-21-2026,amsterdam,2026-07-21,2,NO,23°C,0.96,10.42,10.0,0.02,22.9,21°C,won,10.42,0.4,2026-07-22T09:46:08Z
2026-07-19T08:24:41Z,highest-temperature-in-helsinki-on-july-21-2026,helsinki,2026-07-21,2,NO,13°C,0.92,10.87,10.0,0.04,12.6,14°C,won,10.87,0.83,2026-07-22T09:46:08Z
2026-07-19T08:24:41Z,highest-temperature-in-jeddah-on-july-21-2026,jeddah,2026-07-21,2,NO,40°C,0.91,10.99,10.0,0.045,40.3,43°C,won,10.99,0.95,2026-07-22T09:46:08Z
2026-07-19T08:24:41Z,highest-temperature-in-karachi-on-july-21-2026,karachi,2026-07-21,2,NO,32°C,0.81,12.35,10.0,0.095,32.2,33°C,won,12.35,2.25,2026-07-22T09:46:08Z
2026-07-19T08:24:41Z,highest-temperature-in-manila-on-july-21-2026,manila,2026-07-21,2,NO,32°C,0.73,13.7,10.0,0.135,31.6,33°C,won,13.7,3.56,2026-07-22T09:46:08Z
2026-07-20T06:37:36Z,highest-temperature-in-tokyo-on-july-21-2026,tokyo,2026-07-21,1,NO,34°C,0.81,12.35,10.0,0.095,34.5,35°C,lost,0.0,-10.1,2026-07-22T09:46:08Z
2026-07-20T06:37:36Z,highest-temperature-in-hong-kong-on-july-21-2026,hong-kong,2026-07-21,1,NO,29°C,0.85,11.76,10.0,0.075,29.5,31°C,won,11.76,1.68,2026-07-22T09:46:08Z
2026-07-20T06:37:36Z,highest-temperature-in-lucknow-on-july-21-2026,lucknow,2026-07-21,1,NO,>=34°C,0.995,10.05,10.0,0.0025,33.5,31°C,won,10.05,0.05,2026-07-22T09:46:08Z
2026-07-20T06:37:36Z,highest-temperature-in-toronto-on-july-21-2026,toronto,2026-07-21,1,NO,29°C,0.93,10.75,10.0,0.035,29.0,26°C,won,10.75,0.71,2026-07-22T09:46:08Z
2026-07-20T06:37:36Z,highest-temperature-in-seattle-on-july-21-2026,seattle,2026-07-21,2,NO,92-93°F,0.7,14.29,10.0,0.15,33.9,90-91°F,lost,0.0,-10.15,2026-07-22T09:46:08Z
2026-07-20T06:37:36Z,highest-temperature-in-dallas-on-july-21-2026,dallas,2026-07-21,1,NO,108-109°F,0.97,10.31,10.0,0.015,42.2,104-105°F,won,10.31,0.3,2026-07-22T09:46:08Z
2026-07-20T06:37:36Z,highest-temperature-in-atlanta-on-july-21-2026,atlanta,2026-07-21,1,NO,92-93°F,0.71,14.08,10.0,0.145,34.0,90-91°F,won,14.08,3.94,2026-07-22T09:46:08Z
2026-07-20T06:37:36Z,highest-temperature-in-miami-on-july-21-2026,miami,2026-07-21,1,NO,90-91°F,0.75,13.33,10.0,0.125,32.8,92-93°F,lost,0.0,-10.12,2026-07-22T09:46:08Z
2026-07-20T06:37:36Z,highest-temperature-in-denver-on-july-21-2026,denver,2026-07-21,1,NO,96-97°F,0.92,10.87,10.0,0.04,35.8,92-93°F,lost,0.0,-10.04,2026-07-22T09:46:08Z
2026-07-20T06:37:36Z,highest-temperature-in-los-angeles-on-july-21-2026,los-angeles,2026-07-21,2,NO,84-85°F,0.93,10.75,10.0,0.035,28.9,80-81°F,won,10.75,0.71,2026-07-22T09:46:08Z
2026-07-20T06:37:36Z,highest-temperature-in-san-francisco-on-july-21-2026,san-francisco,2026-07-21,2,NO,84-85°F,0.968,10.33,10.0,0.016,29.1,<=81°F,won,10.33,0.31,2026-07-22T09:46:08Z
2026-07-20T06:37:36Z,highest-temperature-in-mexico-city-on-july-21-2026,mexico-city,2026-07-21,1,NO,26°C,0.7,14.29,10.0,0.15,26.2,27°C,won,14.29,4.14,2026-07-22T09:46:08Z
2026-07-20T06:37:36Z,highest-temperature-in-panama-city-on-july-21-2026,panama-city,2026-07-21,1,NO,29°C,0.93,10.75,10.0,0.035,29.0,31°C,won,10.75,0.71,2026-07-22T09:46:08Z
2026-07-20T06:37:36Z,highest-temperature-in-london-on-july-22-2026,london,2026-07-22,2,NO,27°C,0.85,11.76,10.0,0.075,27.4,26°C,won,11.76,1.68,2026-07-23T09:24:14Z
2026-07-20T06:37:36Z,highest-temperature-in-paris-on-july-22-2026,paris,2026-07-22,2,NO,29°C,0.98,10.2,10.0,0.01,28.6,27°C,won,10.2,0.19,2026-07-23T09:24:14Z
2026-07-20T06:37:36Z,highest-temperature-in-seoul-on-july-22-2026,seoul,2026-07-22,2,NO,24°C,0.994,10.06,10.0,0.003,24.3,29°C,won,10.06,0.06,2026-07-23T09:24:14Z
2026-07-20T06:37:36Z,highest-temperature-in-wellington-on-july-22-2026,wellington,2026-07-22,2,NO,12°C,0.974,10.27,10.0,0.013,11.8,14°C,won,10.27,0.26,2026-07-23T09:24:14Z
2026-07-20T06:37:36Z,highest-temperature-in-lucknow-on-july-22-2026,lucknow,2026-07-22,2,NO,>=34°C,0.87,11.49,10.0,0.065,33.5,32°C,won,11.49,1.43,2026-07-23T09:24:14Z
2026-07-20T06:37:36Z,highest-temperature-in-munich-on-july-22-2026,munich,2026-07-22,2,NO,23°C,0.97,10.31,10.0,0.015,22.7,25°C,won,10.31,0.3,2026-07-23T09:24:14Z
2026-07-20T06:37:36Z,highest-temperature-in-tel-aviv-on-july-22-2026,tel-aviv,2026-07-22,2,NO,32°C,0.96,10.42,10.0,0.02,31.6,34°C,won,10.42,0.4,2026-07-23T09:24:14Z
2026-07-20T06:37:36Z,highest-temperature-in-tokyo-on-july-22-2026,tokyo,2026-07-22,2,NO,34°C,0.86,11.63,10.0,0.07,33.8,35°C,lost,0.0,-10.07,2026-07-23T09:24:14Z
2026-07-20T06:37:36Z,highest-temperature-in-hong-kong-on-july-22-2026,hong-kong,2026-07-22,2,NO,30°C,0.92,10.87,10.0,0.04,30.0,32°C,won,10.87,0.83,2026-07-23T09:24:14Z
2026-07-20T06:37:36Z,highest-temperature-in-shanghai-on-july-22-2026,shanghai,2026-07-22,2,NO,29°C,0.999,10.01,10.0,0.0005,29.4,34°C,won,10.01,0.01,2026-07-23T09:24:14Z
2026-07-20T06:37:36Z,highest-temperature-in-taipei-on-july-22-2026,taipei,2026-07-22,2,NO,36°C,0.82,12.2,10.0,0.09,35.6,35°C,lost,0.0,-10.09,2026-07-23T09:24:14Z
2026-07-20T06:37:36Z,highest-temperature-in-chongqing-on-july-22-2026,chongqing,2026-07-22,2,NO,39°C,0.85,11.76,10.0,0.075,38.8,39°C,won,11.76,1.68,2026-07-23T09:24:14Z
2026-07-20T06:37:36Z,highest-temperature-in-beijing-on-july-22-2026,beijing,2026-07-22,2,NO,34°C,0.99,10.1,10.0,0.005,33.5,31°C,won,10.1,0.09,2026-07-23T09:24:14Z
2026-07-20T06:37:36Z,highest-temperature-in-wuhan-on-july-22-2026,wuhan,2026-07-22,2,NO,28°C,0.96,10.42,10.0,0.02,28.4,30°C,won,10.42,0.4,2026-07-23T09:24:14Z
2026-07-20T06:37:36Z,highest-temperature-in-chengdu-on-july-22-2026,chengdu,2026-07-22,2,NO,<=34°C,0.999,10.01,10.0,0.0005,34.3,40°C,won,10.01,0.01,2026-07-23T09:24:14Z
2026-07-20T06:37:36Z,highest-temperature-in-shenzhen-on-july-22-2026,shenzhen,2026-07-22,2,NO,33°C,0.8,12.5,10.0,0.1,32.9,32°C,lost,0.0,-10.1,2026-07-23T09:24:14Z
2026-07-20T06:37:36Z,highest-temperature-in-istanbul-on-july-22-2026,istanbul,2026-07-22,2,NO,>=34°C,0.997,10.03,10.0,0.0015,35.6,28°C,lost,0.0,-10.0,2026-07-23T09:24:14Z
2026-07-20T06:37:36Z,highest-temperature-in-amsterdam-on-july-22-2026,amsterdam,2026-07-22,2,NO,20°C,0.75,13.33,10.0,0.125,19.8,19°C,lost,0.0,-10.12,2026-07-23T09:24:14Z
2026-07-20T06:37:36Z,highest-temperature-in-helsinki-on-july-22-2026,helsinki,2026-07-22,2,NO,18°C,0.89,11.24,10.0,0.055,17.5,17°C,won,11.24,1.19,2026-07-23T09:24:14Z
2026-07-20T06:37:36Z,highest-temperature-in-kuala-lumpur-on-july-22-2026,kuala-lumpur,2026-07-22,2,NO,30°C,0.98,10.2,10.0,0.01,30.5,32°C,won,10.2,0.19,2026-07-23T09:24:14Z
2026-07-20T06:37:36Z,highest-temperature-in-jeddah-on-july-22-2026,jeddah,2026-07-22,2,NO,36°C,0.96,10.42,10.0,0.02,36.5,38°C,won,10.42,0.4,2026-07-23T09:24:14Z
2026-07-20T06:37:36Z,highest-temperature-in-guangzhou-on-july-22-2026,guangzhou,2026-07-22,2,NO,32°C,0.85,11.76,10.0,0.075,32.0,34°C,won,11.76,1.68,2026-07-23T09:24:14Z
2026-07-20T06:37:36Z,highest-temperature-in-qingdao-on-july-22-2026,qingdao,2026-07-22,2,NO,31°C,0.77,12.99,10.0,0.115,31.2,30°C,won,12.99,2.88,2026-07-23T09:24:14Z
2026-07-20T06:37:36Z,highest-temperature-in-karachi-on-july-22-2026,karachi,2026-07-22,2,NO,32°C,0.9,11.11,10.0,0.05,32.0,34°C,won,11.11,1.06,2026-07-23T09:24:14Z
2026-07-20T06:37:36Z,highest-temperature-in-manila-on-july-22-2026,manila,2026-07-22,2,NO,34°C,0.71,14.08,10.0,0.145,33.5,33°C,won,14.08,3.94,2026-07-23T09:24:14Z
2026-07-20T06:37:36Z,highest-temperature-in-moscow-on-july-22-2026,moscow,2026-07-22,2,NO,25°C,0.94,10.64,10.0,0.03,25.2,24°C,won,10.64,0.61,2026-07-23T09:24:14Z
2026-07-21T09:44:03Z,highest-temperature-in-ankara-on-july-22-2026,ankara,2026-07-22,1,NO,31°C,0.79,12.66,10.0,0.105,30.8,32°C,lost,0.0,-10.11,2026-07-23T09:24:14Z
2026-07-21T09:44:03Z,highest-temperature-in-buenos-aires-on-july-22-2026,buenos-aires,2026-07-22,1,NO,12°C,0.85,11.76,10.0,0.075,11.6,13°C,won,11.76,1.68,2026-07-23T09:24:14Z
2026-07-21T09:44:03Z,highest-temperature-in-toronto-on-july-22-2026,toronto,2026-07-22,1,NO,20°C,0.82,12.2,10.0,0.09,20.4,21°C,won,12.2,2.11,2026-07-23T09:24:14Z
2026-07-21T09:44:03Z,highest-temperature-in-nyc-on-july-22-2026,nyc,2026-07-22,1,NO,82-83°F,0.89,11.24,10.0,0.055,28.3,86-87°F,won,11.24,1.19,2026-07-23T09:24:14Z
2026-07-21T09:44:03Z,highest-temperature-in-dallas-on-july-22-2026,dallas,2026-07-22,1,NO,108-109°F,0.92,10.87,10.0,0.04,43.0,104-105°F,lost,0.0,-10.04,2026-07-23T09:24:14Z
2026-07-21T09:44:03Z,highest-temperature-in-atlanta-on-july-22-2026,atlanta,2026-07-22,1,NO,88-89°F,0.78,12.82,10.0,0.11,31.8,90-91°F,lost,0.0,-10.11,2026-07-23T09:24:14Z
2026-07-21T09:44:03Z,highest-temperature-in-miami-on-july-22-2026,miami,2026-07-22,1,NO,88-89°F,0.96,10.42,10.0,0.02,31.8,92-93°F,won,10.42,0.4,2026-07-23T09:24:14Z
2026-07-21T09:44:03Z,highest-temperature-in-chicago-on-july-22-2026,chicago,2026-07-22,1,NO,70-71°F,0.81,12.35,10.0,0.095,21.0,72-73°F,won,12.35,2.25,2026-07-23T09:24:14Z
2026-07-21T09:44:03Z,highest-temperature-in-denver-on-july-22-2026,denver,2026-07-22,1,NO,>=94°F,0.76,13.16,10.0,0.12,35.3,92-93°F,lost,0.0,-10.12,2026-07-23T17:04:19Z
2026-07-21T09:44:03Z,highest-temperature-in-houston-on-july-22-2026,houston,2026-07-22,1,NO,104-105°F,0.91,10.99,10.0,0.045,40.7,100-101°F,won,10.99,0.95,2026-07-23T09:24:14Z
2026-07-21T09:44:03Z,highest-temperature-in-san-francisco-on-july-22-2026,san-francisco,2026-07-22,1,NO,80-81°F,0.979,10.21,10.0,0.0105,26.5,74-75°F,won,10.21,0.2,2026-07-23T09:24:14Z
2026-07-21T09:44:03Z,highest-temperature-in-mexico-city-on-july-22-2026,mexico-city,2026-07-22,1,NO,26°C,0.76,13.16,10.0,0.12,26.0,27°C,won,13.16,3.04,2026-07-23T09:24:14Z
2026-07-21T09:44:03Z,highest-temperature-in-panama-city-on-july-22-2026,panama-city,2026-07-22,1,NO,30°C,0.73,13.7,10.0,0.135,30.1,31°C,lost,0.0,-10.13,2026-07-23T09:24:14Z
2026-07-21T09:44:03Z,highest-temperature-in-london-on-july-23-2026,london,2026-07-23,2,NO,26°C,0.79,12.66,10.0,0.105,26.3,25°C,lost,0.0,-10.11,2026-07-24T09:18:07Z
2026-07-21T09:44:03Z,highest-temperature-in-paris-on-july-23-2026,paris,2026-07-23,2,NO,27°C,0.87,11.49,10.0,0.065,27.4,25°C,won,11.49,1.43,2026-07-24T09:18:07Z
2026-07-21T09:44:03Z,highest-temperature-in-seoul-on-july-23-2026,seoul,2026-07-23,2,NO,24°C,0.996,10.04,10.0,0.002,24.0,28°C,won,10.04,0.04,2026-07-24T09:18:07Z
2026-07-21T09:44:03Z,highest-temperature-in-ankara-on-july-23-2026,ankara,2026-07-23,2,NO,31°C,0.87,11.49,10.0,0.065,30.9,29°C,won,11.49,1.43,2026-07-24T09:18:07Z
2026-07-21T09:44:03Z,highest-temperature-in-wellington-on-july-23-2026,wellington,2026-07-23,2,NO,13°C,0.76,13.16,10.0,0.12,13.0,14°C,won,13.16,3.04,2026-07-24T09:18:07Z
2026-07-21T09:44:03Z,highest-temperature-in-munich-on-july-23-2026,munich,2026-07-23,2,NO,21°C,0.81,12.35,10.0,0.095,20.9,22°C,won,12.35,2.25,2026-07-24T09:18:07Z
2026-07-21T09:44:03Z,highest-temperature-in-tel-aviv-on-july-23-2026,tel-aviv,2026-07-23,2,NO,32°C,0.967,10.34,10.0,0.0165,32.3,34°C,won,10.34,0.32,2026-07-24T09:18:07Z
2026-07-21T09:44:03Z,highest-temperature-in-hong-kong-on-july-23-2026,hong-kong,2026-07-23,2,NO,30°C,0.95,10.53,10.0,0.025,30.3,32°C,won,10.53,0.5,2026-07-24T09:18:07Z
2026-07-21T09:44:03Z,highest-temperature-in-shanghai-on-july-23-2026,shanghai,2026-07-23,2,NO,32°C,0.995,10.05,10.0,0.0025,32.5,35°C,won,10.05,0.05,2026-07-24T09:18:07Z
2026-07-21T09:44:03Z,highest-temperature-in-singapore-on-july-23-2026,singapore,2026-07-23,2,NO,30°C,0.86,11.63,10.0,0.07,30.3,31°C,lost,0.0,-10.07,2026-07-24T09:18:07Z
2026-07-21T09:44:03Z,highest-temperature-in-milan-on-july-23-2026,milan,2026-07-23,2,NO,33°C,0.976,10.25,10.0,0.012,32.8,31°C,won,10.25,0.24,2026-07-24T09:18:07Z
2026-07-21T09:44:03Z,highest-temperature-in-madrid-on-july-23-2026,madrid,2026-07-23,2,NO,40°C,0.78,12.82,10.0,0.11,40.4,39°C,won,12.82,2.71,2026-07-24T09:18:07Z
2026-07-21T09:44:03Z,highest-temperature-in-warsaw-on-july-23-2026,warsaw,2026-07-23,2,NO,18°C,0.78,12.82,10.0,0.11,18.4,19°C,won,12.82,2.71,2026-07-24T09:18:07Z
2026-07-21T09:44:03Z,highest-temperature-in-beijing-on-july-23-2026,beijing,2026-07-23,2,NO,27°C,0.8,12.5,10.0,0.1,27.4,29°C,won,12.5,2.4,2026-07-24T09:18:07Z
2026-07-21T09:44:03Z,highest-temperature-in-wuhan-on-july-23-2026,wuhan,2026-07-23,2,NO,35°C,0.89,11.24,10.0,0.055,34.8,33°C,won,11.24,1.19,2026-07-24T09:18:07Z
2026-07-21T09:44:03Z,highest-temperature-in-chengdu-on-july-23-2026,chengdu,2026-07-23,2,NO,36°C,0.97,10.31,10.0,0.015,36.2,40°C,won,10.31,0.3,2026-07-24T09:18:07Z
2026-07-21T09:44:03Z,highest-temperature-in-moscow-on-july-23-2026,moscow,2026-07-23,2,NO,19°C,0.987,10.13,10.0,0.0065,19.1,22°C,won,10.13,0.12,2026-07-24T09:18:07Z
2026-07-21T09:44:03Z,highest-temperature-in-istanbul-on-july-23-2026,istanbul,2026-07-23,2,NO,26°C,0.91,10.99,10.0,0.045,25.6,25°C,won,10.99,0.95,2026-07-24T09:18:07Z
2026-07-21T09:44:03Z,highest-temperature-in-busan-on-july-23-2026,busan,2026-07-23,2,NO,34°C,0.82,12.2,10.0,0.09,33.5,33°C,lost,0.0,-10.09,2026-07-24T09:18:07Z
2026-07-21T09:44:03Z,highest-temperature-in-amsterdam-on-july-23-2026,amsterdam,2026-07-23,2,NO,21°C,0.84,11.9,10.0,0.08,20.8,19°C,lost,0.0,-10.08,2026-07-24T09:18:07Z
2026-07-21T09:44:03Z,highest-temperature-in-helsinki-on-july-23-2026,helsinki,2026-07-23,2,NO,16°C,0.992,10.08,10.0,0.004,16.5,20°C,won,10.08,0.08,2026-07-24T09:18:07Z
2026-07-21T09:44:03Z,highest-temperature-in-kuala-lumpur-on-july-23-2026,kuala-lumpur,2026-07-23,2,NO,31°C,0.89,11.24,10.0,0.055,30.6,32°C,won,11.24,1.19,2026-07-24T09:18:07Z
2026-07-21T09:44:03Z,highest-temperature-in-jeddah-on-july-23-2026,jeddah,2026-07-23,2,NO,35°C,0.98,10.2,10.0,0.01,34.8,>=39°C,won,10.2,0.19,2026-07-24T09:18:07Z
2026-07-21T09:44:03Z,highest-temperature-in-guangzhou-on-july-23-2026,guangzhou,2026-07-23,2,NO,32°C,0.99,10.1,10.0,0.005,32.2,35°C,won,10.1,0.09,2026-07-24T09:18:07Z
2026-07-21T09:44:03Z,highest-temperature-in-qingdao-on-july-23-2026,qingdao,2026-07-23,2,NO,29°C,0.87,11.49,10.0,0.065,29.1,30°C,won,11.49,1.43,2026-07-24T09:18:07Z
2026-07-21T09:44:03Z,highest-temperature-in-manila-on-july-23-2026,manila,2026-07-23,2,NO,32°C,0.81,12.35,10.0,0.095,32.3,33°C,lost,0.0,-10.1,2026-07-24T09:18:07Z
2026-07-21T09:44:03Z,highest-temperature-in-lucknow-on-july-23-2026,lucknow,2026-07-23,2,NO,34°C,0.92,10.87,10.0,0.04,34.0,32°C,won,10.87,0.83,2026-07-24T09:18:07Z
2026-07-21T09:44:03Z,highest-temperature-in-cape-town-on-july-23-2026,cape-town,2026-07-23,2,NO,12°C,0.975,10.26,10.0,0.0125,12.2,15°C,won,10.26,0.25,2026-07-24T09:18:07Z
2026-07-21T09:44:03Z,highest-temperature-in-karachi-on-july-23-2026,karachi,2026-07-23,2,NO,32°C,0.96,10.42,10.0,0.02,32.1,34°C,won,10.42,0.4,2026-07-24T09:18:07Z
2026-07-22T09:46:08Z,highest-temperature-in-chongqing-on-july-23-2026,chongqing,2026-07-23,1,NO,39°C,0.7,14.29,10.0,0.15,39.4,40°C,won,14.29,4.14,2026-07-24T09:18:07Z
2026-07-22T09:46:08Z,highest-temperature-in-sao-paulo-on-july-23-2026,sao-paulo,2026-07-23,1,NO,20°C,0.87,11.49,10.0,0.065,20.4,21°C,won,11.49,1.43,2026-07-24T09:18:07Z
2026-07-22T09:46:08Z,highest-temperature-in-toronto-on-july-23-2026,toronto,2026-07-23,1,NO,24°C,0.74,13.51,10.0,0.13,24.2,25°C,won,13.51,3.38,2026-07-24T09:18:07Z
2026-07-22T09:46:08Z,highest-temperature-in-seattle-on-july-23-2026,seattle,2026-07-23,1,NO,78-79°F,0.75,13.33,10.0,0.125,25.7,76-77°F,won,13.33,3.21,2026-07-24T09:18:07Z
2026-07-22T09:46:08Z,highest-temperature-in-nyc-on-july-23-2026,nyc,2026-07-23,1,NO,82-83°F,0.8,12.5,10.0,0.1,27.7,80-81°F,won,12.5,2.4,2026-07-24T09:18:07Z
2026-07-22T09:46:08Z,highest-temperature-in-dallas-on-july-23-2026,dallas,2026-07-23,1,NO,102-103°F,0.9,11.11,10.0,0.05,39.3,100-101°F,won,11.11,1.06,2026-07-24T09:18:07Z
2026-07-22T09:46:08Z,highest-temperature-in-miami-on-july-23-2026,miami,2026-07-23,1,NO,88-89°F,0.979,10.21,10.0,0.0105,31.9,92-93°F,won,10.21,0.2,2026-07-24T09:18:07Z
2026-07-22T09:46:08Z,highest-temperature-in-chicago-on-july-23-2026,chicago,2026-07-23,1,NO,80-81°F,0.83,12.05,10.0,0.085,27.2,78-79°F,won,12.05,1.97,2026-07-24T09:18:07Z
2026-07-22T09:46:08Z,highest-temperature-in-denver-on-july-23-2026,denver,2026-07-23,1,NO,84-85°F,0.82,12.2,10.0,0.09,29.5,86-87°F,lost,0.0,-10.09,2026-07-24T09:18:07Z
2026-07-22T09:46:08Z,highest-temperature-in-houston-on-july-23-2026,houston,2026-07-23,1,NO,98-99°F,0.989,10.11,10.0,0.0055,36.9,90-91°F,won,10.11,0.1,2026-07-24T09:18:07Z
2026-07-22T09:46:08Z,highest-temperature-in-los-angeles-on-july-23-2026,los-angeles,2026-07-23,1,NO,84-85°F,0.92,10.87,10.0,0.04,28.9,80-81°F,won,10.87,0.83,2026-07-24T09:18:07Z
2026-07-22T09:46:08Z,highest-temperature-in-san-francisco-on-july-23-2026,san-francisco,2026-07-23,1,NO,66-67°F,0.91,10.99,10.0,0.045,19.7,68-69°F,won,10.99,0.95,2026-07-24T09:18:07Z
2026-07-22T09:46:08Z,highest-temperature-in-mexico-city-on-july-23-2026,mexico-city,2026-07-23,1,NO,27°C,0.77,12.99,10.0,0.115,26.9,28°C,won,12.99,2.88,2026-07-24T09:18:07Z
2026-07-22T09:46:08Z,highest-temperature-in-panama-city-on-july-23-2026,panama-city,2026-07-23,1,NO,26°C,0.98,10.2,10.0,0.01,26.4,29°C,won,10.2,0.19,2026-07-24T09:18:07Z
2026-07-22T09:46:08Z,highest-temperature-in-london-on-july-24-2026,london,2026-07-24,2,NO,30°C,0.94,10.64,10.0,0.03,30.5,28°C,won,10.64,0.61,2026-07-25T07:41:46Z
2026-07-22T09:46:08Z,highest-temperature-in-paris-on-july-24-2026,paris,2026-07-24,2,NO,30°C,0.96,10.42,10.0,0.02,30.2,28°C,won,10.42,0.4,2026-07-25T07:41:46Z
2026-07-22T09:46:08Z,highest-temperature-in-seoul-on-july-24-2026,seoul,2026-07-24,2,NO,25°C,0.996,10.04,10.0,0.002,24.9,30°C,won,10.04,0.04,2026-07-25T07:41:46Z
2026-07-22T09:46:08Z,highest-temperature-in-wellington-on-july-24-2026,wellington,2026-07-24,2,NO,13°C,0.743,13.46,10.0,0.1285,12.8,14°C,won,13.46,3.33,2026-07-25T07:41:46Z
2026-07-22T09:46:08Z,highest-temperature-in-lucknow-on-july-24-2026,lucknow,2026-07-24,2,NO,34°C,0.93,10.75,10.0,0.035,33.7,32°C,won,10.75,0.71,2026-07-25T07:41:46Z
2026-07-22T09:46:08Z,highest-temperature-in-munich-on-july-24-2026,munich,2026-07-24,2,NO,23°C,0.92,10.87,10.0,0.04,22.9,25°C,won,10.87,0.83,2026-07-25T07:41:46Z
2026-07-22T09:46:08Z,highest-temperature-in-tel-aviv-on-july-24-2026,tel-aviv,2026-07-24,2,NO,31°C,0.84,11.9,10.0,0.08,31.2,32°C,won,11.9,1.82,2026-07-25T07:41:46Z
2026-07-22T09:46:08Z,highest-temperature-in-tokyo-on-july-24-2026,tokyo,2026-07-24,2,NO,32°C,0.75,13.33,10.0,0.125,32.3,32°C,won,13.33,3.21,2026-07-25T07:41:46Z
2026-07-22T09:46:08Z,highest-temperature-in-hong-kong-on-july-24-2026,hong-kong,2026-07-24,2,NO,30°C,0.999,10.01,10.0,0.0005,30.8,33°C,won,10.01,0.01,2026-07-27T12:49:12Z
2026-07-22T09:46:08Z,highest-temperature-in-shanghai-on-july-24-2026,shanghai,2026-07-24,2,NO,32°C,0.99,10.1,10.0,0.005,32.2,36°C,won,10.1,0.09,2026-07-25T07:41:46Z
2026-07-22T09:46:08Z,highest-temperature-in-singapore-on-july-24-2026,singapore,2026-07-24,2,NO,30°C,0.93,10.75,10.0,0.035,30.5,32°C,won,10.75,0.71,2026-07-25T07:41:46Z
2026-07-22T09:46:08Z,highest-temperature-in-madrid-on-july-24-2026,madrid,2026-07-24,2,NO,36°C,0.92,10.87,10.0,0.04,35.5,34°C,won,10.87,0.83,2026-07-25T07:41:46Z
2026-07-22T09:46:08Z,highest-temperature-in-chongqing-on-july-24-2026,chongqing,2026-07-24,2,NO,39°C,0.7,14.29,10.0,0.15,38.6,40°C,won,14.29,4.14,2026-07-25T07:41:46Z
2026-07-22T09:46:08Z,highest-temperature-in-beijing-on-july-24-2026,beijing,2026-07-24,2,NO,30°C,0.73,13.7,10.0,0.135,30.2,29°C,won,13.7,3.56,2026-07-25T07:41:46Z
2026-07-22T09:46:08Z,highest-temperature-in-wuhan-on-july-24-2026,wuhan,2026-07-24,2,NO,35°C,0.76,13.16,10.0,0.12,35.4,34°C,lost,0.0,-10.12,2026-07-25T07:41:46Z
2026-07-22T09:46:08Z,highest-temperature-in-chengdu-on-july-24-2026,chengdu,2026-07-24,2,NO,36°C,0.976,10.25,10.0,0.012,36.2,39°C,won,10.25,0.24,2026-07-25T07:41:46Z
2026-07-22T09:46:08Z,highest-temperature-in-shenzhen-on-july-24-2026,shenzhen,2026-07-24,2,NO,35°C,0.86,11.63,10.0,0.07,34.8,33°C,lost,0.0,-10.07,2026-07-25T07:41:46Z
2026-07-22T09:46:08Z,highest-temperature-in-moscow-on-july-24-2026,moscow,2026-07-24,2,NO,23°C,0.76,13.16,10.0,0.12,23.1,22°C,won,13.16,3.04,2026-07-25T07:41:46Z
2026-07-22T09:46:08Z,highest-temperature-in-istanbul-on-july-24-2026,istanbul,2026-07-24,2,NO,28°C,0.99,10.1,10.0,0.005,27.9,24°C,won,10.1,0.09,2026-07-25T07:41:46Z
2026-07-22T09:46:08Z,highest-temperature-in-amsterdam-on-july-24-2026,amsterdam,2026-07-24,2,NO,25°C,0.96,10.42,10.0,0.02,24.9,23°C,won,10.42,0.4,2026-07-25T07:41:46Z
2026-07-22T09:46:08Z,highest-temperature-in-helsinki-on-july-24-2026,helsinki,2026-07-24,2,NO,20°C,0.72,13.89,10.0,0.14,19.9,21°C,won,13.89,3.75,2026-07-25T07:41:46Z
2026-07-22T09:46:08Z,highest-temperature-in-jeddah-on-july-24-2026,jeddah,2026-07-24,2,NO,36°C,0.997,10.03,10.0,0.0015,35.8,>=41°C,won,10.03,0.03,2026-07-25T07:41:46Z
2026-07-22T09:46:08Z,highest-temperature-in-guangzhou-on-july-24-2026,guangzhou,2026-07-24,2,NO,35°C,0.87,11.49,10.0,0.065,34.8,36°C,won,11.49,1.43,2026-07-25T07:41:46Z
2026-07-22T09:46:08Z,highest-temperature-in-qingdao-on-july-24-2026,qingdao,2026-07-24,2,NO,28°C,0.91,10.99,10.0,0.045,27.5,30°C,won,10.99,0.95,2026-07-25T07:41:46Z
2026-07-22T09:46:08Z,highest-temperature-in-karachi-on-july-24-2026,karachi,2026-07-24,2,NO,31°C,0.997,10.03,10.0,0.0015,30.6,35°C,won,10.03,0.03,2026-07-25T07:41:46Z
2026-07-23T09:24:14Z,highest-temperature-in-milan-on-july-24-2026,milan,2026-07-24,1,NO,31°C,0.81,12.35,10.0,0.095,30.8,30°C,won,12.35,2.25,2026-07-25T07:41:46Z
2026-07-23T09:24:14Z,highest-temperature-in-busan-on-july-24-2026,busan,2026-07-24,1,NO,35°C,0.73,13.7,10.0,0.135,35.1,34°C,lost,0.0,-10.13,2026-07-25T07:41:46Z
2026-07-23T09:24:14Z,highest-temperature-in-manila-on-july-24-2026,manila,2026-07-24,1,NO,29°C,0.836,11.96,10.0,0.082,29.1,31°C,won,11.96,1.88,2026-07-25T07:41:46Z
2026-07-23T09:24:14Z,highest-temperature-in-sao-paulo-on-july-24-2026,sao-paulo,2026-07-24,1,NO,17°C,0.7,14.29,10.0,0.15,16.8,18°C,lost,0.0,-10.15,2026-07-25T07:41:46Z
2026-07-23T09:24:14Z,highest-temperature-in-dallas-on-july-24-2026,dallas,2026-07-24,1,NO,<=91°F,0.986,10.14,10.0,0.007,32.0,96-97°F,won,10.14,0.13,2026-07-25T07:41:46Z
2026-07-23T09:24:14Z,highest-temperature-in-atlanta-on-july-24-2026,atlanta,2026-07-24,1,NO,84-85°F,0.73,13.7,10.0,0.135,28.7,86-87°F,won,13.7,3.56,2026-07-25T07:41:46Z
2026-07-23T09:24:14Z,highest-temperature-in-miami-on-july-24-2026,miami,2026-07-24,1,NO,84-85°F,0.995,10.05,10.0,0.0025,29.2,90-91°F,won,10.05,0.05,2026-07-25T07:41:46Z
2026-07-23T09:24:14Z,highest-temperature-in-chicago-on-july-24-2026,chicago,2026-07-24,1,NO,84-85°F,0.93,10.75,10.0,0.035,28.8,80-81°F,won,10.75,0.71,2026-07-25T07:41:46Z
2026-07-23T09:24:14Z,highest-temperature-in-austin-on-july-24-2026,austin,2026-07-24,1,NO,92-93°F,0.955,10.47,10.0,0.0225,33.9,96-97°F,won,10.47,0.45,2026-07-25T07:41:46Z
2026-07-23T09:24:14Z,highest-temperature-in-denver-on-july-24-2026,denver,2026-07-24,1,NO,98-99°F,0.975,10.26,10.0,0.0125,37.0,94-95°F,won,10.26,0.25,2026-07-25T15:49:54Z
2026-07-23T09:24:14Z,highest-temperature-in-los-angeles-on-july-24-2026,los-angeles,2026-07-24,1,NO,84-85°F,0.92,10.87,10.0,0.04,29.0,80-81°F,won,10.87,0.83,2026-07-25T15:49:54Z
2026-07-23T09:24:14Z,highest-temperature-in-san-francisco-on-july-24-2026,san-francisco,2026-07-24,1,NO,66-67°F,0.86,11.63,10.0,0.07,19.5,68-69°F,won,11.63,1.56,2026-07-25T15:49:54Z
2026-07-23T09:24:14Z,highest-temperature-in-mexico-city-on-july-24-2026,mexico-city,2026-07-24,1,NO,26°C,0.91,10.99,10.0,0.045,26.3,28°C,won,10.99,0.95,2026-07-25T15:49:54Z
2026-07-23T09:24:14Z,highest-temperature-in-panama-city-on-july-24-2026,panama-city,2026-07-24,1,NO,29°C,0.84,11.9,10.0,0.08,29.0,31°C,won,11.9,1.82,2026-07-25T07:41:46Z
2026-07-23T09:24:14Z,highest-temperature-in-london-on-july-25-2026,london,2026-07-25,2,NO,30°C,0.94,10.64,10.0,0.03,30.1,28°C,won,10.64,0.61,2026-07-26T05:49:24Z
2026-07-23T09:24:14Z,highest-temperature-in-paris-on-july-25-2026,paris,2026-07-25,2,NO,34°C,0.997,10.03,10.0,0.0015,33.8,30°C,won,10.03,0.03,2026-07-26T05:49:24Z
2026-07-23T09:24:14Z,highest-temperature-in-seoul-on-july-25-2026,seoul,2026-07-25,2,NO,25°C,0.998,10.02,10.0,0.001,24.9,29°C,won,10.02,0.02,2026-07-26T05:49:24Z
2026-07-23T09:24:14Z,highest-temperature-in-ankara-on-july-25-2026,ankara,2026-07-25,2,NO,>=26°C,0.999,10.01,10.0,0.0005,26.1,21°C,won,10.01,0.01,2026-07-26T05:49:24Z
2026-07-23T09:24:14Z,highest-temperature-in-wellington-on-july-25-2026,wellington,2026-07-25,2,NO,11°C,0.81,12.35,10.0,0.095,11.1,12°C,won,12.35,2.25,2026-07-26T05:49:24Z
2026-07-23T09:24:14Z,highest-temperature-in-munich-on-july-25-2026,munich,2026-07-25,2,NO,28°C,0.96,10.42,10.0,0.02,27.6,30°C,won,10.42,0.4,2026-07-26T05:49:24Z
2026-07-23T09:24:14Z,highest-temperature-in-tel-aviv-on-july-25-2026,tel-aviv,2026-07-25,2,NO,<=31°C,0.996,10.04,10.0,0.002,31.4,34°C,won,10.04,0.04,2026-07-26T05:49:24Z
2026-07-23T09:24:14Z,highest-temperature-in-hong-kong-on-july-25-2026,hong-kong,2026-07-25,2,NO,<=29°C,0.998,10.02,10.0,0.001,29.5,33°C,won,10.02,0.02,2026-07-27T12:49:12Z
2026-07-23T09:24:14Z,highest-temperature-in-shanghai-on-july-25-2026,shanghai,2026-07-25,2,NO,32°C,0.99,10.1,10.0,0.005,32.0,35°C,won,10.1,0.09,2026-07-26T05:49:24Z
2026-07-23T09:24:14Z,highest-temperature-in-milan-on-july-25-2026,milan,2026-07-25,2,NO,32°C,0.979,10.21,10.0,0.0105,32.2,29°C,won,10.21,0.2,2026-07-26T05:49:24Z
2026-07-23T09:24:14Z,highest-temperature-in-madrid-on-july-25-2026,madrid,2026-07-25,2,NO,30°C,0.71,14.08,10.0,0.145,30.4,29°C,won,14.08,3.94,2026-07-26T05:49:24Z
2026-07-23T09:24:14Z,highest-temperature-in-warsaw-on-july-25-2026,warsaw,2026-07-25,2,NO,26°C,0.79,12.66,10.0,0.105,25.6,25°C,won,12.66,2.56,2026-07-26T05:49:24Z
2026-07-23T09:24:14Z,highest-temperature-in-taipei-on-july-25-2026,taipei,2026-07-25,2,NO,35°C,0.76,13.16,10.0,0.12,35.3,34°C,won,13.16,3.04,2026-07-26T05:49:24Z
2026-07-23T09:24:14Z,highest-temperature-in-chongqing-on-july-25-2026,chongqing,2026-07-25,2,NO,39°C,0.75,13.33,10.0,0.125,38.6,40°C,lost,0.0,-10.12,2026-07-26T05:49:24Z
2026-07-23T09:24:14Z,highest-temperature-in-beijing-on-july-25-2026,beijing,2026-07-25,2,NO,34°C,0.87,11.49,10.0,0.065,33.8,32°C,won,11.49,1.43,2026-07-26T05:49:24Z
2026-07-23T09:24:14Z,highest-temperature-in-chengdu-on-july-25-2026,chengdu,2026-07-25,2,NO,36°C,0.964,10.37,10.0,0.018,35.6,39°C,won,10.37,0.35,2026-07-26T05:49:24Z
2026-07-23T09:24:14Z,highest-temperature-in-shenzhen-on-july-25-2026,shenzhen,2026-07-25,2,NO,32°C,0.92,10.87,10.0,0.04,31.7,34°C,won,10.87,0.83,2026-07-26T05:49:24Z
2026-07-23T09:24:14Z,highest-temperature-in-moscow-on-july-25-2026,moscow,2026-07-25,2,NO,25°C,0.988,10.12,10.0,0.006,25.3,20°C,won,10.12,0.11,2026-07-26T05:49:24Z
2026-07-23T09:24:14Z,highest-temperature-in-istanbul-on-july-25-2026,istanbul,2026-07-25,2,NO,25°C,0.989,10.11,10.0,0.0055,25.2,23°C,won,10.11,0.1,2026-07-26T05:49:24Z
2026-07-23T09:24:14Z,highest-temperature-in-busan-on-july-25-2026,busan,2026-07-25,2,NO,35°C,0.72,13.89,10.0,0.14,34.8,34°C,lost,0.0,-10.14,2026-07-26T05:49:24Z
2026-07-23T09:24:14Z,highest-temperature-in-helsinki-on-july-25-2026,helsinki,2026-07-25,2,NO,22°C,0.88,11.36,10.0,0.06,21.8,20°C,won,11.36,1.3,2026-07-26T05:49:24Z
2026-07-23T09:24:14Z,highest-temperature-in-kuala-lumpur-on-july-25-2026,kuala-lumpur,2026-07-25,2,NO,31°C,0.73,13.7,10.0,0.135,31.2,30°C,won,13.7,3.56,2026-07-26T05:49:24Z
2026-07-23T09:24:14Z,highest-temperature-in-jeddah-on-july-25-2026,jeddah,2026-07-25,2,NO,36°C,0.998,10.02,10.0,0.001,36.1,40°C,won,10.02,0.02,2026-07-26T05:49:24Z
2026-07-23T09:24:14Z,highest-temperature-in-guangzhou-on-july-25-2026,guangzhou,2026-07-25,2,NO,35°C,0.969,10.32,10.0,0.0155,35.1,37°C,won,10.32,0.3,2026-07-26T05:49:24Z
2026-07-23T09:24:14Z,highest-temperature-in-qingdao-on-july-25-2026,qingdao,2026-07-25,2,NO,32°C,0.74,13.51,10.0,0.13,32.2,32°C,won,13.51,3.38,2026-07-26T05:49:24Z
2026-07-23T09:24:14Z,highest-temperature-in-manila-on-july-25-2026,manila,2026-07-25,2,NO,29°C,0.89,11.24,10.0,0.055,29.2,31°C,won,11.24,1.19,2026-07-26T05:49:24Z
2026-07-23T09:24:14Z,highest-temperature-in-lucknow-on-july-25-2026,lucknow,2026-07-25,2,NO,34°C,0.82,12.2,10.0,0.09,34.4,33°C,lost,0.0,-10.09,2026-07-26T05:49:24Z
2026-07-23T09:24:14Z,highest-temperature-in-karachi-on-july-25-2026,karachi,2026-07-25,2,NO,31°C,0.99,10.1,10.0,0.005,31.4,34°C,won,10.1,0.09,2026-07-26T05:49:24Z
2026-07-24T09:18:07Z,highest-temperature-in-tokyo-on-july-25-2026,tokyo,2026-07-25,1,NO,34°C,0.75,13.33,10.0,0.125,33.5,33°C,won,13.33,3.21,2026-07-26T05:49:24Z
2026-07-24T09:18:07Z,highest-temperature-in-amsterdam-on-july-25-2026,amsterdam,2026-07-25,1,NO,25°C,0.81,12.35,10.0,0.095,25.1,24°C,lost,0.0,-10.1,2026-07-26T05:49:24Z
2026-07-24T09:18:07Z,highest-temperature-in-buenos-aires-on-july-25-2026,buenos-aires,2026-07-25,1,NO,16°C,0.71,14.08,10.0,0.145,16.5,17°C,won,14.08,3.94,2026-07-26T05:49:24Z
2026-07-24T09:18:07Z,highest-temperature-in-seattle-on-july-25-2026,seattle,2026-07-25,1,NO,70-71°F,0.76,13.16,10.0,0.12,21.3,68-69°F,won,13.16,3.04,2026-07-26T09:05:27Z
2026-07-24T09:18:07Z,highest-temperature-in-atlanta-on-july-25-2026,atlanta,2026-07-25,1,NO,>=92°F,0.978,10.22,10.0,0.011,34.1,86-87°F,won,10.22,0.21,2026-07-26T05:49:24Z
2026-07-24T09:18:07Z,highest-temperature-in-denver-on-july-25-2026,denver,2026-07-25,1,NO,100-101°F,0.73,13.7,10.0,0.135,38.5,98-99°F,lost,0.0,-10.13,2026-07-26T09:05:27Z
2026-07-24T09:18:07Z,highest-temperature-in-houston-on-july-25-2026,houston,2026-07-25,1,NO,96-97°F,0.9,11.11,10.0,0.05,35.3,92-93°F,won,11.11,1.06,2026-07-26T09:05:27Z
2026-07-24T09:18:07Z,highest-temperature-in-los-angeles-on-july-25-2026,los-angeles,2026-07-25,1,NO,82-83°F,0.9,11.11,10.0,0.05,27.6,80-81°F,won,11.11,1.06,2026-07-26T09:05:27Z
2026-07-24T09:18:07Z,highest-temperature-in-san-francisco-on-july-25-2026,san-francisco,2026-07-25,1,NO,68-69°F,0.72,13.89,10.0,0.14,20.4,70-71°F,won,13.89,3.75,2026-07-26T09:05:27Z
2026-07-24T09:18:07Z,highest-temperature-in-mexico-city-on-july-25-2026,mexico-city,2026-07-25,1,NO,26°C,0.73,13.7,10.0,0.135,25.5,27°C,won,13.7,3.56,2026-07-26T09:05:27Z
2026-07-24T09:18:07Z,highest-temperature-in-panama-city-on-july-25-2026,panama-city,2026-07-25,1,NO,30°C,0.94,10.64,10.0,0.03,29.6,32°C,won,10.64,0.61,2026-07-26T05:49:24Z
2026-07-24T09:18:07Z,highest-temperature-in-london-on-july-26-2026,london,2026-07-26,2,NO,27°C,0.85,11.76,10.0,0.075,27.2,25°C,lost,0.0,-10.07,2026-07-27T12:49:12Z
2026-07-24T09:18:07Z,highest-temperature-in-paris-on-july-26-2026,paris,2026-07-26,2,NO,26°C,0.9,11.11,10.0,0.05,25.7,24°C,lost,0.0,-10.05,2026-07-27T12:49:12Z
2026-07-24T09:18:07Z,highest-temperature-in-seoul-on-july-26-2026,seoul,2026-07-26,2,NO,26°C,0.998,10.02,10.0,0.001,25.7,30°C,won,10.02,0.02,2026-07-27T12:49:12Z
2026-07-24T09:18:07Z,highest-temperature-in-ankara-on-july-26-2026,ankara,2026-07-26,2,NO,22°C,0.79,12.66,10.0,0.105,22.4,23°C,won,12.66,2.56,2026-07-27T12:49:12Z
2026-07-24T09:18:07Z,highest-temperature-in-wellington-on-july-26-2026,wellington,2026-07-26,2,NO,9°C,0.88,11.36,10.0,0.06,8.9,10°C,won,11.36,1.3,2026-07-27T12:49:12Z
2026-07-24T09:18:07Z,highest-temperature-in-munich-on-july-26-2026,munich,2026-07-26,2,NO,24°C,0.94,10.64,10.0,0.03,24.3,27°C,won,10.64,0.61,2026-07-27T12:49:12Z
2026-07-24T09:18:07Z,highest-temperature-in-tel-aviv-on-july-26-2026,tel-aviv,2026-07-26,2,NO,29°C,0.99,10.1,10.0,0.005,29.1,31°C,won,10.1,0.09,2026-07-27T12:49:12Z
2026-07-24T09:18:07Z,highest-temperature-in-tokyo-on-july-26-2026,tokyo,2026-07-26,2,NO,30°C,0.71,14.08,10.0,0.145,29.7,31°C,won,14.08,3.94,2026-07-27T12:49:12Z
2026-07-24T09:18:07Z,highest-temperature-in-hong-kong-on-july-26-2026,hong-kong,2026-07-26,2,NO,27°C,0.95,10.53,10.0,0.025,27.3,29°C,won,10.53,0.5,2026-07-27T12:49:12Z
2026-07-24T09:18:07Z,highest-temperature-in-shanghai-on-july-26-2026,shanghai,2026-07-26,2,NO,32°C,0.99,10.1,10.0,0.005,32.0,35°C,won,10.1,0.09,2026-07-27T12:49:12Z
2026-07-24T09:18:07Z,highest-temperature-in-singapore-on-july-26-2026,singapore,2026-07-26,2,NO,29°C,0.74,13.51,10.0,0.13,28.8,30°C,won,13.51,3.38,2026-07-27T12:49:12Z
2026-07-24T09:18:07Z,highest-temperature-in-milan-on-july-26-2026,milan,2026-07-26,2,NO,32°C,0.98,10.2,10.0,0.01,31.8,28°C,won,10.2,0.19,2026-07-27T12:49:12Z
2026-07-24T09:18:07Z,highest-temperature-in-warsaw-on-july-26-2026,warsaw,2026-07-26,2,NO,31°C,0.76,13.16,10.0,0.12,30.8,30°C,won,13.16,3.04,2026-07-27T12:49:12Z
2026-07-24T09:18:07Z,highest-temperature-in-taipei-on-july-26-2026,taipei,2026-07-26,2,NO,35°C,0.72,13.89,10.0,0.14,35.0,35°C,won,13.89,3.75,2026-07-27T12:49:12Z
2026-07-24T09:18:07Z,highest-temperature-in-chongqing-on-july-26-2026,chongqing,2026-07-26,2,NO,39°C,0.84,11.9,10.0,0.08,39.2,41°C,won,11.9,1.82,2026-07-27T12:49:12Z
2026-07-24T09:18:07Z,highest-temperature-in-beijing-on-july-26-2026,beijing,2026-07-26,2,NO,35°C,0.96,10.42,10.0,0.02,34.9,33°C,won,10.42,0.4,2026-07-27T12:49:12Z
2026-07-24T09:18:07Z,highest-temperature-in-wuhan-on-july-26-2026,wuhan,2026-07-26,2,NO,37°C,0.84,11.9,10.0,0.08,37.1,35°C,won,11.9,1.82,2026-07-27T12:49:12Z
2026-07-24T09:18:07Z,highest-temperature-in-chengdu-on-july-26-2026,chengdu,2026-07-26,2,NO,36°C,0.92,10.87,10.0,0.04,35.6,38°C,won,10.87,0.83,2026-07-27T12:49:12Z
2026-07-24T09:18:07Z,highest-temperature-in-shenzhen-on-july-26-2026,shenzhen,2026-07-26,2,NO,27°C,0.93,10.75,10.0,0.035,27.3,30°C,won,10.75,0.71,2026-07-27T12:49:12Z
2026-07-24T09:18:07Z,highest-temperature-in-moscow-on-july-26-2026,moscow,2026-07-26,2,NO,24°C,0.83,12.05,10.0,0.085,23.9,23°C,won,12.05,1.97,2026-07-27T12:49:12Z
2026-07-24T09:18:07Z,highest-temperature-in-istanbul-on-july-26-2026,istanbul,2026-07-26,2,NO,30°C,0.98,10.2,10.0,0.01,30.2,27°C,won,10.2,0.19,2026-07-27T12:49:12Z
2026-07-24T09:18:07Z,highest-temperature-in-busan-on-july-26-2026,busan,2026-07-26,2,NO,36°C,0.75,13.33,10.0,0.125,36.3,35°C,won,13.33,3.21,2026-07-27T12:49:12Z
2026-07-24T09:18:07Z,highest-temperature-in-amsterdam-on-july-26-2026,amsterdam,2026-07-26,2,NO,20°C,0.8,12.5,10.0,0.1,20.5,21°C,won,12.5,2.4,2026-07-27T12:49:12Z
2026-07-24T09:18:07Z,highest-temperature-in-helsinki-on-july-26-2026,helsinki,2026-07-26,2,NO,18°C,0.91,10.99,10.0,0.045,17.9,20°C,won,10.99,0.95,2026-07-27T12:49:12Z
2026-07-24T09:18:07Z,highest-temperature-in-jeddah-on-july-26-2026,jeddah,2026-07-26,2,NO,36°C,0.998,10.02,10.0,0.001,36.5,40°C,won,10.02,0.02,2026-07-27T12:49:12Z
2026-07-24T09:18:07Z,highest-temperature-in-guangzhou-on-july-26-2026,guangzhou,2026-07-26,2,NO,28°C,0.88,11.36,10.0,0.06,27.6,31°C,won,11.36,1.3,2026-07-27T12:49:12Z
2026-07-24T09:18:07Z,highest-temperature-in-qingdao-on-july-26-2026,qingdao,2026-07-26,2,NO,32°C,0.73,13.7,10.0,0.135,32.2,32°C,won,13.7,3.56,2026-07-27T12:49:12Z
2026-07-24T09:18:07Z,highest-temperature-in-manila-on-july-26-2026,manila,2026-07-26,2,NO,<=26°C,0.999,10.01,10.0,0.0005,25.6,32°C,won,10.01,0.01,2026-07-27T12:49:12Z
2026-07-24T09:18:07Z,highest-temperature-in-lucknow-on-july-26-2026,lucknow,2026-07-26,2,NO,36°C,0.84,11.9,10.0,0.08,36.0,35°C,lost,0.0,-10.08,2026-07-27T12:49:12Z
2026-07-24T09:18:07Z,highest-temperature-in-cape-town-on-july-26-2026,cape-town,2026-07-26,2,NO,23°C,0.8,12.5,10.0,0.1,22.8,22°C,won,12.5,2.4,2026-07-27T12:49:12Z
2026-07-24T09:18:07Z,highest-temperature-in-karachi-on-july-26-2026,karachi,2026-07-26,2,NO,32°C,0.9,11.11,10.0,0.05,31.5,34°C,won,11.11,1.06,2026-07-27T12:49:12Z
2026-07-25T07:41:46Z,highest-temperature-in-kuala-lumpur-on-july-26-2026,kuala-lumpur,2026-07-26,1,NO,30°C,0.93,10.75,10.0,0.035,30.4,32°C,won,10.75,0.71,2026-07-27T12:49:12Z
2026-07-25T07:41:46Z,highest-temperature-in-sao-paulo-on-july-26-2026,sao-paulo,2026-07-26,1,NO,25°C,0.7,14.29,10.0,0.15,25.2,25°C,lost,0.0,-10.15,2026-07-27T12:49:12Z
2026-07-25T07:41:46Z,highest-temperature-in-buenos-aires-on-july-26-2026,buenos-aires,2026-07-26,1,NO,20°C,0.71,14.08,10.0,0.145,19.5,20°C,lost,0.0,-10.14,2026-07-27T12:49:12Z
2026-07-25T07:41:46Z,highest-temperature-in-toronto-on-july-26-2026,toronto,2026-07-26,1,NO,29°C,0.84,11.9,10.0,0.08,28.9,28°C,won,11.9,1.82,2026-07-27T12:49:12Z
2026-07-25T07:41:46Z,highest-temperature-in-seattle-on-july-26-2026,seattle,2026-07-26,1,NO,72-73°F,0.72,13.89,10.0,0.14,23.0,70-71°F,lost,0.0,-10.14,2026-07-27T12:49:12Z
2026-07-25T07:41:46Z,highest-temperature-in-nyc-on-july-26-2026,nyc,2026-07-26,1,NO,84-85°F,0.75,13.33,10.0,0.125,29.3,82-83°F,won,13.33,3.21,2026-07-27T12:49:12Z
2026-07-25T07:41:46Z,highest-temperature-in-chicago-on-july-26-2026,chicago,2026-07-26,1,NO,92-93°F,0.81,12.35,10.0,0.095,33.8,90-91°F,won,12.35,2.25,2026-07-27T12:49:12Z
2026-07-25T07:41:46Z,highest-temperature-in-denver-on-july-26-2026,denver,2026-07-26,1,NO,102-103°F,0.91,10.99,10.0,0.045,39.1,100-101°F,won,10.99,0.95,2026-07-27T12:49:12Z
2026-07-25T07:41:46Z,highest-temperature-in-houston-on-july-26-2026,houston,2026-07-26,1,NO,96-97°F,0.8,12.5,10.0,0.1,35.6,94-95°F,won,12.5,2.4,2026-07-27T12:49:12Z
2026-07-25T07:41:46Z,highest-temperature-in-los-angeles-on-july-26-2026,los-angeles,2026-07-26,1,NO,82-83°F,0.84,11.9,10.0,0.08,28.0,80-81°F,won,11.9,1.82,2026-07-27T12:49:12Z
2026-07-25T07:41:46Z,highest-temperature-in-san-francisco-on-july-26-2026,san-francisco,2026-07-26,1,NO,72-73°F,0.88,11.36,10.0,0.06,22.7,68-69°F,won,11.36,1.3,2026-07-27T12:49:12Z
2026-07-25T07:41:46Z,highest-temperature-in-mexico-city-on-july-26-2026,mexico-city,2026-07-26,1,NO,26°C,0.78,12.82,10.0,0.11,25.7,25°C,won,12.82,2.71,2026-07-27T12:49:12Z
2026-07-25T07:41:46Z,highest-temperature-in-panama-city-on-july-26-2026,panama-city,2026-07-26,1,NO,31°C,0.83,12.05,10.0,0.085,31.2,32°C,won,12.05,1.97,2026-07-27T12:49:12Z
2026-07-25T07:41:46Z,highest-temperature-in-london-on-july-27-2026,london,2026-07-27,2,NO,29°C,0.94,10.64,10.0,0.03,29.1,27°C,won,10.64,0.61,2026-07-28T10:22:08Z
2026-07-25T07:41:46Z,highest-temperature-in-paris-on-july-27-2026,paris,2026-07-27,2,NO,30°C,0.96,10.42,10.0,0.02,29.9,28°C,won,10.42,0.4,2026-07-28T10:22:08Z
2026-07-25T07:41:46Z,highest-temperature-in-seoul-on-july-27-2026,seoul,2026-07-27,2,NO,26°C,0.997,10.03,10.0,0.0015,26.1,31°C,won,10.03,0.03,2026-07-28T10:22:08Z
2026-07-25T07:41:46Z,highest-temperature-in-munich-on-july-27-2026,munich,2026-07-27,2,NO,26°C,0.7,14.29,10.0,0.15,25.6,26°C,won,14.29,4.14,2026-07-28T10:22:08Z
2026-07-25T07:41:46Z,highest-temperature-in-tel-aviv-on-july-27-2026,tel-aviv,2026-07-27,2,NO,30°C,0.95,10.53,10.0,0.025,30.1,32°C,won,10.53,0.5,2026-07-28T10:22:08Z
2026-07-25T07:41:46Z,highest-temperature-in-tokyo-on-july-27-2026,tokyo,2026-07-27,2,NO,32°C,0.92,10.87,10.0,0.04,31.6,30°C,won,10.87,0.83,2026-07-28T10:22:08Z
2026-07-25T07:41:46Z,highest-temperature-in-hong-kong-on-july-27-2026,hong-kong,2026-07-27,2,NO,27°C,0.99,10.1,10.0,0.005,27.5,30°C,won,10.1,0.09,2026-07-28T10:22:08Z
2026-07-25T07:41:46Z,highest-temperature-in-shanghai-on-july-27-2026,shanghai,2026-07-27,2,NO,31°C,0.99,10.1,10.0,0.005,30.9,35°C,won,10.1,0.09,2026-07-28T10:22:08Z
2026-07-25T07:41:46Z,highest-temperature-in-singapore-on-july-27-2026,singapore,2026-07-27,2,NO,29°C,0.85,11.76,10.0,0.075,28.7,31°C,won,11.76,1.68,2026-07-28T10:22:08Z
2026-07-25T07:41:46Z,highest-temperature-in-milan-on-july-27-2026,milan,2026-07-27,2,NO,35°C,0.98,10.2,10.0,0.01,35.4,33°C,won,10.2,0.19,2026-07-28T10:22:08Z
2026-07-25T07:41:46Z,highest-temperature-in-taipei-on-july-27-2026,taipei,2026-07-27,2,NO,34°C,0.9,11.11,10.0,0.05,34.3,35°C,won,11.11,1.06,2026-07-28T10:22:08Z
2026-07-25T07:41:46Z,highest-temperature-in-chongqing-on-july-27-2026,chongqing,2026-07-27,2,NO,39°C,0.75,13.33,10.0,0.125,39.3,38°C,won,13.33,3.21,2026-07-28T10:22:08Z
2026-07-25T07:41:46Z,highest-temperature-in-beijing-on-july-27-2026,beijing,2026-07-27,2,NO,35°C,0.79,12.66,10.0,0.105,35.2,34°C,won,12.66,2.56,2026-07-28T10:22:08Z
2026-07-25T07:41:46Z,highest-temperature-in-wuhan-on-july-27-2026,wuhan,2026-07-27,2,NO,29°C,0.97,10.31,10.0,0.015,29.1,33°C,won,10.31,0.3,2026-07-28T10:22:08Z
2026-07-25T07:41:46Z,highest-temperature-in-chengdu-on-july-27-2026,chengdu,2026-07-27,2,NO,<=27°C,0.98,10.2,10.0,0.01,26.1,30°C,won,10.2,0.19,2026-07-28T10:22:08Z
2026-07-25T07:41:46Z,highest-temperature-in-shenzhen-on-july-27-2026,shenzhen,2026-07-27,2,NO,28°C,0.91,10.99,10.0,0.045,27.5,30°C,won,10.99,0.95,2026-07-28T10:22:08Z
2026-07-25T07:41:46Z,highest-temperature-in-moscow-on-july-27-2026,moscow,2026-07-27,2,NO,19°C,0.93,10.75,10.0,0.035,18.6,21°C,won,10.75,0.71,2026-07-28T10:22:08Z
2026-07-25T07:41:46Z,highest-temperature-in-istanbul-on-july-27-2026,istanbul,2026-07-27,2,NO,35°C,0.99,10.1,10.0,0.005,34.9,32°C,won,10.1,0.09,2026-07-28T10:22:08Z
2026-07-25T07:41:46Z,highest-temperature-in-amsterdam-on-july-27-2026,amsterdam,2026-07-27,2,NO,20°C,0.79,12.66,10.0,0.105,20.0,21°C,won,12.66,2.56,2026-07-28T10:22:08Z
2026-07-25T07:41:46Z,highest-temperature-in-helsinki-on-july-27-2026,helsinki,2026-07-27,2,NO,17°C,0.96,10.42,10.0,0.02,17.4,20°C,won,10.42,0.4,2026-07-28T10:22:08Z
2026-07-25T07:41:46Z,highest-temperature-in-kuala-lumpur-on-july-27-2026,kuala-lumpur,2026-07-27,2,NO,30°C,0.89,11.24,10.0,0.055,29.9,32°C,won,11.24,1.19,2026-07-28T10:22:08Z
2026-07-25T07:41:46Z,highest-temperature-in-jeddah-on-july-27-2026,jeddah,2026-07-27,2,NO,33°C,0.997,10.03,10.0,0.0015,33.0,37°C,won,10.03,0.03,2026-07-28T10:22:08Z
2026-07-25T07:41:46Z,highest-temperature-in-guangzhou-on-july-27-2026,guangzhou,2026-07-27,2,NO,29°C,0.93,10.75,10.0,0.035,29.1,32°C,won,10.75,0.71,2026-07-28T10:22:08Z
2026-07-25T07:41:46Z,highest-temperature-in-qingdao-on-july-27-2026,qingdao,2026-07-27,2,NO,32°C,0.75,13.33,10.0,0.125,32.5,33°C,lost,0.0,-10.12,2026-07-28T10:22:08Z
2026-07-25T07:41:46Z,highest-temperature-in-manila-on-july-27-2026,manila,2026-07-27,2,NO,29°C,0.99,10.1,10.0,0.005,29.0,32°C,won,10.1,0.09,2026-07-28T10:22:08Z
2026-07-25T07:41:46Z,highest-temperature-in-lucknow-on-july-27-2026,lucknow,2026-07-27,2,NO,>=37°C,0.99,10.1,10.0,0.005,37.9,33°C,won,10.1,0.09,2026-07-28T10:22:08Z
2026-07-25T07:41:46Z,highest-temperature-in-karachi-on-july-27-2026,karachi,2026-07-27,2,NO,32°C,0.98,10.2,10.0,0.01,32.3,34°C,won,10.2,0.19,2026-07-28T10:22:08Z
2026-07-26T05:49:24Z,highest-temperature-in-ankara-on-july-27-2026,ankara,2026-07-27,1,NO,27°C,0.76,13.16,10.0,0.12,27.4,28°C,won,13.16,3.04,2026-07-28T10:22:08Z
2026-07-26T05:49:24Z,highest-temperature-in-wellington-on-july-27-2026,wellington,2026-07-27,1,NO,9°C,0.982,10.18,10.0,0.009,9.3,11°C,won,10.18,0.17,2026-07-28T10:22:08Z
2026-07-26T05:49:24Z,highest-temperature-in-warsaw-on-july-27-2026,warsaw,2026-07-27,1,NO,22°C,0.7,14.29,10.0,0.15,22.0,23°C,won,14.29,4.14,2026-07-28T10:22:08Z
2026-07-26T09:05:27Z,highest-temperature-in-toronto-on-july-27-2026,toronto,2026-07-27,1,NO,30°C,0.87,11.49,10.0,0.065,29.9,28°C,won,11.49,1.43,2026-07-28T10:22:08Z
2026-07-26T09:05:27Z,highest-temperature-in-nyc-on-july-27-2026,nyc,2026-07-27,1,NO,86-87°F,0.84,11.9,10.0,0.08,30.6,84-85°F,won,11.9,1.82,2026-07-28T10:22:08Z
2026-07-26T09:05:27Z,highest-temperature-in-chicago-on-july-27-2026,chicago,2026-07-27,1,NO,86-87°F,0.8,12.5,10.0,0.1,29.9,88-89°F,won,12.5,2.4,2026-07-28T10:22:08Z
2026-07-26T09:05:27Z,highest-temperature-in-austin-on-july-27-2026,austin,2026-07-27,1,NO,96-97°F,0.72,13.89,10.0,0.14,36.2,98-99°F,won,13.89,3.75,2026-07-28T10:22:08Z
2026-07-26T09:05:27Z,highest-temperature-in-denver-on-july-27-2026,denver,2026-07-27,1,NO,96-97°F,0.77,12.99,10.0,0.115,36.0,94-95°F,won,12.99,2.88,2026-07-28T17:14:05Z
2026-07-26T09:05:27Z,highest-temperature-in-houston-on-july-27-2026,houston,2026-07-27,1,NO,98-99°F,0.94,10.64,10.0,0.03,36.5,96-97°F,won,10.64,0.61,2026-07-28T10:22:08Z
2026-07-26T09:05:27Z,highest-temperature-in-san-francisco-on-july-27-2026,san-francisco,2026-07-27,1,NO,66-67°F,0.96,10.42,10.0,0.02,19.5,70-71°F,won,10.42,0.4,2026-07-28T17:14:05Z
2026-07-26T09:05:27Z,highest-temperature-in-panama-city-on-july-27-2026,panama-city,2026-07-27,1,NO,29°C,0.9,11.11,10.0,0.05,28.7,31°C,won,11.11,1.06,2026-07-28T10:22:08Z
2026-07-26T09:05:27Z,highest-temperature-in-london-on-july-28-2026,london,2026-07-28,2,NO,33°C,0.99,10.1,10.0,0.005,32.6,30°C,won,10.1,0.09,2026-07-29T10:21:20Z
2026-07-26T09:05:27Z,highest-temperature-in-paris-on-july-28-2026,paris,2026-07-28,2,NO,36°C,0.99,10.1,10.0,0.005,35.6,32°C,won,10.1,0.09,2026-07-29T10:21:20Z
2026-07-26T09:05:27Z,highest-temperature-in-seoul-on-july-28-2026,seoul,2026-07-28,2,NO,26°C,0.99,10.1,10.0,0.005,25.6,31°C,won,10.1,0.09,2026-07-29T10:21:20Z
2026-07-26T09:05:27Z,highest-temperature-in-wellington-on-july-28-2026,wellington,2026-07-28,2,NO,11°C,0.73,13.7,10.0,0.135,10.6,12°C,won,13.7,3.56,2026-07-29T10:21:20Z
2026-07-26T09:05:27Z,highest-temperature-in-lucknow-on-july-28-2026,lucknow,2026-07-28,2,NO,>=37°C,0.99,10.1,10.0,0.005,37.3,33°C,won,10.1,0.09,2026-07-29T10:21:20Z
2026-07-26T09:05:27Z,highest-temperature-in-munich-on-july-28-2026,munich,2026-07-28,2,NO,27°C,0.95,10.53,10.0,0.025,26.7,29°C,won,10.53,0.5,2026-07-29T10:21:20Z
2026-07-26T09:05:27Z,highest-temperature-in-tel-aviv-on-july-28-2026,tel-aviv,2026-07-28,2,NO,31°C,0.93,10.75,10.0,0.035,31.2,32°C,won,10.75,0.71,2026-07-29T10:21:20Z
2026-07-26T09:05:27Z,highest-temperature-in-tokyo-on-july-28-2026,tokyo,2026-07-28,2,NO,29°C,0.73,13.7,10.0,0.135,29.0,30°C,won,13.7,3.56,2026-07-29T10:21:20Z
2026-07-26T09:05:27Z,highest-temperature-in-hong-kong-on-july-28-2026,hong-kong,2026-07-28,2,NO,28°C,0.82,12.2,10.0,0.09,28.4,29°C,won,12.2,2.11,2026-07-29T10:21:20Z
2026-07-26T09:05:27Z,highest-temperature-in-shanghai-on-july-28-2026,shanghai,2026-07-28,2,NO,31°C,0.97,10.31,10.0,0.015,30.6,34°C,won,10.31,0.3,2026-07-29T10:21:20Z
2026-07-26T09:05:27Z,highest-temperature-in-singapore-on-july-28-2026,singapore,2026-07-28,2,NO,30°C,0.88,11.36,10.0,0.06,30.4,32°C,won,11.36,1.3,2026-07-29T10:21:20Z
2026-07-26T09:05:27Z,highest-temperature-in-milan-on-july-28-2026,milan,2026-07-28,2,NO,36°C,0.99,10.1,10.0,0.005,35.8,33°C,won,10.1,0.09,2026-07-29T10:21:20Z
2026-07-26T09:05:27Z,highest-temperature-in-warsaw-on-july-28-2026,warsaw,2026-07-28,2,NO,21°C,0.74,13.51,10.0,0.13,21.1,22°C,won,13.51,3.38,2026-07-29T10:21:20Z
2026-07-26T09:05:27Z,highest-temperature-in-taipei-on-july-28-2026,taipei,2026-07-28,2,NO,33°C,0.97,10.31,10.0,0.015,32.8,35°C,won,10.31,0.3,2026-07-29T10:21:20Z
2026-07-26T09:05:27Z,highest-temperature-in-chongqing-on-july-28-2026,chongqing,2026-07-28,2,NO,36°C,0.7,14.29,10.0,0.15,35.7,36°C,lost,0.0,-10.15,2026-07-29T10:21:20Z
2026-07-26T09:05:27Z,highest-temperature-in-beijing-on-july-28-2026,beijing,2026-07-28,2,NO,38°C,0.99,10.1,10.0,0.005,37.8,35°C,won,10.1,0.09,2026-07-29T10:21:20Z
2026-07-26T09:05:27Z,highest-temperature-in-wuhan-on-july-28-2026,wuhan,2026-07-28,2,NO,26°C,0.96,10.42,10.0,0.02,25.8,30°C,won,10.42,0.4,2026-07-29T10:21:20Z
2026-07-26T09:05:27Z,highest-temperature-in-chengdu-on-july-28-2026,chengdu,2026-07-28,2,NO,32°C,0.77,12.99,10.0,0.115,32.4,32°C,lost,0.0,-10.12,2026-07-29T10:21:20Z
2026-07-26T09:05:27Z,highest-temperature-in-shenzhen-on-july-28-2026,shenzhen,2026-07-28,2,NO,28°C,0.95,10.53,10.0,0.025,27.8,31°C,won,10.53,0.5,2026-07-29T10:21:20Z
2026-07-26T09:05:27Z,highest-temperature-in-moscow-on-july-28-2026,moscow,2026-07-28,2,NO,25°C,0.95,10.53,10.0,0.025,24.8,27°C,won,10.53,0.5,2026-07-29T10:21:20Z
2026-07-26T09:05:27Z,highest-temperature-in-istanbul-on-july-28-2026,istanbul,2026-07-28,2,NO,32°C,0.99,10.1,10.0,0.005,32.3,29°C,won,10.1,0.09,2026-07-29T10:21:20Z
2026-07-26T09:05:27Z,highest-temperature-in-busan-on-july-28-2026,busan,2026-07-28,2,NO,38°C,0.88,11.36,10.0,0.06,38.3,37°C,won,11.36,1.3,2026-07-29T10:21:20Z
2026-07-26T09:05:27Z,highest-temperature-in-amsterdam-on-july-28-2026,amsterdam,2026-07-28,2,NO,27°C,0.75,13.33,10.0,0.125,26.8,26°C,lost,0.0,-10.12,2026-07-29T10:21:20Z
2026-07-26T09:05:27Z,highest-temperature-in-kuala-lumpur-on-july-28-2026,kuala-lumpur,2026-07-28,2,NO,30°C,0.91,10.99,10.0,0.045,29.8,32°C,won,10.99,0.95,2026-07-29T10:21:20Z
2026-07-26T09:05:27Z,highest-temperature-in-jeddah-on-july-28-2026,jeddah,2026-07-28,2,NO,35°C,0.99,10.1,10.0,0.005,35.0,38°C,won,10.1,0.09,2026-07-29T10:21:20Z
2026-07-26T09:05:27Z,highest-temperature-in-cape-town-on-july-28-2026,cape-town,2026-07-28,2,NO,20°C,0.72,13.89,10.0,0.14,19.7,19°C,lost,0.0,-10.14,2026-07-29T10:21:20Z
2026-07-26T09:05:27Z,highest-temperature-in-guangzhou-on-july-28-2026,guangzhou,2026-07-28,2,NO,31°C,0.92,10.87,10.0,0.04,31.4,33°C,lost,0.0,-10.04,2026-07-29T10:21:20Z
2026-07-26T09:05:27Z,highest-temperature-in-qingdao-on-july-28-2026,qingdao,2026-07-28,2,NO,32°C,0.7,14.29,10.0,0.15,31.7,33°C,won,14.29,4.14,2026-07-29T10:21:20Z
2026-07-26T09:05:27Z,highest-temperature-in-karachi-on-july-28-2026,karachi,2026-07-28,2,NO,32°C,0.86,11.63,10.0,0.07,32.3,34°C,won,11.63,1.56,2026-07-29T10:21:20Z
2026-07-26T09:05:27Z,highest-temperature-in-manila-on-july-28-2026,manila,2026-07-28,2,NO,29°C,0.97,10.31,10.0,0.015,29.4,32°C,won,10.31,0.3,2026-07-29T10:21:20Z
2026-07-27T12:49:12Z,highest-temperature-in-helsinki-on-july-28-2026,helsinki,2026-07-28,1,NO,16°C,0.998,10.02,10.0,0.001,15.8,20°C,won,10.02,0.02,2026-07-29T10:21:20Z
2026-07-27T12:49:12Z,highest-temperature-in-sao-paulo-on-july-28-2026,sao-paulo,2026-07-28,1,NO,30°C,0.86,11.63,10.0,0.07,29.9,29°C,won,11.63,1.56,2026-07-29T10:21:20Z
2026-07-27T12:49:12Z,highest-temperature-in-toronto-on-july-28-2026,toronto,2026-07-28,1,NO,24°C,0.77,12.99,10.0,0.115,23.5,25°C,won,12.99,2.88,2026-07-29T10:21:20Z
2026-07-27T12:49:12Z,highest-temperature-in-seattle-on-july-28-2026,seattle,2026-07-28,1,NO,68-69°F,0.96,10.42,10.0,0.02,19.8,74-75°F,won,10.42,0.4,2026-07-29T10:21:20Z
2026-07-27T12:49:12Z,highest-temperature-in-nyc-on-july-28-2026,nyc,2026-07-28,1,NO,78-79°F,0.74,13.51,10.0,0.13,26.1,78-79°F,won,13.51,3.38,2026-07-29T10:21:20Z
2026-07-27T12:49:12Z,highest-temperature-in-atlanta-on-july-28-2026,atlanta,2026-07-28,1,NO,98-99°F,0.83,12.05,10.0,0.085,36.5,96-97°F,won,12.05,1.97,2026-07-29T10:21:20Z
2026-07-27T12:49:12Z,highest-temperature-in-chicago-on-july-28-2026,chicago,2026-07-28,1,NO,78-79°F,0.71,14.08,10.0,0.145,26.1,80-81°F,lost,0.0,-10.14,2026-07-29T10:21:20Z
2026-07-27T12:49:12Z,highest-temperature-in-houston-on-july-28-2026,houston,2026-07-28,1,NO,98-99°F,0.81,12.35,10.0,0.095,37.2,96-97°F,won,12.35,2.25,2026-07-29T10:21:20Z
2026-07-27T12:49:12Z,highest-temperature-in-san-francisco-on-july-28-2026,san-francisco,2026-07-28,1,NO,68-69°F,0.77,12.99,10.0,0.115,20.6,70-71°F,won,12.99,2.88,2026-07-29T10:21:20Z
2026-07-27T12:49:12Z,highest-temperature-in-mexico-city-on-july-28-2026,mexico-city,2026-07-28,1,NO,26°C,0.88,11.36,10.0,0.06,26.2,25°C,lost,0.0,-10.06,2026-07-29T10:21:20Z
2026-07-27T12:49:12Z,highest-temperature-in-london-on-july-29-2026,london,2026-07-29,2,NO,36°C,0.99,10.1,10.0,0.005,36.3,33°C,won,10.1,0.09,2026-07-30T09:47:01Z
2026-07-27T12:49:12Z,highest-temperature-in-paris-on-july-29-2026,paris,2026-07-29,2,NO,41°C,0.998,10.02,10.0,0.001,40.6,37°C,won,10.02,0.02,2026-07-30T09:47:01Z
2026-07-27T12:49:12Z,highest-temperature-in-seoul-on-july-29-2026,seoul,2026-07-29,2,NO,26°C,0.98,10.2,10.0,0.01,25.6,31°C,won,10.2,0.19,2026-07-30T09:47:01Z
2026-07-27T12:49:12Z,highest-temperature-in-wellington-on-july-29-2026,wellington,2026-07-29,1,NO,12°C,0.95,10.53,10.0,0.025,12.4,13°C,lost,0.0,-10.03,2026-07-30T09:47:01Z
2026-07-27T12:49:12Z,highest-temperature-in-lucknow-on-july-29-2026,lucknow,2026-07-29,2,NO,38°C,0.93,10.75,10.0,0.035,37.9,34°C,won,10.75,0.71,2026-07-30T09:47:01Z
2026-07-27T12:49:12Z,highest-temperature-in-munich-on-july-29-2026,munich,2026-07-29,2,NO,30°C,0.99,10.1,10.0,0.005,30.5,33°C,won,10.1,0.09,2026-07-30T09:47:01Z
2026-07-27T12:49:12Z,highest-temperature-in-tel-aviv-on-july-29-2026,tel-aviv,2026-07-29,2,NO,32°C,0.72,13.89,10.0,0.14,31.5,33°C,won,13.89,3.75,2026-07-30T09:47:01Z
2026-07-27T12:49:12Z,highest-temperature-in-hong-kong-on-july-29-2026,hong-kong,2026-07-29,2,NO,26°C,0.99,10.1,10.0,0.005,26.7,29°C,won,10.1,0.09,2026-07-30T09:47:01Z
2026-07-27T12:49:12Z,highest-temperature-in-shanghai-on-july-29-2026,shanghai,2026-07-29,2,NO,32°C,0.98,10.2,10.0,0.01,32.3,36°C,won,10.2,0.19,2026-07-30T09:47:01Z
2026-07-27T12:49:12Z,highest-temperature-in-milan-on-july-29-2026,milan,2026-07-29,2,NO,37°C,0.99,10.1,10.0,0.005,37.0,34°C,won,10.1,0.09,2026-07-30T09:47:01Z
2026-07-27T12:49:12Z,highest-temperature-in-chongqing-on-july-29-2026,chongqing,2026-07-29,2,NO,37°C,0.73,13.7,10.0,0.135,36.9,37°C,won,13.7,3.56,2026-07-30T09:47:01Z
2026-07-27T12:49:12Z,highest-temperature-in-beijing-on-july-29-2026,beijing,2026-07-29,2,NO,36°C,0.76,13.16,10.0,0.12,36.0,35°C,won,13.16,3.04,2026-07-30T09:47:01Z
2026-07-27T12:49:12Z,highest-temperature-in-wuhan-on-july-29-2026,wuhan,2026-07-29,2,NO,32°C,0.78,12.82,10.0,0.11,32.5,33°C,won,12.82,2.71,2026-07-30T09:47:01Z
2026-07-27T12:49:12Z,highest-temperature-in-chengdu-on-july-29-2026,chengdu,2026-07-29,2,NO,28°C,0.96,10.42,10.0,0.02,27.8,32°C,won,10.42,0.4,2026-07-30T09:47:01Z
2026-07-27T12:49:12Z,highest-temperature-in-shenzhen-on-july-29-2026,shenzhen,2026-07-29,2,NO,26°C,0.98,10.2,10.0,0.01,25.9,29°C,won,10.2,0.19,2026-07-30T09:47:01Z
2026-07-27T12:49:12Z,highest-temperature-in-moscow-on-july-29-2026,moscow,2026-07-29,2,NO,17°C,0.85,11.76,10.0,0.075,17.1,19°C,lost,0.0,-10.07,2026-07-30T09:47:01Z
2026-07-27T12:49:12Z,highest-temperature-in-istanbul-on-july-29-2026,istanbul,2026-07-29,2,NO,29°C,0.89,11.24,10.0,0.055,29.4,27°C,won,11.24,1.19,2026-07-30T09:47:01Z
2026-07-27T12:49:12Z,highest-temperature-in-amsterdam-on-july-29-2026,amsterdam,2026-07-29,2,NO,>=37°C,0.999,10.01,10.0,0.0005,36.9,32°C,won,10.01,0.01,2026-07-30T09:47:01Z
2026-07-27T12:49:12Z,highest-temperature-in-kuala-lumpur-on-july-29-2026,kuala-lumpur,2026-07-29,2,NO,31°C,0.74,13.51,10.0,0.13,30.9,32°C,lost,0.0,-10.13,2026-07-30T09:47:01Z
2026-07-27T12:49:12Z,highest-temperature-in-jeddah-on-july-29-2026,jeddah,2026-07-29,2,NO,37°C,0.95,10.53,10.0,0.025,37.2,38°C,won,10.53,0.5,2026-07-30T09:47:01Z
2026-07-27T12:49:12Z,highest-temperature-in-guangzhou-on-july-29-2026,guangzhou,2026-07-29,2,NO,<=25°C,0.999,10.01,10.0,0.0005,24.8,31°C,won,10.01,0.01,2026-07-30T09:47:01Z
2026-07-27T12:49:12Z,highest-temperature-in-qingdao-on-july-29-2026,qingdao,2026-07-29,2,NO,32°C,0.85,11.76,10.0,0.075,31.6,33°C,won,11.76,1.68,2026-07-30T09:47:01Z
2026-07-27T12:49:12Z,highest-temperature-in-manila-on-july-29-2026,manila,2026-07-29,2,NO,32°C,0.79,12.66,10.0,0.105,31.8,31°C,won,12.66,2.56,2026-07-30T09:47:01Z
2026-07-28T10:22:08Z,highest-temperature-in-tokyo-on-july-29-2026,tokyo,2026-07-29,1,NO,35°C,0.82,12.2,10.0,0.09,34.8,34°C,won,12.2,2.11,2026-07-30T09:47:01Z
2026-07-28T10:22:08Z,highest-temperature-in-warsaw-on-july-29-2026,warsaw,2026-07-29,1,NO,27°C,0.78,12.82,10.0,0.11,26.8,26°C,won,12.82,2.71,2026-07-30T09:47:01Z
2026-07-28T10:22:08Z,highest-temperature-in-busan-on-july-29-2026,busan,2026-07-29,1,NO,39°C,0.92,10.87,10.0,0.04,38.8,38°C,lost,0.0,-10.04,2026-07-30T09:47:01Z
2026-07-28T10:22:08Z,highest-temperature-in-nyc-on-july-29-2026,nyc,2026-07-29,1,NO,78-79°F,0.75,13.33,10.0,0.125,25.7,76-77°F,won,13.33,3.21,2026-07-30T09:47:01Z
2026-07-28T10:22:08Z,highest-temperature-in-atlanta-on-july-29-2026,atlanta,2026-07-29,1,NO,90-91°F,0.7,14.29,10.0,0.15,32.6,92-93°F,won,14.29,4.14,2026-07-30T09:47:01Z
2026-07-28T10:22:08Z,highest-temperature-in-miami-on-july-29-2026,miami,2026-07-29,1,NO,92-93°F,0.73,13.7,10.0,0.135,34.1,94-95°F,won,13.7,3.56,2026-07-30T09:47:01Z
2026-07-28T10:22:08Z,highest-temperature-in-denver-on-july-29-2026,denver,2026-07-29,1,NO,94-95°F,0.97,10.31,10.0,0.015,34.7,90-91°F,won,10.31,0.3,2026-07-30T09:47:01Z
2026-07-28T10:22:08Z,highest-temperature-in-houston-on-july-29-2026,houston,2026-07-29,1,NO,98-99°F,0.74,13.51,10.0,0.13,37.4,96-97°F,won,13.51,3.38,2026-07-30T09:47:01Z
2026-07-28T10:22:08Z,highest-temperature-in-panama-city-on-july-29-2026,panama-city,2026-07-29,1,NO,32°C,0.96,10.42,10.0,0.02,32.4,34°C,won,10.42,0.4,2026-07-30T09:47:01Z
2026-07-28T10:22:08Z,highest-temperature-in-sao-paulo-on-july-29-2026,sao-paulo,2026-07-29,1,NO,31°C,0.97,10.31,10.0,0.015,30.8,<=25°C,won,10.31,0.3,2026-07-30T09:47:01Z
2026-07-28T10:22:08Z,highest-temperature-in-seattle-on-july-29-2026,seattle,2026-07-29,1,NO,72-73°F,0.88,11.36,10.0,0.06,22.7,76-77°F,won,11.36,1.3,2026-07-30T09:47:01Z
2026-07-28T10:22:08Z,highest-temperature-in-dallas-on-july-29-2026,dallas,2026-07-29,1,NO,102-103°F,0.76,13.16,10.0,0.12,38.7,100-101°F,won,13.16,3.04,2026-07-30T09:47:01Z
2026-07-28T10:22:08Z,highest-temperature-in-seoul-on-july-30-2026,seoul,2026-07-30,2,NO,26°C,0.998,10.02,10.0,0.001,25.9,31°C,won,10.02,0.02,2026-07-31T10:15:49Z
2026-07-28T10:22:08Z,highest-temperature-in-tokyo-on-july-30-2026,tokyo,2026-07-30,2,NO,33°C,0.74,13.51,10.0,0.13,32.7,34°C,won,13.51,3.38,2026-07-31T10:15:49Z
2026-07-28T10:22:08Z,highest-temperature-in-hong-kong-on-july-30-2026,hong-kong,2026-07-30,2,NO,27°C,0.94,10.64,10.0,0.03,27.7,29°C,won,10.64,0.61,2026-07-31T10:15:49Z
2026-07-28T10:22:08Z,highest-temperature-in-shanghai-on-july-30-2026,shanghai,2026-07-30,2,NO,34°C,0.96,10.42,10.0,0.02,34.2,36°C,won,10.42,0.4,2026-07-31T10:15:49Z
2026-07-28T10:22:08Z,highest-temperature-in-singapore-on-july-30-2026,singapore,2026-07-30,2,NO,30°C,0.88,11.36,10.0,0.06,30.4,31°C,won,11.36,1.3,2026-07-31T10:15:49Z
2026-07-28T10:22:08Z,highest-temperature-in-chongqing-on-july-30-2026,chongqing,2026-07-30,2,NO,35°C,0.98,10.2,10.0,0.01,35.1,38°C,won,10.2,0.19,2026-07-31T10:15:49Z
2026-07-28T10:22:08Z,highest-temperature-in-beijing-on-july-30-2026,beijing,2026-07-30,2,NO,35°C,0.76,13.16,10.0,0.12,34.7,34°C,lost,0.0,-10.12,2026-07-31T10:15:49Z
2026-07-28T10:22:08Z,highest-temperature-in-wuhan-on-july-30-2026,wuhan,2026-07-30,2,NO,31°C,0.97,10.31,10.0,0.015,31.4,34°C,won,10.31,0.3,2026-07-31T10:15:49Z
2026-07-28T10:22:08Z,highest-temperature-in-chengdu-on-july-30-2026,chengdu,2026-07-30,2,NO,24°C,0.999,10.01,10.0,0.0005,23.7,28°C,won,10.01,0.01,2026-07-31T10:15:49Z
2026-07-28T10:22:08Z,highest-temperature-in-shenzhen-on-july-30-2026,shenzhen,2026-07-30,2,NO,28°C,0.97,10.31,10.0,0.015,27.5,30°C,won,10.31,0.3,2026-07-31T10:15:49Z
2026-07-28T10:22:08Z,highest-temperature-in-busan-on-july-30-2026,busan,2026-07-30,2,NO,39°C,0.76,13.16,10.0,0.12,38.9,38°C,won,13.16,3.04,2026-07-31T10:15:49Z
2026-07-28T10:22:08Z,highest-temperature-in-kuala-lumpur-on-july-30-2026,kuala-lumpur,2026-07-30,2,NO,31°C,0.73,13.7,10.0,0.135,30.7,32°C,won,13.7,3.56,2026-07-31T10:15:49Z
2026-07-28T10:22:08Z,highest-temperature-in-guangzhou-on-july-30-2026,guangzhou,2026-07-30,2,NO,27°C,0.998,10.02,10.0,0.001,27.2,31°C,won,10.02,0.02,2026-07-31T10:15:49Z
2026-07-28T10:22:08Z,highest-temperature-in-qingdao-on-july-30-2026,qingdao,2026-07-30,2,NO,32°C,0.95,10.53,10.0,0.025,32.0,34°C,won,10.53,0.5,2026-07-31T10:15:49Z
2026-07-28T10:22:08Z,highest-temperature-in-manila-on-july-30-2026,manila,2026-07-30,2,NO,30°C,0.74,13.51,10.0,0.13,30.4,31°C,won,13.51,3.38,2026-07-31T10:15:49Z
2026-07-28T10:22:08Z,highest-temperature-in-london-on-july-30-2026,london,2026-07-30,2,NO,29°C,0.96,10.42,10.0,0.02,28.8,27°C,won,10.42,0.4,2026-07-31T10:15:49Z
2026-07-28T10:22:08Z,highest-temperature-in-paris-on-july-30-2026,paris,2026-07-30,2,NO,32°C,0.89,11.24,10.0,0.055,31.8,30°C,won,11.24,1.19,2026-07-31T10:15:49Z
2026-07-28T10:22:08Z,highest-temperature-in-lucknow-on-july-30-2026,lucknow,2026-07-30,2,NO,37°C,0.989,10.11,10.0,0.0055,37.3,34°C,won,10.11,0.1,2026-07-31T10:15:49Z
2026-07-28T10:22:08Z,highest-temperature-in-munich-on-july-30-2026,munich,2026-07-30,2,NO,35°C,0.8,12.5,10.0,0.1,34.9,36°C,won,12.5,2.4,2026-07-31T10:15:49Z
2026-07-28T10:22:08Z,highest-temperature-in-tel-aviv-on-july-30-2026,tel-aviv,2026-07-30,2,NO,32°C,0.99,10.1,10.0,0.005,32.4,34°C,won,10.1,0.09,2026-07-31T10:15:49Z
2026-07-28T10:22:08Z,highest-temperature-in-milan-on-july-30-2026,milan,2026-07-30,2,NO,40°C,0.99,10.1,10.0,0.005,40.4,37°C,won,10.1,0.09,2026-07-31T10:15:49Z
2026-07-28T10:22:08Z,highest-temperature-in-madrid-on-july-30-2026,madrid,2026-07-30,2,NO,40°C,0.84,11.9,10.0,0.08,39.5,39°C,lost,0.0,-10.08,2026-07-31T10:15:49Z
2026-07-28T10:22:08Z,highest-temperature-in-warsaw-on-july-30-2026,warsaw,2026-07-30,2,NO,33°C,0.89,11.24,10.0,0.055,32.6,32°C,won,11.24,1.19,2026-07-31T10:15:49Z
2026-07-28T10:22:08Z,highest-temperature-in-moscow-on-july-30-2026,moscow,2026-07-30,2,NO,22°C,0.75,13.33,10.0,0.125,22.1,20°C,won,13.33,3.21,2026-07-31T10:15:49Z
2026-07-28T10:22:08Z,highest-temperature-in-istanbul-on-july-30-2026,istanbul,2026-07-30,2,NO,28°C,0.97,10.31,10.0,0.015,27.9,26°C,won,10.31,0.3,2026-07-31T10:15:49Z
2026-07-28T10:22:08Z,highest-temperature-in-helsinki-on-july-30-2026,helsinki,2026-07-30,2,NO,23°C,0.74,13.51,10.0,0.13,23.3,24°C,won,13.51,3.38,2026-07-31T10:15:49Z
2026-07-28T10:22:08Z,highest-temperature-in-jeddah-on-july-30-2026,jeddah,2026-07-30,2,NO,38°C,0.98,10.2,10.0,0.01,37.5,>=42°C,won,10.2,0.19,2026-07-31T10:15:49Z
2026-07-28T10:22:08Z,highest-temperature-in-cape-town-on-july-30-2026,cape-town,2026-07-30,2,NO,20°C,0.84,11.9,10.0,0.08,20.5,21°C,won,11.9,1.82,2026-07-31T10:15:49Z
2026-07-28T10:22:08Z,highest-temperature-in-karachi-on-july-30-2026,karachi,2026-07-30,2,NO,33°C,0.98,10.2,10.0,0.01,33.4,35°C,won,10.2,0.19,2026-07-31T10:15:49Z
2026-07-29T10:21:20Z,highest-temperature-in-taipei-on-july-30-2026,taipei,2026-07-30,1,NO,36°C,0.79,12.66,10.0,0.105,35.5,35°C,won,12.66,2.56,2026-07-31T10:15:49Z
2026-07-29T10:21:20Z,highest-temperature-in-sao-paulo-on-july-30-2026,sao-paulo,2026-07-30,1,NO,26°C,0.96,10.42,10.0,0.02,26.0,23°C,won,10.42,0.4,2026-07-31T10:15:49Z
2026-07-29T10:21:20Z,highest-temperature-in-toronto-on-july-30-2026,toronto,2026-07-30,1,NO,27°C,0.7,14.29,10.0,0.15,27.2,28°C,won,14.29,4.14,2026-07-31T10:15:49Z
2026-07-29T10:21:20Z,highest-temperature-in-seattle-on-july-30-2026,seattle,2026-07-30,1,NO,74-75°F,0.79,12.66,10.0,0.105,23.9,76-77°F,won,12.66,2.56,2026-07-31T10:15:49Z
2026-07-29T10:21:20Z,highest-temperature-in-nyc-on-july-30-2026,nyc,2026-07-30,1,NO,74-75°F,0.85,11.76,10.0,0.075,24.0,78-79°F,won,11.76,1.68,2026-07-31T10:15:49Z
2026-07-29T10:21:20Z,highest-temperature-in-miami-on-july-30-2026,miami,2026-07-30,1,NO,96-97°F,0.81,12.35,10.0,0.095,35.5,94-95°F,lost,0.0,-10.1,2026-07-31T10:15:49Z
2026-07-29T10:21:20Z,highest-temperature-in-chicago-on-july-30-2026,chicago,2026-07-30,1,NO,90-91°F,0.9,11.11,10.0,0.05,32.6,86-87°F,won,11.11,1.06,2026-07-31T10:15:49Z
2026-07-29T10:21:20Z,highest-temperature-in-denver-on-july-30-2026,denver,2026-07-30,1,NO,94-95°F,0.87,11.49,10.0,0.065,34.3,92-93°F,lost,0.0,-10.06,2026-07-31T10:15:49Z
2026-07-29T10:21:20Z,highest-temperature-in-houston-on-july-30-2026,houston,2026-07-30,1,NO,98-99°F,0.83,12.05,10.0,0.085,36.7,96-97°F,won,12.05,1.97,2026-07-31T10:15:49Z
2026-07-29T10:21:20Z,highest-temperature-in-san-francisco-on-july-30-2026,san-francisco,2026-07-30,1,NO,72-73°F,0.84,11.9,10.0,0.08,22.7,70-71°F,lost,0.0,-10.08,2026-07-31T10:15:49Z
2026-07-29T10:21:20Z,highest-temperature-in-mexico-city-on-july-30-2026,mexico-city,2026-07-30,1,NO,27°C,0.75,13.33,10.0,0.125,26.8,26°C,lost,0.0,-10.12,2026-07-31T10:15:49Z
2026-07-29T10:21:20Z,highest-temperature-in-panama-city-on-july-30-2026,panama-city,2026-07-30,1,NO,32°C,0.91,10.99,10.0,0.045,31.8,34°C,won,10.99,0.95,2026-07-31T10:15:49Z
2026-07-29T10:21:20Z,highest-temperature-in-seoul-on-july-31-2026,seoul,2026-07-31,2,NO,27°C,0.999,10.01,10.0,0.0005,26.6,31°C,won,10.01,0.01,2026-08-01T08:03:25Z
2026-07-29T10:21:20Z,highest-temperature-in-wellington-on-july-31-2026,wellington,2026-07-31,2,NO,12°C,0.93,10.75,10.0,0.035,11.7,13°C,won,10.75,0.71,2026-08-01T08:03:25Z
2026-07-29T10:21:20Z,highest-temperature-in-tokyo-on-july-31-2026,tokyo,2026-07-31,2,NO,34°C,0.72,13.89,10.0,0.14,34.2,34°C,won,13.89,3.75,2026-08-01T08:03:25Z
2026-07-29T10:21:20Z,highest-temperature-in-hong-kong-on-july-31-2026,hong-kong,2026-07-31,2,NO,27°C,0.97,10.31,10.0,0.015,27.3,29°C,lost,0.0,-10.02,2026-08-03T12:51:58Z
2026-07-29T10:21:20Z,highest-temperature-in-shanghai-on-july-31-2026,shanghai,2026-07-31,2,NO,34°C,0.98,10.2,10.0,0.01,33.5,36°C,won,10.2,0.19,2026-08-01T08:03:25Z
2026-07-29T10:21:20Z,highest-temperature-in-singapore-on-july-31-2026,singapore,2026-07-31,2,NO,30°C,0.95,10.53,10.0,0.025,29.7,32°C,won,10.53,0.5,2026-08-01T08:03:25Z
2026-07-29T10:21:20Z,highest-temperature-in-taipei-on-july-31-2026,taipei,2026-07-31,2,NO,34°C,0.81,12.35,10.0,0.095,33.6,35°C,won,12.35,2.25,2026-08-01T08:03:25Z
2026-07-29T10:21:20Z,highest-temperature-in-chongqing-on-july-31-2026,chongqing,2026-07-31,2,NO,34°C,0.97,10.31,10.0,0.015,34.1,38°C,won,10.31,0.3,2026-08-01T08:03:25Z
2026-07-29T10:21:20Z,highest-temperature-in-beijing-on-july-31-2026,beijing,2026-07-31,2,NO,35°C,0.88,11.36,10.0,0.06,34.6,34°C,won,11.36,1.3,2026-08-01T08:03:25Z
2026-07-29T10:21:20Z,highest-temperature-in-wuhan-on-july-31-2026,wuhan,2026-07-31,2,NO,35°C,0.71,14.08,10.0,0.145,34.8,35°C,lost,0.0,-10.14,2026-08-01T08:03:25Z
2026-07-29T10:21:20Z,highest-temperature-in-chengdu-on-july-31-2026,chengdu,2026-07-31,2,NO,25°C,0.95,10.53,10.0,0.025,24.6,28°C,won,10.53,0.5,2026-08-01T08:03:25Z
2026-07-29T10:21:20Z,highest-temperature-in-shenzhen-on-july-31-2026,shenzhen,2026-07-31,2,NO,29°C,0.76,13.16,10.0,0.12,28.9,30°C,won,13.16,3.04,2026-08-01T08:03:25Z
2026-07-29T10:21:20Z,highest-temperature-in-busan-on-july-31-2026,busan,2026-07-31,2,NO,40°C,0.91,10.99,10.0,0.045,39.5,38°C,won,10.99,0.95,2026-08-01T08:03:25Z
2026-07-29T10:21:20Z,highest-temperature-in-amsterdam-on-july-31-2026,amsterdam,2026-07-31,2,NO,27°C,0.99,10.1,10.0,0.005,27.3,23°C,won,10.1,0.09,2026-08-01T08:03:25Z
2026-07-29T10:21:20Z,highest-temperature-in-helsinki-on-july-31-2026,helsinki,2026-07-31,2,NO,23°C,0.94,10.64,10.0,0.03,23.1,25°C,won,10.64,0.61,2026-08-01T08:03:25Z
2026-07-29T10:21:20Z,highest-temperature-in-kuala-lumpur-on-july-31-2026,kuala-lumpur,2026-07-31,2,NO,<=28°C,0.999,10.01,10.0,0.0005,27.2,33°C,won,10.01,0.01,2026-08-01T08:03:25Z
2026-07-29T10:21:20Z,highest-temperature-in-jeddah-on-july-31-2026,jeddah,2026-07-31,2,NO,39°C,0.94,10.64,10.0,0.03,39.3,41°C,won,10.64,0.61,2026-08-01T08:03:25Z
2026-07-29T10:21:20Z,highest-temperature-in-cape-town-on-july-31-2026,cape-town,2026-07-31,2,NO,22°C,0.77,12.99,10.0,0.115,22.5,23°C,won,12.99,2.88,2026-08-01T08:03:25Z
2026-07-29T10:21:20Z,highest-temperature-in-guangzhou-on-july-31-2026,guangzhou,2026-07-31,2,NO,28°C,0.98,10.2,10.0,0.01,27.9,32°C,won,10.2,0.19,2026-08-01T08:03:25Z
2026-07-29T10:21:20Z,highest-temperature-in-qingdao-on-july-31-2026,qingdao,2026-07-31,2,NO,32°C,0.9,11.11,10.0,0.05,32.0,35°C,won,11.11,1.06,2026-08-01T08:03:25Z
2026-07-29T10:21:20Z,highest-temperature-in-karachi-on-july-31-2026,karachi,2026-07-31,2,NO,32°C,0.98,10.2,10.0,0.01,32.3,35°C,won,10.2,0.19,2026-08-01T08:03:25Z
2026-07-29T10:21:20Z,highest-temperature-in-manila-on-july-31-2026,manila,2026-07-31,2,NO,31°C,0.84,11.9,10.0,0.08,31.1,32°C,won,11.9,1.82,2026-08-01T08:03:25Z
2026-07-29T10:21:20Z,highest-temperature-in-london-on-july-31-2026,london,2026-07-31,2,NO,26°C,0.79,12.66,10.0,0.105,26.3,25°C,won,12.66,2.56,2026-08-01T08:03:25Z
2026-07-29T10:21:20Z,highest-temperature-in-paris-on-july-31-2026,paris,2026-07-31,2,NO,32°C,0.97,10.31,10.0,0.015,31.8,30°C,won,10.31,0.3,2026-08-01T08:03:25Z
2026-07-29T10:21:20Z,highest-temperature-in-ankara-on-july-31-2026,ankara,2026-07-31,2,NO,26°C,0.83,12.05,10.0,0.085,26.3,27°C,lost,0.0,-10.09,2026-08-01T08:03:25Z
2026-07-29T10:21:20Z,highest-temperature-in-lucknow-on-july-31-2026,lucknow,2026-07-31,2,NO,34°C,0.76,13.16,10.0,0.12,34.1,33°C,won,13.16,3.04,2026-08-01T08:03:25Z
2026-07-29T10:21:20Z,highest-temperature-in-munich-on-july-31-2026,munich,2026-07-31,2,NO,33°C,0.99,10.1,10.0,0.005,32.6,36°C,won,10.1,0.09,2026-08-01T08:03:25Z
2026-07-29T10:21:20Z,highest-temperature-in-tel-aviv-on-july-31-2026,tel-aviv,2026-07-31,2,NO,32°C,0.99,10.1,10.0,0.005,32.5,34°C,won,10.1,0.09,2026-08-01T08:03:25Z
2026-07-29T10:21:20Z,highest-temperature-in-milan-on-july-31-2026,milan,2026-07-31,2,NO,41°C,0.999,10.01,10.0,0.0005,40.6,36°C,won,10.01,0.01,2026-08-01T08:03:25Z
2026-07-29T10:21:20Z,highest-temperature-in-madrid-on-july-31-2026,madrid,2026-07-31,2,NO,39°C,0.79,12.66,10.0,0.105,38.8,38°C,won,12.66,2.56,2026-08-01T08:03:25Z
2026-07-29T10:21:20Z,highest-temperature-in-warsaw-on-july-31-2026,warsaw,2026-07-31,2,NO,36°C,0.7,14.29,10.0,0.15,35.9,35°C,won,14.29,4.14,2026-08-01T08:03:25Z
2026-07-29T10:21:20Z,highest-temperature-in-moscow-on-july-31-2026,moscow,2026-07-31,2,NO,24°C,0.82,12.2,10.0,0.09,24.4,25°C,lost,0.0,-10.09,2026-08-01T08:03:25Z
2026-07-29T10:21:20Z,highest-temperature-in-istanbul-on-july-31-2026,istanbul,2026-07-31,2,NO,28°C,0.96,10.42,10.0,0.02,28.5,26°C,won,10.42,0.4,2026-08-01T08:03:25Z
2026-07-30T09:47:01Z,highest-temperature-in-sao-paulo-on-july-31-2026,sao-paulo,2026-07-31,1,NO,>=27°C,0.96,10.42,10.0,0.02,27.1,24°C,won,10.42,0.4,2026-08-01T08:03:25Z
2026-07-30T09:47:01Z,highest-temperature-in-buenos-aires-on-july-31-2026,buenos-aires,2026-07-31,1,NO,20°C,0.88,11.36,10.0,0.06,19.8,22°C,won,11.36,1.3,2026-08-01T08:03:25Z
2026-07-30T09:47:01Z,highest-temperature-in-atlanta-on-july-31-2026,atlanta,2026-07-31,1,NO,94-95°F,0.88,11.36,10.0,0.06,34.3,92-93°F,won,11.36,1.3,2026-08-01T15:43:31Z
2026-07-30T09:47:01Z,highest-temperature-in-miami-on-july-31-2026,miami,2026-07-31,1,NO,90-91°F,0.98,10.2,10.0,0.01,32.6,94-95°F,won,10.2,0.19,2026-08-01T08:03:25Z
2026-07-30T09:47:01Z,highest-temperature-in-chicago-on-july-31-2026,chicago,2026-07-31,1,NO,86-87°F,0.98,10.2,10.0,0.01,30.8,80-81°F,won,10.2,0.19,2026-08-01T08:03:25Z
2026-07-30T09:47:01Z,highest-temperature-in-denver-on-july-31-2026,denver,2026-07-31,1,NO,92-93°F,0.97,10.31,10.0,0.015,33.2,88-89°F,won,10.31,0.3,2026-08-01T15:43:31Z
2026-07-30T09:47:01Z,highest-temperature-in-houston-on-july-31-2026,houston,2026-07-31,1,NO,98-99°F,0.81,12.35,10.0,0.095,36.8,96-97°F,won,12.35,2.25,2026-08-01T15:43:31Z
2026-07-30T09:47:01Z,highest-temperature-in-los-angeles-on-july-31-2026,los-angeles,2026-07-31,1,NO,76-77°F,0.78,12.82,10.0,0.11,24.5,78-79°F,won,12.82,2.71,2026-08-01T15:43:31Z
2026-07-30T09:47:01Z,highest-temperature-in-san-francisco-on-july-31-2026,san-francisco,2026-07-31,1,NO,70-71°F,0.75,13.33,10.0,0.125,21.8,72-73°F,won,13.33,3.21,2026-08-01T15:43:31Z
2026-07-30T09:47:01Z,highest-temperature-in-panama-city-on-july-31-2026,panama-city,2026-07-31,1,NO,32°C,0.77,12.99,10.0,0.115,32.1,33°C,won,12.99,2.88,2026-08-01T08:03:25Z
2026-07-30T09:47:01Z,highest-temperature-in-paris-on-august-1-2026,paris,2026-08-01,2,NO,30°C,0.84,11.9,10.0,0.08,30.5,28°C,won,11.9,1.82,2026-08-02T09:05:09Z
2026-07-30T09:47:01Z,highest-temperature-in-seoul-on-august-1-2026,seoul,2026-08-01,2,NO,26°C,0.997,10.03,10.0,0.0015,26.5,32°C,won,10.03,0.03,2026-08-02T09:05:09Z
2026-07-30T09:47:01Z,highest-temperature-in-wellington-on-august-1-2026,wellington,2026-08-01,2,NO,9°C,0.83,12.05,10.0,0.085,9.0,10°C,won,12.05,1.97,2026-08-02T09:05:09Z
2026-07-30T09:47:01Z,highest-temperature-in-tel-aviv-on-august-1-2026,tel-aviv,2026-08-01,2,NO,32°C,0.999,10.01,10.0,0.0005,31.9,35°C,won,10.01,0.01,2026-08-02T09:05:09Z
2026-07-30T09:47:01Z,highest-temperature-in-tokyo-on-august-1-2026,tokyo,2026-08-01,2,NO,34°C,0.8,12.5,10.0,0.1,33.9,35°C,won,12.5,2.4,2026-08-02T09:05:09Z
2026-07-30T09:47:01Z,highest-temperature-in-hong-kong-on-august-1-2026,hong-kong,2026-08-01,2,NO,26°C,0.96,10.42,10.0,0.02,26.9,28°C,won,10.42,0.4,2026-08-03T12:51:58Z
2026-07-30T09:47:01Z,highest-temperature-in-shanghai-on-august-1-2026,shanghai,2026-08-01,2,NO,34°C,0.97,10.31,10.0,0.015,33.6,36°C,won,10.31,0.3,2026-08-02T09:05:09Z
2026-07-30T09:47:01Z,highest-temperature-in-singapore-on-august-1-2026,singapore,2026-08-01,2,NO,31°C,0.78,12.82,10.0,0.11,31.2,32°C,won,12.82,2.71,2026-08-02T09:05:09Z
2026-07-30T09:47:01Z,highest-temperature-in-milan-on-august-1-2026,milan,2026-08-01,2,NO,39°C,0.999,10.01,10.0,0.0005,39.4,36°C,won,10.01,0.01,2026-08-02T09:05:09Z
2026-07-30T09:47:01Z,highest-temperature-in-warsaw-on-august-1-2026,warsaw,2026-08-01,2,NO,30°C,0.79,12.66,10.0,0.105,30.5,<=28°C,won,12.66,2.56,2026-08-02T09:05:09Z
2026-07-30T09:47:01Z,highest-temperature-in-taipei-on-august-1-2026,taipei,2026-08-01,2,NO,34°C,0.85,11.76,10.0,0.075,33.6,35°C,won,11.76,1.68,2026-08-02T09:05:09Z
2026-07-30T09:47:01Z,highest-temperature-in-chongqing-on-august-1-2026,chongqing,2026-08-01,2,NO,36°C,0.91,10.99,10.0,0.045,35.7,38°C,won,10.99,0.95,2026-08-02T09:05:09Z
2026-07-30T09:47:01Z,highest-temperature-in-beijing-on-august-1-2026,beijing,2026-08-01,2,NO,33°C,0.73,13.7,10.0,0.135,32.9,34°C,won,13.7,3.56,2026-08-02T09:05:09Z
2026-07-30T09:47:01Z,highest-temperature-in-wuhan-on-august-1-2026,wuhan,2026-08-01,2,NO,36°C,0.7,14.29,10.0,0.15,36.0,36°C,lost,0.0,-10.15,2026-08-02T09:05:09Z
2026-07-30T09:47:01Z,highest-temperature-in-chengdu-on-august-1-2026,chengdu,2026-08-01,2,NO,26°C,0.74,13.51,10.0,0.13,25.6,26°C,won,13.51,3.38,2026-08-02T09:05:09Z
2026-07-30T09:47:01Z,highest-temperature-in-shenzhen-on-august-1-2026,shenzhen,2026-08-01,2,NO,27°C,0.74,13.51,10.0,0.13,27.0,28°C,won,13.51,3.38,2026-08-02T09:05:09Z
2026-07-30T09:47:01Z,highest-temperature-in-moscow-on-august-1-2026,moscow,2026-08-01,2,NO,29°C,0.94,10.64,10.0,0.03,29.0,27°C,won,10.64,0.61,2026-08-02T09:05:09Z
2026-07-30T09:47:01Z,highest-temperature-in-istanbul-on-august-1-2026,istanbul,2026-08-01,2,NO,29°C,0.98,10.2,10.0,0.01,28.9,27°C,won,10.2,0.19,2026-08-02T09:05:09Z
2026-07-30T09:47:01Z,highest-temperature-in-busan-on-august-1-2026,busan,2026-08-01,2,NO,40°C,0.78,12.82,10.0,0.11,40.0,39°C,won,12.82,2.71,2026-08-02T09:05:09Z
2026-07-30T09:47:01Z,highest-temperature-in-amsterdam-on-august-1-2026,amsterdam,2026-08-01,2,NO,25°C,0.94,10.64,10.0,0.03,25.3,23°C,won,10.64,0.61,2026-08-02T09:05:09Z
2026-07-30T09:47:01Z,highest-temperature-in-helsinki-on-august-1-2026,helsinki,2026-08-01,2,NO,21°C,0.92,10.87,10.0,0.04,21.3,23°C,won,10.87,0.83,2026-08-02T09:05:09Z
2026-07-30T09:47:01Z,highest-temperature-in-kuala-lumpur-on-august-1-2026,kuala-lumpur,2026-08-01,2,NO,30°C,0.98,10.2,10.0,0.01,29.9,33°C,won,10.2,0.19,2026-08-02T09:05:09Z
2026-07-30T09:47:01Z,highest-temperature-in-jeddah-on-august-1-2026,jeddah,2026-08-01,2,NO,41°C,0.77,12.99,10.0,0.115,41.1,42°C,won,12.99,2.88,2026-08-02T09:05:09Z
2026-07-30T09:47:01Z,highest-temperature-in-guangzhou-on-august-1-2026,guangzhou,2026-08-01,2,NO,28°C,0.96,10.42,10.0,0.02,28.4,31°C,won,10.42,0.4,2026-08-02T09:05:09Z
2026-07-30T09:47:01Z,highest-temperature-in-qingdao-on-august-1-2026,qingdao,2026-08-01,2,NO,32°C,0.999,10.01,10.0,0.0005,32.5,36°C,won,10.01,0.01,2026-08-02T09:05:09Z
2026-07-30T09:47:01Z,highest-temperature-in-lucknow-on-august-1-2026,lucknow,2026-08-01,2,NO,>=37°C,0.998,10.02,10.0,0.001,36.7,33°C,won,10.02,0.02,2026-08-02T09:05:09Z
2026-07-30T09:47:01Z,highest-temperature-in-cape-town-on-august-1-2026,cape-town,2026-08-01,2,NO,25°C,0.79,12.66,10.0,0.105,25.0,24°C,won,12.66,2.56,2026-08-02T09:05:09Z
2026-07-30T09:47:01Z,highest-temperature-in-karachi-on-august-1-2026,karachi,2026-08-01,2,NO,31°C,0.96,10.42,10.0,0.02,30.8,33°C,won,10.42,0.4,2026-08-02T09:05:09Z
2026-07-31T10:15:49Z,highest-temperature-in-manila-on-august-1-2026,manila,2026-08-01,1,NO,32°C,0.7,14.29,10.0,0.15,32.4,33°C,lost,0.0,-10.15,2026-08-02T09:05:09Z
2026-07-31T10:15:49Z,highest-temperature-in-sao-paulo-on-august-1-2026,sao-paulo,2026-08-01,1,NO,29°C,0.96,10.42,10.0,0.02,28.9,27°C,won,10.42,0.4,2026-08-02T09:05:09Z
2026-07-31T10:15:49Z,highest-temperature-in-buenos-aires-on-august-1-2026,buenos-aires,2026-08-01,1,NO,19°C,0.74,13.51,10.0,0.13,19.2,20°C,lost,0.0,-10.13,2026-08-02T09:05:09Z
2026-07-31T10:15:49Z,highest-temperature-in-toronto-on-august-1-2026,toronto,2026-08-01,1,NO,29°C,0.75,13.33,10.0,0.125,28.6,28°C,won,13.33,3.21,2026-08-02T09:05:09Z
2026-07-31T10:15:49Z,highest-temperature-in-seattle-on-august-1-2026,seattle,2026-08-01,1,NO,68-69°F,0.96,10.42,10.0,0.02,20.1,72-73°F,won,10.42,0.4,2026-08-02T09:05:09Z
2026-07-31T10:15:49Z,highest-temperature-in-nyc-on-august-1-2026,nyc,2026-08-01,1,NO,88-89°F,0.88,11.36,10.0,0.06,31.0,86-87°F,won,11.36,1.3,2026-08-02T09:05:09Z
2026-07-31T10:15:49Z,highest-temperature-in-atlanta-on-august-1-2026,atlanta,2026-08-01,1,NO,88-89°F,0.82,12.2,10.0,0.09,31.4,86-87°F,won,12.2,2.11,2026-08-02T15:47:55Z
2026-07-31T10:15:49Z,highest-temperature-in-miami-on-august-1-2026,miami,2026-08-01,1,NO,86-87°F,0.995,10.05,10.0,0.0025,30.4,92-93°F,won,10.05,0.05,2026-08-02T09:05:09Z
2026-07-31T10:15:49Z,highest-temperature-in-denver-on-august-1-2026,denver,2026-08-01,1,NO,96-97°F,0.98,10.2,10.0,0.01,35.5,92-93°F,won,10.2,0.19,2026-08-02T09:05:09Z
2026-07-31T10:15:49Z,highest-temperature-in-san-francisco-on-august-1-2026,san-francisco,2026-08-01,1,NO,72-73°F,0.73,13.7,10.0,0.135,23.0,74-75°F,lost,0.0,-10.13,2026-08-02T15:47:55Z
2026-07-31T10:15:49Z,highest-temperature-in-mexico-city-on-august-1-2026,mexico-city,2026-08-01,1,NO,28°C,0.96,10.42,10.0,0.02,27.9,27°C,won,10.42,0.4,2026-08-02T15:47:55Z
2026-07-31T10:15:49Z,highest-temperature-in-panama-city-on-august-1-2026,panama-city,2026-08-01,1,NO,30°C,0.97,10.31,10.0,0.015,30.2,33°C,won,10.31,0.3,2026-08-02T15:47:55Z
2026-07-31T10:15:49Z,highest-temperature-in-seoul-on-august-2-2026,seoul,2026-08-02,2,NO,27°C,0.999,10.01,10.0,0.0005,27.2,32°C,won,10.01,0.01,2026-08-03T12:51:58Z
2026-07-31T10:15:49Z,highest-temperature-in-wellington-on-august-2-2026,wellington,2026-08-02,2,NO,11°C,0.94,10.64,10.0,0.03,10.8,13°C,won,10.64,0.61,2026-08-03T12:51:58Z
2026-07-31T10:15:49Z,highest-temperature-in-tokyo-on-august-2-2026,tokyo,2026-08-02,2,NO,33°C,0.73,13.7,10.0,0.135,33.2,34°C,lost,0.0,-10.13,2026-08-03T12:51:58Z
2026-07-31T10:15:49Z,highest-temperature-in-hong-kong-on-august-2-2026,hong-kong,2026-08-02,2,NO,25°C,0.92,10.87,10.0,0.04,25.6,27°C,won,10.87,0.83,2026-08-03T12:51:58Z
2026-07-31T10:15:49Z,highest-temperature-in-shanghai-on-august-2-2026,shanghai,2026-08-02,2,NO,33°C,0.99,10.1,10.0,0.005,32.8,36°C,won,10.1,0.09,2026-08-03T12:51:58Z
2026-07-31T10:15:49Z,highest-temperature-in-singapore-on-august-2-2026,singapore,2026-08-02,2,NO,31°C,0.84,11.9,10.0,0.08,31.0,32°C,won,11.9,1.82,2026-08-03T12:51:58Z
2026-07-31T10:15:49Z,highest-temperature-in-taipei-on-august-2-2026,taipei,2026-08-02,2,NO,37°C,0.7,14.29,10.0,0.15,36.9,37°C,won,14.29,4.14,2026-08-03T12:51:58Z
2026-07-31T10:15:49Z,highest-temperature-in-chongqing-on-august-2-2026,chongqing,2026-08-02,2,NO,<=33°C,0.82,12.2,10.0,0.09,30.9,36°C,lost,0.0,-10.09,2026-08-03T12:51:58Z
2026-07-31T10:15:49Z,highest-temperature-in-beijing-on-august-2-2026,beijing,2026-08-02,2,NO,36°C,0.92,10.87,10.0,0.04,36.5,34°C,won,10.87,0.83,2026-08-03T12:51:58Z
2026-07-31T10:15:49Z,highest-temperature-in-chengdu-on-august-2-2026,chengdu,2026-08-02,2,NO,23°C,0.93,10.75,10.0,0.035,23.2,25°C,won,10.75,0.71,2026-08-03T12:51:58Z
2026-07-31T10:15:49Z,highest-temperature-in-shenzhen-on-august-2-2026,shenzhen,2026-08-02,2,NO,26°C,0.92,10.87,10.0,0.04,25.9,28°C,won,10.87,0.83,2026-08-03T12:51:58Z
2026-07-31T10:15:49Z,highest-temperature-in-busan-on-august-2-2026,busan,2026-08-02,2,NO,40°C,0.96,10.42,10.0,0.02,39.5,<=36°C,won,10.42,0.4,2026-08-03T12:51:58Z
2026-07-31T10:15:49Z,highest-temperature-in-kuala-lumpur-on-august-2-2026,kuala-lumpur,2026-08-02,2,NO,32°C,0.83,12.05,10.0,0.085,31.9,33°C,won,12.05,1.97,2026-08-03T12:51:58Z
2026-07-31T10:15:49Z,highest-temperature-in-guangzhou-on-august-2-2026,guangzhou,2026-08-02,2,NO,29°C,0.8,12.5,10.0,0.1,29.0,30°C,won,12.5,2.4,2026-08-03T12:51:58Z
2026-07-31T10:15:49Z,highest-temperature-in-qingdao-on-august-2-2026,qingdao,2026-08-02,2,NO,33°C,0.99,10.1,10.0,0.005,33.3,36°C,won,10.1,0.09,2026-08-03T12:51:58Z
2026-07-31T10:15:49Z,highest-temperature-in-manila-on-august-2-2026,manila,2026-08-02,2,NO,32°C,0.72,13.89,10.0,0.14,31.5,32°C,won,13.89,3.75,2026-08-03T12:51:58Z
2026-07-31T10:15:49Z,highest-temperature-in-london-on-august-2-2026,london,2026-08-02,2,NO,27°C,0.7,14.29,10.0,0.15,27.2,26°C,lost,0.0,-10.15,2026-08-03T12:51:58Z
2026-07-31T10:15:49Z,highest-temperature-in-paris-on-august-2-2026,paris,2026-08-02,2,NO,34°C,0.98,10.2,10.0,0.01,34.5,32°C,won,10.2,0.19,2026-08-03T12:51:58Z
2026-07-31T10:15:49Z,highest-temperature-in-ankara-on-august-2-2026,ankara,2026-08-02,2,NO,32°C,0.94,10.64,10.0,0.03,31.6,31°C,lost,0.0,-10.03,2026-08-03T12:51:58Z
2026-07-31T10:15:49Z,highest-temperature-in-munich-on-august-2-2026,munich,2026-08-02,2,NO,30°C,0.8,12.5,10.0,0.1,29.8,31°C,won,12.5,2.4,2026-08-03T12:51:58Z
2026-07-31T10:15:49Z,highest-temperature-in-tel-aviv-on-august-2-2026,tel-aviv,2026-08-02,2,NO,32°C,0.999,10.01,10.0,0.0005,32.0,35°C,won,10.01,0.01,2026-08-03T12:51:58Z
2026-07-31T10:15:49Z,highest-temperature-in-milan-on-august-2-2026,milan,2026-08-02,2,NO,38°C,0.999,10.01,10.0,0.0005,37.6,35°C,won,10.01,0.01,2026-08-03T12:51:58Z
2026-07-31T10:15:49Z,highest-temperature-in-warsaw-on-august-2-2026,warsaw,2026-08-02,2,NO,>=28°C,0.97,10.31,10.0,0.015,27.5,26°C,won,10.31,0.3,2026-08-03T12:51:58Z
2026-07-31T10:15:49Z,highest-temperature-in-istanbul-on-august-2-2026,istanbul,2026-08-02,2,NO,30°C,0.99,10.1,10.0,0.005,29.7,28°C,won,10.1,0.09,2026-08-03T12:51:58Z
2026-07-31T10:15:49Z,highest-temperature-in-amsterdam-on-august-2-2026,amsterdam,2026-08-02,2,NO,27°C,0.93,10.75,10.0,0.035,27.0,26°C,won,10.75,0.71,2026-08-03T12:51:58Z
2026-07-31T10:15:49Z,highest-temperature-in-jeddah-on-august-2-2026,jeddah,2026-08-02,2,NO,40°C,0.88,11.36,10.0,0.06,39.6,42°C,won,11.36,1.3,2026-08-03T12:51:58Z
2026-07-31T10:15:49Z,highest-temperature-in-cape-town-on-august-2-2026,cape-town,2026-08-02,2,NO,25°C,0.82,12.2,10.0,0.09,24.7,23°C,won,12.2,2.11,2026-08-03T12:51:58Z
2026-08-01T08:03:25Z,highest-temperature-in-wuhan-on-august-2-2026,wuhan,2026-08-02,1,NO,38°C,0.85,11.76,10.0,0.075,37.8,36°C,won,11.76,1.68,2026-08-03T12:51:58Z
2026-08-01T08:03:25Z,highest-temperature-in-moscow-on-august-2-2026,moscow,2026-08-02,1,NO,31°C,0.79,12.66,10.0,0.105,30.6,30°C,won,12.66,2.56,2026-08-03T12:51:58Z
2026-08-01T08:03:25Z,highest-temperature-in-helsinki-on-august-2-2026,helsinki,2026-08-02,1,NO,21°C,0.82,12.2,10.0,0.09,21.3,22°C,won,12.2,2.11,2026-08-03T12:51:58Z
2026-08-01T08:03:25Z,highest-temperature-in-karachi-on-august-2-2026,karachi,2026-08-02,1,NO,31°C,0.94,10.64,10.0,0.03,31.4,33°C,won,10.64,0.61,2026-08-03T12:51:58Z
2026-08-01T08:03:25Z,highest-temperature-in-sao-paulo-on-august-2-2026,sao-paulo,2026-08-02,1,NO,29°C,0.73,13.7,10.0,0.135,29.1,28°C,lost,0.0,-10.13,2026-08-03T12:51:58Z
2026-08-01T08:03:25Z,highest-temperature-in-buenos-aires-on-august-2-2026,buenos-aires,2026-08-02,1,NO,17°C,0.84,11.9,10.0,0.08,16.9,16°C,won,11.9,1.82,2026-08-03T12:51:58Z
2026-08-01T08:03:25Z,highest-temperature-in-toronto-on-august-2-2026,toronto,2026-08-02,1,NO,23°C,0.76,13.16,10.0,0.12,22.6,24°C,won,13.16,3.04,2026-08-03T12:51:58Z
2026-08-01T08:03:25Z,highest-temperature-in-seattle-on-august-2-2026,seattle,2026-08-02,1,NO,68-69°F,0.79,12.66,10.0,0.105,20.3,70-71°F,lost,0.0,-10.11,2026-08-03T12:51:58Z
2026-08-01T08:03:25Z,highest-temperature-in-nyc-on-august-2-2026,nyc,2026-08-02,1,NO,84-85°F,0.72,13.89,10.0,0.14,29.0,82-83°F,lost,0.0,-10.14,2026-08-03T12:51:58Z
2026-08-01T08:03:25Z,highest-temperature-in-atlanta-on-august-2-2026,atlanta,2026-08-02,1,NO,92-93°F,0.97,10.31,10.0,0.015,33.5,88-89°F,won,10.31,0.3,2026-08-03T12:51:58Z
2026-08-01T08:03:25Z,highest-temperature-in-miami-on-august-2-2026,miami,2026-08-02,1,NO,84-85°F,0.999,10.01,10.0,0.0005,29.6,92-93°F,won,10.01,0.01,2026-08-03T12:51:58Z
2026-08-01T08:03:25Z,highest-temperature-in-chicago-on-august-2-2026,chicago,2026-08-02,1,NO,74-75°F,0.73,13.7,10.0,0.135,23.9,76-77°F,won,13.7,3.56,2026-08-03T12:51:58Z
2026-08-01T08:03:25Z,highest-temperature-in-houston-on-august-2-2026,houston,2026-08-02,1,NO,100-101°F,0.77,12.99,10.0,0.115,37.9,98-99°F,won,12.99,2.88,2026-08-03T12:51:58Z
2026-08-01T08:03:25Z,highest-temperature-in-los-angeles-on-august-2-2026,los-angeles,2026-08-02,1,NO,82-83°F,0.83,12.05,10.0,0.085,27.5,80-81°F,won,12.05,1.97,2026-08-03T12:51:58Z
2026-08-01T08:03:25Z,highest-temperature-in-san-francisco-on-august-2-2026,san-francisco,2026-08-02,1,NO,>=86°F,0.999,10.01,10.0,0.0005,29.9,76-77°F,won,10.01,0.01,2026-08-03T12:51:58Z
2026-08-01T08:03:25Z,highest-temperature-in-mexico-city-on-august-2-2026,mexico-city,2026-08-02,1,NO,28°C,0.82,12.2,10.0,0.09,28.3,27°C,won,12.2,2.11,2026-08-03T12:51:58Z
2026-08-01T08:03:25Z,highest-temperature-in-panama-city-on-august-2-2026,panama-city,2026-08-02,1,NO,30°C,0.98,10.2,10.0,0.01,29.7,33°C,won,10.2,0.19,2026-08-03T12:51:58Z
2026-08-01T08:03:25Z,highest-temperature-in-london-on-august-3-2026,london,2026-08-03,2,NO,33°C,0.98,10.2,10.0,0.01,33.3,30°C,won,10.2,0.19,2026-08-04T10:26:41Z
2026-08-01T08:03:25Z,highest-temperature-in-paris-on-august-3-2026,paris,2026-08-03,2,NO,36°C,0.74,13.51,10.0,0.13,35.5,35°C,lost,0.0,-10.13,2026-08-04T10:26:41Z
2026-08-01T08:03:25Z,highest-temperature-in-seoul-on-august-3-2026,seoul,2026-08-03,2,NO,28°C,0.999,10.01,10.0,0.0005,28.2,33°C,won,10.01,0.01,2026-08-04T10:26:41Z
2026-08-01T08:03:25Z,highest-temperature-in-munich-on-august-3-2026,munich,2026-08-03,2,NO,33°C,0.95,10.53,10.0,0.025,32.8,35°C,won,10.53,0.5,2026-08-04T10:26:41Z
2026-08-01T08:03:25Z,highest-temperature-in-tel-aviv-on-august-3-2026,tel-aviv,2026-08-03,2,NO,32°C,0.96,10.42,10.0,0.02,31.6,34°C,won,10.42,0.4,2026-08-04T10:26:41Z
2026-08-01T08:03:25Z,highest-temperature-in-hong-kong-on-august-3-2026,hong-kong,2026-08-03,2,NO,25°C,0.999,10.01,10.0,0.0005,25.9,29°C,won,10.01,0.01,2026-08-04T10:26:41Z
2026-08-01T08:03:25Z,highest-temperature-in-shanghai-on-august-3-2026,shanghai,2026-08-03,2,NO,32°C,0.97,10.31,10.0,0.015,31.6,35°C,won,10.31,0.3,2026-08-04T10:26:41Z
2026-08-01T08:03:25Z,highest-temperature-in-singapore-on-august-3-2026,singapore,2026-08-03,2,NO,31°C,0.8,12.5,10.0,0.1,31.2,32°C,won,12.5,2.4,2026-08-04T10:26:41Z
2026-08-01T08:03:25Z,highest-temperature-in-milan-on-august-3-2026,milan,2026-08-03,2,NO,38°C,0.98,10.2,10.0,0.01,37.5,35°C,won,10.2,0.19,2026-08-04T10:26:41Z
2026-08-01T08:03:25Z,highest-temperature-in-warsaw-on-august-3-2026,warsaw,2026-08-03,2,NO,32°C,0.99,10.1,10.0,0.005,31.9,29°C,won,10.1,0.09,2026-08-04T10:26:41Z
2026-08-01T08:03:25Z,highest-temperature-in-chongqing-on-august-3-2026,chongqing,2026-08-03,2,NO,<=23°C,0.86,11.63,10.0,0.07,21.5,26°C,won,11.63,1.56,2026-08-04T10:26:41Z
2026-08-01T08:03:25Z,highest-temperature-in-beijing-on-august-3-2026,beijing,2026-08-03,2,NO,36°C,0.982,10.18,10.0,0.009,36.0,34°C,lost,0.0,-10.01,2026-08-04T10:26:41Z
2026-08-01T08:03:25Z,highest-temperature-in-chengdu-on-august-3-2026,chengdu,2026-08-03,2,NO,29°C,0.94,10.64,10.0,0.03,28.7,32°C,won,10.64,0.61,2026-08-04T10:26:41Z
2026-08-01T08:03:25Z,highest-temperature-in-shenzhen-on-august-3-2026,shenzhen,2026-08-03,2,NO,25°C,0.99,10.1,10.0,0.005,25.3,29°C,won,10.1,0.09,2026-08-04T10:26:41Z
2026-08-01T08:03:25Z,highest-temperature-in-moscow-on-august-3-2026,moscow,2026-08-03,2,NO,27°C,0.8,12.5,10.0,0.1,26.7,25°C,won,12.5,2.4,2026-08-04T10:26:41Z
2026-08-01T08:03:25Z,highest-temperature-in-istanbul-on-august-3-2026,istanbul,2026-08-03,2,NO,32°C,0.99,10.1,10.0,0.005,31.6,28°C,won,10.1,0.09,2026-08-04T10:26:41Z
2026-08-01T08:03:25Z,highest-temperature-in-busan-on-august-3-2026,busan,2026-08-03,2,NO,38°C,0.93,10.75,10.0,0.035,37.6,36°C,lost,0.0,-10.04,2026-08-04T10:26:41Z
2026-08-01T08:03:25Z,highest-temperature-in-amsterdam-on-august-3-2026,amsterdam,2026-08-03,2,NO,36°C,0.999,10.01,10.0,0.0005,35.7,32°C,won,10.01,0.01,2026-08-04T10:26:41Z
2026-08-01T08:03:25Z,highest-temperature-in-kuala-lumpur-on-august-3-2026,kuala-lumpur,2026-08-03,2,NO,32°C,0.71,14.08,10.0,0.145,31.6,34°C,won,14.08,3.94,2026-08-04T10:26:41Z
2026-08-01T08:03:25Z,highest-temperature-in-jeddah-on-august-3-2026,jeddah,2026-08-03,2,NO,39°C,0.91,10.99,10.0,0.045,38.6,>=41°C,won,10.99,0.95,2026-08-04T10:26:41Z
2026-08-01T08:03:25Z,highest-temperature-in-guangzhou-on-august-3-2026,guangzhou,2026-08-03,2,NO,26°C,0.99,10.1,10.0,0.005,26.1,31°C,won,10.1,0.09,2026-08-04T10:26:41Z
2026-08-01T08:03:25Z,highest-temperature-in-qingdao-on-august-3-2026,qingdao,2026-08-03,2,NO,33°C,0.91,10.99,10.0,0.045,32.8,35°C,won,10.99,0.95,2026-08-04T10:26:41Z
2026-08-01T08:03:25Z,highest-temperature-in-manila-on-august-3-2026,manila,2026-08-03,2,NO,28°C,0.76,13.16,10.0,0.12,27.9,29°C,won,13.16,3.04,2026-08-04T10:26:41Z
2026-08-01T08:03:25Z,highest-temperature-in-lucknow-on-august-3-2026,lucknow,2026-08-03,2,NO,>=36°C,0.989,10.11,10.0,0.0055,35.6,32°C,won,10.11,0.1,2026-08-04T10:26:41Z
2026-08-01T08:03:25Z,highest-temperature-in-cape-town-on-august-3-2026,cape-town,2026-08-03,2,NO,23°C,0.8,12.5,10.0,0.1,23.4,21°C,lost,0.0,-10.1,2026-08-04T10:26:41Z
2026-08-01T08:03:25Z,highest-temperature-in-karachi-on-august-3-2026,karachi,2026-08-03,2,NO,29°C,0.999,10.01,10.0,0.0005,28.9,33°C,won,10.01,0.01,2026-08-04T10:26:41Z
2026-08-02T09:05:08Z,highest-temperature-in-wellington-on-august-3-2026,wellington,2026-08-03,1,NO,14°C,0.98,10.2,10.0,0.01,14.4,16°C,won,10.2,0.19,2026-08-04T10:26:41Z
2026-08-02T09:05:08Z,highest-temperature-in-tokyo-on-august-3-2026,tokyo,2026-08-03,1,NO,28°C,0.75,13.33,10.0,0.125,28.1,27°C,won,13.33,3.21,2026-08-04T10:26:41Z
2026-08-02T09:05:08Z,highest-temperature-in-wuhan-on-august-3-2026,wuhan,2026-08-03,1,NO,38°C,0.83,12.05,10.0,0.085,38.1,36°C,won,12.05,1.97,2026-08-04T10:26:41Z
2026-08-02T09:05:08Z,highest-temperature-in-atlanta-on-august-3-2026,atlanta,2026-08-03,1,NO,82-83°F,0.93,10.75,10.0,0.035,27.8,86-87°F,won,10.75,0.71,2026-08-04T10:26:41Z
2026-08-02T09:05:08Z,highest-temperature-in-miami-on-august-3-2026,miami,2026-08-03,1,NO,84-85°F,0.99,10.1,10.0,0.005,29.6,90-91°F,won,10.1,0.09,2026-08-04T10:26:41Z
2026-08-02T09:05:08Z,highest-temperature-in-denver-on-august-3-2026,denver,2026-08-03,1,NO,98-99°F,0.7,14.29,10.0,0.15,37.3,100-101°F,won,14.29,4.14,2026-08-04T18:16:37Z
2026-08-02T09:05:08Z,highest-temperature-in-houston-on-august-3-2026,houston,2026-08-03,1,NO,100-101°F,0.95,10.53,10.0,0.025,37.5,96-97°F,won,10.53,0.5,2026-08-04T10:26:41Z
2026-08-02T09:05:08Z,highest-temperature-in-los-angeles-on-august-3-2026,los-angeles,2026-08-03,1,NO,80-81°F,0.78,12.82,10.0,0.11,27.0,78-79°F,won,12.82,2.71,2026-08-04T10:26:41Z
2026-08-02T09:05:08Z,highest-temperature-in-san-francisco-on-august-3-2026,san-francisco,2026-08-03,1,NO,>=88°F,0.999,10.01,10.0,0.0005,33.8,76-77°F,won,10.01,0.01,2026-08-04T10:26:41Z
2026-08-02T09:05:08Z,highest-temperature-in-panama-city-on-august-3-2026,panama-city,2026-08-03,1,NO,31°C,0.94,10.64,10.0,0.03,31.2,33°C,lost,0.0,-10.03,2026-08-04T10:26:41Z
2026-08-02T09:05:08Z,highest-temperature-in-paris-on-august-4-2026,paris,2026-08-04,2,NO,35°C,0.99,10.1,10.0,0.005,34.7,32°C,won,10.1,0.09,2026-08-05T10:22:44Z
2026-08-02T09:05:08Z,highest-temperature-in-seoul-on-august-4-2026,seoul,2026-08-04,2,NO,<=28°C,0.998,10.02,10.0,0.001,28.1,34°C,won,10.02,0.02,2026-08-05T10:22:44Z
2026-08-02T09:05:08Z,highest-temperature-in-wellington-on-august-4-2026,wellington,2026-08-04,2,NO,9°C,0.85,11.76,10.0,0.075,8.6,10°C,won,11.76,1.68,2026-08-05T10:22:44Z
2026-08-02T09:05:08Z,highest-temperature-in-munich-on-august-4-2026,munich,2026-08-04,2,NO,33°C,0.99,10.1,10.0,0.005,33.3,35°C,won,10.1,0.09,2026-08-05T10:22:44Z
2026-08-02T09:05:08Z,highest-temperature-in-tel-aviv-on-august-4-2026,tel-aviv,2026-08-04,2,NO,31°C,0.98,10.2,10.0,0.01,31.2,33°C,won,10.2,0.19,2026-08-05T10:22:44Z
2026-08-02T09:05:08Z,highest-temperature-in-tokyo-on-august-4-2026,tokyo,2026-08-04,2,NO,28°C,0.71,14.08,10.0,0.145,27.9,28°C,won,14.08,3.94,2026-08-05T10:22:44Z
2026-08-02T09:05:08Z,highest-temperature-in-hong-kong-on-august-4-2026,hong-kong,2026-08-04,2,NO,26°C,0.994,10.06,10.0,0.003,26.4,29°C,won,10.06,0.06,2026-08-05T10:22:44Z
2026-08-02T09:05:08Z,highest-temperature-in-shanghai-on-august-4-2026,shanghai,2026-08-04,2,NO,31°C,0.99,10.1,10.0,0.005,31.1,34°C,won,10.1,0.09,2026-08-05T10:22:44Z
2026-08-02T09:05:08Z,highest-temperature-in-milan-on-august-4-2026,milan,2026-08-04,2,NO,38°C,0.98,10.2,10.0,0.01,38.5,<=34°C,won,10.2,0.19,2026-08-05T10:22:44Z
2026-08-02T09:05:08Z,highest-temperature-in-warsaw-on-august-4-2026,warsaw,2026-08-04,2,NO,33°C,0.7,14.29,10.0,0.15,33.1,33°C,won,14.29,4.14,2026-08-05T10:22:44Z
2026-08-02T09:05:08Z,highest-temperature-in-taipei-on-august-4-2026,taipei,2026-08-04,2,NO,34°C,0.91,10.99,10.0,0.045,34.2,36°C,won,10.99,0.95,2026-08-05T10:22:44Z
2026-08-02T09:05:08Z,highest-temperature-in-beijing-on-august-4-2026,beijing,2026-08-04,2,NO,36°C,0.98,10.2,10.0,0.01,36.5,34°C,won,10.2,0.19,2026-08-05T10:22:44Z
2026-08-02T09:05:08Z,highest-temperature-in-chengdu-on-august-4-2026,chengdu,2026-08-04,2,NO,31°C,0.94,10.64,10.0,0.03,31.0,33°C,won,10.64,0.61,2026-08-05T10:22:44Z
2026-08-02T09:05:08Z,highest-temperature-in-shenzhen-on-august-4-2026,shenzhen,2026-08-04,2,NO,27°C,0.99,10.1,10.0,0.005,26.9,31°C,won,10.1,0.09,2026-08-05T10:22:44Z
2026-08-02T09:05:08Z,highest-temperature-in-moscow-on-august-4-2026,moscow,2026-08-04,2,NO,28°C,0.99,10.1,10.0,0.005,27.6,26°C,won,10.1,0.09,2026-08-05T10:22:44Z
2026-08-02T09:05:08Z,highest-temperature-in-istanbul-on-august-4-2026,istanbul,2026-08-04,2,NO,32°C,0.99,10.1,10.0,0.005,32.3,28°C,won,10.1,0.09,2026-08-05T10:22:44Z
2026-08-02T09:05:08Z,highest-temperature-in-busan-on-august-4-2026,busan,2026-08-04,2,NO,35°C,0.72,13.89,10.0,0.14,35.3,34°C,lost,0.0,-10.14,2026-08-05T10:22:44Z
2026-08-02T09:05:08Z,highest-temperature-in-kuala-lumpur-on-august-4-2026,kuala-lumpur,2026-08-04,2,NO,32°C,0.86,11.63,10.0,0.07,32.1,34°C,won,11.63,1.56,2026-08-05T10:22:44Z
2026-08-02T09:05:08Z,highest-temperature-in-jeddah-on-august-4-2026,jeddah,2026-08-04,2,NO,36°C,0.98,10.2,10.0,0.01,36.0,>=40°C,won,10.2,0.19,2026-08-05T10:22:44Z
2026-08-02T09:05:08Z,highest-temperature-in-guangzhou-on-august-4-2026,guangzhou,2026-08-04,2,NO,30°C,0.98,10.2,10.0,0.01,29.7,33°C,won,10.2,0.19,2026-08-05T10:22:44Z
2026-08-02T09:05:08Z,highest-temperature-in-qingdao-on-august-4-2026,qingdao,2026-08-04,2,NO,33°C,0.81,12.35,10.0,0.095,33.0,34°C,won,12.35,2.25,2026-08-05T10:22:44Z
2026-08-02T09:05:08Z,highest-temperature-in-manila-on-august-4-2026,manila,2026-08-04,2,NO,29°C,0.71,14.08,10.0,0.145,28.7,28°C,won,14.08,3.94,2026-08-05T10:22:44Z
2026-08-02T09:05:08Z,highest-temperature-in-lucknow-on-august-4-2026,lucknow,2026-08-04,2,NO,29°C,0.97,10.31,10.0,0.015,29.1,31°C,lost,0.0,-10.02,2026-08-05T10:22:44Z
2026-08-02T09:05:08Z,highest-temperature-in-cape-town-on-august-4-2026,cape-town,2026-08-04,2,NO,23°C,0.96,10.42,10.0,0.02,22.9,21°C,won,10.42,0.4,2026-08-05T10:22:44Z
2026-08-02T09:05:08Z,highest-temperature-in-karachi-on-august-4-2026,karachi,2026-08-04,2,NO,32°C,0.78,12.82,10.0,0.11,31.9,33°C,won,12.82,2.71,2026-08-05T10:22:44Z
2026-08-03T12:51:58Z,highest-temperature-in-london-on-august-4-2026,london,2026-08-04,1,NO,30°C,0.75,13.33,10.0,0.125,29.9,29°C,lost,0.0,-10.12,2026-08-05T10:22:44Z
2026-08-03T12:51:58Z,highest-temperature-in-chongqing-on-august-4-2026,chongqing,2026-08-04,1,NO,29°C,0.92,10.87,10.0,0.04,29.4,31°C,won,10.87,0.83,2026-08-05T10:22:44Z
2026-08-03T12:51:58Z,highest-temperature-in-wuhan-on-august-4-2026,wuhan,2026-08-04,1,NO,38°C,0.7,14.29,10.0,0.15,38.1,37°C,lost,0.0,-10.15,2026-08-05T10:22:44Z
2026-08-03T12:51:58Z,highest-temperature-in-amsterdam-on-august-4-2026,amsterdam,2026-08-04,1,NO,34°C,0.994,10.06,10.0,0.003,34.4,31°C,won,10.06,0.06,2026-08-05T10:22:44Z
2026-08-03T12:51:58Z,highest-temperature-in-sao-paulo-on-august-4-2026,sao-paulo,2026-08-04,1,NO,27°C,0.71,14.08,10.0,0.145,27.3,26°C,won,14.08,3.94,2026-08-05T10:22:44Z
2026-08-03T12:51:58Z,highest-temperature-in-nyc-on-august-4-2026,nyc,2026-08-04,1,NO,80-81°F,0.95,10.53,10.0,0.025,26.6,84-85°F,won,10.53,0.5,2026-08-05T10:22:44Z
2026-08-03T12:51:58Z,highest-temperature-in-miami-on-august-4-2026,miami,2026-08-04,1,NO,86-87°F,0.95,10.53,10.0,0.025,29.8,90-91°F,won,10.53,0.5,2026-08-05T10:22:44Z
2026-08-03T12:51:58Z,highest-temperature-in-chicago-on-august-4-2026,chicago,2026-08-04,1,NO,86-87°F,0.74,13.51,10.0,0.13,30.6,84-85°F,won,13.51,3.38,2026-08-05T10:22:44Z
2026-08-03T12:51:58Z,highest-temperature-in-houston-on-august-4-2026,houston,2026-08-04,1,NO,94-95°F,0.73,13.7,10.0,0.135,34.9,96-97°F,lost,0.0,-10.13,2026-08-05T10:22:44Z
2026-08-03T12:51:58Z,highest-temperature-in-san-francisco-on-august-4-2026,san-francisco,2026-08-04,1,NO,84-85°F,0.999,10.01,10.0,0.0005,29.0,72-73°F,won,10.01,0.01,2026-08-05T10:22:44Z
2026-08-03T12:51:58Z,highest-temperature-in-panama-city-on-august-4-2026,panama-city,2026-08-04,1,NO,33°C,0.82,12.2,10.0,0.09,32.9,32°C,lost,0.0,-10.09,2026-08-05T10:22:44Z
2026-08-03T12:51:58Z,highest-temperature-in-london-on-august-5-2026,london,2026-08-05,2,NO,26°C,0.7,14.29,10.0,0.15,25.8,25°C,lost,0.0,-10.15,2026-08-06T10:24:37Z
2026-08-03T12:51:58Z,highest-temperature-in-paris-on-august-5-2026,paris,2026-08-05,2,NO,30°C,0.93,10.75,10.0,0.035,30.4,28°C,won,10.75,0.71,2026-08-06T10:24:37Z
2026-08-03T12:51:58Z,highest-temperature-in-seoul-on-august-5-2026,seoul,2026-08-05,2,NO,29°C,0.999,10.01,10.0,0.0005,29.0,34°C,won,10.01,0.01,2026-08-06T10:24:37Z
2026-08-03T12:51:58Z,highest-temperature-in-ankara-on-august-5-2026,ankara,2026-08-05,2,NO,31°C,0.81,12.35,10.0,0.095,31.4,32°C,won,12.35,2.25,2026-08-06T10:24:37Z
2026-08-03T12:51:58Z,highest-temperature-in-munich-on-august-5-2026,munich,2026-08-05,2,NO,32°C,0.79,12.66,10.0,0.105,31.9,33°C,won,12.66,2.56,2026-08-06T10:24:37Z
2026-08-03T12:51:58Z,highest-temperature-in-tel-aviv-on-august-5-2026,tel-aviv,2026-08-05,2,NO,31°C,0.96,10.42,10.0,0.02,31.1,32°C,won,10.42,0.4,2026-08-06T10:24:37Z
2026-08-03T12:51:58Z,highest-temperature-in-hong-kong-on-august-5-2026,hong-kong,2026-08-05,2,NO,30°C,0.73,13.7,10.0,0.135,30.6,31°C,won,13.7,3.56,2026-08-06T10:24:37Z
2026-08-03T12:51:58Z,highest-temperature-in-shanghai-on-august-5-2026,shanghai,2026-08-05,2,NO,32°C,0.94,10.64,10.0,0.03,32.2,34°C,won,10.64,0.61,2026-08-06T10:24:37Z
2026-08-03T12:51:58Z,highest-temperature-in-milan-on-august-5-2026,milan,2026-08-05,2,NO,38°C,0.97,10.31,10.0,0.015,38.5,36°C,won,10.31,0.3,2026-08-06T10:24:37Z
2026-08-03T12:51:58Z,highest-temperature-in-madrid-on-august-5-2026,madrid,2026-08-05,2,NO,35°C,0.76,13.16,10.0,0.12,35.0,36°C,won,13.16,3.04,2026-08-06T10:24:37Z
2026-08-03T12:51:58Z,highest-temperature-in-warsaw-on-august-5-2026,warsaw,2026-08-05,2,NO,39°C,0.74,13.51,10.0,0.13,38.9,39°C,won,13.51,3.38,2026-08-06T10:24:37Z
2026-08-03T12:51:58Z,highest-temperature-in-taipei-on-august-5-2026,taipei,2026-08-05,2,NO,35°C,0.75,13.33,10.0,0.125,34.8,36°C,won,13.33,3.21,2026-08-06T10:24:37Z
2026-08-03T12:51:58Z,highest-temperature-in-chongqing-on-august-5-2026,chongqing,2026-08-05,2,NO,31°C,0.96,10.42,10.0,0.02,31.0,33°C,won,10.42,0.4,2026-08-06T10:24:37Z
2026-08-03T12:51:58Z,highest-temperature-in-beijing-on-august-5-2026,beijing,2026-08-05,2,NO,35°C,0.74,13.51,10.0,0.13,34.8,36°C,won,13.51,3.38,2026-08-06T10:24:37Z
2026-08-03T12:51:58Z,highest-temperature-in-wuhan-on-august-5-2026,wuhan,2026-08-05,2,NO,34°C,0.95,10.53,10.0,0.025,34.2,36°C,won,10.53,0.5,2026-08-06T10:24:37Z
2026-08-03T12:51:58Z,highest-temperature-in-chengdu-on-august-5-2026,chengdu,2026-08-05,2,NO,33°C,0.77,12.99,10.0,0.115,33.2,34°C,won,12.99,2.88,2026-08-06T10:24:37Z
2026-08-03T12:51:58Z,highest-temperature-in-shenzhen-on-august-5-2026,shenzhen,2026-08-05,2,NO,34°C,0.82,12.2,10.0,0.09,34.4,33°C,won,12.2,2.11,2026-08-06T10:24:37Z
2026-08-03T12:51:58Z,highest-temperature-in-moscow-on-august-5-2026,moscow,2026-08-05,2,NO,29°C,0.96,10.42,10.0,0.02,28.6,27°C,won,10.42,0.4,2026-08-06T10:24:37Z
2026-08-03T12:51:58Z,highest-temperature-in-istanbul-on-august-5-2026,istanbul,2026-08-05,2,NO,33°C,0.98,10.2,10.0,0.01,32.9,29°C,won,10.2,0.19,2026-08-06T10:24:37Z
2026-08-03T12:51:58Z,highest-temperature-in-busan-on-august-5-2026,busan,2026-08-05,2,NO,36°C,0.96,10.42,10.0,0.02,36.5,34°C,won,10.42,0.4,2026-08-06T10:24:37Z
2026-08-03T12:51:58Z,highest-temperature-in-helsinki-on-august-5-2026,helsinki,2026-08-05,2,NO,22°C,0.73,13.7,10.0,0.135,21.7,21°C,won,13.7,3.56,2026-08-06T10:24:37Z
2026-08-03T12:51:58Z,highest-temperature-in-kuala-lumpur-on-august-5-2026,kuala-lumpur,2026-08-05,2,NO,30°C,0.998,10.02,10.0,0.001,30.3,34°C,won,10.02,0.02,2026-08-06T10:24:37Z
2026-08-03T12:51:58Z,highest-temperature-in-jeddah-on-august-5-2026,jeddah,2026-08-05,2,NO,35°C,0.999,10.01,10.0,0.0005,34.9,38°C,won,10.01,0.01,2026-08-06T10:24:37Z
2026-08-03T12:51:58Z,highest-temperature-in-guangzhou-on-august-5-2026,guangzhou,2026-08-05,2,NO,34°C,0.89,11.24,10.0,0.055,34.4,35°C,won,11.24,1.19,2026-08-06T10:24:37Z
2026-08-03T12:51:58Z,highest-temperature-in-qingdao-on-august-5-2026,qingdao,2026-08-05,2,NO,33°C,0.92,10.87,10.0,0.04,33.4,35°C,won,10.87,0.83,2026-08-06T10:24:37Z
2026-08-03T12:51:58Z,highest-temperature-in-manila-on-august-5-2026,manila,2026-08-05,2,NO,28°C,0.71,14.08,10.0,0.145,28.0,29°C,lost,0.0,-10.14,2026-08-06T10:24:37Z
2026-08-03T12:51:58Z,highest-temperature-in-lucknow-on-august-5-2026,lucknow,2026-08-05,2,NO,31°C,0.72,13.89,10.0,0.14,31.1,30°C,lost,0.0,-10.14,2026-08-06T10:24:37Z
2026-08-03T12:51:58Z,highest-temperature-in-cape-town-on-august-5-2026,cape-town,2026-08-05,2,NO,19°C,0.9,11.11,10.0,0.05,19.4,17°C,won,11.11,1.06,2026-08-06T10:24:37Z
2026-08-03T12:51:58Z,highest-temperature-in-karachi-on-august-5-2026,karachi,2026-08-05,2,NO,32°C,0.84,11.9,10.0,0.08,31.8,33°C,lost,0.0,-10.08,2026-08-06T10:24:37Z
2026-08-04T10:26:41Z,highest-temperature-in-sao-paulo-on-august-5-2026,sao-paulo,2026-08-05,1,NO,29°C,0.82,12.2,10.0,0.09,28.9,28°C,won,12.2,2.11,2026-08-06T10:24:37Z
2026-08-04T10:26:41Z,highest-temperature-in-buenos-aires-on-august-5-2026,buenos-aires,2026-08-05,1,NO,17°C,0.78,12.82,10.0,0.11,16.6,16°C,won,12.82,2.71,2026-08-06T10:24:37Z
2026-08-04T10:26:41Z,highest-temperature-in-toronto-on-august-5-2026,toronto,2026-08-05,1,NO,30°C,0.81,12.35,10.0,0.095,30.5,29°C,won,12.35,2.25,2026-08-06T10:24:37Z
2026-08-04T10:26:41Z,highest-temperature-in-nyc-on-august-5-2026,nyc,2026-08-05,1,NO,80-81°F,0.76,13.16,10.0,0.12,26.6,82-83°F,won,13.16,3.04,2026-08-06T10:24:37Z
2026-08-04T10:26:41Z,highest-temperature-in-miami-on-august-5-2026,miami,2026-08-05,1,NO,82-83°F,0.997,10.03,10.0,0.0015,27.6,88-89°F,won,10.03,0.03,2026-08-06T10:24:37Z
2026-08-04T10:26:41Z,highest-temperature-in-chicago-on-august-5-2026,chicago,2026-08-05,1,NO,80-81°F,0.82,12.2,10.0,0.09,26.5,76-77°F,lost,0.0,-10.09,2026-08-06T10:24:37Z
2026-08-04T10:26:41Z,highest-temperature-in-san-francisco-on-august-5-2026,san-francisco,2026-08-05,1,NO,76-77°F,0.89,11.24,10.0,0.055,25.0,74-75°F,won,11.24,1.19,2026-08-06T10:24:37Z
2026-08-04T10:26:41Z,highest-temperature-in-panama-city-on-august-5-2026,panama-city,2026-08-05,1,NO,27°C,0.999,10.01,10.0,0.0005,27.0,31°C,won,10.01,0.01,2026-08-06T10:24:37Z
2026-08-04T10:26:41Z,highest-temperature-in-seoul-on-august-6-2026,seoul,2026-08-06,2,NO,28°C,0.999,10.01,10.0,0.0005,27.9,35°C,won,10.01,0.01,2026-08-07T06:02:19Z
2026-08-04T10:26:41Z,highest-temperature-in-tokyo-on-august-6-2026,tokyo,2026-08-06,2,NO,33°C,0.71,14.08,10.0,0.145,33.0,32°C,won,14.08,3.94,2026-08-07T06:02:19Z
2026-08-04T10:26:41Z,highest-temperature-in-hong-kong-on-august-6-2026,hong-kong,2026-08-06,2,NO,31°C,0.92,10.87,10.0,0.04,31.0,33°C,won,10.87,0.83,2026-08-07T06:02:19Z
2026-08-04T10:26:41Z,highest-temperature-in-shanghai-on-august-6-2026,shanghai,2026-08-06,2,NO,31°C,0.95,10.53,10.0,0.025,31.3,33°C,won,10.53,0.5,2026-08-07T06:02:19Z
2026-08-04T10:26:41Z,highest-temperature-in-taipei-on-august-6-2026,taipei,2026-08-06,2,NO,36°C,0.72,13.89,10.0,0.14,36.0,35°C,lost,0.0,-10.14,2026-08-07T06:02:19Z
2026-08-04T10:26:41Z,highest-temperature-in-chongqing-on-august-6-2026,chongqing,2026-08-06,2,NO,35°C,0.86,11.63,10.0,0.07,35.3,33°C,lost,0.0,-10.07,2026-08-07T06:02:19Z
2026-08-04T10:26:41Z,highest-temperature-in-chengdu-on-august-6-2026,chengdu,2026-08-06,2,NO,32°C,0.78,12.82,10.0,0.11,32.3,31°C,won,12.82,2.71,2026-08-07T06:02:19Z
2026-08-04T10:26:41Z,highest-temperature-in-shenzhen-on-august-6-2026,shenzhen,2026-08-06,2,NO,35°C,0.955,10.47,10.0,0.0225,35.2,34°C,won,10.47,0.45,2026-08-07T06:02:19Z
2026-08-04T10:26:41Z,highest-temperature-in-busan-on-august-6-2026,busan,2026-08-06,2,NO,37°C,0.97,10.31,10.0,0.015,36.7,35°C,won,10.31,0.3,2026-08-07T06:02:19Z
2026-08-04T10:26:41Z,highest-temperature-in-kuala-lumpur-on-august-6-2026,kuala-lumpur,2026-08-06,2,NO,32°C,0.976,10.25,10.0,0.012,31.5,34°C,won,10.25,0.24,2026-08-07T06:02:19Z
2026-08-04T10:26:41Z,highest-temperature-in-guangzhou-on-august-6-2026,guangzhou,2026-08-06,2,NO,35°C,0.91,10.99,10.0,0.045,34.7,37°C,won,10.99,0.95,2026-08-07T06:02:19Z
2026-08-04T10:26:41Z,highest-temperature-in-qingdao-on-august-6-2026,qingdao,2026-08-06,2,NO,34°C,0.88,11.36,10.0,0.06,33.9,35°C,won,11.36,1.3,2026-08-07T06:02:19Z
2026-08-04T10:26:41Z,highest-temperature-in-manila-on-august-6-2026,manila,2026-08-06,2,NO,27°C,0.98,10.2,10.0,0.01,26.9,29°C,won,10.2,0.19,2026-08-07T06:02:19Z
2026-08-04T10:26:41Z,highest-temperature-in-london-on-august-6-2026,london,2026-08-06,2,NO,25°C,0.93,10.75,10.0,0.035,24.8,22°C,won,10.75,0.71,2026-08-07T06:02:19Z
2026-08-04T10:26:41Z,highest-temperature-in-paris-on-august-6-2026,paris,2026-08-06,2,NO,28°C,0.99,10.1,10.0,0.005,27.5,25°C,won,10.1,0.09,2026-08-07T06:02:19Z
2026-08-04T10:26:41Z,highest-temperature-in-lucknow-on-august-6-2026,lucknow,2026-08-06,2,NO,31°C,0.75,13.33,10.0,0.125,30.8,29°C,won,13.33,3.21,2026-08-07T06:02:19Z
2026-08-04T10:26:41Z,highest-temperature-in-munich-on-august-6-2026,munich,2026-08-06,2,NO,>=29°C,0.74,13.51,10.0,0.13,30.5,28°C,won,13.51,3.38,2026-08-07T06:02:19Z
2026-08-04T10:26:41Z,highest-temperature-in-tel-aviv-on-august-6-2026,tel-aviv,2026-08-06,2,NO,31°C,0.94,10.64,10.0,0.03,30.9,32°C,won,10.64,0.61,2026-08-07T06:02:19Z
2026-08-04T10:26:41Z,highest-temperature-in-milan-on-august-6-2026,milan,2026-08-06,2,NO,39°C,0.99,10.1,10.0,0.005,39.0,36°C,won,10.1,0.09,2026-08-07T06:02:19Z
2026-08-04T10:26:41Z,highest-temperature-in-warsaw-on-august-6-2026,warsaw,2026-08-06,2,NO,36°C,0.99,10.1,10.0,0.005,35.6,33°C,won,10.1,0.09,2026-08-07T06:02:19Z
2026-08-04T10:26:41Z,highest-temperature-in-moscow-on-august-6-2026,moscow,2026-08-06,2,NO,30°C,0.74,13.51,10.0,0.13,30.0,29°C,lost,0.0,-10.13,2026-08-07T06:02:19Z
2026-08-04T10:26:41Z,highest-temperature-in-istanbul-on-august-6-2026,istanbul,2026-08-06,2,NO,31°C,0.99,10.1,10.0,0.005,30.7,28°C,won,10.1,0.09,2026-08-07T06:02:19Z
2026-08-04T10:26:41Z,highest-temperature-in-helsinki-on-august-6-2026,helsinki,2026-08-06,2,NO,25°C,0.81,12.35,10.0,0.095,24.8,24°C,lost,0.0,-10.1,2026-08-07T06:02:19Z
2026-08-04T10:26:41Z,highest-temperature-in-jeddah-on-august-6-2026,jeddah,2026-08-06,2,NO,37°C,0.99,10.1,10.0,0.005,37.0,40°C,won,10.1,0.09,2026-08-07T06:02:19Z
2026-08-04T10:26:41Z,highest-temperature-in-cape-town-on-august-6-2026,cape-town,2026-08-06,2,NO,13°C,0.98,10.2,10.0,0.01,12.7,16°C,won,10.2,0.19,2026-08-07T06:02:19Z
2026-08-04T10:26:41Z,highest-temperature-in-karachi-on-august-6-2026,karachi,2026-08-06,2,NO,31°C,0.96,10.42,10.0,0.02,31.3,33°C,won,10.42,0.4,2026-08-07T06:02:19Z
2026-08-05T10:22:44Z,highest-temperature-in-amsterdam-on-august-6-2026,amsterdam,2026-08-06,1,NO,20°C,0.79,12.66,10.0,0.105,20.3,21°C,won,12.66,2.56,2026-08-07T06:02:19Z
2026-08-05T10:22:44Z,highest-temperature-in-sao-paulo-on-august-6-2026,sao-paulo,2026-08-06,1,NO,29°C,0.88,11.36,10.0,0.06,29.0,27°C,won,11.36,1.3,2026-08-07T06:02:19Z
2026-08-05T10:22:44Z,highest-temperature-in-buenos-aires-on-august-6-2026,buenos-aires,2026-08-06,1,NO,15°C,0.87,11.49,10.0,0.065,14.9,14°C,won,11.49,1.43,2026-08-07T06:02:19Z
2026-08-05T10:22:44Z,highest-temperature-in-toronto-on-august-6-2026,toronto,2026-08-06,1,NO,29°C,0.72,13.89,10.0,0.14,29.3,28°C,lost,0.0,-10.14,2026-08-07T06:02:19Z
2026-08-05T10:22:44Z,highest-temperature-in-seattle-on-august-6-2026,seattle,2026-08-06,1,NO,86-87°F,0.76,13.16,10.0,0.12,30.8,88-89°F,lost,0.0,-10.12,2026-08-07T15:13:43Z
2026-08-05T10:22:44Z,highest-temperature-in-atlanta-on-august-6-2026,atlanta,2026-08-06,1,NO,82-83°F,0.99,10.1,10.0,0.005,28.6,88-89°F,won,10.1,0.09,2026-08-07T06:02:19Z
2026-08-05T10:22:44Z,highest-temperature-in-miami-on-august-6-2026,miami,2026-08-06,1,NO,86-87°F,0.74,13.51,10.0,0.13,29.9,88-89°F,won,13.51,3.38,2026-08-07T15:13:43Z
2026-08-05T10:22:44Z,highest-temperature-in-houston-on-august-6-2026,houston,2026-08-06,1,NO,90-91°F,0.97,10.31,10.0,0.015,33.0,94-95°F,won,10.31,0.3,2026-08-07T15:13:43Z
2026-08-05T10:22:44Z,highest-temperature-in-san-francisco-on-august-6-2026,san-francisco,2026-08-06,1,NO,70-71°F,0.8,12.5,10.0,0.1,20.9,72-73°F,won,12.5,2.4,2026-08-07T15:13:43Z
2026-08-05T10:22:44Z,highest-temperature-in-mexico-city-on-august-6-2026,mexico-city,2026-08-06,1,NO,25°C,0.83,12.05,10.0,0.085,25.3,26°C,won,12.05,1.97,2026-08-07T15:13:43Z
2026-08-05T10:22:44Z,highest-temperature-in-panama-city-on-august-6-2026,panama-city,2026-08-06,1,NO,27°C,0.981,10.19,10.0,0.0095,27.3,30°C,won,10.19,0.18,2026-08-07T06:02:19Z
2026-08-05T10:22:44Z,highest-temperature-in-london-on-august-7-2026,london,2026-08-07,2,NO,27°C,0.88,11.36,10.0,0.06,26.6,26°C,won,11.36,1.3,2026-08-08T04:27:20Z
2026-08-05T10:22:44Z,highest-temperature-in-paris-on-august-7-2026,paris,2026-08-07,2,NO,29°C,0.96,10.42,10.0,0.02,29.1,27°C,won,10.42,0.4,2026-08-08T04:27:20Z
2026-08-05T10:22:44Z,highest-temperature-in-seoul-on-august-7-2026,seoul,2026-08-07,2,NO,<=29°C,0.999,10.01,10.0,0.0005,28.4,35°C,won,10.01,0.01,2026-08-08T04:27:20Z
2026-08-05T10:22:44Z,highest-temperature-in-ankara-on-august-7-2026,ankara,2026-08-07,2,NO,33°C,0.74,13.51,10.0,0.13,33.0,34°C,lost,0.0,-10.13,2026-08-08T04:27:20Z
2026-08-05T10:22:44Z,highest-temperature-in-wellington-on-august-7-2026,wellington,2026-08-07,2,NO,11°C,0.98,10.2,10.0,0.01,11.4,13°C,won,10.2,0.19,2026-08-08T04:27:20Z
2026-08-05T10:22:44Z,highest-temperature-in-munich-on-august-7-2026,munich,2026-08-07,2,NO,27°C,0.74,13.51,10.0,0.13,27.0,27°C,won,13.51,3.38,2026-08-08T14:09:24Z
2026-08-05T10:22:44Z,highest-temperature-in-tel-aviv-on-august-7-2026,tel-aviv,2026-08-07,2,NO,30°C,0.99,10.1,10.0,0.005,30.3,32°C,won,10.1,0.09,2026-08-08T04:27:20Z
2026-08-05T10:22:44Z,highest-temperature-in-hong-kong-on-august-7-2026,hong-kong,2026-08-07,2,NO,32°C,0.93,10.75,10.0,0.035,32.5,34°C,won,10.75,0.71,2026-08-10T13:43:34Z
2026-08-05T10:22:44Z,highest-temperature-in-shanghai-on-august-7-2026,shanghai,2026-08-07,2,NO,31°C,0.98,10.2,10.0,0.01,31.2,34°C,won,10.2,0.19,2026-08-08T04:27:20Z
2026-08-05T10:22:44Z,highest-temperature-in-singapore-on-august-7-2026,singapore,2026-08-07,2,NO,31°C,0.92,10.87,10.0,0.04,31.2,32°C,won,10.87,0.83,2026-08-08T04:27:20Z
2026-08-05T10:22:44Z,highest-temperature-in-milan-on-august-7-2026,milan,2026-08-07,2,NO,37°C,0.99,10.1,10.0,0.005,37.3,34°C,won,10.1,0.09,2026-08-08T04:27:20Z
2026-08-05T10:22:44Z,highest-temperature-in-warsaw-on-august-7-2026,warsaw,2026-08-07,2,NO,27°C,0.85,11.76,10.0,0.075,27.3,25°C,won,11.76,1.68,2026-08-08T04:27:20Z
2026-08-05T10:22:44Z,highest-temperature-in-taipei-on-august-7-2026,taipei,2026-08-07,2,NO,34°C,0.71,14.08,10.0,0.145,34.0,35°C,won,14.08,3.94,2026-08-08T04:27:20Z
2026-08-05T10:22:44Z,highest-temperature-in-chongqing-on-august-7-2026,chongqing,2026-08-07,2,NO,30°C,0.83,12.05,10.0,0.085,30.2,31°C,lost,0.0,-10.09,2026-08-08T04:27:20Z
2026-08-05T10:22:44Z,highest-temperature-in-beijing-on-august-7-2026,beijing,2026-08-07,2,NO,34°C,0.89,11.24,10.0,0.055,34.1,35°C,won,11.24,1.19,2026-08-08T04:27:20Z
2026-08-05T10:22:44Z,highest-temperature-in-wuhan-on-august-7-2026,wuhan,2026-08-07,2,NO,36°C,0.79,12.66,10.0,0.105,36.4,37°C,won,12.66,2.56,2026-08-08T04:27:20Z
2026-08-05T10:22:44Z,highest-temperature-in-chengdu-on-august-7-2026,chengdu,2026-08-07,2,NO,33°C,0.79,12.66,10.0,0.105,32.9,32°C,lost,0.0,-10.11,2026-08-08T04:27:20Z
2026-08-05T10:22:44Z,highest-temperature-in-shenzhen-on-august-7-2026,shenzhen,2026-08-07,2,NO,37°C,0.96,10.42,10.0,0.02,36.6,34°C,won,10.42,0.4,2026-08-08T04:27:20Z
2026-08-05T10:22:44Z,highest-temperature-in-moscow-on-august-7-2026,moscow,2026-08-07,2,NO,33°C,0.96,10.42,10.0,0.02,32.7,31°C,won,10.42,0.4,2026-08-08T04:27:20Z
2026-08-05T10:22:44Z,highest-temperature-in-istanbul-on-august-7-2026,istanbul,2026-08-07,2,NO,32°C,0.99,10.1,10.0,0.005,31.6,28°C,won,10.1,0.09,2026-08-08T04:27:20Z
2026-08-05T10:22:44Z,highest-temperature-in-busan-on-august-7-2026,busan,2026-08-07,2,NO,37°C,0.77,12.99,10.0,0.115,37.2,36°C,lost,0.0,-10.12,2026-08-08T04:27:20Z
2026-08-05T10:22:44Z,highest-temperature-in-amsterdam-on-august-7-2026,amsterdam,2026-08-07,2,NO,24°C,0.86,11.63,10.0,0.07,23.6,23°C,won,11.63,1.56,2026-08-08T04:27:20Z
2026-08-05T10:22:44Z,highest-temperature-in-kuala-lumpur-on-august-7-2026,kuala-lumpur,2026-08-07,2,NO,31°C,0.98,10.2,10.0,0.01,31.4,34°C,won,10.2,0.19,2026-08-08T04:27:20Z
2026-08-05T10:22:44Z,highest-temperature-in-jeddah-on-august-7-2026,jeddah,2026-08-07,2,NO,36°C,0.91,10.99,10.0,0.045,35.7,38°C,won,10.99,0.95,2026-08-08T04:27:20Z
2026-08-05T10:22:44Z,highest-temperature-in-guangzhou-on-august-7-2026,guangzhou,2026-08-07,2,NO,36°C,0.74,13.51,10.0,0.13,36.2,37°C,won,13.51,3.38,2026-08-08T04:27:20Z
2026-08-05T10:22:44Z,highest-temperature-in-lucknow-on-august-7-2026,lucknow,2026-08-07,2,NO,34°C,0.8,12.5,10.0,0.1,33.8,33°C,won,12.5,2.4,2026-08-08T04:27:20Z
2026-08-06T10:24:37Z,highest-temperature-in-manila-on-august-7-2026,manila,2026-08-07,1,NO,28°C,0.78,12.82,10.0,0.11,27.6,29°C,won,12.82,2.71,2026-08-08T04:27:20Z
2026-08-06T10:24:37Z,highest-temperature-in-karachi-on-august-7-2026,karachi,2026-08-07,1,NO,32°C,0.85,11.76,10.0,0.075,32.0,33°C,won,11.76,1.68,2026-08-08T04:27:20Z
2026-08-06T10:24:37Z,highest-temperature-in-sao-paulo-on-august-7-2026,sao-paulo,2026-08-07,1,NO,31°C,0.999,10.01,10.0,0.0005,30.7,<=22°C,won,10.01,0.01,2026-08-08T04:27:20Z
2026-08-06T10:24:37Z,highest-temperature-in-buenos-aires-on-august-7-2026,buenos-aires,2026-08-07,1,NO,12°C,0.98,10.2,10.0,0.01,12.4,14°C,won,10.2,0.19,2026-08-08T14:09:24Z
2026-08-06T10:24:37Z,highest-temperature-in-toronto-on-august-7-2026,toronto,2026-08-07,1,NO,25°C,0.73,13.7,10.0,0.135,24.9,26°C,won,13.7,3.56,2026-08-08T14:09:24Z
2026-08-06T10:24:37Z,highest-temperature-in-seattle-on-august-7-2026,seattle,2026-08-07,1,NO,82-83°F,0.8,12.5,10.0,0.1,28.0,84-85°F,won,12.5,2.4,2026-08-08T14:09:24Z
2026-08-06T10:24:37Z,highest-temperature-in-atlanta-on-august-7-2026,atlanta,2026-08-07,1,NO,84-85°F,0.88,11.36,10.0,0.06,29.7,88-89°F,won,11.36,1.3,2026-08-08T14:09:24Z
2026-08-06T10:24:37Z,highest-temperature-in-miami-on-august-7-2026,miami,2026-08-07,1,NO,86-87°F,0.96,10.42,10.0,0.02,30.1,90-91°F,won,10.42,0.4,2026-08-08T14:09:24Z
2026-08-06T10:24:37Z,highest-temperature-in-austin-on-august-7-2026,austin,2026-08-07,1,NO,94-95°F,0.97,10.31,10.0,0.015,35.2,98-99°F,won,10.31,0.3,2026-08-08T14:09:24Z
2026-08-06T10:24:37Z,highest-temperature-in-san-francisco-on-august-7-2026,san-francisco,2026-08-07,1,NO,68-69°F,0.84,11.9,10.0,0.08,20.6,70-71°F,won,11.9,1.82,2026-08-08T14:09:24Z
2026-08-06T10:24:37Z,highest-temperature-in-panama-city-on-august-7-2026,panama-city,2026-08-07,1,NO,32°C,0.81,12.35,10.0,0.095,32.3,33°C,won,12.35,2.25,2026-08-08T14:09:24Z
2026-08-06T10:24:37Z,highest-temperature-in-seoul-on-august-8-2026,seoul,2026-08-08,2,NO,<=31°C,0.997,10.03,10.0,0.0015,29.8,35°C,won,10.03,0.03,2026-08-09T02:31:38Z
2026-08-06T10:24:37Z,highest-temperature-in-tokyo-on-august-8-2026,tokyo,2026-08-08,2,NO,32°C,0.79,12.66,10.0,0.105,32.3,33°C,won,12.66,2.56,2026-08-09T02:31:38Z
2026-08-06T10:24:37Z,highest-temperature-in-shanghai-on-august-8-2026,shanghai,2026-08-08,2,NO,31°C,0.86,11.63,10.0,0.07,30.9,32°C,won,11.63,1.56,2026-08-09T02:31:38Z
2026-08-06T10:24:37Z,highest-temperature-in-singapore-on-august-8-2026,singapore,2026-08-08,2,NO,31°C,0.91,10.99,10.0,0.045,31.1,32°C,won,10.99,0.95,2026-08-09T02:31:38Z
2026-08-06T10:24:37Z,highest-temperature-in-chongqing-on-august-8-2026,chongqing,2026-08-08,2,NO,35°C,0.93,10.75,10.0,0.035,34.6,33°C,won,10.75,0.71,2026-08-09T02:31:38Z
2026-08-06T10:24:37Z,highest-temperature-in-wuhan-on-august-8-2026,wuhan,2026-08-08,2,NO,36°C,0.76,13.16,10.0,0.12,36.1,37°C,won,13.16,3.04,2026-08-09T02:31:38Z
2026-08-06T10:24:37Z,highest-temperature-in-chengdu-on-august-8-2026,chengdu,2026-08-08,2,NO,33°C,0.72,13.89,10.0,0.14,33.1,33°C,won,13.89,3.75,2026-08-09T02:31:38Z
2026-08-06T10:24:37Z,highest-temperature-in-shenzhen-on-august-8-2026,shenzhen,2026-08-08,2,NO,38°C,0.95,10.53,10.0,0.025,38.2,36°C,won,10.53,0.5,2026-08-09T02:31:38Z
2026-08-06T10:24:37Z,highest-temperature-in-busan-on-august-8-2026,busan,2026-08-08,2,NO,36°C,0.86,11.63,10.0,0.07,36.4,34°C,lost,0.0,-10.07,2026-08-09T02:31:38Z
2026-08-06T10:24:37Z,highest-temperature-in-kuala-lumpur-on-august-8-2026,kuala-lumpur,2026-08-08,2,NO,31°C,0.98,10.2,10.0,0.01,31.2,34°C,won,10.2,0.19,2026-08-09T02:31:38Z
2026-08-06T10:24:37Z,highest-temperature-in-guangzhou-on-august-8-2026,guangzhou,2026-08-08,2,NO,37°C,0.73,13.7,10.0,0.135,36.7,38°C,lost,0.0,-10.13,2026-08-09T02:31:38Z
2026-08-06T10:24:37Z,highest-temperature-in-qingdao-on-august-8-2026,qingdao,2026-08-08,2,NO,34°C,0.75,13.33,10.0,0.125,34.4,35°C,won,13.33,3.21,2026-08-09T02:31:38Z
2026-08-06T10:24:37Z,highest-temperature-in-manila-on-august-8-2026,manila,2026-08-08,2,NO,28°C,0.79,12.66,10.0,0.105,28.4,29°C,lost,0.0,-10.11,2026-08-09T02:31:38Z
2026-08-06T10:24:37Z,highest-temperature-in-london-on-august-8-2026,london,2026-08-08,2,NO,29°C,0.89,11.24,10.0,0.055,28.6,27°C,won,11.24,1.19,2026-08-09T13:15:27Z
2026-08-06T10:24:37Z,highest-temperature-in-paris-on-august-8-2026,paris,2026-08-08,2,NO,33°C,0.98,10.2,10.0,0.01,33.1,30°C,won,10.2,0.19,2026-08-09T02:31:38Z
2026-08-06T10:24:37Z,highest-temperature-in-lucknow-on-august-8-2026,lucknow,2026-08-08,2,NO,35°C,0.85,11.76,10.0,0.075,35.3,34°C,won,11.76,1.68,2026-08-09T02:31:38Z
2026-08-06T10:24:37Z,highest-temperature-in-munich-on-august-8-2026,munich,2026-08-08,2,NO,28°C,0.95,10.53,10.0,0.025,28.1,30°C,won,10.53,0.5,2026-08-09T02:31:38Z
2026-08-06T10:24:37Z,highest-temperature-in-tel-aviv-on-august-8-2026,tel-aviv,2026-08-08,2,NO,30°C,0.99,10.1,10.0,0.005,30.5,32°C,won,10.1,0.09,2026-08-09T02:31:38Z
2026-08-06T10:24:37Z,highest-temperature-in-milan-on-august-8-2026,milan,2026-08-08,2,NO,>=35°C,0.99,10.1,10.0,0.005,34.6,32°C,won,10.1,0.09,2026-08-09T02:31:38Z
2026-08-06T10:24:37Z,highest-temperature-in-warsaw-on-august-8-2026,warsaw,2026-08-08,2,NO,24°C,0.72,13.89,10.0,0.14,24.3,23°C,won,13.89,3.75,2026-08-09T13:15:27Z
2026-08-06T10:24:37Z,highest-temperature-in-moscow-on-august-8-2026,moscow,2026-08-08,2,NO,26°C,0.92,10.87,10.0,0.04,25.5,25°C,won,10.87,0.83,2026-08-09T02:31:38Z
2026-08-06T10:24:37Z,highest-temperature-in-istanbul-on-august-8-2026,istanbul,2026-08-08,2,NO,32°C,0.999,10.01,10.0,0.0005,31.6,29°C,won,10.01,0.01,2026-08-09T13:15:27Z
2026-08-06T10:24:37Z,highest-temperature-in-amsterdam-on-august-8-2026,amsterdam,2026-08-08,2,NO,28°C,0.97,10.31,10.0,0.015,27.9,25°C,won,10.31,0.3,2026-08-09T02:31:38Z
2026-08-06T10:24:37Z,highest-temperature-in-jeddah-on-august-8-2026,jeddah,2026-08-08,2,NO,37°C,0.89,11.24,10.0,0.055,36.9,>=39°C,won,11.24,1.19,2026-08-09T02:31:38Z
2026-08-06T10:24:37Z,highest-temperature-in-karachi-on-august-8-2026,karachi,2026-08-08,2,NO,32°C,0.93,10.75,10.0,0.035,31.8,34°C,won,10.75,0.71,2026-08-09T02:31:38Z
2026-08-07T06:02:19Z,highest-temperature-in-denver-on-august-7-2026,denver,2026-08-07,1,NO,98-99°F,0.83,12.05,10.0,0.085,36.9,96-97°F,won,12.05,1.97,2026-08-08T14:09:24Z
2026-08-07T06:02:19Z,highest-temperature-in-taipei-on-august-8-2026,taipei,2026-08-08,1,NO,31°C,0.84,11.9,10.0,0.08,30.9,>=32°C,won,11.9,1.82,2026-08-09T02:31:38Z
2026-08-07T06:02:19Z,highest-temperature-in-helsinki-on-august-8-2026,helsinki,2026-08-08,1,NO,22°C,0.81,12.35,10.0,0.095,21.5,21°C,won,12.35,2.25,2026-08-09T02:31:38Z
2026-08-07T06:02:19Z,highest-temperature-in-sao-paulo-on-august-8-2026,sao-paulo,2026-08-08,1,NO,31°C,0.98,10.2,10.0,0.01,30.9,28°C,won,10.2,0.19,2026-08-09T13:15:27Z
2026-08-07T06:02:19Z,highest-temperature-in-buenos-aires-on-august-8-2026,buenos-aires,2026-08-08,1,NO,12°C,0.9,11.11,10.0,0.05,11.9,13°C,won,11.11,1.06,2026-08-09T13:15:27Z
2026-08-07T06:02:19Z,highest-temperature-in-toronto-on-august-8-2026,toronto,2026-08-08,1,NO,29°C,0.72,13.89,10.0,0.14,29.2,30°C,won,13.89,3.75,2026-08-09T13:15:27Z
2026-08-07T06:02:19Z,highest-temperature-in-seattle-on-august-8-2026,seattle,2026-08-08,2,NO,86-87°F,0.96,10.42,10.0,0.02,29.9,82-83°F,won,10.42,0.4,2026-08-09T13:15:27Z
2026-08-07T06:02:19Z,highest-temperature-in-nyc-on-august-8-2026,nyc,2026-08-08,1,NO,92-93°F,0.84,11.9,10.0,0.08,33.6,90-91°F,won,11.9,1.82,2026-08-09T13:15:27Z
2026-08-07T06:02:19Z,highest-temperature-in-dallas-on-august-8-2026,dallas,2026-08-08,1,NO,100-101°F,0.76,13.16,10.0,0.12,38.3,98-99°F,lost,0.0,-10.12,2026-08-09T13:15:27Z
2026-08-07T06:02:19Z,highest-temperature-in-atlanta-on-august-8-2026,atlanta,2026-08-08,1,NO,86-87°F,0.84,11.9,10.0,0.08,30.3,90-91°F,won,11.9,1.82,2026-08-09T13:15:27Z
2026-08-07T06:02:19Z,highest-temperature-in-miami-on-august-8-2026,miami,2026-08-08,1,NO,86-87°F,0.99,10.1,10.0,0.005,30.6,90-91°F,won,10.1,0.09,2026-08-09T13:15:27Z
2026-08-07T06:02:19Z,highest-temperature-in-chicago-on-august-8-2026,chicago,2026-08-08,1,NO,86-87°F,0.88,11.36,10.0,0.06,30.7,82-83°F,won,11.36,1.3,2026-08-09T13:15:27Z
2026-08-07T06:02:19Z,highest-temperature-in-san-francisco-on-august-8-2026,san-francisco,2026-08-08,2,NO,82-83°F,0.98,10.2,10.0,0.01,27.9,72-73°F,won,10.2,0.19,2026-08-09T13:15:27Z
2026-08-07T06:02:19Z,highest-temperature-in-panama-city-on-august-8-2026,panama-city,2026-08-08,1,NO,31°C,0.99,10.1,10.0,0.005,30.7,34°C,won,10.1,0.09,2026-08-09T13:15:27Z
2026-08-07T06:02:19Z,highest-temperature-in-zhengzhou-on-august-8-2026,zhengzhou,2026-08-08,1,NO,>=32°C,0.96,10.42,10.0,0.02,32.8,30°C,won,10.42,0.4,2026-08-09T02:31:38Z
2026-08-07T06:02:19Z,highest-temperature-in-london-on-august-9-2026,london,2026-08-09,2,NO,34°C,0.98,10.2,10.0,0.01,33.7,31°C,won,10.2,0.19,2026-08-10T02:36:11Z
2026-08-07T06:02:19Z,highest-temperature-in-paris-on-august-9-2026,paris,2026-08-09,2,NO,35°C,0.93,10.75,10.0,0.035,35.1,34°C,won,10.75,0.71,2026-08-10T02:36:11Z
2026-08-07T06:02:19Z,highest-temperature-in-seoul-on-august-9-2026,seoul,2026-08-09,2,NO,<=29°C,0.999,10.01,10.0,0.0005,28.9,34°C,won,10.01,0.01,2026-08-10T02:36:11Z
2026-08-07T06:02:19Z,highest-temperature-in-wellington-on-august-9-2026,wellington,2026-08-09,2,NO,13°C,0.83,12.05,10.0,0.085,13.3,14°C,won,12.05,1.97,2026-08-10T02:36:11Z
2026-08-07T06:02:19Z,highest-temperature-in-munich-on-august-9-2026,munich,2026-08-09,2,NO,32°C,0.97,10.31,10.0,0.015,31.9,33°C,won,10.31,0.3,2026-08-10T02:36:11Z
2026-08-07T06:02:19Z,highest-temperature-in-tel-aviv-on-august-9-2026,tel-aviv,2026-08-09,2,NO,31°C,0.98,10.2,10.0,0.01,31.3,33°C,won,10.2,0.19,2026-08-10T13:43:34Z
2026-08-07T06:02:19Z,highest-temperature-in-hong-kong-on-august-9-2026,hong-kong,2026-08-09,2,NO,36°C,0.7,14.29,10.0,0.15,36.2,35°C,lost,0.0,-10.15,2026-08-10T13:43:34Z
2026-08-07T06:02:19Z,highest-temperature-in-shanghai-on-august-9-2026,shanghai,2026-08-09,2,NO,27°C,0.98,10.2,10.0,0.01,27.4,29°C,won,10.2,0.19,2026-08-10T02:36:11Z
2026-08-07T06:02:19Z,highest-temperature-in-milan-on-august-9-2026,milan,2026-08-09,2,NO,37°C,0.94,10.64,10.0,0.03,36.8,34°C,won,10.64,0.61,2026-08-10T02:36:11Z
2026-08-07T06:02:19Z,highest-temperature-in-madrid-on-august-9-2026,madrid,2026-08-09,2,NO,37°C,0.82,12.2,10.0,0.09,36.6,36°C,lost,0.0,-10.09,2026-08-10T02:36:11Z
2026-08-07T06:02:19Z,highest-temperature-in-warsaw-on-august-9-2026,warsaw,2026-08-09,2,NO,27°C,0.98,10.2,10.0,0.01,27.4,25°C,won,10.2,0.19,2026-08-10T02:36:11Z
2026-08-07T06:02:19Z,highest-temperature-in-taipei-on-august-9-2026,taipei,2026-08-09,2,NO,28°C,0.99,10.1,10.0,0.005,28.2,32°C,won,10.1,0.09,2026-08-10T02:36:11Z
2026-08-07T06:02:19Z,highest-temperature-in-chongqing-on-august-9-2026,chongqing,2026-08-09,2,NO,33°C,0.72,13.89,10.0,0.14,33.2,33°C,won,13.89,3.75,2026-08-10T02:36:11Z
2026-08-07T06:02:19Z,highest-temperature-in-beijing-on-august-9-2026,beijing,2026-08-09,2,NO,32°C,0.81,12.35,10.0,0.095,32.5,31°C,won,12.35,2.25,2026-08-10T02:36:11Z
2026-08-07T06:02:19Z,highest-temperature-in-wuhan-on-august-9-2026,wuhan,2026-08-09,2,NO,34°C,0.91,10.99,10.0,0.045,33.7,35°C,won,10.99,0.95,2026-08-10T02:36:11Z
2026-08-07T06:02:19Z,highest-temperature-in-chengdu-on-august-9-2026,chengdu,2026-08-09,2,NO,33°C,0.91,10.99,10.0,0.045,33.4,34°C,won,10.99,0.95,2026-08-10T02:36:11Z
2026-08-07T06:02:19Z,highest-temperature-in-shenzhen-on-august-9-2026,shenzhen,2026-08-09,2,NO,39°C,0.98,10.2,10.0,0.01,38.7,36°C,won,10.2,0.19,2026-08-10T02:36:11Z
2026-08-07T06:02:19Z,highest-temperature-in-istanbul-on-august-9-2026,istanbul,2026-08-09,2,NO,30°C,0.97,10.31,10.0,0.015,30.5,27°C,won,10.31,0.3,2026-08-10T02:36:11Z
2026-08-07T06:02:19Z,highest-temperature-in-busan-on-august-9-2026,busan,2026-08-09,2,NO,33°C,0.86,11.63,10.0,0.07,33.2,31°C,won,11.63,1.56,2026-08-10T02:36:11Z
2026-08-07T06:02:19Z,highest-temperature-in-amsterdam-on-august-9-2026,amsterdam,2026-08-09,2,NO,31°C,0.96,10.42,10.0,0.02,31.4,29°C,won,10.42,0.4,2026-08-10T02:36:11Z
2026-08-07T06:02:19Z,highest-temperature-in-helsinki-on-august-9-2026,helsinki,2026-08-09,2,NO,22°C,0.86,11.63,10.0,0.07,22.0,23°C,lost,0.0,-10.07,2026-08-10T02:36:11Z
2026-08-07T06:02:19Z,highest-temperature-in-kuala-lumpur-on-august-9-2026,kuala-lumpur,2026-08-09,2,NO,31°C,0.97,10.31,10.0,0.015,31.1,34°C,won,10.31,0.3,2026-08-10T02:36:11Z
2026-08-07T06:02:19Z,highest-temperature-in-jeddah-on-august-9-2026,jeddah,2026-08-09,2,NO,36°C,0.96,10.42,10.0,0.02,36.4,>=40°C,won,10.42,0.4,2026-08-10T13:43:34Z
2026-08-07T06:02:19Z,highest-temperature-in-guangzhou-on-august-9-2026,guangzhou,2026-08-09,2,NO,36°C,0.89,11.24,10.0,0.055,36.4,38°C,won,11.24,1.19,2026-08-10T02:36:11Z
2026-08-07T06:02:19Z,highest-temperature-in-qingdao-on-august-9-2026,qingdao,2026-08-09,2,NO,35°C,0.85,11.76,10.0,0.075,34.8,33°C,won,11.76,1.68,2026-08-10T02:36:11Z
2026-08-07T06:02:19Z,highest-temperature-in-manila-on-august-9-2026,manila,2026-08-09,2,NO,30°C,0.95,10.53,10.0,0.025,29.5,29°C,won,10.53,0.5,2026-08-10T02:36:11Z
2026-08-07T06:02:19Z,highest-temperature-in-lucknow-on-august-9-2026,lucknow,2026-08-09,2,NO,35°C,0.94,10.64,10.0,0.03,35.1,33°C,won,10.64,0.61,2026-08-10T02:36:11Z
2026-08-07T06:02:19Z,highest-temperature-in-cape-town-on-august-9-2026,cape-town,2026-08-09,2,NO,14°C,0.94,10.64,10.0,0.03,14.0,14°C,won,10.64,0.61,2026-08-10T02:36:11Z
2026-08-07T06:02:19Z,highest-temperature-in-karachi-on-august-9-2026,karachi,2026-08-09,2,NO,32°C,0.97,10.31,10.0,0.015,31.7,33°C,won,10.31,0.3,2026-08-10T02:36:11Z
2026-08-08T04:27:20Z,highest-temperature-in-ankara-on-august-9-2026,ankara,2026-08-09,1,NO,31°C,0.72,13.89,10.0,0.14,31.1,32°C,lost,0.0,-10.14,2026-08-10T13:43:34Z
2026-08-08T04:27:20Z,highest-temperature-in-moscow-on-august-9-2026,moscow,2026-08-09,1,NO,24°C,0.9,11.11,10.0,0.05,23.7,22°C,won,11.11,1.06,2026-08-10T13:43:34Z
2026-08-08T04:27:20Z,highest-temperature-in-sao-paulo-on-august-9-2026,sao-paulo,2026-08-09,1,NO,26°C,0.83,12.05,10.0,0.085,26.5,<=24°C,lost,0.0,-10.09,2026-08-10T13:43:34Z
2026-08-08T04:27:20Z,highest-temperature-in-buenos-aires-on-august-9-2026,buenos-aires,2026-08-09,1,NO,12°C,0.94,10.64,10.0,0.03,12.0,14°C,won,10.64,0.61,2026-08-10T13:43:34Z
2026-08-08T04:27:20Z,highest-temperature-in-toronto-on-august-9-2026,toronto,2026-08-09,1,NO,29°C,0.74,13.51,10.0,0.13,28.9,28°C,won,13.51,3.38,2026-08-10T13:43:34Z
2026-08-08T04:27:20Z,highest-temperature-in-seattle-on-august-9-2026,seattle,2026-08-09,2,NO,82-83°F,0.98,10.2,10.0,0.01,28.3,76-77°F,won,10.2,0.19,2026-08-10T13:43:34Z
2026-08-08T04:27:20Z,highest-temperature-in-miami-on-august-9-2026,miami,2026-08-09,1,NO,88-89°F,0.93,10.75,10.0,0.035,31.0,90-91°F,won,10.75,0.71,2026-08-10T13:43:34Z
2026-08-08T04:27:20Z,highest-temperature-in-chicago-on-august-9-2026,chicago,2026-08-09,2,NO,92-93°F,0.999,10.01,10.0,0.0005,33.2,80-81°F,won,10.01,0.01,2026-08-10T13:43:34Z
2026-08-08T04:27:20Z,highest-temperature-in-austin-on-august-9-2026,austin,2026-08-09,2,NO,96-97°F,0.76,13.16,10.0,0.12,36.3,98-99°F,won,13.16,3.04,2026-08-10T13:43:34Z
2026-08-08T04:27:20Z,highest-temperature-in-san-francisco-on-august-9-2026,san-francisco,2026-08-09,2,NO,86-87°F,0.999,10.01,10.0,0.0005,29.9,<=75°F,won,10.01,0.01,2026-08-10T13:43:34Z
2026-08-08T04:27:20Z,highest-temperature-in-panama-city-on-august-9-2026,panama-city,2026-08-09,2,NO,32°C,0.75,13.33,10.0,0.125,31.5,33°C,lost,0.0,-10.12,2026-08-10T13:43:34Z
2026-08-08T04:27:20Z,highest-temperature-in-jinan-on-august-9-2026,jinan,2026-08-09,1,NO,>=26°C,0.98,10.2,10.0,0.01,33.9,25°C,lost,0.0,-10.01,2026-08-10T02:36:11Z
2026-08-08T04:27:20Z,highest-temperature-in-zhengzhou-on-august-9-2026,zhengzhou,2026-08-09,1,NO,>=32°C,0.99,10.1,10.0,0.005,32.0,30°C,won,10.1,0.09,2026-08-10T02:36:11Z
2026-08-08T04:27:20Z,highest-temperature-in-wellington-on-august-10-2026,wellington,2026-08-10,2,NO,12°C,0.9,11.11,10.0,0.05,11.8,14°C,won,11.11,1.06,2026-08-11T02:31:08Z
2026-08-08T04:27:20Z,highest-temperature-in-tokyo-on-august-10-2026,tokyo,2026-08-10,2,NO,31°C,0.76,13.16,10.0,0.12,30.9,31°C,won,13.16,3.04,2026-08-11T02:31:08Z
2026-08-08T04:27:20Z,highest-temperature-in-hong-kong-on-august-10-2026,hong-kong,2026-08-10,2,NO,35°C,0.87,11.49,10.0,0.065,35.3,34°C,lost,0.0,-10.06,2026-08-11T13:42:06Z
2026-08-08T04:27:20Z,highest-temperature-in-shanghai-on-august-10-2026,shanghai,2026-08-10,2,NO,28°C,0.94,10.64,10.0,0.03,27.6,29°C,lost,0.0,-10.03,2026-08-11T02:31:08Z
2026-08-08T04:27:20Z,highest-temperature-in-taipei-on-august-10-2026,taipei,2026-08-10,2,NO,34°C,0.97,10.31,10.0,0.015,34.1,35°C,won,10.31,0.3,2026-08-11T02:31:08Z
2026-08-08T04:27:20Z,highest-temperature-in-chongqing-on-august-10-2026,chongqing,2026-08-10,2,NO,35°C,0.97,10.31,10.0,0.015,35.0,32°C,won,10.31,0.3,2026-08-11T02:31:08Z
2026-08-08T04:27:20Z,highest-temperature-in-beijing-on-august-10-2026,beijing,2026-08-10,2,NO,32°C,0.96,10.42,10.0,0.02,32.2,33°C,lost,0.0,-10.02,2026-08-11T02:31:08Z
2026-08-08T04:27:20Z,highest-temperature-in-wuhan-on-august-10-2026,wuhan,2026-08-10,2,NO,32°C,0.98,10.2,10.0,0.01,32.2,31°C,won,10.2,0.19,2026-08-11T02:31:08Z
2026-08-08T04:27:20Z,highest-temperature-in-chengdu-on-august-10-2026,chengdu,2026-08-10,2,NO,35°C,0.84,11.9,10.0,0.08,35.3,35°C,won,11.9,1.82,2026-08-11T02:31:08Z
2026-08-08T04:27:20Z,highest-temperature-in-shenzhen-on-august-10-2026,shenzhen,2026-08-10,2,NO,38°C,0.97,10.31,10.0,0.015,37.6,36°C,won,10.31,0.3,2026-08-11T02:31:08Z
2026-08-08T04:27:20Z,highest-temperature-in-busan-on-august-10-2026,busan,2026-08-10,2,NO,30°C,0.98,10.2,10.0,0.01,30.5,29°C,won,10.2,0.19,2026-08-11T02:31:08Z
2026-08-08T04:27:20Z,highest-temperature-in-kuala-lumpur-on-august-10-2026,kuala-lumpur,2026-08-10,2,NO,31°C,0.96,10.42,10.0,0.02,31.1,>=36°C,won,10.42,0.4,2026-08-11T02:31:08Z
2026-08-08T04:27:20Z,highest-temperature-in-guangzhou-on-august-10-2026,guangzhou,2026-08-10,2,NO,35°C,0.97,10.31,10.0,0.015,35.2,37°C,won,10.31,0.3,2026-08-11T02:31:08Z
2026-08-08T04:27:20Z,highest-temperature-in-qingdao-on-august-10-2026,qingdao,2026-08-10,2,NO,28°C,0.96,10.42,10.0,0.02,28.5,33°C,won,10.42,0.4,2026-08-11T02:31:08Z
2026-08-08T04:27:20Z,highest-temperature-in-manila-on-august-10-2026,manila,2026-08-10,2,NO,30°C,0.98,10.2,10.0,0.01,29.5,29°C,won,10.2,0.19,2026-08-11T02:31:08Z
2026-08-08T14:09:24Z,highest-temperature-in-paris-on-august-10-2026,paris,2026-08-10,2,NO,34°C,0.92,10.87,10.0,0.04,33.8,32°C,won,10.87,0.83,2026-08-11T02:31:08Z
2026-08-08T14:09:24Z,highest-temperature-in-ankara-on-august-10-2026,ankara,2026-08-10,2,NO,30°C,0.79,12.66,10.0,0.105,30.0,31°C,won,12.66,2.56,2026-08-11T02:31:08Z
2026-08-08T14:09:24Z,highest-temperature-in-lucknow-on-august-10-2026,lucknow,2026-08-10,2,NO,36°C,0.99,10.1,10.0,0.005,36.3,33°C,won,10.1,0.09,2026-08-11T02:31:08Z
2026-08-08T14:09:24Z,highest-temperature-in-tel-aviv-on-august-10-2026,tel-aviv,2026-08-10,2,NO,32°C,0.98,10.2,10.0,0.01,32.0,34°C,won,10.2,0.19,2026-08-11T02:31:08Z
2026-08-08T14:09:24Z,highest-temperature-in-milan-on-august-10-2026,milan,2026-08-10,2,NO,39°C,0.98,10.2,10.0,0.01,38.8,36°C,won,10.2,0.19,2026-08-11T02:31:08Z
2026-08-08T14:09:24Z,highest-temperature-in-madrid-on-august-10-2026,madrid,2026-08-10,2,NO,36°C,0.73,13.7,10.0,0.135,35.5,37°C,won,13.7,3.56,2026-08-11T02:31:08Z
2026-08-08T14:09:24Z,highest-temperature-in-warsaw-on-august-10-2026,warsaw,2026-08-10,2,NO,34°C,0.995,10.05,10.0,0.0025,34.3,30°C,won,10.05,0.05,2026-08-11T02:31:08Z
2026-08-08T14:09:24Z,highest-temperature-in-moscow-on-august-10-2026,moscow,2026-08-10,2,NO,25°C,0.7,14.29,10.0,0.15,25.3,24°C,won,14.29,4.14,2026-08-11T02:31:08Z
2026-08-08T14:09:24Z,highest-temperature-in-istanbul-on-august-10-2026,istanbul,2026-08-10,2,NO,32°C,0.995,10.05,10.0,0.0025,31.5,28°C,won,10.05,0.05,2026-08-11T02:31:08Z
2026-08-08T14:09:24Z,highest-temperature-in-amsterdam-on-august-10-2026,amsterdam,2026-08-10,2,NO,24°C,0.71,14.08,10.0,0.145,23.5,23°C,won,14.08,3.94,2026-08-11T02:31:08Z
2026-08-08T14:09:24Z,highest-temperature-in-helsinki-on-august-10-2026,helsinki,2026-08-10,2,NO,24°C,0.87,11.49,10.0,0.065,23.7,22°C,won,11.49,1.43,2026-08-11T02:31:08Z
2026-08-08T14:09:24Z,highest-temperature-in-jeddah-on-august-10-2026,jeddah,2026-08-10,2,NO,37°C,0.97,10.31,10.0,0.015,37.0,>=41°C,won,10.31,0.3,2026-08-11T02:31:08Z
2026-08-08T14:09:24Z,highest-temperature-in-karachi-on-august-10-2026,karachi,2026-08-10,2,NO,32°C,0.78,12.82,10.0,0.11,32.1,33°C,won,12.82,2.71,2026-08-11T02:31:08Z
2026-08-09T02:31:38Z,highest-temperature-in-nyc-on-august-9-2026,nyc,2026-08-09,1,NO,94-95°F,0.74,13.51,10.0,0.13,34.2,92-93°F,won,13.51,3.38,2026-08-10T13:43:34Z
2026-08-09T02:31:38Z,highest-temperature-in-seoul-on-august-10-2026,seoul,2026-08-10,1,NO,28°C,0.997,10.03,10.0,0.0015,27.6,33°C,won,10.03,0.03,2026-08-11T02:31:08Z
2026-08-09T02:31:38Z,highest-temperature-in-singapore-on-august-10-2026,singapore,2026-08-10,1,NO,31°C,0.92,10.87,10.0,0.04,31.4,32°C,won,10.87,0.83,2026-08-11T02:31:08Z
2026-08-09T02:31:38Z,highest-temperature-in-buenos-aires-on-august-10-2026,buenos-aires,2026-08-10,2,NO,11°C,0.89,11.24,10.0,0.055,11.0,13°C,won,11.24,1.19,2026-08-11T13:42:06Z
2026-08-09T02:31:38Z,highest-temperature-in-toronto-on-august-10-2026,toronto,2026-08-10,2,NO,29°C,0.81,12.35,10.0,0.095,28.9,27°C,lost,0.0,-10.1,2026-08-11T13:42:06Z
2026-08-09T02:31:38Z,highest-temperature-in-seattle-on-august-10-2026,seattle,2026-08-10,2,NO,82-83°F,0.96,10.42,10.0,0.02,27.6,78-79°F,won,10.42,0.4,2026-08-11T13:42:06Z
2026-08-09T02:31:38Z,highest-temperature-in-nyc-on-august-10-2026,nyc,2026-08-10,2,NO,94-95°F,0.85,11.76,10.0,0.075,34.3,92-93°F,won,11.76,1.68,2026-08-11T13:42:06Z
2026-08-09T02:31:38Z,highest-temperature-in-miami-on-august-10-2026,miami,2026-08-10,2,NO,88-89°F,0.98,10.2,10.0,0.01,31.3,92-93°F,won,10.2,0.19,2026-08-11T13:42:06Z
2026-08-09T02:31:38Z,highest-temperature-in-chicago-on-august-10-2026,chicago,2026-08-10,2,NO,78-79°F,0.98,10.2,10.0,0.01,25.9,82-83°F,won,10.2,0.19,2026-08-11T13:42:06Z
2026-08-09T02:31:38Z,highest-temperature-in-houston-on-august-10-2026,houston,2026-08-10,2,NO,88-89°F,0.71,14.08,10.0,0.145,31.5,90-91°F,won,14.08,3.94,2026-08-11T13:42:06Z
2026-08-09T02:31:38Z,highest-temperature-in-san-francisco-on-august-10-2026,san-francisco,2026-08-10,2,NO,80-81°F,0.999,10.01,10.0,0.0005,26.7,70-71°F,won,10.01,0.01,2026-08-11T13:42:06Z
2026-08-09T02:31:38Z,highest-temperature-in-mexico-city-on-august-10-2026,mexico-city,2026-08-10,2,NO,25°C,0.73,13.7,10.0,0.135,24.6,24°C,lost,0.0,-10.13,2026-08-11T13:42:06Z
2026-08-09T13:15:27Z,highest-temperature-in-zhengzhou-on-august-10-2026,zhengzhou,2026-08-10,1,NO,>=32°C,0.89,11.24,10.0,0.055,32.0,31°C,lost,0.0,-10.05,2026-08-11T02:31:08Z
2026-08-09T13:15:27Z,highest-temperature-in-london-on-august-11-2026,london,2026-08-11,2,NO,24°C,0.82,12.2,10.0,0.09,24.5,25°C,lost,0.0,-10.09,2026-08-12T13:45:13Z
2026-08-09T13:15:27Z,highest-temperature-in-paris-on-august-11-2026,paris,2026-08-11,2,NO,34°C,0.99,10.1,10.0,0.005,33.6,32°C,won,10.1,0.09,2026-08-12T02:47:18Z
2026-08-09T13:15:27Z,highest-temperature-in-seoul-on-august-11-2026,seoul,2026-08-11,2,NO,<=27°C,0.999,10.01,10.0,0.0005,27.2,33°C,won,10.01,0.01,2026-08-12T02:47:18Z
2026-08-09T13:15:27Z,highest-temperature-in-munich-on-august-11-2026,munich,2026-08-11,2,NO,30°C,0.78,12.82,10.0,0.11,29.5,31°C,won,12.82,2.71,2026-08-12T02:47:18Z
2026-08-09T13:15:27Z,highest-temperature-in-tel-aviv-on-august-11-2026,tel-aviv,2026-08-11,2,NO,32°C,0.995,10.05,10.0,0.0025,32.4,35°C,won,10.05,0.05,2026-08-12T02:47:18Z
2026-08-09T13:15:27Z,highest-temperature-in-tokyo-on-august-11-2026,tokyo,2026-08-11,2,NO,31°C,0.93,10.75,10.0,0.035,31.1,29°C,won,10.75,0.71,2026-08-12T02:47:18Z
2026-08-09T13:15:27Z,highest-temperature-in-hong-kong-on-august-11-2026,hong-kong,2026-08-11,2,NO,33°C,0.9,11.11,10.0,0.05,33.8,35°C,won,11.11,1.06,2026-08-12T13:45:13Z
2026-08-09T13:15:27Z,highest-temperature-in-shanghai-on-august-11-2026,shanghai,2026-08-11,2,NO,28°C,0.95,10.53,10.0,0.025,28.4,30°C,won,10.53,0.5,2026-08-12T02:47:18Z
2026-08-09T13:15:27Z,highest-temperature-in-singapore-on-august-11-2026,singapore,2026-08-11,2,NO,31°C,0.91,10.99,10.0,0.045,31.4,32°C,won,10.99,0.95,2026-08-12T02:47:18Z
2026-08-09T13:15:27Z,highest-temperature-in-warsaw-on-august-11-2026,warsaw,2026-08-11,2,NO,24°C,0.86,11.63,10.0,0.07,23.8,22°C,won,11.63,1.56,2026-08-12T02:47:18Z
2026-08-09T13:15:27Z,highest-temperature-in-chongqing-on-august-11-2026,chongqing,2026-08-11,2,NO,38°C,0.92,10.87,10.0,0.04,37.7,37°C,won,10.87,0.83,2026-08-12T02:47:18Z
2026-08-09T13:15:27Z,highest-temperature-in-beijing-on-august-11-2026,beijing,2026-08-11,2,NO,33°C,0.72,13.89,10.0,0.14,32.9,33°C,lost,0.0,-10.14,2026-08-12T02:47:18Z
2026-08-09T13:15:27Z,highest-temperature-in-wuhan-on-august-11-2026,wuhan,2026-08-11,2,NO,26°C,0.94,10.64,10.0,0.03,25.9,29°C,won,10.64,0.61,2026-08-12T02:47:18Z
2026-08-09T13:15:27Z,highest-temperature-in-chengdu-on-august-11-2026,chengdu,2026-08-11,2,NO,35°C,0.82,12.2,10.0,0.09,35.1,36°C,lost,0.0,-10.09,2026-08-12T02:47:18Z
2026-08-09T13:15:27Z,highest-temperature-in-shenzhen-on-august-11-2026,shenzhen,2026-08-11,2,NO,37°C,0.88,11.36,10.0,0.06,37.0,35°C,lost,0.0,-10.06,2026-08-12T02:47:18Z
2026-08-09T13:15:27Z,highest-temperature-in-istanbul-on-august-11-2026,istanbul,2026-08-11,2,NO,31°C,0.99,10.1,10.0,0.005,31.2,28°C,won,10.1,0.09,2026-08-12T02:47:18Z
2026-08-09T13:15:27Z,highest-temperature-in-amsterdam-on-august-11-2026,amsterdam,2026-08-11,2,NO,24°C,0.95,10.53,10.0,0.025,23.7,22°C,won,10.53,0.5,2026-08-12T02:47:18Z
2026-08-09T13:15:27Z,highest-temperature-in-kuala-lumpur-on-august-11-2026,kuala-lumpur,2026-08-11,2,NO,31°C,0.91,10.99,10.0,0.045,31.3,33°C,won,10.99,0.95,2026-08-12T02:47:18Z
2026-08-09T13:15:27Z,highest-temperature-in-jeddah-on-august-11-2026,jeddah,2026-08-11,2,NO,38°C,0.87,11.49,10.0,0.065,38.0,40°C,won,11.49,1.43,2026-08-12T02:47:18Z
2026-08-09T13:15:27Z,highest-temperature-in-guangzhou-on-august-11-2026,guangzhou,2026-08-11,2,NO,36°C,0.82,12.2,10.0,0.09,36.2,37°C,won,12.2,2.11,2026-08-12T02:47:18Z
2026-08-09T13:15:27Z,highest-temperature-in-qingdao-on-august-11-2026,qingdao,2026-08-11,2,NO,28°C,0.89,11.24,10.0,0.055,27.7,30°C,won,11.24,1.19,2026-08-12T02:47:18Z
2026-08-09T13:15:27Z,highest-temperature-in-karachi-on-august-11-2026,karachi,2026-08-11,2,NO,31°C,0.96,10.42,10.0,0.02,30.9,33°C,won,10.42,0.4,2026-08-12T02:47:18Z
2026-08-09T13:15:27Z,highest-temperature-in-lucknow-on-august-11-2026,lucknow,2026-08-11,2,NO,36°C,0.99,10.1,10.0,0.005,35.6,34°C,won,10.1,0.09,2026-08-12T02:47:18Z
2026-08-10T02:36:11Z,highest-temperature-in-dallas-on-august-10-2026,dallas,2026-08-10,1,NO,100-101°F,0.84,11.9,10.0,0.08,37.6,98-99°F,won,11.9,1.82,2026-08-11T13:42:06Z
2026-08-10T02:36:11Z,highest-temperature-in-los-angeles-on-august-10-2026,los-angeles,2026-08-10,1,NO,76-77°F,0.71,14.08,10.0,0.145,24.7,78-79°F,won,14.08,3.94,2026-08-11T13:42:06Z
2026-08-10T02:36:11Z,highest-temperature-in-panama-city-on-august-10-2026,panama-city,2026-08-10,1,NO,33°C,0.8,12.5,10.0,0.1,33.4,34°C,lost,0.0,-10.1,2026-08-11T13:42:06Z
2026-08-10T02:36:11Z,highest-temperature-in-milan-on-august-11-2026,milan,2026-08-11,1,NO,38°C,0.96,10.42,10.0,0.02,38.0,36°C,won,10.42,0.4,2026-08-12T02:47:18Z
2026-08-10T02:36:11Z,highest-temperature-in-madrid-on-august-11-2026,madrid,2026-08-11,1,NO,36°C,0.91,10.99,10.0,0.045,36.4,37°C,lost,0.0,-10.04,2026-08-12T02:47:18Z
2026-08-10T02:36:11Z,highest-temperature-in-taipei-on-august-11-2026,taipei,2026-08-11,1,NO,34°C,0.83,12.05,10.0,0.085,34.5,35°C,won,12.05,1.97,2026-08-12T02:47:18Z
2026-08-10T02:36:11Z,highest-temperature-in-moscow-on-august-11-2026,moscow,2026-08-11,1,NO,26°C,0.84,11.9,10.0,0.08,25.5,25°C,lost,0.0,-10.08,2026-08-12T02:47:18Z
2026-08-10T02:36:11Z,highest-temperature-in-helsinki-on-august-11-2026,helsinki,2026-08-11,1,NO,18°C,0.74,13.51,10.0,0.13,18.2,19°C,lost,0.0,-10.13,2026-08-12T02:47:18Z
2026-08-10T02:36:11Z,highest-temperature-in-toronto-on-august-11-2026,toronto,2026-08-11,2,NO,29°C,0.89,11.24,10.0,0.055,29.1,28°C,lost,0.0,-10.05,2026-08-12T13:45:13Z
2026-08-10T02:36:11Z,highest-temperature-in-seattle-on-august-11-2026,seattle,2026-08-11,2,NO,82-83°F,0.96,10.42,10.0,0.02,28.4,78-79°F,won,10.42,0.4,2026-08-12T13:45:13Z
2026-08-10T02:36:11Z,highest-temperature-in-nyc-on-august-11-2026,nyc,2026-08-11,2,NO,92-93°F,0.77,12.99,10.0,0.115,33.4,90-91°F,won,12.99,2.88,2026-08-12T13:45:13Z
2026-08-10T02:36:11Z,highest-temperature-in-dallas-on-august-11-2026,dallas,2026-08-11,2,NO,100-101°F,0.93,10.75,10.0,0.035,38.6,98-99°F,won,10.75,0.71,2026-08-12T13:45:13Z
2026-08-10T02:36:11Z,highest-temperature-in-atlanta-on-august-11-2026,atlanta,2026-08-11,2,NO,94-95°F,0.93,10.75,10.0,0.035,34.7,90-91°F,won,10.75,0.71,2026-08-12T13:45:13Z
2026-08-10T02:36:11Z,highest-temperature-in-miami-on-august-11-2026,miami,2026-08-11,2,NO,90-91°F,0.87,11.49,10.0,0.065,32.2,92-93°F,won,11.49,1.43,2026-08-12T13:45:13Z
2026-08-10T02:36:11Z,highest-temperature-in-chicago-on-august-11-2026,chicago,2026-08-11,2,NO,82-83°F,0.9,11.11,10.0,0.05,28.4,78-79°F,won,11.11,1.06,2026-08-12T13:45:13Z
2026-08-10T02:36:11Z,highest-temperature-in-austin-on-august-11-2026,austin,2026-08-11,2,NO,100-101°F,0.73,13.7,10.0,0.135,38.4,98-99°F,lost,0.0,-10.13,2026-08-12T13:45:13Z
2026-08-10T02:36:11Z,highest-temperature-in-houston-on-august-11-2026,houston,2026-08-11,2,NO,96-97°F,0.87,11.49,10.0,0.065,35.3,94-95°F,won,11.49,1.43,2026-08-12T13:45:13Z
2026-08-10T02:36:11Z,highest-temperature-in-san-francisco-on-august-11-2026,san-francisco,2026-08-11,2,NO,78-79°F,0.97,10.31,10.0,0.015,25.8,70-71°F,won,10.31,0.3,2026-08-12T13:45:13Z
2026-08-10T02:36:11Z,highest-temperature-in-panama-city-on-august-11-2026,panama-city,2026-08-11,2,NO,32°C,0.96,10.42,10.0,0.02,32.5,34°C,won,10.42,0.4,2026-08-12T13:45:13Z
2026-08-10T13:43:34Z,highest-temperature-in-zhengzhou-on-august-11-2026,zhengzhou,2026-08-11,1,NO,26°C,0.9,11.11,10.0,0.05,26.4,26°C,lost,0.0,-10.05,2026-08-12T02:47:18Z
2026-08-10T13:43:34Z,highest-temperature-in-paris-on-august-12-2026,paris,2026-08-12,2,NO,37°C,0.97,10.31,10.0,0.015,37.0,35°C,won,10.31,0.3,2026-08-13T02:48:37Z
2026-08-10T13:43:34Z,highest-temperature-in-seoul-on-august-12-2026,seoul,2026-08-12,2,NO,28°C,0.995,10.05,10.0,0.0025,27.9,32°C,won,10.05,0.05,2026-08-13T02:48:37Z
2026-08-10T13:43:34Z,highest-temperature-in-ankara-on-august-12-2026,ankara,2026-08-12,2,NO,31°C,0.77,12.99,10.0,0.115,31.3,32°C,won,12.99,2.88,2026-08-13T02:48:37Z
2026-08-10T13:43:34Z,highest-temperature-in-wellington-on-august-12-2026,wellington,2026-08-12,1,NO,13°C,0.93,10.75,10.0,0.035,13.3,14°C,won,10.75,0.71,2026-08-13T02:48:37Z
2026-08-10T13:43:34Z,highest-temperature-in-tel-aviv-on-august-12-2026,tel-aviv,2026-08-12,2,NO,33°C,0.92,10.87,10.0,0.04,32.8,35°C,won,10.87,0.83,2026-08-13T02:48:37Z
2026-08-10T13:43:34Z,highest-temperature-in-tokyo-on-august-12-2026,tokyo,2026-08-12,2,NO,26°C,0.88,11.36,10.0,0.06,26.5,28°C,won,11.36,1.3,2026-08-13T02:48:37Z
2026-08-10T13:43:34Z,highest-temperature-in-hong-kong-on-august-12-2026,hong-kong,2026-08-12,2,NO,32°C,0.88,11.36,10.0,0.06,32.5,33°C,won,11.36,1.3,2026-08-13T13:45:55Z
2026-08-10T13:43:34Z,highest-temperature-in-shanghai-on-august-12-2026,shanghai,2026-08-12,2,NO,27°C,0.97,10.31,10.0,0.015,27.4,29°C,lost,0.0,-10.02,2026-08-13T02:48:37Z
2026-08-10T13:43:34Z,highest-temperature-in-milan-on-august-12-2026,milan,2026-08-12,2,NO,36°C,0.92,10.87,10.0,0.04,35.9,35°C,lost,0.0,-10.04,2026-08-13T02:48:37Z
2026-08-10T13:43:34Z,highest-temperature-in-taipei-on-august-12-2026,taipei,2026-08-12,2,NO,35°C,0.75,13.33,10.0,0.125,35.0,36°C,won,13.33,3.21,2026-08-13T02:48:37Z
2026-08-10T13:43:34Z,highest-temperature-in-beijing-on-august-12-2026,beijing,2026-08-12,2,NO,25°C,0.91,10.99,10.0,0.045,24.6,27°C,won,10.99,0.95,2026-08-13T02:48:37Z
2026-08-10T13:43:34Z,highest-temperature-in-wuhan-on-august-12-2026,wuhan,2026-08-12,2,NO,28°C,0.82,12.2,10.0,0.09,27.6,29°C,lost,0.0,-10.09,2026-08-13T02:48:37Z
2026-08-10T13:43:34Z,highest-temperature-in-chengdu-on-august-12-2026,chengdu,2026-08-12,2,NO,35°C,0.94,10.64,10.0,0.03,35.2,37°C,won,10.64,0.61,2026-08-13T02:48:37Z
2026-08-10T13:43:34Z,highest-temperature-in-shenzhen-on-august-12-2026,shenzhen,2026-08-12,2,NO,36°C,0.84,11.9,10.0,0.08,36.1,35°C,lost,0.0,-10.08,2026-08-13T02:48:37Z
2026-08-10T13:43:34Z,highest-temperature-in-istanbul-on-august-12-2026,istanbul,2026-08-12,2,NO,31°C,0.995,10.05,10.0,0.0025,31.4,28°C,won,10.05,0.05,2026-08-13T02:48:37Z
2026-08-10T13:43:34Z,highest-temperature-in-busan-on-august-12-2026,busan,2026-08-12,2,NO,32°C,0.82,12.2,10.0,0.09,32.4,31°C,won,12.2,2.11,2026-08-13T02:48:37Z
2026-08-10T13:43:34Z,highest-temperature-in-amsterdam-on-august-12-2026,amsterdam,2026-08-12,2,NO,30°C,0.97,10.31,10.0,0.015,30.1,28°C,won,10.31,0.3,2026-08-13T02:48:37Z
2026-08-10T13:43:34Z,highest-temperature-in-kuala-lumpur-on-august-12-2026,kuala-lumpur,2026-08-12,2,NO,32°C,0.88,11.36,10.0,0.06,31.6,33°C,won,11.36,1.3,2026-08-13T02:48:37Z
2026-08-10T13:43:34Z,highest-temperature-in-jeddah-on-august-12-2026,jeddah,2026-08-12,2,NO,37°C,0.97,10.31,10.0,0.015,37.0,>=41°C,won,10.31,0.3,2026-08-13T02:48:37Z
2026-08-10T13:43:34Z,highest-temperature-in-guangzhou-on-august-12-2026,guangzhou,2026-08-12,2,NO,39°C,0.87,11.49,10.0,0.065,38.7,38°C,lost,0.0,-10.06,2026-08-13T02:48:37Z
2026-08-10T13:43:34Z,highest-temperature-in-qingdao-on-august-12-2026,qingdao,2026-08-12,2,NO,31°C,0.7,14.29,10.0,0.15,31.0,30°C,won,14.29,4.14,2026-08-13T02:48:37Z
2026-08-10T13:43:34Z,highest-temperature-in-manila-on-august-12-2026,manila,2026-08-12,2,NO,29°C,0.8,12.5,10.0,0.1,29.2,30°C,won,12.5,2.4,2026-08-13T02:48:37Z
2026-08-10T13:43:34Z,highest-temperature-in-cape-town-on-august-12-2026,cape-town,2026-08-12,2,NO,23°C,0.74,13.51,10.0,0.13,23.0,23°C,lost,0.0,-10.13,2026-08-13T02:48:37Z
2026-08-10T13:43:34Z,highest-temperature-in-karachi-on-august-12-2026,karachi,2026-08-12,2,NO,31°C,0.9,11.11,10.0,0.05,31.4,33°C,won,11.11,1.06,2026-08-13T02:48:37Z
2026-08-11T02:31:08Z,highest-temperature-in-mexico-city-on-august-11-2026,mexico-city,2026-08-11,1,NO,24°C,0.79,12.66,10.0,0.105,24.4,25°C,won,12.66,2.56,2026-08-12T13:45:13Z
2026-08-11T02:31:08Z,highest-temperature-in-london-on-august-12-2026,london,2026-08-12,1,NO,33°C,0.94,10.64,10.0,0.03,32.6,31°C,won,10.64,0.61,2026-08-13T02:48:37Z
2026-08-11T02:31:08Z,highest-temperature-in-munich-on-august-12-2026,munich,2026-08-12,1,NO,29°C,0.78,12.82,10.0,0.11,29.4,30°C,won,12.82,2.71,2026-08-13T02:48:37Z
2026-08-11T02:31:08Z,highest-temperature-in-singapore-on-august-12-2026,singapore,2026-08-12,1,NO,31°C,0.96,10.42,10.0,0.02,31.4,32°C,won,10.42,0.4,2026-08-13T02:48:37Z
2026-08-11T02:31:08Z,highest-temperature-in-moscow-on-august-12-2026,moscow,2026-08-12,1,NO,19°C,0.83,12.05,10.0,0.085,19.4,18°C,won,12.05,1.97,2026-08-13T02:48:37Z
2026-08-11T02:31:08Z,highest-temperature-in-helsinki-on-august-12-2026,helsinki,2026-08-12,1,NO,17°C,0.97,10.31,10.0,0.015,16.6,19°C,lost,0.0,-10.02,2026-08-13T02:48:37Z
2026-08-11T02:31:08Z,highest-temperature-in-lucknow-on-august-12-2026,lucknow,2026-08-12,1,NO,>=38°C,0.99,10.1,10.0,0.005,37.7,36°C,won,10.1,0.09,2026-08-13T02:48:37Z
2026-08-11T02:31:08Z,highest-temperature-in-sao-paulo-on-august-12-2026,sao-paulo,2026-08-12,2,NO,25°C,0.81,12.35,10.0,0.095,24.6,24°C,won,12.35,2.25,2026-08-13T13:45:55Z
2026-08-11T02:31:08Z,highest-temperature-in-buenos-aires-on-august-12-2026,buenos-aires,2026-08-12,2,NO,<=9°C,0.96,10.42,10.0,0.02,8.7,12°C,won,10.42,0.4,2026-08-13T13:45:55Z
2026-08-11T02:31:08Z,highest-temperature-in-toronto-on-august-12-2026,toronto,2026-08-12,2,NO,27°C,0.75,13.33,10.0,0.125,26.8,28°C,lost,0.0,-10.12,2026-08-13T13:45:55Z
2026-08-11T02:31:08Z,highest-temperature-in-seattle-on-august-12-2026,seattle,2026-08-12,2,NO,82-83°F,0.98,10.2,10.0,0.01,27.9,74-75°F,won,10.2,0.19,2026-08-13T13:45:55Z
2026-08-11T02:31:08Z,highest-temperature-in-nyc-on-august-12-2026,nyc,2026-08-12,2,NO,84-85°F,0.78,12.82,10.0,0.11,29.7,86-87°F,won,12.82,2.71,2026-08-13T13:45:55Z
2026-08-11T02:31:08Z,highest-temperature-in-dallas-on-august-12-2026,dallas,2026-08-12,2,NO,102-103°F,0.94,10.64,10.0,0.03,38.8,100-101°F,won,10.64,0.61,2026-08-13T13:45:55Z
2026-08-11T02:31:08Z,highest-temperature-in-miami-on-august-12-2026,miami,2026-08-12,2,NO,90-91°F,0.95,10.53,10.0,0.025,32.5,92-93°F,won,10.53,0.5,2026-08-13T13:45:55Z
2026-08-11T02:31:08Z,highest-temperature-in-chicago-on-august-12-2026,chicago,2026-08-12,2,NO,78-79°F,0.95,10.53,10.0,0.025,25.8,82-83°F,won,10.53,0.5,2026-08-13T13:45:55Z
2026-08-11T02:31:08Z,highest-temperature-in-denver-on-august-12-2026,denver,2026-08-12,2,NO,94-95°F,0.92,10.87,10.0,0.04,34.7,92-93°F,won,10.87,0.83,2026-08-13T13:45:55Z
2026-08-11T02:31:08Z,highest-temperature-in-los-angeles-on-august-12-2026,los-angeles,2026-08-12,2,NO,74-75°F,0.8,12.5,10.0,0.1,23.1,76-77°F,won,12.5,2.4,2026-08-13T13:45:55Z
2026-08-11T02:31:08Z,highest-temperature-in-san-francisco-on-august-12-2026,san-francisco,2026-08-12,2,NO,72-73°F,0.83,12.05,10.0,0.085,22.8,70-71°F,lost,0.0,-10.09,2026-08-13T13:45:55Z
2026-08-11T02:31:08Z,highest-temperature-in-panama-city-on-august-12-2026,panama-city,2026-08-12,2,NO,33°C,0.93,10.75,10.0,0.035,32.8,33°C,lost,0.0,-10.04,2026-08-13T13:45:55Z
2026-08-11T13:42:06Z,highest-temperature-in-zhengzhou-on-august-12-2026,zhengzhou,2026-08-12,1,NO,23°C,0.87,11.49,10.0,0.065,22.7,25°C,won,11.49,1.43,2026-08-13T02:48:37Z
2026-08-11T13:42:06Z,highest-temperature-in-seoul-on-august-13-2026,seoul,2026-08-13,2,NO,<=28°C,0.998,10.02,10.0,0.001,27.3,33°C,won,10.02,0.02,2026-08-14T02:47:25Z
2026-08-11T13:42:06Z,highest-temperature-in-tokyo-on-august-13-2026,tokyo,2026-08-13,2,NO,30°C,0.88,11.36,10.0,0.06,30.5,28°C,won,11.36,1.3,2026-08-14T02:47:25Z
2026-08-11T13:42:06Z,highest-temperature-in-hong-kong-on-august-13-2026,hong-kong,2026-08-13,2,NO,31°C,0.92,10.87,10.0,0.04,31.8,33°C,won,10.87,0.83,2026-08-14T13:41:22Z
2026-08-11T13:42:06Z,highest-temperature-in-singapore-on-august-13-2026,singapore,2026-08-13,2,NO,31°C,0.93,10.75,10.0,0.035,30.7,32°C,won,10.75,0.71,2026-08-14T02:47:25Z
2026-08-11T13:42:06Z,highest-temperature-in-beijing-on-august-13-2026,beijing,2026-08-13,2,NO,28°C,0.97,10.31,10.0,0.015,27.5,>=32°C,won,10.31,0.3,2026-08-14T02:47:25Z
2026-08-11T13:42:06Z,highest-temperature-in-wuhan-on-august-13-2026,wuhan,2026-08-13,2,NO,25°C,0.98,10.2,10.0,0.01,25.0,28°C,won,10.2,0.19,2026-08-14T02:47:25Z
2026-08-11T13:42:06Z,highest-temperature-in-chengdu-on-august-13-2026,chengdu,2026-08-13,2,NO,36°C,0.82,12.2,10.0,0.09,36.1,37°C,lost,0.0,-10.09,2026-08-14T02:47:25Z
2026-08-11T13:42:06Z,highest-temperature-in-shenzhen-on-august-13-2026,shenzhen,2026-08-13,2,NO,36°C,0.95,10.53,10.0,0.025,35.7,34°C,lost,0.0,-10.03,2026-08-14T02:47:25Z
2026-08-11T13:42:06Z,highest-temperature-in-busan-on-august-13-2026,busan,2026-08-13,2,NO,33°C,0.78,12.82,10.0,0.11,32.8,32°C,won,12.82,2.71,2026-08-14T02:47:25Z
2026-08-11T13:42:06Z,highest-temperature-in-kuala-lumpur-on-august-13-2026,kuala-lumpur,2026-08-13,2,NO,30°C,0.97,10.31,10.0,0.015,29.9,33°C,won,10.31,0.3,2026-08-14T02:47:25Z
2026-08-11T13:42:06Z,highest-temperature-in-guangzhou-on-august-13-2026,guangzhou,2026-08-13,2,NO,35°C,0.76,13.16,10.0,0.12,35.0,36°C,lost,0.0,-10.12,2026-08-14T02:47:25Z
2026-08-11T13:42:06Z,highest-temperature-in-london-on-august-13-2026,london,2026-08-13,2,NO,37°C,0.85,11.76,10.0,0.075,37.3,36°C,won,11.76,1.68,2026-08-14T02:47:25Z
2026-08-11T13:42:06Z,highest-temperature-in-paris-on-august-13-2026,paris,2026-08-13,2,NO,40°C,0.98,10.2,10.0,0.01,39.6,38°C,won,10.2,0.19,2026-08-14T02:47:25Z
2026-08-11T13:42:06Z,highest-temperature-in-lucknow-on-august-13-2026,lucknow,2026-08-13,2,NO,37°C,0.94,10.64,10.0,0.03,36.6,35°C,won,10.64,0.61,2026-08-14T02:47:25Z
2026-08-11T13:42:06Z,highest-temperature-in-tel-aviv-on-august-13-2026,tel-aviv,2026-08-13,2,NO,32°C,0.94,10.64,10.0,0.03,32.2,33°C,won,10.64,0.61,2026-08-14T02:47:25Z
2026-08-11T13:42:06Z,highest-temperature-in-milan-on-august-13-2026,milan,2026-08-13,2,NO,37°C,0.98,10.2,10.0,0.01,36.6,35°C,won,10.2,0.19,2026-08-14T02:47:25Z
2026-08-11T13:42:06Z,highest-temperature-in-warsaw-on-august-13-2026,warsaw,2026-08-13,2,NO,26°C,0.97,10.31,10.0,0.015,26.2,24°C,won,10.31,0.3,2026-08-14T02:47:25Z
2026-08-11T13:42:06Z,highest-temperature-in-moscow-on-august-13-2026,moscow,2026-08-13,2,NO,16°C,0.7,14.29,10.0,0.15,16.4,16°C,won,14.29,4.14,2026-08-14T02:47:25Z
2026-08-11T13:42:06Z,highest-temperature-in-istanbul-on-august-13-2026,istanbul,2026-08-13,2,NO,30°C,0.97,10.31,10.0,0.015,29.9,27°C,won,10.31,0.3,2026-08-14T02:47:25Z
2026-08-11T13:42:06Z,highest-temperature-in-amsterdam-on-august-13-2026,amsterdam,2026-08-13,2,NO,36°C,0.99,10.1,10.0,0.005,35.8,33°C,won,10.1,0.09,2026-08-14T02:47:25Z
2026-08-11T13:42:06Z,highest-temperature-in-helsinki-on-august-13-2026,helsinki,2026-08-13,2,NO,21°C,0.8,12.5,10.0,0.1,21.1,20°C,won,12.5,2.4,2026-08-14T02:47:25Z
2026-08-11T13:42:06Z,highest-temperature-in-jeddah-on-august-13-2026,jeddah,2026-08-13,2,NO,37°C,0.96,10.42,10.0,0.02,36.7,>=41°C,won,10.42,0.4,2026-08-14T02:47:25Z
2026-08-11T13:42:06Z,highest-temperature-in-cape-town-on-august-13-2026,cape-town,2026-08-13,2,NO,25°C,0.92,10.87,10.0,0.04,25.4,27°C,won,10.87,0.83,2026-08-14T02:47:25Z
2026-08-11T13:42:06Z,highest-temperature-in-karachi-on-august-13-2026,karachi,2026-08-13,2,NO,30°C,0.98,10.2,10.0,0.01,30.3,33°C,won,10.2,0.19,2026-08-14T02:47:25Z
2026-08-12T02:47:18Z,highest-temperature-in-houston-on-august-12-2026,houston,2026-08-12,1,NO,96-97°F,0.74,13.51,10.0,0.13,36.0,94-95°F,won,13.51,3.38,2026-08-13T13:45:55Z
2026-08-12T02:47:18Z,highest-temperature-in-wellington-on-august-13-2026,wellington,2026-08-13,1,NO,14°C,0.7,14.29,10.0,0.15,14.5,15°C,won,14.29,4.14,2026-08-14T02:47:25Z
2026-08-12T02:47:18Z,highest-temperature-in-shanghai-on-august-13-2026,shanghai,2026-08-13,1,NO,28°C,0.84,11.9,10.0,0.08,28.5,29°C,won,11.9,1.82,2026-08-14T02:47:25Z
2026-08-12T02:47:18Z,highest-temperature-in-chongqing-on-august-13-2026,chongqing,2026-08-13,1,NO,38°C,0.94,10.64,10.0,0.03,37.5,36°C,won,10.64,0.61,2026-08-14T02:47:25Z
2026-08-12T02:47:18Z,highest-temperature-in-qingdao-on-august-13-2026,qingdao,2026-08-13,1,NO,29°C,0.85,11.76,10.0,0.075,28.9,30°C,lost,0.0,-10.07,2026-08-14T02:47:25Z
2026-08-12T02:47:18Z,highest-temperature-in-manila-on-august-13-2026,manila,2026-08-13,1,NO,29°C,0.9,11.11,10.0,0.05,28.7,30°C,won,11.11,1.06,2026-08-14T02:47:25Z
2026-08-12T02:47:18Z,highest-temperature-in-madrid-on-august-13-2026,madrid,2026-08-13,1,NO,38°C,0.95,10.53,10.0,0.025,38.4,39°C,won,10.53,0.5,2026-08-14T02:47:25Z
2026-08-12T02:47:18Z,highest-temperature-in-sao-paulo-on-august-13-2026,sao-paulo,2026-08-13,2,NO,31°C,0.85,11.76,10.0,0.075,31.3,29°C,won,11.76,1.68,2026-08-14T13:41:22Z
2026-08-12T02:47:18Z,highest-temperature-in-buenos-aires-on-august-13-2026,buenos-aires,2026-08-13,2,NO,10°C,0.96,10.42,10.0,0.02,9.9,11°C,lost,0.0,-10.02,2026-08-14T13:41:22Z
2026-08-12T02:47:18Z,highest-temperature-in-seattle-on-august-13-2026,seattle,2026-08-13,2,NO,84-85°F,0.96,10.42,10.0,0.02,29.4,78-79°F,won,10.42,0.4,2026-08-14T13:41:22Z
2026-08-12T02:47:18Z,highest-temperature-in-dallas-on-august-13-2026,dallas,2026-08-13,2,NO,102-103°F,0.76,13.16,10.0,0.12,39.2,100-101°F,won,13.16,3.04,2026-08-14T13:41:22Z
2026-08-12T02:47:18Z,highest-temperature-in-atlanta-on-august-13-2026,atlanta,2026-08-13,2,NO,92-93°F,0.85,11.76,10.0,0.075,34.0,94-95°F,won,11.76,1.68,2026-08-14T13:41:22Z
2026-08-12T02:47:18Z,highest-temperature-in-miami-on-august-13-2026,miami,2026-08-13,2,NO,88-89°F,0.99,10.1,10.0,0.005,31.2,92-93°F,won,10.1,0.09,2026-08-14T13:41:22Z
2026-08-12T02:47:18Z,highest-temperature-in-chicago-on-august-13-2026,chicago,2026-08-13,2,NO,76-77°F,0.76,13.16,10.0,0.12,24.6,76-77°F,won,13.16,3.04,2026-08-14T13:41:22Z
2026-08-12T02:47:18Z,highest-temperature-in-denver-on-august-13-2026,denver,2026-08-13,2,NO,82-83°F,0.82,12.2,10.0,0.09,27.6,80-81°F,won,12.2,2.11,2026-08-14T13:41:22Z
2026-08-12T02:47:18Z,highest-temperature-in-houston-on-august-13-2026,houston,2026-08-13,2,NO,96-97°F,0.84,11.9,10.0,0.08,36.0,94-95°F,won,11.9,1.82,2026-08-14T13:41:22Z
2026-08-12T02:47:18Z,highest-temperature-in-san-francisco-on-august-13-2026,san-francisco,2026-08-13,2,NO,68-69°F,0.72,13.89,10.0,0.14,20.2,66-67°F,won,13.89,3.75,2026-08-14T13:41:22Z
2026-08-12T02:47:18Z,highest-temperature-in-panama-city-on-august-13-2026,panama-city,2026-08-13,2,NO,31°C,0.93,10.75,10.0,0.035,30.7,33°C,won,10.75,0.71,2026-08-14T13:41:22Z
2026-08-12T13:45:13Z,highest-temperature-in-zhengzhou-on-august-13-2026,zhengzhou,2026-08-13,1,NO,23°C,0.98,10.2,10.0,0.01,23.4,25°C,won,10.2,0.19,2026-08-14T02:47:25Z
2026-08-12T13:45:13Z,highest-temperature-in-seoul-on-august-14-2026,seoul,2026-08-14,2,NO,27°C,0.999,10.01,10.0,0.0005,26.9,32°C,won,10.01,0.01,2026-08-15T01:53:49Z
2026-08-12T13:45:13Z,highest-temperature-in-tokyo-on-august-14-2026,tokyo,2026-08-14,2,NO,29°C,0.73,13.7,10.0,0.135,29.1,28°C,won,13.7,3.56,2026-08-15T01:53:49Z
2026-08-12T13:45:13Z,highest-temperature-in-hong-kong-on-august-14-2026,hong-kong,2026-08-14,2,NO,30°C,0.84,11.9,10.0,0.08,30.2,31°C,lost,0.0,-10.08,2026-08-17T13:07:03Z
2026-08-12T13:45:13Z,highest-temperature-in-singapore-on-august-14-2026,singapore,2026-08-14,2,NO,31°C,0.95,10.53,10.0,0.025,31.0,32°C,won,10.53,0.5,2026-08-15T01:53:49Z
2026-08-12T13:45:13Z,highest-temperature-in-taipei-on-august-14-2026,taipei,2026-08-14,2,NO,33°C,0.97,10.31,10.0,0.015,32.8,36°C,won,10.31,0.3,2026-08-15T01:53:49Z
2026-08-12T13:45:13Z,highest-temperature-in-chongqing-on-august-14-2026,chongqing,2026-08-14,2,NO,36°C,0.85,11.76,10.0,0.075,36.2,34°C,lost,0.0,-10.07,2026-08-15T01:53:49Z
2026-08-12T13:45:13Z,highest-temperature-in-beijing-on-august-14-2026,beijing,2026-08-14,2,NO,31°C,0.79,12.66,10.0,0.105,31.3,32°C,won,12.66,2.56,2026-08-15T01:53:49Z
2026-08-12T13:45:13Z,highest-temperature-in-wuhan-on-august-14-2026,wuhan,2026-08-14,2,NO,25°C,0.98,10.2,10.0,0.01,24.7,28°C,won,10.2,0.19,2026-08-15T01:53:49Z
2026-08-12T13:45:13Z,highest-temperature-in-chengdu-on-august-14-2026,chengdu,2026-08-14,2,NO,34°C,0.93,10.75,10.0,0.035,34.5,36°C,won,10.75,0.71,2026-08-15T01:53:49Z
2026-08-12T13:45:13Z,highest-temperature-in-shenzhen-on-august-14-2026,shenzhen,2026-08-14,2,NO,30°C,0.85,11.76,10.0,0.075,30.4,31°C,lost,0.0,-10.07,2026-08-15T01:53:49Z
2026-08-12T13:45:13Z,highest-temperature-in-busan-on-august-14-2026,busan,2026-08-14,2,NO,31°C,0.74,13.51,10.0,0.13,31.3,32°C,won,13.51,3.38,2026-08-15T01:53:49Z
2026-08-12T13:45:13Z,highest-temperature-in-kuala-lumpur-on-august-14-2026,kuala-lumpur,2026-08-14,2,NO,<=28°C,0.999,10.01,10.0,0.0005,27.6,33°C,won,10.01,0.01,2026-08-15T01:53:49Z
2026-08-12T13:45:13Z,highest-temperature-in-guangzhou-on-august-14-2026,guangzhou,2026-08-14,2,NO,<=27°C,0.999,10.01,10.0,0.0005,26.4,33°C,won,10.01,0.01,2026-08-15T01:53:49Z
2026-08-12T13:45:13Z,highest-temperature-in-qingdao-on-august-14-2026,qingdao,2026-08-14,2,NO,31°C,0.75,13.33,10.0,0.125,30.6,30°C,won,13.33,3.21,2026-08-15T01:53:49Z
2026-08-12T13:45:13Z,highest-temperature-in-manila-on-august-14-2026,manila,2026-08-14,2,NO,29°C,0.95,10.53,10.0,0.025,29.2,31°C,won,10.53,0.5,2026-08-15T01:53:49Z
2026-08-12T13:45:13Z,highest-temperature-in-london-on-august-14-2026,london,2026-08-14,2,NO,34°C,0.88,11.36,10.0,0.06,33.6,33°C,lost,0.0,-10.06,2026-08-15T01:53:49Z
2026-08-12T13:45:13Z,highest-temperature-in-lucknow-on-august-14-2026,lucknow,2026-08-14,2,NO,34°C,0.88,11.36,10.0,0.06,34.4,33°C,lost,0.0,-10.06,2026-08-15T01:53:49Z
2026-08-12T13:45:13Z,highest-temperature-in-tel-aviv-on-august-14-2026,tel-aviv,2026-08-14,2,NO,31°C,0.98,10.2,10.0,0.01,31.3,33°C,won,10.2,0.19,2026-08-15T01:53:49Z
2026-08-12T13:45:13Z,highest-temperature-in-milan-on-august-14-2026,milan,2026-08-14,2,NO,36°C,0.9,11.11,10.0,0.05,36.1,34°C,won,11.11,1.06,2026-08-15T01:53:49Z
2026-08-12T13:45:13Z,highest-temperature-in-madrid-on-august-14-2026,madrid,2026-08-14,2,NO,38°C,0.7,14.29,10.0,0.15,38.2,39°C,won,14.29,4.14,2026-08-15T01:53:49Z
2026-08-12T13:45:13Z,highest-temperature-in-warsaw-on-august-14-2026,warsaw,2026-08-14,2,NO,28°C,0.9,11.11,10.0,0.05,27.9,26°C,won,11.11,1.06,2026-08-15T01:53:49Z
2026-08-12T13:45:13Z,highest-temperature-in-moscow-on-august-14-2026,moscow,2026-08-14,2,NO,18°C,0.7,14.29,10.0,0.15,18.4,18°C,lost,0.0,-10.15,2026-08-15T01:53:49Z
2026-08-12T13:45:13Z,highest-temperature-in-istanbul-on-august-14-2026,istanbul,2026-08-14,2,NO,28°C,0.97,10.31,10.0,0.015,27.9,26°C,won,10.31,0.3,2026-08-15T01:53:49Z
2026-08-12T13:45:13Z,highest-temperature-in-amsterdam-on-august-14-2026,amsterdam,2026-08-14,2,NO,37°C,0.995,10.05,10.0,0.0025,37.2,33°C,won,10.05,0.05,2026-08-15T01:53:49Z
2026-08-12T13:45:13Z,highest-temperature-in-jeddah-on-august-14-2026,jeddah,2026-08-14,2,NO,37°C,0.97,10.31,10.0,0.015,37.4,>=41°C,won,10.31,0.3,2026-08-15T01:53:49Z
2026-08-12T13:45:13Z,highest-temperature-in-cape-town-on-august-14-2026,cape-town,2026-08-14,2,NO,22°C,0.993,10.07,10.0,0.0035,21.9,18°C,won,10.07,0.07,2026-08-15T01:53:49Z
2026-08-13T02:48:37Z,highest-temperature-in-los-angeles-on-august-13-2026,los-angeles,2026-08-13,1,NO,74-75°F,0.74,13.51,10.0,0.13,24.1,76-77°F,won,13.51,3.38,2026-08-14T13:41:22Z
2026-08-13T02:48:37Z,highest-temperature-in-mexico-city-on-august-13-2026,mexico-city,2026-08-13,1,NO,26°C,0.71,14.08,10.0,0.145,26.4,25°C,lost,0.0,-10.14,2026-08-14T13:41:22Z
2026-08-13T02:48:37Z,highest-temperature-in-wellington-on-august-14-2026,wellington,2026-08-14,1,NO,13°C,0.72,13.89,10.0,0.14,12.7,14°C,lost,0.0,-10.14,2026-08-15T01:53:49Z
2026-08-13T02:48:37Z,highest-temperature-in-shanghai-on-august-14-2026,shanghai,2026-08-14,1,NO,27°C,0.89,11.24,10.0,0.055,26.7,29°C,won,11.24,1.19,2026-08-15T01:53:49Z
2026-08-13T02:48:37Z,highest-temperature-in-paris-on-august-14-2026,paris,2026-08-14,1,NO,40°C,0.91,10.99,10.0,0.045,39.8,39°C,won,10.99,0.95,2026-08-15T01:53:49Z
2026-08-13T02:48:37Z,highest-temperature-in-munich-on-august-14-2026,munich,2026-08-14,1,NO,32°C,0.75,13.33,10.0,0.125,31.6,33°C,won,13.33,3.21,2026-08-15T01:53:49Z
2026-08-13T02:48:37Z,highest-temperature-in-helsinki-on-august-14-2026,helsinki,2026-08-14,1,NO,22°C,0.81,12.35,10.0,0.095,22.4,21°C,won,12.35,2.25,2026-08-15T01:53:49Z
2026-08-13T02:48:37Z,highest-temperature-in-karachi-on-august-14-2026,karachi,2026-08-14,1,NO,31°C,0.86,11.63,10.0,0.07,31.4,32°C,won,11.63,1.56,2026-08-15T01:53:49Z
2026-08-13T02:48:37Z,highest-temperature-in-sao-paulo-on-august-14-2026,sao-paulo,2026-08-14,2,NO,28°C,0.9,11.11,10.0,0.05,28.3,27°C,won,11.11,1.06,2026-08-15T12:56:56Z
2026-08-13T02:48:37Z,highest-temperature-in-buenos-aires-on-august-14-2026,buenos-aires,2026-08-14,2,NO,12°C,0.97,10.31,10.0,0.015,11.9,14°C,won,10.31,0.3,2026-08-15T12:56:56Z
2026-08-13T02:48:37Z,highest-temperature-in-seattle-on-august-14-2026,seattle,2026-08-14,2,NO,84-85°F,0.92,10.87,10.0,0.04,29.5,80-81°F,won,10.87,0.83,2026-08-15T12:56:56Z
2026-08-13T02:48:37Z,highest-temperature-in-dallas-on-august-14-2026,dallas,2026-08-14,2,NO,102-103°F,0.84,11.9,10.0,0.08,38.8,98-99°F,won,11.9,1.82,2026-08-15T12:56:56Z
2026-08-13T02:48:37Z,highest-temperature-in-atlanta-on-august-14-2026,atlanta,2026-08-14,2,NO,96-97°F,0.76,13.16,10.0,0.12,35.3,94-95°F,won,13.16,3.04,2026-08-15T12:56:56Z
2026-08-13T02:48:37Z,highest-temperature-in-miami-on-august-14-2026,miami,2026-08-14,2,NO,90-91°F,0.73,13.7,10.0,0.135,32.4,92-93°F,won,13.7,3.56,2026-08-15T12:56:56Z
2026-08-13T02:48:37Z,highest-temperature-in-chicago-on-august-14-2026,chicago,2026-08-14,2,NO,84-85°F,0.93,10.75,10.0,0.035,28.8,78-79°F,won,10.75,0.71,2026-08-15T12:56:56Z
2026-08-13T02:48:37Z,highest-temperature-in-austin-on-august-14-2026,austin,2026-08-14,2,NO,94-95°F,0.94,10.64,10.0,0.03,34.7,98-99°F,won,10.64,0.61,2026-08-15T12:56:56Z
2026-08-13T02:48:37Z,highest-temperature-in-denver-on-august-14-2026,denver,2026-08-14,2,NO,>=88°F,0.98,10.2,10.0,0.01,31.2,82-83°F,won,10.2,0.19,2026-08-15T12:56:56Z
2026-08-13T02:48:37Z,highest-temperature-in-los-angeles-on-august-14-2026,los-angeles,2026-08-14,2,NO,76-77°F,0.72,13.89,10.0,0.14,24.6,74-75°F,won,13.89,3.75,2026-08-15T12:56:56Z
2026-08-13T02:48:37Z,highest-temperature-in-san-francisco-on-august-14-2026,san-francisco,2026-08-14,2,NO,68-69°F,0.71,14.08,10.0,0.145,20.5,66-67°F,won,14.08,3.94,2026-08-15T12:56:56Z
2026-08-13T02:48:37Z,highest-temperature-in-mexico-city-on-august-14-2026,mexico-city,2026-08-14,2,NO,26°C,0.7,14.29,10.0,0.15,26.0,25°C,lost,0.0,-10.15,2026-08-15T12:56:56Z
2026-08-13T02:48:37Z,highest-temperature-in-panama-city-on-august-14-2026,panama-city,2026-08-14,2,NO,32°C,0.76,13.16,10.0,0.12,32.2,33°C,won,13.16,3.04,2026-08-15T12:56:56Z
2026-08-13T13:45:55Z,highest-temperature-in-zhengzhou-on-august-14-2026,zhengzhou,2026-08-14,1,NO,27°C,0.93,10.75,10.0,0.035,27.2,28°C,won,10.75,0.71,2026-08-15T01:53:49Z
2026-08-13T13:45:55Z,highest-temperature-in-paris-on-august-15-2026,paris,2026-08-15,2,NO,35°C,0.97,10.31,10.0,0.015,35.0,33°C,won,10.31,0.3,2026-08-16T02:01:25Z
2026-08-13T13:45:55Z,highest-temperature-in-seoul-on-august-15-2026,seoul,2026-08-15,2,NO,27°C,0.99,10.1,10.0,0.005,26.9,30°C,won,10.1,0.09,2026-08-16T02:01:25Z
2026-08-13T13:45:55Z,highest-temperature-in-ankara-on-august-15-2026,ankara,2026-08-15,2,NO,26°C,0.72,13.89,10.0,0.14,25.9,27°C,lost,0.0,-10.14,2026-08-16T02:01:25Z
2026-08-13T13:45:55Z,highest-temperature-in-wellington-on-august-15-2026,wellington,2026-08-15,1,NO,15°C,0.71,14.08,10.0,0.145,15.4,14°C,won,14.08,3.94,2026-08-16T02:01:25Z
2026-08-13T13:45:55Z,highest-temperature-in-lucknow-on-august-15-2026,lucknow,2026-08-15,2,NO,36°C,0.95,10.53,10.0,0.025,36.3,34°C,won,10.53,0.5,2026-08-16T02:01:25Z
2026-08-13T13:45:55Z,highest-temperature-in-munich-on-august-15-2026,munich,2026-08-15,2,NO,33°C,0.91,10.99,10.0,0.045,33.2,35°C,won,10.99,0.95,2026-08-16T13:02:05Z
2026-08-13T13:45:55Z,highest-temperature-in-tel-aviv-on-august-15-2026,tel-aviv,2026-08-15,2,NO,32°C,0.88,11.36,10.0,0.06,31.5,33°C,won,11.36,1.3,2026-08-16T02:01:25Z
2026-08-13T13:45:55Z,highest-temperature-in-tokyo-on-august-15-2026,tokyo,2026-08-15,2,NO,31°C,0.87,11.49,10.0,0.065,31.0,29°C,won,11.49,1.43,2026-08-16T02:01:25Z
2026-08-13T13:45:55Z,highest-temperature-in-hong-kong-on-august-15-2026,hong-kong,2026-08-15,2,NO,31°C,0.74,13.51,10.0,0.13,31.5,32°C,lost,0.0,-10.13,2026-08-17T13:07:03Z
2026-08-13T13:45:55Z,highest-temperature-in-shanghai-on-august-15-2026,shanghai,2026-08-15,2,NO,30°C,0.76,13.16,10.0,0.12,30.0,29°C,won,13.16,3.04,2026-08-16T02:01:25Z
2026-08-13T13:45:55Z,highest-temperature-in-singapore-on-august-15-2026,singapore,2026-08-15,2,NO,31°C,0.96,10.42,10.0,0.02,31.1,32°C,won,10.42,0.4,2026-08-16T02:01:25Z
2026-08-13T13:45:55Z,highest-temperature-in-milan-on-august-15-2026,milan,2026-08-15,2,NO,37°C,0.98,10.2,10.0,0.01,36.8,34°C,won,10.2,0.19,2026-08-16T13:02:05Z
2026-08-13T13:45:55Z,highest-temperature-in-madrid-on-august-15-2026,madrid,2026-08-15,2,NO,36°C,0.93,10.75,10.0,0.035,35.9,34°C,won,10.75,0.71,2026-08-16T13:02:05Z
2026-08-13T13:45:55Z,highest-temperature-in-warsaw-on-august-15-2026,warsaw,2026-08-15,2,NO,31°C,0.71,14.08,10.0,0.145,31.4,30°C,won,14.08,3.94,2026-08-16T13:02:05Z
2026-08-13T13:45:55Z,highest-temperature-in-taipei-on-august-15-2026,taipei,2026-08-15,2,NO,33°C,0.93,10.75,10.0,0.035,33.4,35°C,won,10.75,0.71,2026-08-16T02:01:25Z
2026-08-13T13:45:55Z,highest-temperature-in-chongqing-on-august-15-2026,chongqing,2026-08-15,2,NO,38°C,0.95,10.53,10.0,0.025,37.8,36°C,won,10.53,0.5,2026-08-16T02:01:25Z
2026-08-13T13:45:55Z,highest-temperature-in-wuhan-on-august-15-2026,wuhan,2026-08-15,2,NO,31°C,0.71,14.08,10.0,0.145,30.6,31°C,won,14.08,3.94,2026-08-16T02:01:25Z
2026-08-13T13:45:55Z,highest-temperature-in-chengdu-on-august-15-2026,chengdu,2026-08-15,2,NO,34°C,0.89,11.24,10.0,0.055,33.9,36°C,won,11.24,1.19,2026-08-16T02:01:25Z
2026-08-13T13:45:55Z,highest-temperature-in-shenzhen-on-august-15-2026,shenzhen,2026-08-15,2,NO,34°C,0.87,11.49,10.0,0.065,34.5,33°C,won,11.49,1.43,2026-08-16T02:01:25Z
2026-08-13T13:45:55Z,highest-temperature-in-istanbul-on-august-15-2026,istanbul,2026-08-15,2,NO,28°C,0.98,10.2,10.0,0.01,27.5,26°C,won,10.2,0.19,2026-08-16T02:01:25Z
2026-08-14T02:47:25Z,highest-temperature-in-nyc-on-august-14-2026,nyc,2026-08-14,1,NO,88-89°F,0.77,12.99,10.0,0.115,31.6,86-87°F,won,12.99,2.88,2026-08-15T12:56:56Z
2026-08-14T02:47:25Z,highest-temperature-in-houston-on-august-14-2026,houston,2026-08-14,1,NO,96-97°F,0.96,10.42,10.0,0.02,35.3,92-93°F,won,10.42,0.4,2026-08-15T12:56:56Z
2026-08-14T02:47:25Z,highest-temperature-in-london-on-august-15-2026,london,2026-08-15,1,NO,28°C,0.89,11.24,10.0,0.055,27.7,26°C,won,11.24,1.19,2026-08-16T13:02:05Z
2026-08-14T02:47:25Z,highest-temperature-in-beijing-on-august-15-2026,beijing,2026-08-15,1,NO,30°C,0.9,11.11,10.0,0.05,30.4,32°C,won,11.11,1.06,2026-08-16T02:01:25Z
2026-08-14T02:47:25Z,highest-temperature-in-amsterdam-on-august-15-2026,amsterdam,2026-08-15,1,NO,29°C,0.99,10.1,10.0,0.005,28.6,26°C,won,10.1,0.09,2026-08-16T02:01:25Z
2026-08-14T02:47:25Z,highest-temperature-in-helsinki-on-august-15-2026,helsinki,2026-08-15,1,NO,24°C,0.82,12.2,10.0,0.09,24.3,23°C,won,12.2,2.11,2026-08-16T13:02:05Z
2026-08-14T02:47:25Z,highest-temperature-in-kuala-lumpur-on-august-15-2026,kuala-lumpur,2026-08-15,1,NO,31°C,0.999,10.01,10.0,0.0005,31.0,33°C,won,10.01,0.01,2026-08-16T02:01:25Z
2026-08-14T02:47:25Z,highest-temperature-in-jeddah-on-august-15-2026,jeddah,2026-08-15,1,NO,38°C,0.94,10.64,10.0,0.03,37.5,>=40°C,won,10.64,0.61,2026-08-16T02:01:25Z
2026-08-14T02:47:25Z,highest-temperature-in-cape-town-on-august-15-2026,cape-town,2026-08-15,1,NO,21°C,0.92,10.87,10.0,0.04,21.2,20°C,won,10.87,0.83,2026-08-16T13:02:05Z
2026-08-14T02:47:25Z,highest-temperature-in-guangzhou-on-august-15-2026,guangzhou,2026-08-15,1,NO,33°C,0.89,11.24,10.0,0.055,32.9,35°C,won,11.24,1.19,2026-08-16T02:01:25Z
2026-08-14T02:47:25Z,highest-temperature-in-qingdao-on-august-15-2026,qingdao,2026-08-15,1,NO,31°C,0.78,12.82,10.0,0.11,30.9,30°C,lost,0.0,-10.11,2026-08-16T02:01:25Z
2026-08-14T02:47:25Z,highest-temperature-in-karachi-on-august-15-2026,karachi,2026-08-15,1,NO,30°C,0.95,10.53,10.0,0.025,30.5,32°C,won,10.53,0.5,2026-08-16T13:02:05Z
2026-08-14T02:47:25Z,highest-temperature-in-sao-paulo-on-august-15-2026,sao-paulo,2026-08-15,2,NO,27°C,0.93,10.75,10.0,0.035,27.0,26°C,won,10.75,0.71,2026-08-16T13:02:05Z
2026-08-14T02:47:25Z,highest-temperature-in-buenos-aires-on-august-15-2026,buenos-aires,2026-08-15,2,NO,13°C,0.97,10.31,10.0,0.015,13.4,16°C,won,10.31,0.3,2026-08-16T13:02:05Z
2026-08-14T02:47:25Z,highest-temperature-in-toronto-on-august-15-2026,toronto,2026-08-15,2,NO,25°C,0.71,14.08,10.0,0.145,25.4,26°C,won,14.08,3.94,2026-08-16T13:02:05Z
2026-08-14T02:47:25Z,highest-temperature-in-seattle-on-august-15-2026,seattle,2026-08-15,2,NO,84-85°F,0.97,10.31,10.0,0.015,29.5,78-79°F,won,10.31,0.3,2026-08-16T13:02:05Z
2026-08-14T02:47:25Z,highest-temperature-in-nyc-on-august-15-2026,nyc,2026-08-15,2,NO,82-83°F,0.78,12.82,10.0,0.11,28.0,84-85°F,won,12.82,2.71,2026-08-16T13:02:05Z
2026-08-14T02:47:25Z,highest-temperature-in-dallas-on-august-15-2026,dallas,2026-08-15,2,NO,102-103°F,0.89,11.24,10.0,0.055,38.8,100-101°F,won,11.24,1.19,2026-08-16T13:02:05Z
2026-08-14T02:47:25Z,highest-temperature-in-atlanta-on-august-15-2026,atlanta,2026-08-15,2,NO,96-97°F,0.75,13.33,10.0,0.125,35.7,96-97°F,won,13.33,3.21,2026-08-16T13:02:05Z
2026-08-14T02:47:25Z,highest-temperature-in-miami-on-august-15-2026,miami,2026-08-15,2,NO,86-87°F,0.998,10.02,10.0,0.001,30.6,92-93°F,won,10.02,0.02,2026-08-16T13:02:05Z
2026-08-14T02:47:25Z,highest-temperature-in-chicago-on-august-15-2026,chicago,2026-08-15,2,NO,80-81°F,0.83,12.05,10.0,0.085,26.9,80-81°F,won,12.05,1.97,2026-08-16T13:02:05Z
2026-08-14T02:47:25Z,highest-temperature-in-austin-on-august-15-2026,austin,2026-08-15,2,NO,102-103°F,0.95,10.53,10.0,0.025,38.8,100-101°F,lost,0.0,-10.03,2026-08-16T13:02:05Z
2026-08-14T02:47:25Z,highest-temperature-in-denver-on-august-15-2026,denver,2026-08-15,2,NO,84-85°F,0.76,13.16,10.0,0.12,29.2,82-83°F,won,13.16,3.04,2026-08-16T13:02:05Z
2026-08-14T02:47:25Z,highest-temperature-in-houston-on-august-15-2026,houston,2026-08-15,2,NO,98-99°F,0.9,11.11,10.0,0.05,36.6,94-95°F,won,11.11,1.06,2026-08-16T13:02:05Z
2026-08-14T02:47:25Z,highest-temperature-in-san-francisco-on-august-15-2026,san-francisco,2026-08-15,2,NO,70-71°F,0.79,12.66,10.0,0.105,21.0,68-69°F,won,12.66,2.56,2026-08-16T13:02:05Z
2026-08-14T02:47:25Z,highest-temperature-in-mexico-city-on-august-15-2026,mexico-city,2026-08-15,2,NO,26°C,0.7,14.29,10.0,0.15,26.0,27°C,lost,0.0,-10.15,2026-08-16T13:02:05Z
2026-08-14T02:47:25Z,highest-temperature-in-panama-city-on-august-15-2026,panama-city,2026-08-15,2,NO,27°C,0.999,10.01,10.0,0.0005,27.2,32°C,won,10.01,0.01,2026-08-16T13:02:05Z
2026-08-14T13:41:22Z,highest-temperature-in-zhengzhou-on-august-15-2026,zhengzhou,2026-08-15,1,NO,>=32°C,0.89,11.24,10.0,0.055,32.2,>=32°C,won,11.24,1.19,2026-08-16T02:01:25Z
2026-08-14T13:41:22Z,highest-temperature-in-london-on-august-16-2026,london,2026-08-16,2,NO,25°C,0.75,13.33,10.0,0.125,24.7,26°C,won,13.33,3.21,2026-08-17T13:07:03Z
2026-08-14T13:41:22Z,highest-temperature-in-seoul-on-august-16-2026,seoul,2026-08-16,2,NO,27°C,0.91,10.99,10.0,0.045,26.9,29°C,lost,0.0,-10.04,2026-08-17T01:58:06Z
2026-08-14T13:41:22Z,highest-temperature-in-wellington-on-august-16-2026,wellington,2026-08-16,1,NO,9°C,0.94,10.64,10.0,0.03,8.8,10°C,won,10.64,0.61,2026-08-17T01:58:06Z
2026-08-14T13:41:22Z,highest-temperature-in-lucknow-on-august-16-2026,lucknow,2026-08-16,2,NO,32°C,0.77,12.99,10.0,0.115,31.6,31°C,won,12.99,2.88,2026-08-17T01:58:06Z
2026-08-14T13:41:22Z,highest-temperature-in-munich-on-august-16-2026,munich,2026-08-16,2,NO,33°C,0.94,10.64,10.0,0.03,33.2,31°C,won,10.64,0.61,2026-08-17T01:58:06Z
2026-08-14T13:41:22Z,highest-temperature-in-tel-aviv-on-august-16-2026,tel-aviv,2026-08-16,2,NO,31°C,0.98,10.2,10.0,0.01,30.8,33°C,won,10.2,0.19,2026-08-17T01:58:06Z
2026-08-14T13:41:22Z,highest-temperature-in-shanghai-on-august-16-2026,shanghai,2026-08-16,2,NO,28°C,0.95,10.53,10.0,0.025,28.4,30°C,won,10.53,0.5,2026-08-17T01:58:06Z
2026-08-14T13:41:22Z,highest-temperature-in-singapore-on-august-16-2026,singapore,2026-08-16,2,NO,31°C,0.7,14.29,10.0,0.15,31.1,32°C,won,14.29,4.14,2026-08-17T01:58:06Z
2026-08-14T13:41:22Z,highest-temperature-in-milan-on-august-16-2026,milan,2026-08-16,2,NO,37°C,0.99,10.1,10.0,0.005,36.9,34°C,won,10.1,0.09,2026-08-17T13:07:03Z
2026-08-14T13:41:22Z,highest-temperature-in-warsaw-on-august-16-2026,warsaw,2026-08-16,2,NO,>=33°C,0.999,10.01,10.0,0.0005,32.6,29°C,won,10.01,0.01,2026-08-17T01:58:06Z
2026-08-14T13:41:22Z,highest-temperature-in-taipei-on-august-16-2026,taipei,2026-08-16,2,NO,34°C,0.71,14.08,10.0,0.145,34.5,35°C,won,14.08,3.94,2026-08-17T01:58:06Z
2026-08-14T13:41:22Z,highest-temperature-in-chongqing-on-august-16-2026,chongqing,2026-08-16,2,NO,37°C,0.7,14.29,10.0,0.15,37.2,38°C,lost,0.0,-10.15,2026-08-17T01:58:06Z
2026-08-14T13:41:22Z,highest-temperature-in-beijing-on-august-16-2026,beijing,2026-08-16,2,NO,32°C,0.89,11.24,10.0,0.055,31.5,31°C,won,11.24,1.19,2026-08-17T01:58:06Z
2026-08-14T13:41:22Z,highest-temperature-in-chengdu-on-august-16-2026,chengdu,2026-08-16,2,NO,31°C,0.9,11.11,10.0,0.05,31.4,32°C,won,11.11,1.06,2026-08-17T01:58:06Z
2026-08-14T13:41:22Z,highest-temperature-in-shenzhen-on-august-16-2026,shenzhen,2026-08-16,2,NO,36°C,0.986,10.14,10.0,0.007,36.1,33°C,won,10.14,0.13,2026-08-17T01:58:06Z
2026-08-15T01:53:49Z,highest-temperature-in-los-angeles-on-august-15-2026,los-angeles,2026-08-15,1,NO,74-75°F,0.9,11.11,10.0,0.05,23.5,76-77°F,won,11.11,1.06,2026-08-16T13:02:05Z
2026-08-15T01:53:49Z,highest-temperature-in-paris-on-august-16-2026,paris,2026-08-16,1,NO,31°C,0.73,13.7,10.0,0.135,30.6,30°C,lost,0.0,-10.13,2026-08-17T01:58:06Z
2026-08-15T01:53:49Z,highest-temperature-in-ankara-on-august-16-2026,ankara,2026-08-16,1,NO,28°C,0.7,14.29,10.0,0.15,27.9,27°C,won,14.29,4.14,2026-08-17T01:58:06Z
2026-08-15T01:53:49Z,highest-temperature-in-istanbul-on-august-16-2026,istanbul,2026-08-16,1,NO,28°C,0.97,10.31,10.0,0.015,27.5,26°C,won,10.31,0.3,2026-08-17T01:58:06Z
2026-08-15T01:53:49Z,highest-temperature-in-busan-on-august-16-2026,busan,2026-08-16,1,NO,24°C,0.98,10.2,10.0,0.01,24.4,27°C,won,10.2,0.19,2026-08-17T01:58:06Z
2026-08-15T01:53:49Z,highest-temperature-in-helsinki-on-august-16-2026,helsinki,2026-08-16,1,NO,23°C,0.76,13.16,10.0,0.12,22.6,22°C,won,13.16,3.04,2026-08-17T01:58:06Z
2026-08-15T01:53:49Z,highest-temperature-in-kuala-lumpur-on-august-16-2026,kuala-lumpur,2026-08-16,1,NO,31°C,0.87,11.49,10.0,0.065,31.4,33°C,won,11.49,1.43,2026-08-17T01:58:06Z
2026-08-15T01:53:49Z,highest-temperature-in-jeddah-on-august-16-2026,jeddah,2026-08-16,1,NO,39°C,0.92,10.87,10.0,0.04,39.0,>=41°C,won,10.87,0.83,2026-08-17T01:58:06Z
2026-08-15T01:53:49Z,highest-temperature-in-cape-town-on-august-16-2026,cape-town,2026-08-16,1,NO,20°C,0.88,11.36,10.0,0.06,20.5,19°C,won,11.36,1.3,2026-08-17T01:58:06Z
2026-08-15T01:53:49Z,highest-temperature-in-guangzhou-on-august-16-2026,guangzhou,2026-08-16,1,NO,33°C,0.98,10.2,10.0,0.01,33.4,36°C,won,10.2,0.19,2026-08-17T01:58:06Z
2026-08-15T01:53:49Z,highest-temperature-in-qingdao-on-august-16-2026,qingdao,2026-08-16,1,NO,31°C,0.91,10.99,10.0,0.045,31.3,33°C,won,10.99,0.95,2026-08-17T01:58:06Z
2026-08-15T01:53:49Z,highest-temperature-in-karachi-on-august-16-2026,karachi,2026-08-16,1,NO,31°C,0.85,11.76,10.0,0.075,31.2,32°C,won,11.76,1.68,2026-08-17T01:58:06Z
2026-08-16T02:01:25Z,highest-temperature-in-sao-paulo-on-august-16-2026,sao-paulo,2026-08-16,1,NO,29°C,0.76,13.16,10.0,0.12,29.0,28°C,won,13.16,3.04,2026-08-17T13:07:03Z
2026-08-16T02:01:25Z,highest-temperature-in-seattle-on-august-16-2026,seattle,2026-08-16,1,NO,74-75°F,0.72,13.89,10.0,0.14,23.6,76-77°F,lost,0.0,-10.14,2026-08-17T13:07:03Z
2026-08-16T02:01:25Z,highest-temperature-in-miami-on-august-16-2026,miami,2026-08-16,1,NO,90-91°F,0.99,10.1,10.0,0.005,32.4,92-93°F,won,10.1,0.09,2026-08-17T13:07:03Z
2026-08-16T02:01:25Z,highest-temperature-in-denver-on-august-16-2026,denver,2026-08-16,1,NO,86-87°F,0.96,10.42,10.0,0.02,30.1,82-83°F,won,10.42,0.4,2026-08-17T13:07:03Z
2026-08-16T02:01:25Z,highest-temperature-in-houston-on-august-16-2026,houston,2026-08-16,1,NO,98-99°F,0.84,11.9,10.0,0.08,36.9,96-97°F,won,11.9,1.82,2026-08-17T13:07:03Z
2026-08-16T02:01:25Z,highest-temperature-in-panama-city-on-august-16-2026,panama-city,2026-08-16,1,NO,30°C,0.76,13.16,10.0,0.12,29.9,31°C,won,13.16,3.04,2026-08-17T13:07:03Z
2026-08-16T02:01:25Z,highest-temperature-in-london-on-august-17-2026,london,2026-08-17,1,NO,28°C,0.89,11.24,10.0,0.055,28.4,26°C,open,,,
2026-08-16T02:01:25Z,highest-temperature-in-paris-on-august-17-2026,paris,2026-08-17,1,NO,30°C,0.93,10.75,10.0,0.035,30.5,29°C,open,,,
2026-08-16T02:01:25Z,highest-temperature-in-seoul-on-august-17-2026,seoul,2026-08-17,1,NO,26°C,0.98,10.2,10.0,0.01,25.8,29°C,open,,,
2026-08-16T02:01:25Z,highest-temperature-in-ankara-on-august-17-2026,ankara,2026-08-17,1,NO,29°C,0.87,11.49,10.0,0.065,29.3,28°C,open,,,
2026-08-16T02:01:25Z,highest-temperature-in-lucknow-on-august-17-2026,lucknow,2026-08-17,1,NO,28°C,0.86,11.63,10.0,0.07,27.6,30°C,open,,,
2026-08-16T02:01:25Z,highest-temperature-in-tel-aviv-on-august-17-2026,tel-aviv,2026-08-17,1,NO,30°C,0.98,10.2,10.0,0.01,29.7,32°C,open,,,
2026-08-16T02:01:25Z,highest-temperature-in-tokyo-on-august-17-2026,tokyo,2026-08-17,1,NO,29°C,0.74,13.51,10.0,0.13,29.4,30°C,open,,,
2026-08-16T02:01:25Z,highest-temperature-in-hong-kong-on-august-17-2026,hong-kong,2026-08-17,1,NO,32°C,0.7,14.29,10.0,0.15,32.2,33°C,open,,,
2026-08-16T02:01:25Z,highest-temperature-in-shanghai-on-august-17-2026,shanghai,2026-08-17,1,NO,29°C,0.89,11.24,10.0,0.055,29.2,31°C,open,,,
2026-08-16T02:01:25Z,highest-temperature-in-singapore-on-august-17-2026,singapore,2026-08-17,1,NO,31°C,0.93,10.75,10.0,0.035,31.4,32°C,open,,,
2026-08-16T02:01:25Z,highest-temperature-in-milan-on-august-17-2026,milan,2026-08-17,1,NO,34°C,0.93,10.75,10.0,0.035,33.8,32°C,open,,,
2026-08-16T02:01:25Z,highest-temperature-in-warsaw-on-august-17-2026,warsaw,2026-08-17,1,NO,25°C,0.98,10.2,10.0,0.01,25.3,22°C,open,,,
2026-08-16T02:01:25Z,highest-temperature-in-chongqing-on-august-17-2026,chongqing,2026-08-17,1,NO,36°C,0.88,11.36,10.0,0.06,35.7,38°C,open,,,
2026-08-16T02:01:25Z,highest-temperature-in-beijing-on-august-17-2026,beijing,2026-08-17,1,NO,31°C,0.81,12.35,10.0,0.095,31.4,32°C,open,,,
2026-08-16T02:01:25Z,highest-temperature-in-chengdu-on-august-17-2026,chengdu,2026-08-17,1,NO,27°C,0.74,13.51,10.0,0.13,27.2,28°C,open,,,
2026-08-16T02:01:25Z,highest-temperature-in-shenzhen-on-august-17-2026,shenzhen,2026-08-17,1,NO,35°C,0.95,10.53,10.0,0.025,34.8,33°C,open,,,
2026-08-16T02:01:25Z,highest-temperature-in-moscow-on-august-17-2026,moscow,2026-08-17,1,NO,26°C,0.96,10.42,10.0,0.02,25.9,24°C,open,,,
2026-08-16T02:01:25Z,highest-temperature-in-istanbul-on-august-17-2026,istanbul,2026-08-17,1,NO,29°C,0.94,10.64,10.0,0.03,28.8,26°C,open,,,
2026-08-16T02:01:25Z,highest-temperature-in-busan-on-august-17-2026,busan,2026-08-17,1,NO,25°C,0.98,10.2,10.0,0.01,25.2,28°C,open,,,
2026-08-16T02:01:25Z,highest-temperature-in-helsinki-on-august-17-2026,helsinki,2026-08-17,1,NO,23°C,0.99,10.1,10.0,0.005,22.9,21°C,open,,,
2026-08-16T02:01:25Z,highest-temperature-in-kuala-lumpur-on-august-17-2026,kuala-lumpur,2026-08-17,1,NO,32°C,0.92,10.87,10.0,0.04,31.7,33°C,open,,,
2026-08-16T02:01:25Z,highest-temperature-in-jeddah-on-august-17-2026,jeddah,2026-08-17,1,NO,37°C,0.98,10.2,10.0,0.01,37.3,40°C,open,,,
2026-08-16T02:01:25Z,highest-temperature-in-cape-town-on-august-17-2026,cape-town,2026-08-17,1,NO,21°C,0.93,10.75,10.0,0.035,20.6,19°C,open,,,
2026-08-16T02:01:25Z,highest-temperature-in-guangzhou-on-august-17-2026,guangzhou,2026-08-17,1,NO,35°C,0.74,13.51,10.0,0.13,34.8,35°C,open,,,
2026-08-16T02:01:25Z,highest-temperature-in-karachi-on-august-17-2026,karachi,2026-08-17,1,NO,31°C,0.78,12.82,10.0,0.11,31.0,32°C,open,,,
2026-08-16T02:01:25Z,highest-temperature-in-manila-on-august-17-2026,manila,2026-08-17,1,NO,28°C,0.71,14.08,10.0,0.145,28.4,29°C,open,,,
2026-08-16T13:02:05Z,highest-temperature-in-seattle-on-august-17-2026,seattle,2026-08-17,1,NO,80-81°F,0.79,12.66,10.0,0.105,26.8,78-79°F,open,,,
2026-08-16T13:02:05Z,highest-temperature-in-nyc-on-august-17-2026,nyc,2026-08-17,1,NO,86-87°F,0.89,11.24,10.0,0.055,29.8,84-85°F,open,,,
2026-08-16T13:02:05Z,highest-temperature-in-dallas-on-august-17-2026,dallas,2026-08-17,1,NO,106-107°F,0.82,12.2,10.0,0.09,41.1,104-105°F,open,,,
2026-08-16T13:02:05Z,highest-temperature-in-miami-on-august-17-2026,miami,2026-08-17,1,NO,92-93°F,0.97,10.31,10.0,0.015,33.5,96-97°F,open,,,
2026-08-16T13:02:05Z,highest-temperature-in-denver-on-august-17-2026,denver,2026-08-17,1,NO,92-93°F,0.93,10.75,10.0,0.035,33.8,90-91°F,open,,,
2026-08-16T13:02:05Z,highest-temperature-in-houston-on-august-17-2026,houston,2026-08-17,1,NO,100-101°F,0.98,10.2,10.0,0.01,37.5,96-97°F,open,,,
2026-08-16T13:02:05Z,highest-temperature-in-los-angeles-on-august-17-2026,los-angeles,2026-08-17,1,NO,76-77°F,0.78,12.82,10.0,0.11,25.2,78-79°F,open,,,
2026-08-16T13:02:05Z,highest-temperature-in-san-francisco-on-august-17-2026,san-francisco,2026-08-17,1,NO,66-67°F,0.89,11.24,10.0,0.055,18.8,68-69°F,open,,,
2026-08-16T13:02:05Z,highest-temperature-in-mexico-city-on-august-17-2026,mexico-city,2026-08-17,1,NO,25°C,0.86,11.63,10.0,0.07,25.1,26°C,open,,,
2026-08-16T13:02:05Z,highest-temperature-in-panama-city-on-august-17-2026,panama-city,2026-08-17,1,NO,28°C,0.96,10.42,10.0,0.02,27.6,30°C,open,,,
2026-08-16T13:02:05Z,highest-temperature-in-zhengzhou-on-august-17-2026,zhengzhou,2026-08-17,1,NO,>=32°C,0.77,12.99,10.0,0.115,32.3,>=32°C,open,,,
2026-08-16T13:02:05Z,highest-temperature-in-london-on-august-18-2026,london,2026-08-18,2,NO,25°C,0.71,14.08,10.0,0.145,24.9,25°C,open,,,
2026-08-16T13:02:05Z,highest-temperature-in-paris-on-august-18-2026,paris,2026-08-18,2,NO,30°C,0.98,10.2,10.0,0.01,29.8,27°C,open,,,
2026-08-16T13:02:05Z,highest-temperature-in-seoul-on-august-18-2026,seoul,2026-08-18,2,NO,26°C,0.99,10.1,10.0,0.005,26.5,30°C,open,,,
2026-08-16T13:02:05Z,highest-temperature-in-lucknow-on-august-18-2026,lucknow,2026-08-18,2,NO,33°C,0.95,10.53,10.0,0.025,32.7,31°C,open,,,
2026-08-16T13:02:05Z,highest-temperature-in-munich-on-august-18-2026,munich,2026-08-18,2,NO,22°C,0.7,14.29,10.0,0.15,21.5,21°C,open,,,
2026-08-16T13:02:05Z,highest-temperature-in-tel-aviv-on-august-18-2026,tel-aviv,2026-08-18,2,NO,30°C,0.98,10.2,10.0,0.01,30.1,32°C,open,,,
2026-08-16T13:02:05Z,highest-temperature-in-hong-kong-on-august-18-2026,hong-kong,2026-08-18,2,NO,30°C,0.78,12.82,10.0,0.11,30.1,31°C,open,,,
2026-08-16T13:02:05Z,highest-temperature-in-shanghai-on-august-18-2026,shanghai,2026-08-18,2,NO,30°C,0.78,12.82,10.0,0.11,30.4,31°C,open,,,
2026-08-16T13:02:05Z,highest-temperature-in-singapore-on-august-18-2026,singapore,2026-08-18,2,NO,31°C,0.97,10.31,10.0,0.015,31.3,32°C,open,,,
2026-08-16T13:02:05Z,highest-temperature-in-milan-on-august-18-2026,milan,2026-08-18,2,NO,34°C,0.77,12.99,10.0,0.115,33.7,33°C,open,,,
2026-08-16T13:02:05Z,highest-temperature-in-taipei-on-august-18-2026,taipei,2026-08-18,2,NO,34°C,0.7,14.29,10.0,0.15,33.8,35°C,open,,,
2026-08-16T13:02:05Z,highest-temperature-in-chongqing-on-august-18-2026,chongqing,2026-08-18,2,NO,<=31°C,0.95,10.53,10.0,0.025,26.1,34°C,open,,,
2026-08-16T13:02:05Z,highest-temperature-in-beijing-on-august-18-2026,beijing,2026-08-18,2,NO,29°C,0.77,12.99,10.0,0.115,28.9,31°C,open,,,
2026-08-16T13:02:05Z,highest-temperature-in-chengdu-on-august-18-2026,chengdu,2026-08-18,2,NO,<=20°C,0.97,10.31,10.0,0.015,20.5,24°C,open,,,
2026-08-16T13:02:05Z,highest-temperature-in-shenzhen-on-august-18-2026,shenzhen,2026-08-18,2,NO,33°C,0.87,11.49,10.0,0.065,33.0,31°C,open,,,
2026-08-16T13:02:05Z,highest-temperature-in-moscow-on-august-18-2026,moscow,2026-08-18,2,NO,24°C,0.92,10.87,10.0,0.04,24.3,23°C,open,,,
2026-08-16T13:02:05Z,highest-temperature-in-istanbul-on-august-18-2026,istanbul,2026-08-18,2,NO,>=34°C,0.999,10.01,10.0,0.0005,33.8,30°C,open,,,
2026-08-16T13:02:05Z,highest-temperature-in-busan-on-august-18-2026,busan,2026-08-18,2,NO,29°C,0.86,11.63,10.0,0.07,28.7,31°C,open,,,
2026-08-16T13:02:05Z,highest-temperature-in-kuala-lumpur-on-august-18-2026,kuala-lumpur,2026-08-18,2,NO,32°C,0.72,13.89,10.0,0.14,32.2,33°C,open,,,
2026-08-16T13:02:05Z,highest-temperature-in-jeddah-on-august-18-2026,jeddah,2026-08-18,2,NO,36°C,0.95,10.53,10.0,0.025,36.0,39°C,open,,,
2026-08-16T13:02:05Z,highest-temperature-in-guangzhou-on-august-18-2026,guangzhou,2026-08-18,2,NO,33°C,0.83,12.05,10.0,0.085,33.1,34°C,open,,,
2026-08-16T13:02:05Z,highest-temperature-in-qingdao-on-august-18-2026,qingdao,2026-08-18,2,NO,31°C,0.92,10.87,10.0,0.04,31.2,33°C,open,,,
2026-08-16T13:02:05Z,highest-temperature-in-manila-on-august-18-2026,manila,2026-08-18,2,NO,26°C,0.98,10.2,10.0,0.01,26.4,28°C,open,,,
2026-08-17T01:58:06Z,highest-temperature-in-buenos-aires-on-august-17-2026,buenos-aires,2026-08-17,1,NO,16°C,0.87,11.49,10.0,0.065,15.9,15°C,open,,,
2026-08-17T01:58:06Z,highest-temperature-in-austin-on-august-17-2026,austin,2026-08-17,1,NO,100-101°F,0.74,13.51,10.0,0.13,38.2,102-103°F,open,,,
2026-08-17T01:58:06Z,highest-temperature-in-wellington-on-august-18-2026,wellington,2026-08-18,1,NO,12°C,0.77,12.99,10.0,0.115,11.9,11°C,open,,,
2026-08-17T01:58:06Z,highest-temperature-in-amsterdam-on-august-18-2026,amsterdam,2026-08-18,1,NO,20°C,0.81,12.35,10.0,0.095,20.4,21°C,open,,,
2026-08-17T01:58:06Z,highest-temperature-in-karachi-on-august-18-2026,karachi,2026-08-18,1,NO,31°C,0.87,11.49,10.0,0.065,31.4,32°C,open,,,
2026-08-17T13:07:03Z,highest-temperature-in-buenos-aires-on-august-18-2026,buenos-aires,2026-08-18,1,NO,13°C,0.71,14.08,10.0,0.145,13.1,14°C,open,,,
2026-08-17T13:07:03Z,highest-temperature-in-toronto-on-august-18-2026,toronto,2026-08-18,1,NO,28°C,0.71,14.08,10.0,0.145,28.3,27°C,open,,,
2026-08-17T13:07:03Z,highest-temperature-in-seattle-on-august-18-2026,seattle,2026-08-18,1,NO,80-81°F,0.89,11.24,10.0,0.055,26.8,76-77°F,open,,,
2026-08-17T13:07:03Z,highest-temperature-in-nyc-on-august-18-2026,nyc,2026-08-18,1,NO,88-89°F,0.87,11.49,10.0,0.065,31.0,86-87°F,open,,,
2026-08-17T13:07:03Z,highest-temperature-in-dallas-on-august-18-2026,dallas,2026-08-18,1,NO,106-107°F,0.75,13.33,10.0,0.125,41.7,104-105°F,open,,,
2026-08-17T13:07:03Z,highest-temperature-in-atlanta-on-august-18-2026,atlanta,2026-08-18,1,NO,96-97°F,0.8,12.5,10.0,0.1,35.8,94-95°F,open,,,
2026-08-17T13:07:03Z,highest-temperature-in-miami-on-august-18-2026,miami,2026-08-18,1,NO,96-97°F,0.8,12.5,10.0,0.1,35.8,98-99°F,open,,,
2026-08-17T13:07:03Z,highest-temperature-in-chicago-on-august-18-2026,chicago,2026-08-18,1,NO,82-83°F,0.8,12.5,10.0,0.1,28.4,80-81°F,open,,,
2026-08-17T13:07:03Z,highest-temperature-in-denver-on-august-18-2026,denver,2026-08-18,1,NO,92-93°F,0.77,12.99,10.0,0.115,33.1,90-91°F,open,,,
2026-08-17T13:07:03Z,highest-temperature-in-houston-on-august-18-2026,houston,2026-08-18,1,NO,98-99°F,0.76,13.16,10.0,0.12,37.3,96-97°F,open,,,
2026-08-17T13:07:03Z,highest-temperature-in-los-angeles-on-august-18-2026,los-angeles,2026-08-18,1,NO,80-81°F,0.77,12.99,10.0,0.115,27.1,78-79°F,open,,,
2026-08-17T13:07:03Z,highest-temperature-in-panama-city-on-august-18-2026,panama-city,2026-08-18,1,NO,29°C,0.85,11.76,10.0,0.075,29.4,31°C,open,,,
2026-08-17T13:07:03Z,highest-temperature-in-london-on-august-19-2026,london,2026-08-19,2,NO,23°C,0.72,13.89,10.0,0.14,22.9,24°C,open,,,
2026-08-17T13:07:03Z,highest-temperature-in-paris-on-august-19-2026,paris,2026-08-19,2,NO,22°C,0.88,11.36,10.0,0.06,22.3,23°C,open,,,
2026-08-17T13:07:03Z,highest-temperature-in-seoul-on-august-19-2026,seoul,2026-08-19,2,NO,26°C,0.99,10.1,10.0,0.005,26.2,30°C,open,,,
2026-08-17T13:07:03Z,highest-temperature-in-lucknow-on-august-19-2026,lucknow,2026-08-19,2,NO,34°C,0.9,11.11,10.0,0.05,33.6,32°C,open,,,
2026-08-17T13:07:03Z,highest-temperature-in-munich-on-august-19-2026,munich,2026-08-19,2,NO,28°C,0.73,13.7,10.0,0.135,27.5,28°C,open,,,
2026-08-17T13:07:03Z,highest-temperature-in-tel-aviv-on-august-19-2026,tel-aviv,2026-08-19,2,NO,30°C,0.989,10.11,10.0,0.0055,29.7,32°C,open,,,
2026-08-17T13:07:03Z,highest-temperature-in-tokyo-on-august-19-2026,tokyo,2026-08-19,2,NO,32°C,0.82,12.2,10.0,0.09,31.6,31°C,open,,,
2026-08-17T13:07:03Z,highest-temperature-in-hong-kong-on-august-19-2026,hong-kong,2026-08-19,2,NO,30°C,0.84,11.9,10.0,0.08,30.5,31°C,open,,,
2026-08-17T13:07:03Z,highest-temperature-in-shanghai-on-august-19-2026,shanghai,2026-08-19,2,NO,29°C,0.96,10.42,10.0,0.02,29.3,31°C,open,,,
2026-08-17T13:07:03Z,highest-temperature-in-singapore-on-august-19-2026,singapore,2026-08-19,2,NO,31°C,0.73,13.7,10.0,0.135,31.0,32°C,open,,,
2026-08-17T13:07:03Z,highest-temperature-in-warsaw-on-august-19-2026,warsaw,2026-08-19,2,NO,20°C,0.78,12.82,10.0,0.11,20.1,21°C,open,,,
2026-08-17T13:07:03Z,highest-temperature-in-taipei-on-august-19-2026,taipei,2026-08-19,2,NO,32°C,0.73,13.7,10.0,0.135,31.9,33°C,open,,,
2026-08-17T13:07:03Z,highest-temperature-in-chongqing-on-august-19-2026,chongqing,2026-08-19,2,NO,29°C,0.85,11.76,10.0,0.075,29.0,30°C,open,,,
2026-08-17T13:07:03Z,highest-temperature-in-beijing-on-august-19-2026,beijing,2026-08-19,2,NO,33°C,0.71,14.08,10.0,0.145,32.7,32°C,open,,,
2026-08-17T13:07:03Z,highest-temperature-in-chengdu-on-august-19-2026,chengdu,2026-08-19,2,NO,29°C,0.87,11.49,10.0,0.065,28.7,28°C,open,,,
2026-08-17T13:07:03Z,highest-temperature-in-shenzhen-on-august-19-2026,shenzhen,2026-08-19,2,NO,34°C,0.85,11.76,10.0,0.075,34.1,32°C,open,,,
2026-08-17T13:07:03Z,highest-temperature-in-istanbul-on-august-19-2026,istanbul,2026-08-19,2,NO,32°C,0.96,10.42,10.0,0.02,32.3,27°C,open,,,
2026-08-17T13:07:03Z,highest-temperature-in-helsinki-on-august-19-2026,helsinki,2026-08-19,2,NO,22°C,0.75,13.33,10.0,0.125,21.6,21°C,open,,,
2026-08-17T13:07:03Z,highest-temperature-in-kuala-lumpur-on-august-19-2026,kuala-lumpur,2026-08-19,2,NO,33°C,0.75,13.33,10.0,0.125,33.3,32°C,open,,,
2026-08-17T13:07:03Z,highest-temperature-in-jeddah-on-august-19-2026,jeddah,2026-08-19,2,NO,36°C,0.93,10.75,10.0,0.035,36.5,38°C,open,,,
2026-08-17T13:07:03Z,highest-temperature-in-guangzhou-on-august-19-2026,guangzhou,2026-08-19,2,NO,35°C,0.85,11.76,10.0,0.075,35.0,36°C,open,,,
2026-08-17T13:07:03Z,highest-temperature-in-manila-on-august-19-2026,manila,2026-08-19,2,NO,26°C,0.97,10.31,10.0,0.015,26.4,29°C,open,,,
