entry_utc,event_slug,city,target_date,lead_days,side,bucket,ask,shares,stake,fee,model_median_c,pm_top_bucket,status,payout,pnl,settle_utc
2026-07-19T09:35:10Z,highest-temperature-in-london-on-july-19-2026,london,2026-07-19,0,NO,22°C,0.51,19.61,10.0,0.245,50.0,22°C,won,19.61,9.37,2026-07-20T06:37:39Z
2026-07-19T09:35:10Z,highest-temperature-in-paris-on-july-19-2026,paris,2026-07-19,0,NO,24°C,0.42,23.81,10.0,0.29,58.5,24°C,lost,0.0,-10.29,2026-07-20T06:37:39Z
2026-07-19T09:35:10Z,highest-temperature-in-ankara-on-july-19-2026,ankara,2026-07-19,0,NO,32°C,0.39,25.64,10.0,0.305,62.5,32°C,lost,0.0,-10.3,2026-07-20T06:37:39Z
2026-07-19T09:35:10Z,highest-temperature-in-lucknow-on-july-19-2026,lucknow,2026-07-19,0,NO,29°C,0.54,18.52,10.0,0.23,51.5,29°C,lost,0.0,-10.23,2026-07-20T06:37:39Z
2026-07-19T09:35:10Z,highest-temperature-in-munich-on-july-19-2026,munich,2026-07-19,0,NO,22°C,0.56,17.86,10.0,0.22,45.0,22°C,won,17.86,7.64,2026-07-20T06:37:39Z
2026-07-19T09:35:10Z,highest-temperature-in-milan-on-july-19-2026,milan,2026-07-19,0,NO,32°C,0.55,18.18,10.0,0.225,46.0,32°C,lost,0.0,-10.22,2026-07-20T06:37:39Z
2026-07-19T09:35:10Z,highest-temperature-in-warsaw-on-july-19-2026,warsaw,2026-07-19,0,NO,27°C,0.55,18.18,10.0,0.225,46.5,27°C,lost,0.0,-10.22,2026-07-20T06:37:39Z
2026-07-19T09:35:10Z,highest-temperature-in-moscow-on-july-19-2026,moscow,2026-07-19,0,NO,27°C,0.64,15.62,10.0,0.1799,36.5,27°C,lost,0.0,-10.18,2026-07-20T06:37:39Z
2026-07-19T09:35:10Z,highest-temperature-in-amsterdam-on-july-19-2026,amsterdam,2026-07-19,0,NO,19°C,0.49,20.41,10.0,0.255,52.0,19°C,won,20.41,10.15,2026-07-20T06:37:39Z
2026-07-19T09:35:10Z,highest-temperature-in-jeddah-on-july-19-2026,jeddah,2026-07-19,0,NO,39°C,0.65,15.38,10.0,0.1749,36.5,39°C,won,15.38,5.21,2026-07-20T06:37:39Z
2026-07-19T09:35:10Z,highest-temperature-in-cape-town-on-july-19-2026,cape-town,2026-07-19,0,NO,15°C,0.62,16.13,10.0,0.19,39.5,15°C,won,16.13,5.94,2026-07-20T06:37:39Z
2026-07-19T09:35:10Z,highest-temperature-in-sao-paulo-on-july-19-2026,sao-paulo,2026-07-19,0,NO,26°C,0.48,20.83,10.0,0.26,52.5,26°C,lost,0.0,-10.26,2026-07-20T06:37:39Z
2026-07-19T09:35:10Z,highest-temperature-in-buenos-aires-on-july-19-2026,buenos-aires,2026-07-19,0,NO,13°C,0.42,23.81,10.0,0.29,59.0,13°C,lost,0.0,-10.29,2026-07-20T06:37:39Z
2026-07-19T09:35:10Z,highest-temperature-in-toronto-on-july-19-2026,toronto,2026-07-19,0,NO,24°C,0.5,20.0,10.0,0.25,51.0,24°C,won,20.0,9.75,2026-07-20T06:37:39Z
2026-07-19T09:35:10Z,highest-temperature-in-seattle-on-july-19-2026,seattle,2026-07-19,0,NO,78-79°F,0.59,16.95,10.0,0.205,42.0,78-79°F,lost,0.0,-10.21,2026-07-20T10:36:00Z
2026-07-19T09:35:10Z,highest-temperature-in-nyc-on-july-19-2026,nyc,2026-07-19,0,NO,80-81°F,0.41,24.39,10.0,0.295,59.5,80-81°F,lost,0.0,-10.29,2026-07-20T06:37:39Z
2026-07-19T09:35:10Z,highest-temperature-in-dallas-on-july-19-2026,dallas,2026-07-19,0,NO,98-99°F,0.5,20.0,10.0,0.25,50.5,98-99°F,lost,0.0,-10.25,2026-07-20T06:37:39Z
2026-07-19T09:35:10Z,highest-temperature-in-atlanta-on-july-19-2026,atlanta,2026-07-19,0,NO,92-93°F,0.56,17.86,10.0,0.22,44.5,92-93°F,won,17.86,7.64,2026-07-20T06:37:39Z
2026-07-19T09:35:10Z,highest-temperature-in-miami-on-july-19-2026,miami,2026-07-19,0,NO,92-93°F,0.41,24.39,10.0,0.295,60.0,92-93°F,won,24.39,14.1,2026-07-20T06:37:39Z
2026-07-19T09:35:10Z,highest-temperature-in-chicago-on-july-19-2026,chicago,2026-07-19,0,NO,78-79°F,0.57,17.54,10.0,0.215,43.5,78-79°F,lost,0.0,-10.21,2026-07-20T06:37:39Z
2026-07-19T09:35:10Z,highest-temperature-in-austin-on-july-19-2026,austin,2026-07-19,0,NO,94-95°F,0.49,20.41,10.0,0.255,51.5,94-95°F,lost,0.0,-10.26,2026-07-20T10:36:00Z
2026-07-19T09:35:10Z,highest-temperature-in-denver-on-july-19-2026,denver,2026-07-19,0,NO,98-99°F,0.54,18.52,10.0,0.23,46.5,98-99°F,lost,0.0,-10.23,2026-07-20T10:36:00Z
2026-07-19T09:35:10Z,highest-temperature-in-houston-on-july-19-2026,houston,2026-07-19,0,NO,94-95°F,0.53,18.87,10.0,0.235,47.5,94-95°F,lost,0.0,-10.23,2026-07-20T10:36:00Z
2026-07-19T09:35:10Z,highest-temperature-in-los-angeles-on-july-19-2026,los-angeles,2026-07-19,0,NO,76-77°F,0.51,19.61,10.0,0.245,50.0,76-77°F,lost,0.0,-10.24,2026-07-20T10:36:00Z
2026-07-19T09:35:10Z,highest-temperature-in-san-francisco-on-july-19-2026,san-francisco,2026-07-19,0,NO,68-69°F,0.63,15.87,10.0,0.185,37.5,68-69°F,won,15.87,5.68,2026-07-20T10:36:00Z
2026-07-19T09:35:10Z,highest-temperature-in-mexico-city-on-july-19-2026,mexico-city,2026-07-19,0,NO,26°C,0.48,20.83,10.0,0.26,52.5,26°C,won,20.83,10.57,2026-07-20T10:36:00Z
2026-07-19T09:35:10Z,highest-temperature-in-panama-city-on-july-19-2026,panama-city,2026-07-19,0,NO,31°C,0.59,16.95,10.0,0.205,41.5,31°C,won,16.95,6.74,2026-07-20T06:37:39Z
2026-07-19T09:35:10Z,highest-temperature-in-london-on-july-20-2026,london,2026-07-20,1,NO,23°C,0.69,14.49,10.0,0.155,32.0,23°C,won,14.49,4.33,2026-07-21T09:44:06Z
2026-07-19T09:35:10Z,highest-temperature-in-paris-on-july-20-2026,paris,2026-07-20,1,NO,24°C,0.56,17.86,10.0,0.22,45.0,24°C,lost,0.0,-10.22,2026-07-21T09:44:06Z
2026-07-19T09:35:10Z,highest-temperature-in-seoul-on-july-20-2026,seoul,2026-07-20,1,NO,26°C,0.7,14.29,10.0,0.15,30.5,26°C,won,14.29,4.14,2026-07-21T09:44:06Z
2026-07-19T09:35:10Z,highest-temperature-in-ankara-on-july-20-2026,ankara,2026-07-20,1,NO,34°C,0.46,21.74,10.0,0.27,54.5,34°C,won,21.74,11.47,2026-07-21T09:44:06Z
2026-07-19T09:35:10Z,highest-temperature-in-wellington-on-july-20-2026,wellington,2026-07-20,1,NO,12°C,0.41,24.39,10.0,0.295,59.5,12°C,lost,0.0,-10.29,2026-07-21T09:44:06Z
2026-07-19T09:35:10Z,highest-temperature-in-munich-on-july-20-2026,munich,2026-07-20,1,NO,24°C,0.57,17.54,10.0,0.215,43.5,24°C,won,17.54,7.32,2026-07-21T09:44:06Z
2026-07-19T09:35:10Z,highest-temperature-in-tel-aviv-on-july-20-2026,tel-aviv,2026-07-20,1,NO,34°C,0.41,24.39,10.0,0.295,59.5,34°C,won,24.39,14.1,2026-07-21T09:44:06Z
2026-07-19T09:35:10Z,highest-temperature-in-tokyo-on-july-20-2026,tokyo,2026-07-20,1,NO,34°C,0.62,16.13,10.0,0.19,38.5,34°C,won,16.13,5.94,2026-07-21T09:44:06Z
2026-07-19T09:35:10Z,highest-temperature-in-hong-kong-on-july-20-2026,hong-kong,2026-07-20,1,NO,30°C,0.55,18.18,10.0,0.225,45.5,30°C,won,18.18,7.96,2026-07-21T09:44:06Z
2026-07-19T09:35:10Z,highest-temperature-in-shanghai-on-july-20-2026,shanghai,2026-07-20,1,NO,34°C,0.66,15.15,10.0,0.17,34.5,34°C,won,15.15,4.98,2026-07-21T09:44:06Z
2026-07-19T09:35:10Z,highest-temperature-in-singapore-on-july-20-2026,singapore,2026-07-20,1,NO,32°C,0.52,19.23,10.0,0.24,49.0,32°C,lost,0.0,-10.24,2026-07-21T09:44:06Z
2026-07-19T09:35:10Z,highest-temperature-in-milan-on-july-20-2026,milan,2026-07-20,1,NO,30°C,0.62,16.13,10.0,0.19,38.5,30°C,won,16.13,5.94,2026-07-21T09:44:06Z
2026-07-19T09:35:10Z,highest-temperature-in-madrid-on-july-20-2026,madrid,2026-07-20,1,NO,36°C,0.47,21.28,10.0,0.265,53.5,36°C,lost,0.0,-10.27,2026-07-21T09:44:06Z
2026-07-19T09:35:10Z,highest-temperature-in-warsaw-on-july-20-2026,warsaw,2026-07-20,1,NO,21°C,0.61,16.39,10.0,0.195,39.5,21°C,won,16.39,6.2,2026-07-21T09:44:06Z
2026-07-19T09:35:10Z,highest-temperature-in-taipei-on-july-20-2026,taipei,2026-07-20,1,NO,35°C,0.64,15.62,10.0,0.1799,37.0,35°C,lost,0.0,-10.18,2026-07-21T09:44:06Z
2026-07-19T09:35:10Z,highest-temperature-in-chongqing-on-july-20-2026,chongqing,2026-07-20,1,NO,38°C,0.65,15.38,10.0,0.1749,36.0,38°C,lost,0.0,-10.17,2026-07-21T09:44:06Z
2026-07-19T09:35:10Z,highest-temperature-in-wuhan-on-july-20-2026,wuhan,2026-07-20,1,NO,>=34°C,0.58,17.24,10.0,0.21,43.0,>=34°C,won,17.24,7.03,2026-07-21T09:44:06Z
2026-07-19T09:35:10Z,highest-temperature-in-chengdu-on-july-20-2026,chengdu,2026-07-20,1,NO,39°C,0.68,14.71,10.0,0.16,32.5,39°C,won,14.71,4.55,2026-07-21T09:44:06Z
2026-07-19T09:35:10Z,highest-temperature-in-shenzhen-on-july-20-2026,shenzhen,2026-07-20,1,NO,31°C,0.68,14.71,10.0,0.16,33.5,31°C,won,14.71,4.55,2026-07-21T09:44:06Z
2026-07-19T09:35:10Z,highest-temperature-in-moscow-on-july-20-2026,moscow,2026-07-20,1,NO,28°C,0.66,15.15,10.0,0.17,34.5,28°C,won,15.15,4.98,2026-07-21T09:44:06Z
2026-07-19T09:35:10Z,highest-temperature-in-istanbul-on-july-20-2026,istanbul,2026-07-20,1,NO,29°C,0.48,20.83,10.0,0.26,52.5,29°C,won,20.83,10.57,2026-07-21T09:44:06Z
2026-07-19T09:35:10Z,highest-temperature-in-busan-on-july-20-2026,busan,2026-07-20,1,NO,32°C,0.6,16.67,10.0,0.2,40.5,32°C,lost,0.0,-10.2,2026-07-21T09:44:06Z
2026-07-19T09:35:10Z,highest-temperature-in-amsterdam-on-july-20-2026,amsterdam,2026-07-20,1,NO,20°C,0.53,18.87,10.0,0.235,47.5,20°C,lost,0.0,-10.23,2026-07-21T09:44:06Z
2026-07-19T09:35:10Z,highest-temperature-in-helsinki-on-july-20-2026,helsinki,2026-07-20,1,NO,20°C,0.59,16.95,10.0,0.205,41.5,20°C,won,16.95,6.74,2026-07-21T09:44:06Z
2026-07-19T09:35:10Z,highest-temperature-in-kuala-lumpur-on-july-20-2026,kuala-lumpur,2026-07-20,1,NO,32°C,0.65,15.38,10.0,0.1749,35.5,32°C,won,15.38,5.21,2026-07-21T09:44:06Z
2026-07-19T09:35:10Z,highest-temperature-in-jeddah-on-july-20-2026,jeddah,2026-07-20,1,NO,>=40°C,0.39,25.64,10.0,0.305,62.5,>=40°C,lost,0.0,-10.3,2026-07-21T09:44:06Z
2026-07-19T09:35:10Z,highest-temperature-in-guangzhou-on-july-20-2026,guangzhou,2026-07-20,1,NO,32°C,0.65,15.38,10.0,0.1749,36.0,32°C,won,15.38,5.21,2026-07-21T09:44:06Z
2026-07-19T09:35:10Z,highest-temperature-in-manila-on-july-20-2026,manila,2026-07-20,1,NO,33°C,0.55,18.18,10.0,0.225,46.0,33°C,lost,0.0,-10.22,2026-07-21T09:44:06Z
2026-07-19T09:35:10Z,highest-temperature-in-lucknow-on-july-20-2026,lucknow,2026-07-20,1,NO,30°C,0.7,14.29,10.0,0.15,30.5,30°C,won,14.29,4.14,2026-07-21T09:44:06Z
2026-07-19T09:35:10Z,highest-temperature-in-cape-town-on-july-20-2026,cape-town,2026-07-20,1,NO,17°C,0.61,16.39,10.0,0.195,39.5,17°C,won,16.39,6.2,2026-07-21T09:44:06Z
2026-07-19T09:35:10Z,highest-temperature-in-karachi-on-july-20-2026,karachi,2026-07-20,1,NO,33°C,0.57,17.54,10.0,0.215,43.5,33°C,lost,0.0,-10.21,2026-07-21T09:44:06Z
2026-07-19T09:35:10Z,highest-temperature-in-sao-paulo-on-july-20-2026,sao-paulo,2026-07-20,1,NO,27°C,0.54,18.52,10.0,0.23,46.5,27°C,lost,0.0,-10.23,2026-07-21T09:44:06Z
2026-07-19T09:35:10Z,highest-temperature-in-buenos-aires-on-july-20-2026,buenos-aires,2026-07-20,1,NO,13°C,0.61,16.39,10.0,0.195,40.0,13°C,won,16.39,6.2,2026-07-21T09:44:06Z
2026-07-19T09:35:10Z,highest-temperature-in-toronto-on-july-20-2026,toronto,2026-07-20,1,NO,26°C,0.65,15.38,10.0,0.1749,35.5,26°C,won,15.38,5.21,2026-07-21T09:44:06Z
2026-07-19T09:35:10Z,highest-temperature-in-seattle-on-july-20-2026,seattle,2026-07-20,1,NO,84-85°F,0.63,15.87,10.0,0.185,37.5,84-85°F,won,15.87,5.68,2026-07-21T09:44:06Z
2026-07-19T09:35:10Z,highest-temperature-in-nyc-on-july-20-2026,nyc,2026-07-20,1,NO,80-81°F,0.61,16.39,10.0,0.195,39.5,80-81°F,won,16.39,6.2,2026-07-21T09:44:06Z
2026-07-19T09:35:10Z,highest-temperature-in-dallas-on-july-20-2026,dallas,2026-07-20,1,NO,100-101°F,0.56,17.86,10.0,0.22,45.0,100-101°F,won,17.86,7.64,2026-07-21T09:44:06Z
2026-07-19T09:35:10Z,highest-temperature-in-atlanta-on-july-20-2026,atlanta,2026-07-20,1,NO,92-93°F,0.55,18.18,10.0,0.225,45.5,92-93°F,lost,0.0,-10.22,2026-07-21T09:44:06Z
2026-07-19T09:35:10Z,highest-temperature-in-miami-on-july-20-2026,miami,2026-07-20,1,NO,92-93°F,0.49,20.41,10.0,0.255,51.5,92-93°F,lost,0.0,-10.26,2026-07-21T09:44:06Z
2026-07-19T09:35:10Z,highest-temperature-in-austin-on-july-20-2026,austin,2026-07-20,1,NO,96-97°F,0.59,16.95,10.0,0.205,41.5,96-97°F,lost,0.0,-10.21,2026-07-21T09:44:06Z
2026-07-19T09:35:10Z,highest-temperature-in-denver-on-july-20-2026,denver,2026-07-20,1,NO,98-99°F,0.53,18.87,10.0,0.235,48.0,98-99°F,won,18.87,8.64,2026-07-21T09:44:06Z
2026-07-19T09:35:10Z,highest-temperature-in-houston-on-july-20-2026,houston,2026-07-20,1,NO,96-97°F,0.57,17.54,10.0,0.215,43.5,96-97°F,won,17.54,7.32,2026-07-21T09:44:06Z
2026-07-19T09:35:10Z,highest-temperature-in-los-angeles-on-july-20-2026,los-angeles,2026-07-20,1,NO,78-79°F,0.54,18.52,10.0,0.23,47.5,78-79°F,won,18.52,8.29,2026-07-21T09:44:06Z
2026-07-19T09:35:10Z,highest-temperature-in-san-francisco-on-july-20-2026,san-francisco,2026-07-20,1,NO,72-73°F,0.57,17.54,10.0,0.215,44.0,72-73°F,won,17.54,7.32,2026-07-21T17:01:04Z
2026-07-19T09:35:10Z,highest-temperature-in-mexico-city-on-july-20-2026,mexico-city,2026-07-20,1,NO,27°C,0.57,17.54,10.0,0.215,43.5,27°C,lost,0.0,-10.21,2026-07-21T09:44:06Z
2026-07-19T09:35:10Z,highest-temperature-in-panama-city-on-july-20-2026,panama-city,2026-07-20,1,NO,30°C,0.69,14.49,10.0,0.155,32.0,30°C,won,14.49,4.33,2026-07-21T09:44:06Z
2026-07-19T09:35:10Z,highest-temperature-in-london-on-july-21-2026,london,2026-07-21,2,NO,25°C,0.71,14.08,10.0,0.145,29.5,25°C,won,14.08,3.94,2026-07-22T09:46:12Z
2026-07-19T09:35:10Z,highest-temperature-in-paris-on-july-21-2026,paris,2026-07-21,2,NO,26°C,0.62,16.13,10.0,0.19,38.5,26°C,lost,0.0,-10.19,2026-07-22T09:46:12Z
2026-07-19T09:35:10Z,highest-temperature-in-seoul-on-july-21-2026,seoul,2026-07-21,2,NO,28°C,0.7,14.29,10.0,0.15,31.5,28°C,won,14.29,4.14,2026-07-22T09:46:12Z
2026-07-19T09:35:10Z,highest-temperature-in-ankara-on-july-21-2026,ankara,2026-07-21,2,NO,34°C,0.46,21.74,10.0,0.27,54.5,34°C,won,21.74,11.47,2026-07-22T09:46:12Z
2026-07-19T09:35:10Z,highest-temperature-in-wellington-on-july-21-2026,wellington,2026-07-21,2,NO,13°C,0.54,18.52,10.0,0.23,46.5,13°C,won,18.52,8.29,2026-07-22T09:46:12Z
2026-07-19T09:35:10Z,highest-temperature-in-munich-on-july-21-2026,munich,2026-07-21,2,NO,23°C,0.64,15.62,10.0,0.1799,36.5,23°C,lost,0.0,-10.18,2026-07-22T09:46:12Z
2026-07-19T09:35:10Z,highest-temperature-in-tel-aviv-on-july-21-2026,tel-aviv,2026-07-21,2,NO,33°C,0.4,25.0,10.0,0.3,62.0,33°C,lost,0.0,-10.3,2026-07-22T09:46:12Z
2026-07-19T09:35:10Z,highest-temperature-in-tokyo-on-july-21-2026,tokyo,2026-07-21,2,NO,35°C,0.65,15.38,10.0,0.1749,35.5,35°C,won,15.38,5.21,2026-07-22T09:46:12Z
2026-07-19T09:35:10Z,highest-temperature-in-hong-kong-on-july-21-2026,hong-kong,2026-07-21,2,NO,31°C,0.66,15.15,10.0,0.17,36.0,31°C,won,15.15,4.98,2026-07-22T09:46:12Z
2026-07-19T09:35:10Z,highest-temperature-in-shanghai-on-july-21-2026,shanghai,2026-07-21,2,NO,33°C,0.7,14.29,10.0,0.15,30.5,33°C,lost,0.0,-10.15,2026-07-22T09:46:12Z
2026-07-19T09:35:10Z,highest-temperature-in-singapore-on-july-21-2026,singapore,2026-07-21,2,NO,32°C,0.59,16.95,10.0,0.205,42.0,32°C,won,16.95,6.74,2026-07-22T09:46:12Z
2026-07-19T09:35:10Z,highest-temperature-in-milan-on-july-21-2026,milan,2026-07-21,2,NO,29°C,0.68,14.71,10.0,0.16,33.0,29°C,won,14.71,4.55,2026-07-22T09:46:12Z
2026-07-19T09:35:10Z,highest-temperature-in-madrid-on-july-21-2026,madrid,2026-07-21,2,NO,38°C,0.59,16.95,10.0,0.205,42.0,38°C,won,16.95,6.74,2026-07-22T09:46:12Z
2026-07-19T09:35:10Z,highest-temperature-in-warsaw-on-july-21-2026,warsaw,2026-07-21,2,NO,18°C,0.62,16.13,10.0,0.19,38.5,18°C,won,16.13,5.94,2026-07-22T09:46:12Z
2026-07-19T09:35:10Z,highest-temperature-in-taipei-on-july-21-2026,taipei,2026-07-21,2,NO,36°C,0.59,16.95,10.0,0.205,42.5,36°C,won,16.95,6.74,2026-07-22T09:46:12Z
2026-07-19T09:35:10Z,highest-temperature-in-chongqing-on-july-21-2026,chongqing,2026-07-21,2,NO,39°C,0.71,14.08,10.0,0.145,30.5,39°C,lost,0.0,-10.14,2026-07-22T09:46:12Z
2026-07-19T09:35:10Z,highest-temperature-in-wuhan-on-july-21-2026,wuhan,2026-07-21,2,NO,33°C,0.71,14.08,10.0,0.145,29.5,33°C,won,14.08,3.94,2026-07-22T09:46:12Z
2026-07-19T09:35:10Z,highest-temperature-in-chengdu-on-july-21-2026,chengdu,2026-07-21,2,NO,39°C,0.72,13.89,10.0,0.14,29.0,39°C,won,13.89,3.75,2026-07-22T09:46:12Z
2026-07-19T09:35:10Z,highest-temperature-in-shenzhen-on-july-21-2026,shenzhen,2026-07-21,2,NO,31°C,0.67,14.93,10.0,0.1651,34.5,31°C,lost,0.0,-10.17,2026-07-22T09:46:12Z
2026-07-19T09:35:10Z,highest-temperature-in-moscow-on-july-21-2026,moscow,2026-07-21,2,NO,24°C,0.84,11.9,10.0,0.08,26.0,24°C,lost,0.0,-10.08,2026-07-22T09:46:12Z
2026-07-19T09:35:10Z,highest-temperature-in-istanbul-on-july-21-2026,istanbul,2026-07-21,2,NO,30°C,0.6,16.67,10.0,0.2,41.5,30°C,won,16.67,6.47,2026-07-22T09:46:12Z
2026-07-19T09:35:10Z,highest-temperature-in-busan-on-july-21-2026,busan,2026-07-21,2,NO,32°C,0.58,17.24,10.0,0.21,42.5,32°C,lost,0.0,-10.21,2026-07-22T09:46:12Z
2026-07-19T09:35:10Z,highest-temperature-in-amsterdam-on-july-21-2026,amsterdam,2026-07-21,2,NO,21°C,0.67,14.93,10.0,0.1651,33.5,21°C,won,14.93,4.76,2026-07-22T09:46:12Z
2026-07-19T09:35:10Z,highest-temperature-in-kuala-lumpur-on-july-21-2026,kuala-lumpur,2026-07-21,2,NO,32°C,0.61,16.39,10.0,0.195,39.5,32°C,won,16.39,6.2,2026-07-22T09:46:12Z
2026-07-19T09:35:10Z,highest-temperature-in-cape-town-on-july-21-2026,cape-town,2026-07-21,2,NO,17°C,0.63,15.87,10.0,0.185,37.5,17°C,won,15.87,5.68,2026-07-22T09:46:12Z
2026-07-19T09:35:10Z,highest-temperature-in-guangzhou-on-july-21-2026,guangzhou,2026-07-21,2,NO,32°C,0.69,14.49,10.0,0.155,31.5,32°C,won,14.49,4.33,2026-07-22T09:46:12Z
2026-07-19T09:35:10Z,highest-temperature-in-qingdao-on-july-21-2026,qingdao,2026-07-21,2,NO,31°C,0.68,14.71,10.0,0.16,32.5,31°C,won,14.71,4.55,2026-07-22T09:46:12Z
2026-07-19T09:35:10Z,highest-temperature-in-karachi-on-july-21-2026,karachi,2026-07-21,2,NO,33°C,0.5,20.0,10.0,0.25,50.5,33°C,lost,0.0,-10.25,2026-07-22T09:46:12Z
2026-07-19T09:35:10Z,highest-temperature-in-manila-on-july-21-2026,manila,2026-07-21,2,NO,33°C,0.55,18.18,10.0,0.225,45.5,33°C,lost,0.0,-10.22,2026-07-22T09:46:12Z
2026-07-19T09:35:10Z,highest-temperature-in-lucknow-on-july-21-2026,lucknow,2026-07-21,2,NO,31°C,0.69,14.49,10.0,0.155,32.0,31°C,lost,0.0,-10.15,2026-07-22T09:46:12Z
2026-07-20T06:37:39Z,highest-temperature-in-chicago-on-july-20-2026,chicago,2026-07-20,0,NO,84-85°F,0.63,15.87,10.0,0.185,38.0,84-85°F,won,15.87,5.68,2026-07-21T09:44:06Z
2026-07-20T06:37:39Z,highest-temperature-in-beijing-on-july-21-2026,beijing,2026-07-21,1,NO,30°C,0.73,13.7,10.0,0.135,28.5,30°C,won,13.7,3.56,2026-07-22T09:46:12Z
2026-07-20T06:37:39Z,highest-temperature-in-helsinki-on-july-21-2026,helsinki,2026-07-21,1,NO,15°C,0.59,16.95,10.0,0.205,42.0,15°C,won,16.95,6.74,2026-07-22T09:46:12Z
2026-07-20T06:37:39Z,highest-temperature-in-sao-paulo-on-july-21-2026,sao-paulo,2026-07-21,1,NO,28°C,0.54,18.52,10.0,0.23,46.5,28°C,lost,0.0,-10.23,2026-07-22T09:46:12Z
2026-07-20T06:37:39Z,highest-temperature-in-buenos-aires-on-july-21-2026,buenos-aires,2026-07-21,1,NO,13°C,0.63,15.87,10.0,0.185,38.5,13°C,lost,0.0,-10.19,2026-07-22T09:46:12Z
2026-07-20T06:37:39Z,highest-temperature-in-toronto-on-july-21-2026,toronto,2026-07-21,1,NO,26°C,0.71,14.08,10.0,0.145,30.5,26°C,won,14.08,3.94,2026-07-22T09:46:12Z
2026-07-20T06:37:39Z,highest-temperature-in-seattle-on-july-21-2026,seattle,2026-07-21,2,NO,90-91°F,0.66,15.15,10.0,0.17,35.0,90-91°F,won,15.15,4.98,2026-07-22T09:46:12Z
2026-07-20T06:37:39Z,highest-temperature-in-nyc-on-july-21-2026,nyc,2026-07-21,1,NO,80-81°F,0.67,14.93,10.0,0.1651,34.5,80-81°F,won,14.93,4.76,2026-07-22T09:46:12Z
2026-07-20T06:37:39Z,highest-temperature-in-dallas-on-july-21-2026,dallas,2026-07-21,1,NO,104-105°F,0.58,17.24,10.0,0.21,42.5,104-105°F,won,17.24,7.03,2026-07-22T09:46:12Z
2026-07-20T06:37:39Z,highest-temperature-in-atlanta-on-july-21-2026,atlanta,2026-07-21,1,NO,90-91°F,0.56,17.86,10.0,0.22,44.5,90-91°F,lost,0.0,-10.22,2026-07-22T09:46:12Z
2026-07-20T06:37:39Z,highest-temperature-in-miami-on-july-21-2026,miami,2026-07-21,1,NO,92-93°F,0.52,19.23,10.0,0.24,49.0,92-93°F,won,19.23,8.99,2026-07-22T09:46:12Z
2026-07-20T06:37:39Z,highest-temperature-in-chicago-on-july-21-2026,chicago,2026-07-21,1,NO,84-85°F,0.6,16.67,10.0,0.2,41.0,84-85°F,won,16.67,6.47,2026-07-22T09:46:12Z
2026-07-20T06:37:39Z,highest-temperature-in-austin-on-july-21-2026,austin,2026-07-21,1,NO,98-99°F,0.62,16.13,10.0,0.19,39.0,98-99°F,won,16.13,5.94,2026-07-22T09:46:12Z
2026-07-20T06:37:39Z,highest-temperature-in-denver-on-july-21-2026,denver,2026-07-21,1,NO,92-93°F,0.64,15.62,10.0,0.1799,37.5,92-93°F,won,15.62,5.44,2026-07-22T09:46:12Z
2026-07-20T06:37:39Z,highest-temperature-in-houston-on-july-21-2026,houston,2026-07-21,1,NO,98-99°F,0.61,16.39,10.0,0.195,39.5,98-99°F,won,16.39,6.2,2026-07-22T09:46:12Z
2026-07-20T06:37:39Z,highest-temperature-in-los-angeles-on-july-21-2026,los-angeles,2026-07-21,2,NO,80-81°F,0.6,16.67,10.0,0.2,40.5,80-81°F,lost,0.0,-10.2,2026-07-22T09:46:12Z
2026-07-20T06:37:39Z,highest-temperature-in-san-francisco-on-july-21-2026,san-francisco,2026-07-21,2,NO,<=81°F,0.4,25.0,10.0,0.3,61.5,<=81°F,won,25.0,14.7,2026-07-22T09:46:12Z
2026-07-20T06:37:39Z,highest-temperature-in-mexico-city-on-july-21-2026,mexico-city,2026-07-21,1,NO,27°C,0.58,17.24,10.0,0.21,42.5,27°C,lost,0.0,-10.21,2026-07-22T09:46:12Z
2026-07-20T06:37:39Z,highest-temperature-in-panama-city-on-july-21-2026,panama-city,2026-07-21,1,NO,31°C,0.6,16.67,10.0,0.2,40.5,31°C,won,16.67,6.47,2026-07-22T09:46:12Z
2026-07-20T06:37:39Z,highest-temperature-in-paris-on-july-22-2026,paris,2026-07-22,2,NO,27°C,0.64,15.62,10.0,0.1799,36.5,27°C,won,15.62,5.44,2026-07-23T09:24:16Z
2026-07-20T06:37:39Z,highest-temperature-in-seoul-on-july-22-2026,seoul,2026-07-22,2,NO,29°C,0.67,14.93,10.0,0.1651,34.5,29°C,won,14.93,4.76,2026-07-23T09:24:16Z
2026-07-20T06:37:39Z,highest-temperature-in-ankara-on-july-22-2026,ankara,2026-07-22,2,NO,32°C,0.51,19.61,10.0,0.245,50.5,32°C,won,19.61,9.37,2026-07-23T09:24:16Z
2026-07-20T06:37:39Z,highest-temperature-in-wellington-on-july-22-2026,wellington,2026-07-22,2,NO,14°C,0.48,20.83,10.0,0.26,53.0,14°C,lost,0.0,-10.26,2026-07-23T09:24:16Z
2026-07-20T06:37:39Z,highest-temperature-in-lucknow-on-july-22-2026,lucknow,2026-07-22,2,NO,32°C,0.73,13.7,10.0,0.135,30.0,32°C,won,13.7,3.56,2026-07-23T09:24:16Z
2026-07-20T06:37:39Z,highest-temperature-in-munich-on-july-22-2026,munich,2026-07-22,2,NO,25°C,0.6,16.67,10.0,0.2,42.0,25°C,lost,0.0,-10.2,2026-07-23T09:24:16Z
2026-07-20T06:37:39Z,highest-temperature-in-tel-aviv-on-july-22-2026,tel-aviv,2026-07-22,2,NO,34°C,0.48,20.83,10.0,0.26,53.5,34°C,won,20.83,10.57,2026-07-23T09:24:16Z
2026-07-20T06:37:39Z,highest-temperature-in-tokyo-on-july-22-2026,tokyo,2026-07-22,2,NO,35°C,0.73,13.7,10.0,0.135,28.5,35°C,won,13.7,3.56,2026-07-23T09:24:16Z
2026-07-20T06:37:39Z,highest-temperature-in-hong-kong-on-july-22-2026,hong-kong,2026-07-22,2,NO,32°C,0.64,15.62,10.0,0.1799,37.0,32°C,won,15.62,5.44,2026-07-23T09:24:16Z
2026-07-20T06:37:39Z,highest-temperature-in-shanghai-on-july-22-2026,shanghai,2026-07-22,2,NO,34°C,0.64,15.62,10.0,0.1799,36.5,34°C,won,15.62,5.44,2026-07-23T09:24:16Z
2026-07-20T06:37:39Z,highest-temperature-in-singapore-on-july-22-2026,singapore,2026-07-22,2,NO,32°C,0.58,17.24,10.0,0.21,43.0,32°C,won,17.24,7.03,2026-07-23T09:24:16Z
2026-07-20T06:37:39Z,highest-temperature-in-milan-on-july-22-2026,milan,2026-07-22,2,NO,29°C,0.57,17.54,10.0,0.215,45.0,29°C,lost,0.0,-10.21,2026-07-23T09:24:16Z
2026-07-20T06:37:39Z,highest-temperature-in-madrid-on-july-22-2026,madrid,2026-07-22,2,NO,39°C,0.54,18.52,10.0,0.23,47.0,39°C,lost,0.0,-10.23,2026-07-23T09:24:16Z
2026-07-20T06:37:39Z,highest-temperature-in-warsaw-on-july-22-2026,warsaw,2026-07-22,2,NO,23°C,0.59,16.95,10.0,0.205,41.5,23°C,won,16.95,6.74,2026-07-23T09:24:16Z
2026-07-20T06:37:39Z,highest-temperature-in-taipei-on-july-22-2026,taipei,2026-07-22,2,NO,35°C,0.68,14.71,10.0,0.16,33.0,35°C,won,14.71,4.55,2026-07-23T09:24:16Z
2026-07-20T06:37:39Z,highest-temperature-in-chongqing-on-july-22-2026,chongqing,2026-07-22,2,NO,39°C,0.85,11.76,10.0,0.075,26.0,39°C,won,11.76,1.68,2026-07-23T09:24:16Z
2026-07-20T06:37:39Z,highest-temperature-in-beijing-on-july-22-2026,beijing,2026-07-22,2,NO,31°C,0.73,13.7,10.0,0.135,29.5,31°C,won,13.7,3.56,2026-07-23T09:24:16Z
2026-07-20T06:37:39Z,highest-temperature-in-wuhan-on-july-22-2026,wuhan,2026-07-22,2,NO,30°C,0.84,11.9,10.0,0.08,26.5,30°C,won,11.9,1.82,2026-07-23T09:24:16Z
2026-07-20T06:37:39Z,highest-temperature-in-chengdu-on-july-22-2026,chengdu,2026-07-22,2,NO,40°C,0.81,12.35,10.0,0.095,28.0,40°C,won,12.35,2.25,2026-07-23T09:24:16Z
2026-07-20T06:37:39Z,highest-temperature-in-istanbul-on-july-22-2026,istanbul,2026-07-22,2,NO,28°C,0.6,16.67,10.0,0.2,42.5,28°C,won,16.67,6.47,2026-07-23T09:24:16Z
2026-07-20T06:37:39Z,highest-temperature-in-busan-on-july-22-2026,busan,2026-07-22,2,NO,33°C,0.58,17.24,10.0,0.21,42.5,33°C,won,17.24,7.03,2026-07-23T09:24:16Z
2026-07-20T06:37:39Z,highest-temperature-in-amsterdam-on-july-22-2026,amsterdam,2026-07-22,2,NO,19°C,0.64,15.62,10.0,0.1799,36.5,19°C,won,15.62,5.44,2026-07-23T09:24:16Z
2026-07-20T06:37:39Z,highest-temperature-in-helsinki-on-july-22-2026,helsinki,2026-07-22,2,NO,17°C,0.77,12.99,10.0,0.115,30.0,17°C,won,12.99,2.88,2026-07-23T09:24:16Z
2026-07-20T06:37:39Z,highest-temperature-in-kuala-lumpur-on-july-22-2026,kuala-lumpur,2026-07-22,2,NO,32°C,0.66,15.15,10.0,0.17,36.0,32°C,won,15.15,4.98,2026-07-23T09:24:16Z
2026-07-20T06:37:39Z,highest-temperature-in-jeddah-on-july-22-2026,jeddah,2026-07-22,2,NO,38°C,0.65,15.38,10.0,0.1749,35.5,38°C,lost,0.0,-10.17,2026-07-23T09:24:16Z
2026-07-20T06:37:39Z,highest-temperature-in-cape-town-on-july-22-2026,cape-town,2026-07-22,2,NO,17°C,0.64,15.62,10.0,0.1799,36.5,17°C,won,15.62,5.44,2026-07-23T09:24:16Z
2026-07-20T06:37:39Z,highest-temperature-in-guangzhou-on-july-22-2026,guangzhou,2026-07-22,2,NO,34°C,0.72,13.89,10.0,0.14,30.0,34°C,lost,0.0,-10.14,2026-07-23T09:24:16Z
2026-07-20T06:37:39Z,highest-temperature-in-qingdao-on-july-22-2026,qingdao,2026-07-22,2,NO,30°C,0.74,13.51,10.0,0.13,28.5,30°C,won,13.51,3.38,2026-07-23T09:24:16Z
2026-07-20T06:37:39Z,highest-temperature-in-karachi-on-july-22-2026,karachi,2026-07-22,2,NO,34°C,0.56,17.86,10.0,0.22,45.0,34°C,lost,0.0,-10.22,2026-07-23T09:24:16Z
2026-07-20T06:37:39Z,highest-temperature-in-manila-on-july-22-2026,manila,2026-07-22,2,NO,33°C,0.75,13.33,10.0,0.125,31.0,33°C,lost,0.0,-10.12,2026-07-23T09:24:16Z
2026-07-20T06:37:39Z,highest-temperature-in-moscow-on-july-22-2026,moscow,2026-07-22,2,NO,24°C,0.76,13.16,10.0,0.12,30.0,24°C,lost,0.0,-10.12,2026-07-23T09:24:16Z
2026-07-21T09:44:06Z,highest-temperature-in-london-on-july-22-2026,london,2026-07-22,1,NO,25°C,0.64,15.62,10.0,0.1799,36.5,25°C,lost,0.0,-10.18,2026-07-23T09:24:16Z
2026-07-21T09:44:06Z,highest-temperature-in-shenzhen-on-july-22-2026,shenzhen,2026-07-22,1,NO,32°C,0.63,15.87,10.0,0.185,37.5,32°C,won,15.87,5.68,2026-07-23T09:24:16Z
2026-07-21T09:44:06Z,highest-temperature-in-sao-paulo-on-july-22-2026,sao-paulo,2026-07-22,1,NO,28°C,0.6,16.67,10.0,0.2,41.0,28°C,won,16.67,6.47,2026-07-23T09:24:16Z
2026-07-21T09:44:06Z,highest-temperature-in-buenos-aires-on-july-22-2026,buenos-aires,2026-07-22,1,NO,13°C,0.65,15.38,10.0,0.1749,35.5,13°C,won,15.38,5.21,2026-07-23T09:24:16Z
2026-07-21T09:44:06Z,highest-temperature-in-toronto-on-july-22-2026,toronto,2026-07-22,1,NO,21°C,0.62,16.13,10.0,0.19,38.5,21°C,won,16.13,5.94,2026-07-23T09:24:16Z
2026-07-21T09:44:06Z,highest-temperature-in-seattle-on-july-22-2026,seattle,2026-07-22,1,NO,92-93°F,0.57,17.54,10.0,0.215,44.5,92-93°F,won,17.54,7.32,2026-07-23T09:24:16Z
2026-07-21T09:44:06Z,highest-temperature-in-nyc-on-july-22-2026,nyc,2026-07-22,1,NO,86-87°F,0.64,15.62,10.0,0.1799,37.0,86-87°F,won,15.62,5.44,2026-07-23T09:24:16Z
2026-07-21T09:44:06Z,highest-temperature-in-dallas-on-july-22-2026,dallas,2026-07-22,1,NO,104-105°F,0.6,16.67,10.0,0.2,40.5,104-105°F,won,16.67,6.47,2026-07-23T09:24:16Z
2026-07-21T09:44:06Z,highest-temperature-in-atlanta-on-july-22-2026,atlanta,2026-07-22,1,NO,90-91°F,0.55,18.18,10.0,0.225,45.5,90-91°F,won,18.18,7.96,2026-07-23T09:24:16Z
2026-07-21T09:44:06Z,highest-temperature-in-miami-on-july-22-2026,miami,2026-07-22,1,NO,92-93°F,0.46,21.74,10.0,0.27,55.5,92-93°F,lost,0.0,-10.27,2026-07-23T09:24:16Z
2026-07-21T09:44:06Z,highest-temperature-in-chicago-on-july-22-2026,chicago,2026-07-22,1,NO,72-73°F,0.55,18.18,10.0,0.225,46.5,72-73°F,won,18.18,7.96,2026-07-23T09:24:16Z
2026-07-21T09:44:06Z,highest-temperature-in-austin-on-july-22-2026,austin,2026-07-22,1,NO,104-105°F,0.58,17.24,10.0,0.21,43.0,104-105°F,won,17.24,7.03,2026-07-23T09:24:16Z
2026-07-21T09:44:06Z,highest-temperature-in-denver-on-july-22-2026,denver,2026-07-22,1,NO,92-93°F,0.57,17.54,10.0,0.215,43.5,92-93°F,won,17.54,7.32,2026-07-23T17:04:21Z
2026-07-21T09:44:06Z,highest-temperature-in-houston-on-july-22-2026,houston,2026-07-22,1,NO,100-101°F,0.62,16.13,10.0,0.19,38.5,100-101°F,won,16.13,5.94,2026-07-23T09:24:16Z
2026-07-21T09:44:06Z,highest-temperature-in-los-angeles-on-july-22-2026,los-angeles,2026-07-22,1,NO,78-79°F,0.63,15.87,10.0,0.185,37.5,78-79°F,won,15.87,5.68,2026-07-23T09:24:16Z
2026-07-21T09:44:06Z,highest-temperature-in-san-francisco-on-july-22-2026,san-francisco,2026-07-22,1,NO,74-75°F,0.69,14.49,10.0,0.155,31.5,74-75°F,won,14.49,4.33,2026-07-23T09:24:16Z
2026-07-21T09:44:06Z,highest-temperature-in-mexico-city-on-july-22-2026,mexico-city,2026-07-22,1,NO,27°C,0.59,16.95,10.0,0.205,42.5,27°C,lost,0.0,-10.21,2026-07-23T09:24:16Z
2026-07-21T09:44:06Z,highest-temperature-in-panama-city-on-july-22-2026,panama-city,2026-07-22,1,NO,31°C,0.66,15.15,10.0,0.17,35.5,31°C,won,15.15,4.98,2026-07-23T09:24:16Z
2026-07-21T09:44:06Z,highest-temperature-in-london-on-july-23-2026,london,2026-07-23,2,NO,25°C,0.62,16.13,10.0,0.19,38.5,25°C,won,16.13,5.94,2026-07-24T09:18:08Z
2026-07-21T09:44:06Z,highest-temperature-in-paris-on-july-23-2026,paris,2026-07-23,2,NO,25°C,0.67,14.93,10.0,0.1651,34.5,25°C,lost,0.0,-10.17,2026-07-24T09:18:08Z
2026-07-21T09:44:06Z,highest-temperature-in-seoul-on-july-23-2026,seoul,2026-07-23,2,NO,28°C,0.68,14.71,10.0,0.16,33.5,28°C,won,14.71,4.55,2026-07-24T09:18:08Z
2026-07-21T09:44:06Z,highest-temperature-in-ankara-on-july-23-2026,ankara,2026-07-23,2,NO,29°C,0.65,15.38,10.0,0.1749,36.5,29°C,won,15.38,5.21,2026-07-24T09:18:08Z
2026-07-21T09:44:06Z,highest-temperature-in-wellington-on-july-23-2026,wellington,2026-07-23,2,NO,14°C,0.48,20.83,10.0,0.26,53.5,14°C,lost,0.0,-10.26,2026-07-24T09:18:08Z
2026-07-21T09:44:06Z,highest-temperature-in-munich-on-july-23-2026,munich,2026-07-23,2,NO,22°C,0.65,15.38,10.0,0.1749,35.5,22°C,lost,0.0,-10.17,2026-07-24T09:18:08Z
2026-07-21T09:44:06Z,highest-temperature-in-tel-aviv-on-july-23-2026,tel-aviv,2026-07-23,2,NO,34°C,0.56,17.86,10.0,0.22,46.0,34°C,won,17.86,7.64,2026-07-24T09:18:08Z
2026-07-21T09:44:06Z,highest-temperature-in-tokyo-on-july-23-2026,tokyo,2026-07-23,2,NO,36°C,0.68,14.71,10.0,0.16,33.0,36°C,won,14.71,4.55,2026-07-24T09:18:08Z
2026-07-21T09:44:06Z,highest-temperature-in-hong-kong-on-july-23-2026,hong-kong,2026-07-23,2,NO,32°C,0.58,17.24,10.0,0.21,43.0,32°C,won,17.24,7.03,2026-07-24T09:18:08Z
2026-07-21T09:44:06Z,highest-temperature-in-shanghai-on-july-23-2026,shanghai,2026-07-23,2,NO,35°C,0.68,14.71,10.0,0.16,33.5,35°C,lost,0.0,-10.16,2026-07-24T09:18:08Z
2026-07-21T09:44:06Z,highest-temperature-in-singapore-on-july-23-2026,singapore,2026-07-23,2,NO,31°C,0.55,18.18,10.0,0.225,45.5,31°C,won,18.18,7.96,2026-07-24T09:18:08Z
2026-07-21T09:44:06Z,highest-temperature-in-milan-on-july-23-2026,milan,2026-07-23,2,NO,31°C,0.64,15.62,10.0,0.1799,37.5,31°C,won,15.62,5.44,2026-07-24T09:18:08Z
2026-07-21T09:44:06Z,highest-temperature-in-madrid-on-july-23-2026,madrid,2026-07-23,2,NO,39°C,0.62,16.13,10.0,0.19,38.5,39°C,won,16.13,5.94,2026-07-24T09:18:08Z
2026-07-21T09:44:06Z,highest-temperature-in-warsaw-on-july-23-2026,warsaw,2026-07-23,2,NO,19°C,0.68,14.71,10.0,0.16,32.5,19°C,lost,0.0,-10.16,2026-07-24T09:18:08Z
2026-07-21T09:44:06Z,highest-temperature-in-taipei-on-july-23-2026,taipei,2026-07-23,2,NO,35°C,0.67,14.93,10.0,0.1651,33.5,35°C,won,14.93,4.76,2026-07-24T09:18:08Z
2026-07-21T09:44:06Z,highest-temperature-in-chongqing-on-july-23-2026,chongqing,2026-07-23,2,NO,40°C,0.63,15.87,10.0,0.185,37.5,40°C,lost,0.0,-10.19,2026-07-24T09:18:08Z
2026-07-21T09:44:06Z,highest-temperature-in-wuhan-on-july-23-2026,wuhan,2026-07-23,2,NO,33°C,0.66,15.15,10.0,0.17,34.5,33°C,lost,0.0,-10.17,2026-07-24T09:18:08Z
2026-07-21T09:44:06Z,highest-temperature-in-shenzhen-on-july-23-2026,shenzhen,2026-07-23,2,NO,33°C,0.65,15.38,10.0,0.1749,36.0,33°C,lost,0.0,-10.17,2026-07-24T09:18:08Z
2026-07-21T09:44:06Z,highest-temperature-in-moscow-on-july-23-2026,moscow,2026-07-23,2,NO,22°C,0.7,14.29,10.0,0.15,31.0,22°C,lost,0.0,-10.15,2026-07-24T09:18:08Z
2026-07-21T09:44:06Z,highest-temperature-in-istanbul-on-july-23-2026,istanbul,2026-07-23,2,NO,25°C,0.52,19.23,10.0,0.24,49.5,25°C,won,19.23,8.99,2026-07-24T09:18:08Z
2026-07-21T09:44:06Z,highest-temperature-in-busan-on-july-23-2026,busan,2026-07-23,2,NO,33°C,0.6,16.67,10.0,0.2,41.5,33°C,won,16.67,6.47,2026-07-24T09:18:08Z
2026-07-21T09:44:06Z,highest-temperature-in-amsterdam-on-july-23-2026,amsterdam,2026-07-23,2,NO,19°C,0.66,15.15,10.0,0.17,34.5,19°C,won,15.15,4.98,2026-07-24T09:18:08Z
2026-07-21T09:44:06Z,highest-temperature-in-helsinki-on-july-23-2026,helsinki,2026-07-23,2,NO,20°C,0.68,14.71,10.0,0.16,32.5,20°C,lost,0.0,-10.16,2026-07-24T09:18:08Z
2026-07-21T09:44:06Z,highest-temperature-in-kuala-lumpur-on-july-23-2026,kuala-lumpur,2026-07-23,2,NO,32°C,0.6,16.67,10.0,0.2,41.5,32°C,lost,0.0,-10.2,2026-07-24T09:18:08Z
2026-07-21T09:44:06Z,highest-temperature-in-jeddah-on-july-23-2026,jeddah,2026-07-23,2,NO,>=39°C,0.42,23.81,10.0,0.29,59.0,>=39°C,lost,0.0,-10.29,2026-07-24T09:18:08Z
2026-07-21T09:44:06Z,highest-temperature-in-guangzhou-on-july-23-2026,guangzhou,2026-07-23,2,NO,35°C,0.67,14.93,10.0,0.1651,34.5,35°C,won,14.93,4.76,2026-07-24T09:18:08Z
2026-07-21T09:44:06Z,highest-temperature-in-qingdao-on-july-23-2026,qingdao,2026-07-23,2,NO,30°C,0.7,14.29,10.0,0.15,32.5,30°C,won,14.29,4.14,2026-07-24T09:18:08Z
2026-07-21T09:44:06Z,highest-temperature-in-manila-on-july-23-2026,manila,2026-07-23,2,NO,33°C,0.63,15.87,10.0,0.185,37.5,33°C,won,15.87,5.68,2026-07-24T09:18:08Z
2026-07-21T09:44:06Z,highest-temperature-in-lucknow-on-july-23-2026,lucknow,2026-07-23,2,NO,32°C,0.67,14.93,10.0,0.1651,33.5,32°C,won,14.93,4.76,2026-07-24T09:18:08Z
2026-07-21T09:44:06Z,highest-temperature-in-cape-town-on-july-23-2026,cape-town,2026-07-23,2,NO,15°C,0.7,14.29,10.0,0.15,31.0,15°C,lost,0.0,-10.15,2026-07-24T09:18:08Z
2026-07-21T09:44:06Z,highest-temperature-in-karachi-on-july-23-2026,karachi,2026-07-23,2,NO,34°C,0.55,18.18,10.0,0.225,46.0,34°C,won,18.18,7.96,2026-07-24T09:18:08Z
2026-07-22T09:46:12Z,highest-temperature-in-beijing-on-july-23-2026,beijing,2026-07-23,1,NO,29°C,0.7,14.29,10.0,0.15,30.5,29°C,won,14.29,4.14,2026-07-24T09:18:08Z
2026-07-22T09:46:12Z,highest-temperature-in-chengdu-on-july-23-2026,chengdu,2026-07-23,1,NO,39°C,0.7,14.29,10.0,0.15,30.5,39°C,won,14.29,4.14,2026-07-24T09:18:08Z
2026-07-22T09:46:12Z,highest-temperature-in-sao-paulo-on-july-23-2026,sao-paulo,2026-07-23,1,NO,21°C,0.67,14.93,10.0,0.1651,33.5,21°C,won,14.93,4.76,2026-07-24T09:18:08Z
2026-07-22T09:46:12Z,highest-temperature-in-buenos-aires-on-july-23-2026,buenos-aires,2026-07-23,1,NO,13°C,0.64,15.62,10.0,0.1799,37.0,13°C,won,15.62,5.44,2026-07-24T09:18:08Z
2026-07-22T09:46:12Z,highest-temperature-in-toronto-on-july-23-2026,toronto,2026-07-23,1,NO,25°C,0.54,18.52,10.0,0.23,46.5,25°C,won,18.52,8.29,2026-07-24T09:18:08Z
2026-07-22T09:46:12Z,highest-temperature-in-seattle-on-july-23-2026,seattle,2026-07-23,1,NO,76-77°F,0.69,14.49,10.0,0.155,31.5,76-77°F,won,14.49,4.33,2026-07-24T09:18:08Z
2026-07-22T09:46:12Z,highest-temperature-in-nyc-on-july-23-2026,nyc,2026-07-23,1,NO,80-81°F,0.52,19.23,10.0,0.24,49.0,80-81°F,lost,0.0,-10.24,2026-07-24T09:18:08Z
2026-07-22T09:46:12Z,highest-temperature-in-dallas-on-july-23-2026,dallas,2026-07-23,1,NO,100-101°F,0.56,17.86,10.0,0.22,44.5,100-101°F,won,17.86,7.64,2026-07-24T09:18:08Z
2026-07-22T09:46:12Z,highest-temperature-in-atlanta-on-july-23-2026,atlanta,2026-07-23,1,NO,90-91°F,0.61,16.39,10.0,0.195,39.5,90-91°F,won,16.39,6.2,2026-07-24T09:18:08Z
2026-07-22T09:46:12Z,highest-temperature-in-miami-on-july-23-2026,miami,2026-07-23,1,NO,92-93°F,0.51,19.61,10.0,0.245,49.5,92-93°F,lost,0.0,-10.24,2026-07-24T09:18:08Z
2026-07-22T09:46:12Z,highest-temperature-in-chicago-on-july-23-2026,chicago,2026-07-23,1,NO,78-79°F,0.6,16.67,10.0,0.2,40.5,78-79°F,won,16.67,6.47,2026-07-24T09:18:08Z
2026-07-22T09:46:12Z,highest-temperature-in-austin-on-july-23-2026,austin,2026-07-23,1,NO,98-99°F,0.53,18.87,10.0,0.235,47.5,98-99°F,lost,0.0,-10.23,2026-07-24T09:18:08Z
2026-07-22T09:46:12Z,highest-temperature-in-denver-on-july-23-2026,denver,2026-07-23,1,NO,86-87°F,0.64,15.62,10.0,0.1799,36.5,86-87°F,won,15.62,5.44,2026-07-24T09:18:08Z
2026-07-22T09:46:12Z,highest-temperature-in-los-angeles-on-july-23-2026,los-angeles,2026-07-23,1,NO,80-81°F,0.54,18.52,10.0,0.23,46.5,80-81°F,lost,0.0,-10.23,2026-07-24T09:18:08Z
2026-07-22T09:46:12Z,highest-temperature-in-san-francisco-on-july-23-2026,san-francisco,2026-07-23,1,NO,68-69°F,0.62,16.13,10.0,0.19,39.0,68-69°F,lost,0.0,-10.19,2026-07-24T09:18:08Z
2026-07-22T09:46:12Z,highest-temperature-in-mexico-city-on-july-23-2026,mexico-city,2026-07-23,1,NO,28°C,0.58,17.24,10.0,0.21,42.5,28°C,won,17.24,7.03,2026-07-24T09:18:08Z
2026-07-22T09:46:12Z,highest-temperature-in-panama-city-on-july-23-2026,panama-city,2026-07-23,1,NO,29°C,0.67,14.93,10.0,0.1651,33.5,29°C,lost,0.0,-10.17,2026-07-24T09:18:08Z
2026-07-22T09:46:12Z,highest-temperature-in-london-on-july-24-2026,london,2026-07-24,2,NO,28°C,0.66,15.15,10.0,0.17,35.0,28°C,lost,0.0,-10.17,2026-07-25T07:41:48Z
2026-07-22T09:46:12Z,highest-temperature-in-paris-on-july-24-2026,paris,2026-07-24,2,NO,28°C,0.54,18.52,10.0,0.23,46.5,28°C,lost,0.0,-10.23,2026-07-25T07:41:48Z
2026-07-22T09:46:12Z,highest-temperature-in-seoul-on-july-24-2026,seoul,2026-07-24,2,NO,30°C,0.69,14.49,10.0,0.155,31.5,30°C,won,14.49,4.33,2026-07-25T07:41:48Z
2026-07-22T09:46:12Z,highest-temperature-in-ankara-on-july-24-2026,ankara,2026-07-24,2,NO,28°C,0.61,16.39,10.0,0.195,41.0,28°C,won,16.39,6.2,2026-07-25T07:41:48Z
2026-07-22T09:46:12Z,highest-temperature-in-wellington-on-july-24-2026,wellington,2026-07-24,2,NO,14°C,0.45,22.22,10.0,0.275,55.5,14°C,lost,0.0,-10.28,2026-07-25T07:41:48Z
2026-07-22T09:46:12Z,highest-temperature-in-lucknow-on-july-24-2026,lucknow,2026-07-24,2,NO,32°C,0.64,15.62,10.0,0.1799,36.5,32°C,lost,0.0,-10.18,2026-07-25T07:41:48Z
2026-07-22T09:46:12Z,highest-temperature-in-munich-on-july-24-2026,munich,2026-07-24,2,NO,25°C,0.59,16.95,10.0,0.205,42.5,25°C,lost,0.0,-10.21,2026-07-25T07:41:48Z
2026-07-22T09:46:12Z,highest-temperature-in-tel-aviv-on-july-24-2026,tel-aviv,2026-07-24,2,NO,32°C,0.45,22.22,10.0,0.275,56.0,32°C,lost,0.0,-10.28,2026-07-25T07:41:48Z
2026-07-22T09:46:12Z,highest-temperature-in-hong-kong-on-july-24-2026,hong-kong,2026-07-24,2,NO,33°C,0.64,15.62,10.0,0.1799,36.5,33°C,lost,0.0,-10.18,2026-07-27T12:49:14Z
2026-07-22T09:46:12Z,highest-temperature-in-shanghai-on-july-24-2026,shanghai,2026-07-24,2,NO,36°C,0.66,15.15,10.0,0.17,34.5,36°C,lost,0.0,-10.17,2026-07-25T07:41:48Z
2026-07-22T09:46:12Z,highest-temperature-in-singapore-on-july-24-2026,singapore,2026-07-24,2,NO,32°C,0.56,17.86,10.0,0.22,44.5,32°C,lost,0.0,-10.22,2026-07-25T07:41:48Z
2026-07-22T09:46:12Z,highest-temperature-in-milan-on-july-24-2026,milan,2026-07-24,2,NO,31°C,0.62,16.13,10.0,0.19,40.0,31°C,won,16.13,5.94,2026-07-25T07:41:48Z
2026-07-22T09:46:12Z,highest-temperature-in-madrid-on-july-24-2026,madrid,2026-07-24,2,NO,34°C,0.55,18.18,10.0,0.225,45.5,34°C,won,18.18,7.96,2026-07-25T07:41:48Z
2026-07-22T09:46:12Z,highest-temperature-in-warsaw-on-july-24-2026,warsaw,2026-07-24,2,NO,21°C,0.59,16.95,10.0,0.205,41.5,21°C,won,16.95,6.74,2026-07-25T07:41:48Z
2026-07-22T09:46:12Z,highest-temperature-in-taipei-on-july-24-2026,taipei,2026-07-24,2,NO,36°C,0.64,15.62,10.0,0.1799,36.5,36°C,lost,0.0,-10.18,2026-07-25T07:41:48Z
2026-07-22T09:46:12Z,highest-temperature-in-chongqing-on-july-24-2026,chongqing,2026-07-24,2,NO,40°C,0.63,15.87,10.0,0.185,37.5,40°C,lost,0.0,-10.19,2026-07-25T07:41:48Z
2026-07-22T09:46:12Z,highest-temperature-in-beijing-on-july-24-2026,beijing,2026-07-24,2,NO,29°C,0.71,14.08,10.0,0.145,29.5,29°C,won,14.08,3.94,2026-07-25T07:41:48Z
2026-07-22T09:46:12Z,highest-temperature-in-wuhan-on-july-24-2026,wuhan,2026-07-24,2,NO,34°C,0.68,14.71,10.0,0.16,34.0,34°C,won,14.71,4.55,2026-07-25T07:41:48Z
2026-07-22T09:46:12Z,highest-temperature-in-shenzhen-on-july-24-2026,shenzhen,2026-07-24,2,NO,33°C,0.69,14.49,10.0,0.155,31.5,33°C,won,14.49,4.33,2026-07-25T07:41:48Z
2026-07-22T09:46:12Z,highest-temperature-in-moscow-on-july-24-2026,moscow,2026-07-24,2,NO,22°C,0.65,15.38,10.0,0.1749,35.5,22°C,lost,0.0,-10.17,2026-07-25T07:41:48Z
2026-07-22T09:46:12Z,highest-temperature-in-istanbul-on-july-24-2026,istanbul,2026-07-24,2,NO,24°C,0.69,14.49,10.0,0.155,31.5,24°C,won,14.49,4.33,2026-07-25T07:41:48Z
2026-07-22T09:46:12Z,highest-temperature-in-busan-on-july-24-2026,busan,2026-07-24,2,NO,34°C,0.62,16.13,10.0,0.19,39.5,34°C,won,16.13,5.94,2026-07-25T07:41:48Z
2026-07-22T09:46:12Z,highest-temperature-in-amsterdam-on-july-24-2026,amsterdam,2026-07-24,2,NO,23°C,0.55,18.18,10.0,0.225,45.5,23°C,won,18.18,7.96,2026-07-25T07:41:48Z
2026-07-22T09:46:12Z,highest-temperature-in-helsinki-on-july-24-2026,helsinki,2026-07-24,2,NO,21°C,0.59,16.95,10.0,0.205,42.0,21°C,lost,0.0,-10.21,2026-07-25T07:41:48Z
2026-07-22T09:46:12Z,highest-temperature-in-kuala-lumpur-on-july-24-2026,kuala-lumpur,2026-07-24,2,NO,32°C,0.6,16.67,10.0,0.2,40.5,32°C,lost,0.0,-10.2,2026-07-25T07:41:48Z
2026-07-22T09:46:12Z,highest-temperature-in-jeddah-on-july-24-2026,jeddah,2026-07-24,2,NO,>=41°C,0.67,14.93,10.0,0.1651,34.0,>=41°C,won,14.93,4.76,2026-07-25T07:41:48Z
2026-07-22T09:46:12Z,highest-temperature-in-cape-town-on-july-24-2026,cape-town,2026-07-24,2,NO,18°C,0.64,15.62,10.0,0.1799,36.5,18°C,lost,0.0,-10.18,2026-07-25T07:41:48Z
2026-07-22T09:46:12Z,highest-temperature-in-guangzhou-on-july-24-2026,guangzhou,2026-07-24,2,NO,36°C,0.63,15.87,10.0,0.185,37.5,36°C,lost,0.0,-10.19,2026-07-25T07:41:48Z
2026-07-22T09:46:12Z,highest-temperature-in-qingdao-on-july-24-2026,qingdao,2026-07-24,2,NO,30°C,0.74,13.51,10.0,0.13,28.5,30°C,lost,0.0,-10.13,2026-07-25T07:41:48Z
2026-07-22T09:46:12Z,highest-temperature-in-karachi-on-july-24-2026,karachi,2026-07-24,2,NO,35°C,0.62,16.13,10.0,0.19,39.0,35°C,lost,0.0,-10.19,2026-07-25T07:41:48Z
2026-07-22T09:46:12Z,highest-temperature-in-manila-on-july-24-2026,manila,2026-07-24,2,NO,32°C,0.63,15.87,10.0,0.185,37.5,32°C,won,15.87,5.68,2026-07-25T07:41:48Z
2026-07-23T09:24:16Z,highest-temperature-in-houston-on-july-23-2026,houston,2026-07-23,0,NO,90-91°F,0.59,16.95,10.0,0.205,42.0,90-91°F,lost,0.0,-10.21,2026-07-24T09:18:08Z
2026-07-23T09:24:16Z,highest-temperature-in-tokyo-on-july-24-2026,tokyo,2026-07-24,1,NO,32°C,0.62,16.13,10.0,0.19,39.0,32°C,won,16.13,5.94,2026-07-25T07:41:48Z
2026-07-23T09:24:16Z,highest-temperature-in-chengdu-on-july-24-2026,chengdu,2026-07-24,1,NO,39°C,0.7,14.29,10.0,0.15,31.0,39°C,lost,0.0,-10.15,2026-07-25T07:41:48Z
2026-07-23T09:24:16Z,highest-temperature-in-sao-paulo-on-july-24-2026,sao-paulo,2026-07-24,1,NO,18°C,0.63,15.87,10.0,0.185,37.5,18°C,won,15.87,5.68,2026-07-25T07:41:48Z
2026-07-23T09:24:16Z,highest-temperature-in-buenos-aires-on-july-24-2026,buenos-aires,2026-07-24,1,NO,16°C,0.67,14.93,10.0,0.1651,34.0,16°C,won,14.93,4.76,2026-07-25T07:41:48Z
2026-07-23T09:24:16Z,highest-temperature-in-toronto-on-july-24-2026,toronto,2026-07-24,1,NO,26°C,0.57,17.54,10.0,0.215,44.0,26°C,won,17.54,7.32,2026-07-25T07:41:48Z
2026-07-23T09:24:16Z,highest-temperature-in-seattle-on-july-24-2026,seattle,2026-07-24,1,NO,80-81°F,0.67,14.93,10.0,0.1651,33.5,80-81°F,won,14.93,4.76,2026-07-25T15:50:00Z
2026-07-23T09:24:16Z,highest-temperature-in-nyc-on-july-24-2026,nyc,2026-07-24,1,NO,82-83°F,0.58,17.24,10.0,0.21,42.5,82-83°F,lost,0.0,-10.21,2026-07-25T07:41:48Z
2026-07-23T09:24:16Z,highest-temperature-in-dallas-on-july-24-2026,dallas,2026-07-24,1,NO,96-97°F,0.66,15.15,10.0,0.17,34.5,96-97°F,won,15.15,4.98,2026-07-25T07:41:48Z
2026-07-23T09:24:16Z,highest-temperature-in-atlanta-on-july-24-2026,atlanta,2026-07-24,1,NO,86-87°F,0.68,14.71,10.0,0.16,33.5,86-87°F,won,14.71,4.55,2026-07-25T07:41:48Z
2026-07-23T09:24:16Z,highest-temperature-in-miami-on-july-24-2026,miami,2026-07-24,1,NO,90-91°F,0.51,19.61,10.0,0.245,49.5,90-91°F,won,19.61,9.37,2026-07-25T07:41:48Z
2026-07-23T09:24:16Z,highest-temperature-in-chicago-on-july-24-2026,chicago,2026-07-24,1,NO,80-81°F,0.6,16.67,10.0,0.2,40.5,80-81°F,won,16.67,6.47,2026-07-25T07:41:48Z
2026-07-23T09:24:16Z,highest-temperature-in-austin-on-july-24-2026,austin,2026-07-24,1,NO,96-97°F,0.58,17.24,10.0,0.21,42.5,96-97°F,won,17.24,7.03,2026-07-25T07:41:48Z
2026-07-23T09:24:16Z,highest-temperature-in-denver-on-july-24-2026,denver,2026-07-24,1,NO,94-95°F,0.56,17.86,10.0,0.22,45.0,94-95°F,won,17.86,7.64,2026-07-25T15:50:00Z
2026-07-23T09:24:16Z,highest-temperature-in-houston-on-july-24-2026,houston,2026-07-24,1,NO,94-95°F,0.61,16.39,10.0,0.195,39.5,94-95°F,won,16.39,6.2,2026-07-25T07:41:48Z
2026-07-23T09:24:16Z,highest-temperature-in-los-angeles-on-july-24-2026,los-angeles,2026-07-24,1,NO,80-81°F,0.59,16.95,10.0,0.205,41.5,80-81°F,won,16.95,6.74,2026-07-25T15:50:00Z
2026-07-23T09:24:16Z,highest-temperature-in-san-francisco-on-july-24-2026,san-francisco,2026-07-24,1,NO,68-69°F,0.68,14.71,10.0,0.16,33.5,68-69°F,won,14.71,4.55,2026-07-25T15:50:00Z
2026-07-23T09:24:16Z,highest-temperature-in-mexico-city-on-july-24-2026,mexico-city,2026-07-24,1,NO,28°C,0.63,15.87,10.0,0.185,38.0,28°C,won,15.87,5.68,2026-07-25T15:50:00Z
2026-07-23T09:24:16Z,highest-temperature-in-panama-city-on-july-24-2026,panama-city,2026-07-24,1,NO,31°C,0.63,15.87,10.0,0.185,37.5,31°C,won,15.87,5.68,2026-07-25T07:41:48Z
2026-07-23T09:24:16Z,highest-temperature-in-london-on-july-25-2026,london,2026-07-25,2,NO,28°C,0.63,15.87,10.0,0.185,38.0,28°C,won,15.87,5.68,2026-07-26T05:49:26Z
2026-07-23T09:24:16Z,highest-temperature-in-paris-on-july-25-2026,paris,2026-07-25,2,NO,30°C,0.65,15.38,10.0,0.1749,36.0,30°C,lost,0.0,-10.17,2026-07-26T05:49:26Z
2026-07-23T09:24:16Z,highest-temperature-in-seoul-on-july-25-2026,seoul,2026-07-25,2,NO,29°C,0.68,14.71,10.0,0.16,32.5,29°C,won,14.71,4.55,2026-07-26T05:49:26Z
2026-07-23T09:24:16Z,highest-temperature-in-ankara-on-july-25-2026,ankara,2026-07-25,2,NO,21°C,0.73,13.7,10.0,0.135,29.5,21°C,won,13.7,3.56,2026-07-26T05:49:26Z
2026-07-23T09:24:16Z,highest-temperature-in-wellington-on-july-25-2026,wellington,2026-07-25,2,NO,12°C,0.55,18.18,10.0,0.225,45.5,12°C,lost,0.0,-10.22,2026-07-26T05:49:26Z
2026-07-23T09:24:16Z,highest-temperature-in-munich-on-july-25-2026,munich,2026-07-25,2,NO,30°C,0.63,15.87,10.0,0.185,37.5,30°C,won,15.87,5.68,2026-07-26T05:49:26Z
2026-07-23T09:24:16Z,highest-temperature-in-tel-aviv-on-july-25-2026,tel-aviv,2026-07-25,2,NO,34°C,0.49,20.41,10.0,0.255,52.5,34°C,won,20.41,10.15,2026-07-26T05:49:26Z
2026-07-23T09:24:16Z,highest-temperature-in-tokyo-on-july-25-2026,tokyo,2026-07-25,2,NO,32°C,0.67,14.93,10.0,0.1651,34.0,32°C,won,14.93,4.76,2026-07-26T05:49:26Z
2026-07-23T09:24:16Z,highest-temperature-in-hong-kong-on-july-25-2026,hong-kong,2026-07-25,2,NO,33°C,0.65,15.38,10.0,0.1749,36.5,33°C,won,15.38,5.21,2026-07-27T12:49:14Z
2026-07-23T09:24:16Z,highest-temperature-in-shanghai-on-july-25-2026,shanghai,2026-07-25,2,NO,35°C,0.68,14.71,10.0,0.16,33.5,35°C,lost,0.0,-10.16,2026-07-26T05:49:26Z
2026-07-23T09:24:16Z,highest-temperature-in-singapore-on-july-25-2026,singapore,2026-07-25,2,NO,30°C,0.66,15.15,10.0,0.17,36.0,30°C,lost,0.0,-10.17,2026-07-26T05:49:26Z
2026-07-23T09:24:16Z,highest-temperature-in-milan-on-july-25-2026,milan,2026-07-25,2,NO,29°C,0.71,14.08,10.0,0.145,30.5,29°C,won,14.08,3.94,2026-07-26T05:49:26Z
2026-07-23T09:24:16Z,highest-temperature-in-madrid-on-july-25-2026,madrid,2026-07-25,2,NO,29°C,0.62,16.13,10.0,0.19,39.5,29°C,lost,0.0,-10.19,2026-07-26T05:49:26Z
2026-07-23T09:24:16Z,highest-temperature-in-warsaw-on-july-25-2026,warsaw,2026-07-25,2,NO,25°C,0.6,16.67,10.0,0.2,41.5,25°C,won,16.67,6.47,2026-07-26T05:49:26Z
2026-07-23T09:24:16Z,highest-temperature-in-taipei-on-july-25-2026,taipei,2026-07-25,2,NO,34°C,0.68,14.71,10.0,0.16,33.0,34°C,won,14.71,4.55,2026-07-26T05:49:26Z
2026-07-23T09:24:16Z,highest-temperature-in-chongqing-on-july-25-2026,chongqing,2026-07-25,2,NO,40°C,0.67,14.93,10.0,0.1651,33.5,40°C,won,14.93,4.76,2026-07-26T05:49:26Z
2026-07-23T09:24:16Z,highest-temperature-in-beijing-on-july-25-2026,beijing,2026-07-25,2,NO,32°C,0.69,14.49,10.0,0.155,32.0,32°C,won,14.49,4.33,2026-07-26T05:49:26Z
2026-07-23T09:24:16Z,highest-temperature-in-wuhan-on-july-25-2026,wuhan,2026-07-25,2,NO,36°C,0.67,14.93,10.0,0.1651,34.5,36°C,lost,0.0,-10.17,2026-07-26T05:49:26Z
2026-07-23T09:24:16Z,highest-temperature-in-shenzhen-on-july-25-2026,shenzhen,2026-07-25,2,NO,34°C,0.66,15.15,10.0,0.17,34.5,34°C,won,15.15,4.98,2026-07-26T05:49:26Z
2026-07-23T09:24:16Z,highest-temperature-in-istanbul-on-july-25-2026,istanbul,2026-07-25,2,NO,23°C,0.74,13.51,10.0,0.13,29.0,23°C,lost,0.0,-10.13,2026-07-26T05:49:26Z
2026-07-23T09:24:16Z,highest-temperature-in-busan-on-july-25-2026,busan,2026-07-25,2,NO,34°C,0.65,15.38,10.0,0.1749,35.5,34°C,won,15.38,5.21,2026-07-26T05:49:26Z
2026-07-23T09:24:16Z,highest-temperature-in-amsterdam-on-july-25-2026,amsterdam,2026-07-25,2,NO,24°C,0.64,15.62,10.0,0.1799,38.5,24°C,won,15.62,5.44,2026-07-26T05:49:26Z
2026-07-23T09:24:16Z,highest-temperature-in-helsinki-on-july-25-2026,helsinki,2026-07-25,2,NO,20°C,0.63,15.87,10.0,0.185,37.5,20°C,lost,0.0,-10.19,2026-07-26T05:49:26Z
2026-07-23T09:24:16Z,highest-temperature-in-kuala-lumpur-on-july-25-2026,kuala-lumpur,2026-07-25,2,NO,30°C,0.7,14.29,10.0,0.15,31.5,30°C,lost,0.0,-10.15,2026-07-26T05:49:26Z
2026-07-23T09:24:16Z,highest-temperature-in-jeddah-on-july-25-2026,jeddah,2026-07-25,2,NO,40°C,0.64,15.62,10.0,0.1799,36.5,40°C,lost,0.0,-10.18,2026-07-26T05:49:26Z
2026-07-23T09:24:16Z,highest-temperature-in-guangzhou-on-july-25-2026,guangzhou,2026-07-25,2,NO,37°C,0.65,15.38,10.0,0.1749,36.5,37°C,lost,0.0,-10.17,2026-07-26T05:49:26Z
2026-07-23T09:24:16Z,highest-temperature-in-manila-on-july-25-2026,manila,2026-07-25,2,NO,31°C,0.65,15.38,10.0,0.1749,35.5,31°C,won,15.38,5.21,2026-07-26T05:49:26Z
2026-07-23T09:24:16Z,highest-temperature-in-lucknow-on-july-25-2026,lucknow,2026-07-25,2,NO,33°C,0.65,15.38,10.0,0.1749,37.0,33°C,won,15.38,5.21,2026-07-26T05:49:26Z
2026-07-23T09:24:16Z,highest-temperature-in-cape-town-on-july-25-2026,cape-town,2026-07-25,2,NO,20°C,0.67,14.93,10.0,0.1651,34.5,20°C,won,14.93,4.76,2026-07-26T05:49:26Z
2026-07-23T09:24:16Z,highest-temperature-in-karachi-on-july-25-2026,karachi,2026-07-25,2,NO,34°C,0.59,16.95,10.0,0.205,42.0,34°C,won,16.95,6.74,2026-07-26T05:49:26Z
2026-07-24T09:18:08Z,highest-temperature-in-chengdu-on-july-25-2026,chengdu,2026-07-25,1,NO,39°C,0.68,14.71,10.0,0.16,33.5,39°C,won,14.71,4.55,2026-07-26T05:49:26Z
2026-07-24T09:18:08Z,highest-temperature-in-moscow-on-july-25-2026,moscow,2026-07-25,1,NO,21°C,0.72,13.89,10.0,0.14,29.0,21°C,won,13.89,3.75,2026-07-26T05:49:26Z
2026-07-24T09:18:08Z,highest-temperature-in-sao-paulo-on-july-25-2026,sao-paulo,2026-07-25,1,NO,22°C,0.63,15.87,10.0,0.185,37.5,22°C,won,15.87,5.68,2026-07-26T05:49:26Z
2026-07-24T09:18:08Z,highest-temperature-in-buenos-aires-on-july-25-2026,buenos-aires,2026-07-25,1,NO,17°C,0.66,15.15,10.0,0.17,35.0,17°C,won,15.15,4.98,2026-07-26T05:49:26Z
2026-07-24T09:18:08Z,highest-temperature-in-toronto-on-july-25-2026,toronto,2026-07-25,1,NO,27°C,0.65,15.38,10.0,0.1749,35.5,27°C,won,15.38,5.21,2026-07-26T05:49:26Z
2026-07-24T09:18:08Z,highest-temperature-in-nyc-on-july-25-2026,nyc,2026-07-25,1,NO,82-83°F,0.64,15.62,10.0,0.1799,37.0,82-83°F,won,15.62,5.44,2026-07-26T05:49:26Z
2026-07-24T09:18:08Z,highest-temperature-in-dallas-on-july-25-2026,dallas,2026-07-25,1,NO,98-99°F,0.62,16.13,10.0,0.19,38.5,98-99°F,lost,0.0,-10.19,2026-07-26T09:05:28Z
2026-07-24T09:18:08Z,highest-temperature-in-atlanta-on-july-25-2026,atlanta,2026-07-25,1,NO,86-87°F,0.68,14.71,10.0,0.16,33.0,86-87°F,won,14.71,4.55,2026-07-26T05:49:26Z
2026-07-24T09:18:08Z,highest-temperature-in-miami-on-july-25-2026,miami,2026-07-25,1,NO,90-91°F,0.59,16.95,10.0,0.205,42.0,90-91°F,won,16.95,6.74,2026-07-26T05:49:26Z
2026-07-24T09:18:08Z,highest-temperature-in-chicago-on-july-25-2026,chicago,2026-07-25,1,NO,82-83°F,0.69,14.49,10.0,0.155,32.5,82-83°F,won,14.49,4.33,2026-07-26T09:05:28Z
2026-07-24T09:18:08Z,highest-temperature-in-austin-on-july-25-2026,austin,2026-07-25,1,NO,96-97°F,0.54,18.52,10.0,0.23,46.5,96-97°F,lost,0.0,-10.23,2026-07-26T09:05:28Z
2026-07-24T09:18:08Z,highest-temperature-in-denver-on-july-25-2026,denver,2026-07-25,1,NO,98-99°F,0.51,19.61,10.0,0.245,50.5,98-99°F,won,19.61,9.37,2026-07-26T09:05:28Z
2026-07-24T09:18:08Z,highest-temperature-in-houston-on-july-25-2026,houston,2026-07-25,1,NO,92-93°F,0.54,18.52,10.0,0.23,46.5,92-93°F,lost,0.0,-10.23,2026-07-26T09:05:28Z
2026-07-24T09:18:08Z,highest-temperature-in-los-angeles-on-july-25-2026,los-angeles,2026-07-25,1,NO,80-81°F,0.61,16.39,10.0,0.195,40.0,80-81°F,won,16.39,6.2,2026-07-26T09:05:28Z
2026-07-24T09:18:08Z,highest-temperature-in-san-francisco-on-july-25-2026,san-francisco,2026-07-25,1,NO,70-71°F,0.67,14.93,10.0,0.1651,33.5,70-71°F,lost,0.0,-10.17,2026-07-26T09:05:28Z
2026-07-24T09:18:08Z,highest-temperature-in-mexico-city-on-july-25-2026,mexico-city,2026-07-25,1,NO,27°C,0.58,17.24,10.0,0.21,42.5,27°C,lost,0.0,-10.21,2026-07-26T09:05:28Z
2026-07-24T09:18:08Z,highest-temperature-in-panama-city-on-july-25-2026,panama-city,2026-07-25,1,NO,32°C,0.61,16.39,10.0,0.195,39.5,32°C,won,16.39,6.2,2026-07-26T05:49:26Z
2026-07-24T09:18:08Z,highest-temperature-in-london-on-july-26-2026,london,2026-07-26,2,NO,25°C,0.68,14.71,10.0,0.16,33.0,25°C,won,14.71,4.55,2026-07-27T12:49:14Z
2026-07-24T09:18:08Z,highest-temperature-in-paris-on-july-26-2026,paris,2026-07-26,2,NO,24°C,0.68,14.71,10.0,0.16,32.5,24°C,won,14.71,4.55,2026-07-27T12:49:14Z
2026-07-24T09:18:08Z,highest-temperature-in-seoul-on-july-26-2026,seoul,2026-07-26,2,NO,30°C,0.6,16.67,10.0,0.2,42.0,30°C,won,16.67,6.47,2026-07-27T12:49:14Z
2026-07-24T09:18:08Z,highest-temperature-in-ankara-on-july-26-2026,ankara,2026-07-26,2,NO,23°C,0.66,15.15,10.0,0.17,36.5,23°C,won,15.15,4.98,2026-07-27T12:49:14Z
2026-07-24T09:18:08Z,highest-temperature-in-wellington-on-july-26-2026,wellington,2026-07-26,2,NO,10°C,0.5,20.0,10.0,0.25,50.5,10°C,lost,0.0,-10.25,2026-07-27T12:49:14Z
2026-07-24T09:18:08Z,highest-temperature-in-munich-on-july-26-2026,munich,2026-07-26,2,NO,27°C,0.7,14.29,10.0,0.15,32.0,27°C,lost,0.0,-10.15,2026-07-27T12:49:14Z
2026-07-24T09:18:08Z,highest-temperature-in-tel-aviv-on-july-26-2026,tel-aviv,2026-07-26,2,NO,31°C,0.44,22.73,10.0,0.28,57.5,31°C,lost,0.0,-10.28,2026-07-27T12:49:14Z
2026-07-24T09:18:08Z,highest-temperature-in-tokyo-on-july-26-2026,tokyo,2026-07-26,2,NO,31°C,0.7,14.29,10.0,0.15,30.5,31°C,won,14.29,4.14,2026-07-27T12:49:14Z
2026-07-24T09:18:08Z,highest-temperature-in-hong-kong-on-july-26-2026,hong-kong,2026-07-26,2,NO,29°C,0.63,15.87,10.0,0.185,38.0,29°C,won,15.87,5.68,2026-07-27T12:49:14Z
2026-07-24T09:18:08Z,highest-temperature-in-shanghai-on-july-26-2026,shanghai,2026-07-26,2,NO,35°C,0.66,15.15,10.0,0.17,34.5,35°C,lost,0.0,-10.17,2026-07-27T12:49:14Z
2026-07-24T09:18:08Z,highest-temperature-in-singapore-on-july-26-2026,singapore,2026-07-26,2,NO,30°C,0.66,15.15,10.0,0.17,34.5,30°C,lost,0.0,-10.17,2026-07-27T12:49:14Z
2026-07-24T09:18:08Z,highest-temperature-in-milan-on-july-26-2026,milan,2026-07-26,2,NO,28°C,0.67,14.93,10.0,0.1651,34.5,28°C,won,14.93,4.76,2026-07-27T12:49:14Z
2026-07-24T09:18:08Z,highest-temperature-in-madrid-on-july-26-2026,madrid,2026-07-26,2,NO,32°C,0.55,18.18,10.0,0.225,45.5,32°C,won,18.18,7.96,2026-07-27T12:49:14Z
2026-07-24T09:18:08Z,highest-temperature-in-warsaw-on-july-26-2026,warsaw,2026-07-26,2,NO,30°C,0.65,15.38,10.0,0.1749,37.0,30°C,won,15.38,5.21,2026-07-27T12:49:14Z
2026-07-24T09:18:08Z,highest-temperature-in-taipei-on-july-26-2026,taipei,2026-07-26,2,NO,35°C,0.72,13.89,10.0,0.14,29.0,35°C,won,13.89,3.75,2026-07-27T12:49:14Z
2026-07-24T09:18:08Z,highest-temperature-in-chongqing-on-july-26-2026,chongqing,2026-07-26,2,NO,41°C,0.67,14.93,10.0,0.1651,33.5,41°C,lost,0.0,-10.17,2026-07-27T12:49:14Z
2026-07-24T09:18:08Z,highest-temperature-in-wuhan-on-july-26-2026,wuhan,2026-07-26,2,NO,35°C,0.7,14.29,10.0,0.15,31.0,35°C,won,14.29,4.14,2026-07-27T12:49:14Z
2026-07-24T09:18:08Z,highest-temperature-in-istanbul-on-july-26-2026,istanbul,2026-07-26,2,NO,27°C,0.57,17.54,10.0,0.215,44.0,27°C,won,17.54,7.32,2026-07-27T12:49:14Z
2026-07-24T09:18:08Z,highest-temperature-in-amsterdam-on-july-26-2026,amsterdam,2026-07-26,2,NO,21°C,0.71,14.08,10.0,0.145,29.5,21°C,won,14.08,3.94,2026-07-27T12:49:14Z
2026-07-24T09:18:08Z,highest-temperature-in-helsinki-on-july-26-2026,helsinki,2026-07-26,2,NO,20°C,0.71,14.08,10.0,0.145,30.0,20°C,won,14.08,3.94,2026-07-27T12:49:14Z
2026-07-24T09:18:08Z,highest-temperature-in-kuala-lumpur-on-july-26-2026,kuala-lumpur,2026-07-26,2,NO,32°C,0.69,14.49,10.0,0.155,32.0,32°C,won,14.49,4.33,2026-07-27T12:49:14Z
2026-07-24T09:18:08Z,highest-temperature-in-jeddah-on-july-26-2026,jeddah,2026-07-26,2,NO,40°C,0.75,13.33,10.0,0.125,28.0,40°C,lost,0.0,-10.12,2026-07-27T12:49:14Z
2026-07-24T09:18:08Z,highest-temperature-in-lucknow-on-july-26-2026,lucknow,2026-07-26,2,NO,35°C,0.64,15.62,10.0,0.1799,36.5,35°C,won,15.62,5.44,2026-07-27T12:49:14Z
2026-07-24T09:18:08Z,highest-temperature-in-cape-town-on-july-26-2026,cape-town,2026-07-26,2,NO,22°C,0.69,14.49,10.0,0.155,31.5,22°C,won,14.49,4.33,2026-07-27T12:49:14Z
2026-07-24T09:18:08Z,highest-temperature-in-karachi-on-july-26-2026,karachi,2026-07-26,2,NO,34°C,0.66,15.15,10.0,0.17,35.5,34°C,won,15.15,4.98,2026-07-27T12:49:14Z
2026-07-25T07:41:48Z,highest-temperature-in-seattle-on-july-25-2026,seattle,2026-07-25,0,NO,70-71°F,0.61,16.39,10.0,0.195,40.0,70-71°F,won,16.39,6.2,2026-07-26T09:05:28Z
2026-07-25T07:41:48Z,highest-temperature-in-beijing-on-july-26-2026,beijing,2026-07-26,1,NO,33°C,0.68,14.71,10.0,0.16,32.5,33°C,won,14.71,4.55,2026-07-27T12:49:14Z
2026-07-25T07:41:48Z,highest-temperature-in-moscow-on-july-26-2026,moscow,2026-07-26,1,NO,21°C,0.69,14.49,10.0,0.155,32.0,21°C,won,14.49,4.33,2026-07-27T12:49:14Z
2026-07-25T07:41:48Z,highest-temperature-in-busan-on-july-26-2026,busan,2026-07-26,1,NO,36°C,0.64,15.62,10.0,0.1799,36.5,36°C,won,15.62,5.44,2026-07-27T12:49:14Z
2026-07-25T07:41:48Z,highest-temperature-in-qingdao-on-july-26-2026,qingdao,2026-07-26,1,NO,>=33°C,0.66,15.15,10.0,0.17,34.5,>=33°C,won,15.15,4.98,2026-07-27T12:49:14Z
2026-07-25T07:41:48Z,highest-temperature-in-manila-on-july-26-2026,manila,2026-07-26,1,NO,32°C,0.71,14.08,10.0,0.145,29.5,32°C,won,14.08,3.94,2026-07-27T12:49:14Z
2026-07-25T07:41:48Z,highest-temperature-in-sao-paulo-on-july-26-2026,sao-paulo,2026-07-26,1,NO,25°C,0.7,14.29,10.0,0.15,30.5,25°C,lost,0.0,-10.15,2026-07-27T12:49:14Z
2026-07-25T07:41:48Z,highest-temperature-in-buenos-aires-on-july-26-2026,buenos-aires,2026-07-26,1,NO,20°C,0.71,14.08,10.0,0.145,29.5,20°C,lost,0.0,-10.14,2026-07-27T12:49:14Z
2026-07-25T07:41:48Z,highest-temperature-in-toronto-on-july-26-2026,toronto,2026-07-26,1,NO,28°C,0.7,14.29,10.0,0.15,30.5,28°C,won,14.29,4.14,2026-07-27T12:49:14Z
2026-07-25T07:41:48Z,highest-temperature-in-seattle-on-july-26-2026,seattle,2026-07-26,1,NO,70-71°F,0.69,14.49,10.0,0.155,31.5,70-71°F,won,14.49,4.33,2026-07-27T12:49:14Z
2026-07-25T07:41:48Z,highest-temperature-in-nyc-on-july-26-2026,nyc,2026-07-26,1,NO,82-83°F,0.62,16.13,10.0,0.19,38.5,82-83°F,lost,0.0,-10.19,2026-07-27T12:49:14Z
2026-07-25T07:41:48Z,highest-temperature-in-dallas-on-july-26-2026,dallas,2026-07-26,1,NO,100-101°F,0.66,15.15,10.0,0.17,35.5,100-101°F,won,15.15,4.98,2026-07-27T12:49:14Z
2026-07-25T07:41:48Z,highest-temperature-in-atlanta-on-july-26-2026,atlanta,2026-07-26,1,NO,90-91°F,0.62,16.13,10.0,0.19,39.0,90-91°F,lost,0.0,-10.19,2026-07-27T12:49:14Z
2026-07-25T07:41:48Z,highest-temperature-in-miami-on-july-26-2026,miami,2026-07-26,1,NO,92-93°F,0.55,18.18,10.0,0.225,45.5,92-93°F,won,18.18,7.96,2026-07-27T12:49:14Z
2026-07-25T07:41:48Z,highest-temperature-in-chicago-on-july-26-2026,chicago,2026-07-26,1,NO,90-91°F,0.72,13.89,10.0,0.14,29.5,90-91°F,lost,0.0,-10.14,2026-07-27T12:49:14Z
2026-07-25T07:41:48Z,highest-temperature-in-austin-on-july-26-2026,austin,2026-07-26,1,NO,96-97°F,0.54,18.52,10.0,0.23,46.5,96-97°F,lost,0.0,-10.23,2026-07-27T12:49:14Z
2026-07-25T07:41:48Z,highest-temperature-in-denver-on-july-26-2026,denver,2026-07-26,1,NO,100-101°F,0.5,20.0,10.0,0.25,51.0,100-101°F,lost,0.0,-10.25,2026-07-27T12:49:14Z
2026-07-25T07:41:48Z,highest-temperature-in-houston-on-july-26-2026,houston,2026-07-26,1,NO,94-95°F,0.5,20.0,10.0,0.25,50.5,94-95°F,lost,0.0,-10.25,2026-07-27T12:49:14Z
2026-07-25T07:41:48Z,highest-temperature-in-los-angeles-on-july-26-2026,los-angeles,2026-07-26,1,NO,80-81°F,0.6,16.67,10.0,0.2,41.5,80-81°F,won,16.67,6.47,2026-07-27T12:49:14Z
2026-07-25T07:41:48Z,highest-temperature-in-san-francisco-on-july-26-2026,san-francisco,2026-07-26,1,NO,68-69°F,0.67,14.93,10.0,0.1651,34.5,68-69°F,lost,0.0,-10.17,2026-07-27T12:49:14Z
2026-07-25T07:41:48Z,highest-temperature-in-mexico-city-on-july-26-2026,mexico-city,2026-07-26,1,NO,25°C,0.61,16.39,10.0,0.195,39.5,25°C,won,16.39,6.2,2026-07-27T12:49:14Z
2026-07-25T07:41:48Z,highest-temperature-in-panama-city-on-july-26-2026,panama-city,2026-07-26,1,NO,32°C,0.57,17.54,10.0,0.215,43.5,32°C,lost,0.0,-10.21,2026-07-27T12:49:14Z
2026-07-25T07:41:48Z,highest-temperature-in-london-on-july-27-2026,london,2026-07-27,2,NO,27°C,0.65,15.38,10.0,0.1749,35.5,27°C,lost,0.0,-10.17,2026-07-28T10:22:11Z
2026-07-25T07:41:48Z,highest-temperature-in-paris-on-july-27-2026,paris,2026-07-27,2,NO,28°C,0.64,15.62,10.0,0.1799,36.5,28°C,won,15.62,5.44,2026-07-28T10:22:11Z
2026-07-25T07:41:48Z,highest-temperature-in-seoul-on-july-27-2026,seoul,2026-07-27,2,NO,31°C,0.67,14.93,10.0,0.1651,36.0,31°C,lost,0.0,-10.17,2026-07-28T10:22:11Z
2026-07-25T07:41:48Z,highest-temperature-in-ankara-on-july-27-2026,ankara,2026-07-27,2,NO,27°C,0.57,17.54,10.0,0.215,44.5,27°C,won,17.54,7.32,2026-07-28T10:22:11Z
2026-07-25T07:41:48Z,highest-temperature-in-wellington-on-july-27-2026,wellington,2026-07-27,2,NO,11°C,0.53,18.87,10.0,0.235,48.5,11°C,lost,0.0,-10.23,2026-07-28T10:22:11Z
2026-07-25T07:41:48Z,highest-temperature-in-munich-on-july-27-2026,munich,2026-07-27,2,NO,26°C,0.7,14.29,10.0,0.15,32.0,26°C,won,14.29,4.14,2026-07-28T10:22:11Z
2026-07-25T07:41:48Z,highest-temperature-in-tel-aviv-on-july-27-2026,tel-aviv,2026-07-27,2,NO,32°C,0.43,23.26,10.0,0.2851,58.5,32°C,lost,0.0,-10.29,2026-07-28T10:22:11Z
2026-07-25T07:41:48Z,highest-temperature-in-tokyo-on-july-27-2026,tokyo,2026-07-27,2,NO,30°C,0.68,14.71,10.0,0.16,32.5,30°C,lost,0.0,-10.16,2026-07-28T10:22:11Z
2026-07-25T07:41:48Z,highest-temperature-in-hong-kong-on-july-27-2026,hong-kong,2026-07-27,2,NO,30°C,0.69,14.49,10.0,0.155,33.0,30°C,won,14.49,4.33,2026-07-28T10:22:11Z
2026-07-25T07:41:48Z,highest-temperature-in-shanghai-on-july-27-2026,shanghai,2026-07-27,2,NO,35°C,0.71,14.08,10.0,0.145,30.5,35°C,won,14.08,3.94,2026-07-28T10:22:11Z
2026-07-25T07:41:48Z,highest-temperature-in-singapore-on-july-27-2026,singapore,2026-07-27,2,NO,31°C,0.67,14.93,10.0,0.1651,33.5,31°C,won,14.93,4.76,2026-07-28T10:22:11Z
2026-07-25T07:41:48Z,highest-temperature-in-milan-on-july-27-2026,milan,2026-07-27,2,NO,33°C,0.55,18.18,10.0,0.225,46.0,33°C,lost,0.0,-10.22,2026-07-28T10:22:11Z
2026-07-25T07:41:48Z,highest-temperature-in-madrid-on-july-27-2026,madrid,2026-07-27,2,NO,35°C,0.46,21.74,10.0,0.27,55.0,35°C,lost,0.0,-10.27,2026-07-28T10:22:11Z
2026-07-25T07:41:48Z,highest-temperature-in-warsaw-on-july-27-2026,warsaw,2026-07-27,2,NO,22°C,0.66,15.15,10.0,0.17,34.5,22°C,won,15.15,4.98,2026-07-28T10:22:11Z
2026-07-25T07:41:48Z,highest-temperature-in-taipei-on-july-27-2026,taipei,2026-07-27,2,NO,35°C,0.68,14.71,10.0,0.16,32.5,35°C,lost,0.0,-10.16,2026-07-28T10:22:11Z
2026-07-25T07:41:48Z,highest-temperature-in-chongqing-on-july-27-2026,chongqing,2026-07-27,2,NO,38°C,0.69,14.49,10.0,0.155,33.0,38°C,won,14.49,4.33,2026-07-28T10:22:11Z
2026-07-25T07:41:48Z,highest-temperature-in-beijing-on-july-27-2026,beijing,2026-07-27,2,NO,34°C,0.67,14.93,10.0,0.1651,34.0,34°C,lost,0.0,-10.17,2026-07-28T10:22:11Z
2026-07-25T07:41:48Z,highest-temperature-in-wuhan-on-july-27-2026,wuhan,2026-07-27,2,NO,33°C,0.73,13.7,10.0,0.135,29.0,33°C,won,13.7,3.56,2026-07-28T10:22:11Z
2026-07-25T07:41:48Z,highest-temperature-in-shenzhen-on-july-27-2026,shenzhen,2026-07-27,2,NO,30°C,0.74,13.51,10.0,0.13,28.0,30°C,won,13.51,3.38,2026-07-28T10:22:11Z
2026-07-25T07:41:48Z,highest-temperature-in-moscow-on-july-27-2026,moscow,2026-07-27,2,NO,21°C,0.89,11.24,10.0,0.055,23.5,21°C,won,11.24,1.19,2026-07-28T10:22:11Z
2026-07-25T07:41:48Z,highest-temperature-in-istanbul-on-july-27-2026,istanbul,2026-07-27,2,NO,32°C,0.68,14.71,10.0,0.16,32.5,32°C,lost,0.0,-10.16,2026-07-28T10:22:11Z
2026-07-25T07:41:48Z,highest-temperature-in-busan-on-july-27-2026,busan,2026-07-27,2,NO,34°C,0.69,14.49,10.0,0.155,32.0,34°C,won,14.49,4.33,2026-07-28T10:22:11Z
2026-07-25T07:41:48Z,highest-temperature-in-amsterdam-on-july-27-2026,amsterdam,2026-07-27,2,NO,21°C,0.64,15.62,10.0,0.1799,36.5,21°C,lost,0.0,-10.18,2026-07-28T10:22:11Z
2026-07-25T07:41:48Z,highest-temperature-in-helsinki-on-july-27-2026,helsinki,2026-07-27,2,NO,20°C,0.65,15.38,10.0,0.1749,35.5,20°C,won,15.38,5.21,2026-07-28T10:22:11Z
2026-07-25T07:41:48Z,highest-temperature-in-kuala-lumpur-on-july-27-2026,kuala-lumpur,2026-07-27,2,NO,32°C,0.65,15.38,10.0,0.1749,36.5,32°C,won,15.38,5.21,2026-07-28T10:22:11Z
2026-07-25T07:41:48Z,highest-temperature-in-guangzhou-on-july-27-2026,guangzhou,2026-07-27,2,NO,32°C,0.72,13.89,10.0,0.14,29.0,32°C,lost,0.0,-10.14,2026-07-28T10:22:11Z
2026-07-25T07:41:48Z,highest-temperature-in-manila-on-july-27-2026,manila,2026-07-27,2,NO,32°C,0.68,14.71,10.0,0.16,32.5,32°C,won,14.71,4.55,2026-07-28T10:22:11Z
2026-07-25T07:41:48Z,highest-temperature-in-lucknow-on-july-27-2026,lucknow,2026-07-27,2,NO,33°C,0.73,13.7,10.0,0.135,31.5,33°C,lost,0.0,-10.13,2026-07-28T10:22:11Z
2026-07-25T07:41:48Z,highest-temperature-in-cape-town-on-july-27-2026,cape-town,2026-07-27,2,NO,17°C,0.64,15.62,10.0,0.1799,37.0,17°C,lost,0.0,-10.18,2026-07-28T10:22:11Z
2026-07-25T07:41:48Z,highest-temperature-in-karachi-on-july-27-2026,karachi,2026-07-27,2,NO,34°C,0.54,18.52,10.0,0.23,46.5,34°C,lost,0.0,-10.23,2026-07-28T10:22:11Z
2026-07-26T05:49:26Z,highest-temperature-in-chengdu-on-july-26-2026,chengdu,2026-07-26,0,NO,39°C,0.69,14.49,10.0,0.155,33.0,39°C,won,14.49,4.33,2026-07-27T12:49:14Z
2026-07-26T05:49:26Z,highest-temperature-in-jeddah-on-july-27-2026,jeddah,2026-07-27,1,NO,38°C,0.7,14.29,10.0,0.15,30.5,38°C,won,14.29,4.14,2026-07-28T10:22:11Z
2026-07-26T05:49:26Z,highest-temperature-in-qingdao-on-july-27-2026,qingdao,2026-07-27,1,NO,33°C,0.71,14.08,10.0,0.145,29.5,33°C,won,14.08,3.94,2026-07-28T10:22:11Z
2026-07-26T09:05:28Z,highest-temperature-in-sao-paulo-on-july-27-2026,sao-paulo,2026-07-27,1,NO,27°C,0.65,15.38,10.0,0.1749,36.0,27°C,won,15.38,5.21,2026-07-28T10:22:11Z
2026-07-26T09:05:28Z,highest-temperature-in-buenos-aires-on-july-27-2026,buenos-aires,2026-07-27,1,NO,18°C,0.67,14.93,10.0,0.1651,34.5,18°C,lost,0.0,-10.17,2026-07-28T10:22:11Z
2026-07-26T09:05:28Z,highest-temperature-in-toronto-on-july-27-2026,toronto,2026-07-27,1,NO,28°C,0.7,14.29,10.0,0.15,31.0,28°C,won,14.29,4.14,2026-07-28T10:22:11Z
2026-07-26T09:05:28Z,highest-temperature-in-seattle-on-july-27-2026,seattle,2026-07-27,1,NO,76-77°F,0.62,16.13,10.0,0.19,39.5,76-77°F,won,16.13,5.94,2026-07-28T17:14:07Z
2026-07-26T09:05:28Z,highest-temperature-in-nyc-on-july-27-2026,nyc,2026-07-27,1,NO,84-85°F,0.67,14.93,10.0,0.1651,34.0,84-85°F,lost,0.0,-10.17,2026-07-28T10:22:11Z
2026-07-26T09:05:28Z,highest-temperature-in-dallas-on-july-27-2026,dallas,2026-07-27,1,NO,100-101°F,0.64,15.62,10.0,0.1799,37.0,100-101°F,won,15.62,5.44,2026-07-28T10:22:11Z
2026-07-26T09:05:28Z,highest-temperature-in-atlanta-on-july-27-2026,atlanta,2026-07-27,1,NO,92-93°F,0.58,17.24,10.0,0.21,42.5,92-93°F,won,17.24,7.03,2026-07-28T10:22:11Z
2026-07-26T09:05:28Z,highest-temperature-in-miami-on-july-27-2026,miami,2026-07-27,1,NO,92-93°F,0.61,16.39,10.0,0.195,40.5,92-93°F,won,16.39,6.2,2026-07-28T10:22:11Z
2026-07-26T09:05:28Z,highest-temperature-in-austin-on-july-27-2026,austin,2026-07-27,1,NO,98-99°F,0.62,16.13,10.0,0.19,39.5,98-99°F,lost,0.0,-10.19,2026-07-28T10:22:11Z
2026-07-26T09:05:28Z,highest-temperature-in-houston-on-july-27-2026,houston,2026-07-27,1,NO,96-97°F,0.56,17.86,10.0,0.22,46.0,96-97°F,won,17.86,7.64,2026-07-28T10:22:11Z
2026-07-26T09:05:28Z,highest-temperature-in-los-angeles-on-july-27-2026,los-angeles,2026-07-27,1,NO,78-79°F,0.61,16.39,10.0,0.195,40.5,78-79°F,lost,0.0,-10.2,2026-07-28T17:14:07Z
2026-07-26T09:05:28Z,highest-temperature-in-san-francisco-on-july-27-2026,san-francisco,2026-07-27,1,NO,70-71°F,0.57,17.54,10.0,0.215,44.5,70-71°F,won,17.54,7.32,2026-07-28T17:14:07Z
2026-07-26T09:05:28Z,highest-temperature-in-mexico-city-on-july-27-2026,mexico-city,2026-07-27,1,NO,25°C,0.56,17.86,10.0,0.22,45.0,25°C,won,17.86,7.64,2026-07-28T17:14:07Z
2026-07-26T09:05:28Z,highest-temperature-in-panama-city-on-july-27-2026,panama-city,2026-07-27,1,NO,31°C,0.67,14.93,10.0,0.1651,34.0,31°C,won,14.93,4.76,2026-07-28T10:22:11Z
2026-07-26T09:05:28Z,highest-temperature-in-london-on-july-28-2026,london,2026-07-28,2,NO,30°C,0.65,15.38,10.0,0.1749,36.5,30°C,won,15.38,5.21,2026-07-29T10:21:21Z
2026-07-26T09:05:28Z,highest-temperature-in-paris-on-july-28-2026,paris,2026-07-28,2,NO,32°C,0.6,16.67,10.0,0.2,42.0,32°C,lost,0.0,-10.2,2026-07-29T10:21:21Z
2026-07-26T09:05:28Z,highest-temperature-in-seoul-on-july-28-2026,seoul,2026-07-28,2,NO,31°C,0.65,15.38,10.0,0.1749,36.0,31°C,won,15.38,5.21,2026-07-29T10:21:21Z
2026-07-26T09:05:28Z,highest-temperature-in-ankara-on-july-28-2026,ankara,2026-07-28,2,NO,30°C,0.66,15.15,10.0,0.17,35.0,30°C,lost,0.0,-10.17,2026-07-29T10:21:21Z
2026-07-26T09:05:28Z,highest-temperature-in-wellington-on-july-28-2026,wellington,2026-07-28,2,NO,12°C,0.52,19.23,10.0,0.24,48.5,12°C,won,19.23,8.99,2026-07-29T10:21:21Z
2026-07-26T09:05:28Z,highest-temperature-in-lucknow-on-july-28-2026,lucknow,2026-07-28,2,NO,33°C,0.78,12.82,10.0,0.11,29.5,33°C,won,12.82,2.71,2026-07-29T10:21:21Z
2026-07-26T09:05:28Z,highest-temperature-in-munich-on-july-28-2026,munich,2026-07-28,2,NO,29°C,0.66,15.15,10.0,0.17,35.5,29°C,lost,0.0,-10.17,2026-07-29T10:21:21Z
2026-07-26T09:05:28Z,highest-temperature-in-tel-aviv-on-july-28-2026,tel-aviv,2026-07-28,2,NO,32°C,0.4,25.0,10.0,0.3,61.5,32°C,lost,0.0,-10.3,2026-07-29T10:21:21Z
2026-07-26T09:05:28Z,highest-temperature-in-tokyo-on-july-28-2026,tokyo,2026-07-28,2,NO,30°C,0.72,13.89,10.0,0.14,29.0,30°C,won,13.89,3.75,2026-07-29T10:21:21Z
2026-07-26T09:05:28Z,highest-temperature-in-hong-kong-on-july-28-2026,hong-kong,2026-07-28,2,NO,29°C,0.65,15.38,10.0,0.1749,35.5,29°C,lost,0.0,-10.17,2026-07-29T10:21:21Z
2026-07-26T09:05:28Z,highest-temperature-in-shanghai-on-july-28-2026,shanghai,2026-07-28,2,NO,34°C,0.61,16.39,10.0,0.195,39.5,34°C,won,16.39,6.2,2026-07-29T10:21:21Z
2026-07-26T09:05:28Z,highest-temperature-in-singapore-on-july-28-2026,singapore,2026-07-28,2,NO,32°C,0.61,16.39,10.0,0.195,41.0,32°C,won,16.39,6.2,2026-07-29T10:21:21Z
2026-07-26T09:05:28Z,highest-temperature-in-milan-on-july-28-2026,milan,2026-07-28,2,NO,33°C,0.62,16.13,10.0,0.19,39.0,33°C,lost,0.0,-10.19,2026-07-29T10:21:21Z
2026-07-26T09:05:28Z,highest-temperature-in-madrid-on-july-28-2026,madrid,2026-07-28,2,NO,38°C,0.45,22.22,10.0,0.275,56.5,38°C,lost,0.0,-10.28,2026-07-29T10:21:21Z
2026-07-26T09:05:28Z,highest-temperature-in-warsaw-on-july-28-2026,warsaw,2026-07-28,2,NO,22°C,0.52,19.23,10.0,0.24,49.5,22°C,lost,0.0,-10.24,2026-07-29T10:21:21Z
2026-07-26T09:05:28Z,highest-temperature-in-chongqing-on-july-28-2026,chongqing,2026-07-28,2,NO,36°C,0.7,14.29,10.0,0.15,32.5,36°C,lost,0.0,-10.15,2026-07-29T10:21:21Z
2026-07-26T09:05:28Z,highest-temperature-in-wuhan-on-july-28-2026,wuhan,2026-07-28,2,NO,30°C,0.83,12.05,10.0,0.085,26.0,30°C,won,12.05,1.97,2026-07-29T10:21:21Z
2026-07-26T09:05:28Z,highest-temperature-in-moscow-on-july-28-2026,moscow,2026-07-28,2,NO,27°C,0.84,11.9,10.0,0.08,26.0,27°C,won,11.9,1.82,2026-07-29T10:21:21Z
2026-07-26T09:05:28Z,highest-temperature-in-istanbul-on-july-28-2026,istanbul,2026-07-28,2,NO,29°C,0.62,16.13,10.0,0.19,40.0,29°C,lost,0.0,-10.19,2026-07-29T10:21:21Z
2026-07-26T09:05:28Z,highest-temperature-in-busan-on-july-28-2026,busan,2026-07-28,2,NO,37°C,0.74,13.51,10.0,0.13,29.0,37°C,won,13.51,3.38,2026-07-29T10:21:21Z
2026-07-26T09:05:28Z,highest-temperature-in-amsterdam-on-july-28-2026,amsterdam,2026-07-28,2,NO,26°C,0.63,15.87,10.0,0.185,38.0,26°C,won,15.87,5.68,2026-07-29T10:21:21Z
2026-07-26T09:05:28Z,highest-temperature-in-helsinki-on-july-28-2026,helsinki,2026-07-28,2,NO,20°C,0.62,16.13,10.0,0.19,39.0,20°C,lost,0.0,-10.19,2026-07-29T10:21:21Z
2026-07-26T09:05:28Z,highest-temperature-in-kuala-lumpur-on-july-28-2026,kuala-lumpur,2026-07-28,2,NO,32°C,0.69,14.49,10.0,0.155,33.0,32°C,won,14.49,4.33,2026-07-29T10:21:21Z
2026-07-26T09:05:28Z,highest-temperature-in-jeddah-on-july-28-2026,jeddah,2026-07-28,2,NO,38°C,0.69,14.49,10.0,0.155,31.5,38°C,won,14.49,4.33,2026-07-29T10:21:21Z
2026-07-26T09:05:28Z,highest-temperature-in-cape-town-on-july-28-2026,cape-town,2026-07-28,2,NO,19°C,0.63,15.87,10.0,0.185,38.5,19°C,won,15.87,5.68,2026-07-29T10:21:21Z
2026-07-26T09:05:28Z,highest-temperature-in-guangzhou-on-july-28-2026,guangzhou,2026-07-28,2,NO,33°C,0.71,14.08,10.0,0.145,31.5,33°C,won,14.08,3.94,2026-07-29T10:21:21Z
2026-07-26T09:05:28Z,highest-temperature-in-qingdao-on-july-28-2026,qingdao,2026-07-28,2,NO,33°C,0.67,14.93,10.0,0.1651,35.0,33°C,lost,0.0,-10.17,2026-07-29T10:21:21Z
2026-07-26T09:05:28Z,highest-temperature-in-karachi-on-july-28-2026,karachi,2026-07-28,2,NO,34°C,0.66,15.15,10.0,0.17,35.0,34°C,won,15.15,4.98,2026-07-29T10:21:21Z
2026-07-27T12:49:14Z,highest-temperature-in-chicago-on-july-27-2026,chicago,2026-07-27,0,NO,90-91°F,0.62,16.13,10.0,0.19,40.5,90-91°F,won,16.13,5.94,2026-07-28T10:22:11Z
2026-07-27T12:49:14Z,highest-temperature-in-denver-on-july-27-2026,denver,2026-07-27,0,NO,94-95°F,0.57,17.54,10.0,0.215,44.0,94-95°F,won,17.54,7.32,2026-07-28T17:14:07Z
2026-07-27T12:49:14Z,highest-temperature-in-taipei-on-july-28-2026,taipei,2026-07-28,1,NO,36°C,0.65,15.38,10.0,0.1749,35.5,36°C,lost,0.0,-10.17,2026-07-29T10:21:21Z
2026-07-27T12:49:14Z,highest-temperature-in-beijing-on-july-28-2026,beijing,2026-07-28,1,NO,35°C,0.62,16.13,10.0,0.19,38.5,35°C,lost,0.0,-10.19,2026-07-29T10:21:21Z
2026-07-27T12:49:14Z,highest-temperature-in-chengdu-on-july-28-2026,chengdu,2026-07-28,1,NO,32°C,0.7,14.29,10.0,0.15,30.5,32°C,lost,0.0,-10.15,2026-07-29T10:21:21Z
2026-07-27T12:49:14Z,highest-temperature-in-shenzhen-on-july-28-2026,shenzhen,2026-07-28,1,NO,31°C,0.67,14.93,10.0,0.1651,33.5,31°C,won,14.93,4.76,2026-07-29T10:21:21Z
2026-07-27T12:49:14Z,highest-temperature-in-manila-on-july-28-2026,manila,2026-07-28,1,NO,32°C,0.63,15.87,10.0,0.185,38.0,32°C,lost,0.0,-10.19,2026-07-29T10:21:21Z
2026-07-27T12:49:14Z,highest-temperature-in-sao-paulo-on-july-28-2026,sao-paulo,2026-07-28,1,NO,29°C,0.62,16.13,10.0,0.19,38.5,29°C,lost,0.0,-10.19,2026-07-29T10:21:21Z
2026-07-27T12:49:14Z,highest-temperature-in-buenos-aires-on-july-28-2026,buenos-aires,2026-07-28,1,NO,18°C,0.69,14.49,10.0,0.155,31.5,18°C,won,14.49,4.33,2026-07-29T10:21:21Z
2026-07-27T12:49:14Z,highest-temperature-in-toronto-on-july-28-2026,toronto,2026-07-28,1,NO,25°C,0.63,15.87,10.0,0.185,37.5,25°C,won,15.87,5.68,2026-07-29T10:21:21Z
2026-07-27T12:49:14Z,highest-temperature-in-seattle-on-july-28-2026,seattle,2026-07-28,1,NO,74-75°F,0.64,15.62,10.0,0.1799,37.0,74-75°F,won,15.62,5.44,2026-07-29T10:21:21Z
2026-07-27T12:49:14Z,highest-temperature-in-dallas-on-july-28-2026,dallas,2026-07-28,1,NO,100-101°F,0.64,15.62,10.0,0.1799,36.5,100-101°F,won,15.62,5.44,2026-07-29T10:21:21Z
2026-07-27T12:49:14Z,highest-temperature-in-atlanta-on-july-28-2026,atlanta,2026-07-28,1,NO,96-97°F,0.62,16.13,10.0,0.19,39.5,96-97°F,won,16.13,5.94,2026-07-29T10:21:21Z
2026-07-27T12:49:14Z,highest-temperature-in-miami-on-july-28-2026,miami,2026-07-28,1,NO,92-93°F,0.57,17.54,10.0,0.215,43.5,92-93°F,won,17.54,7.32,2026-07-29T10:21:21Z
2026-07-27T12:49:14Z,highest-temperature-in-chicago-on-july-28-2026,chicago,2026-07-28,1,NO,80-81°F,0.58,17.24,10.0,0.21,43.5,80-81°F,won,17.24,7.03,2026-07-29T10:21:21Z
2026-07-27T12:49:14Z,highest-temperature-in-austin-on-july-28-2026,austin,2026-07-28,1,NO,98-99°F,0.54,18.52,10.0,0.23,46.5,98-99°F,won,18.52,8.29,2026-07-29T10:21:21Z
2026-07-27T12:49:14Z,highest-temperature-in-denver-on-july-28-2026,denver,2026-07-28,1,NO,92-93°F,0.68,14.71,10.0,0.16,33.5,92-93°F,lost,0.0,-10.16,2026-07-29T10:21:21Z
2026-07-27T12:49:14Z,highest-temperature-in-houston-on-july-28-2026,houston,2026-07-28,1,NO,96-97°F,0.51,19.61,10.0,0.245,49.5,96-97°F,won,19.61,9.37,2026-07-29T10:21:21Z
2026-07-27T12:49:14Z,highest-temperature-in-los-angeles-on-july-28-2026,los-angeles,2026-07-28,1,NO,78-79°F,0.51,19.61,10.0,0.245,49.5,78-79°F,lost,0.0,-10.24,2026-07-29T10:21:21Z
2026-07-27T12:49:14Z,highest-temperature-in-san-francisco-on-july-28-2026,san-francisco,2026-07-28,1,NO,70-71°F,0.67,14.93,10.0,0.1651,34.5,70-71°F,lost,0.0,-10.17,2026-07-29T10:21:21Z
2026-07-27T12:49:14Z,highest-temperature-in-mexico-city-on-july-28-2026,mexico-city,2026-07-28,1,NO,25°C,0.66,15.15,10.0,0.17,35.0,25°C,won,15.15,4.98,2026-07-29T10:21:21Z
2026-07-27T12:49:14Z,highest-temperature-in-panama-city-on-july-28-2026,panama-city,2026-07-28,1,NO,33°C,0.54,18.52,10.0,0.23,46.5,33°C,won,18.52,8.29,2026-07-29T10:21:21Z
2026-07-27T12:49:14Z,highest-temperature-in-london-on-july-29-2026,london,2026-07-29,2,NO,33°C,0.68,14.71,10.0,0.16,32.5,33°C,won,14.71,4.55,2026-07-30T09:47:02Z
2026-07-27T12:49:14Z,highest-temperature-in-paris-on-july-29-2026,paris,2026-07-29,2,NO,37°C,0.61,16.39,10.0,0.195,40.0,37°C,won,16.39,6.2,2026-07-30T09:47:02Z
2026-07-27T12:49:14Z,highest-temperature-in-seoul-on-july-29-2026,seoul,2026-07-29,2,NO,31°C,0.65,15.38,10.0,0.1749,35.5,31°C,won,15.38,5.21,2026-07-30T09:47:02Z
2026-07-27T12:49:14Z,highest-temperature-in-ankara-on-july-29-2026,ankara,2026-07-29,2,NO,28°C,0.66,15.15,10.0,0.17,34.5,28°C,lost,0.0,-10.17,2026-07-30T09:47:02Z
2026-07-27T12:49:14Z,highest-temperature-in-wellington-on-july-29-2026,wellington,2026-07-29,1,NO,13°C,0.52,19.23,10.0,0.24,49.0,13°C,won,19.23,8.99,2026-07-30T09:47:02Z
2026-07-27T12:49:14Z,highest-temperature-in-lucknow-on-july-29-2026,lucknow,2026-07-29,2,NO,34°C,0.69,14.49,10.0,0.155,32.5,34°C,lost,0.0,-10.15,2026-07-30T09:47:02Z
2026-07-27T12:49:14Z,highest-temperature-in-munich-on-july-29-2026,munich,2026-07-29,2,NO,33°C,0.61,16.39,10.0,0.195,40.5,33°C,won,16.39,6.2,2026-07-30T09:47:02Z
2026-07-27T12:49:14Z,highest-temperature-in-tel-aviv-on-july-29-2026,tel-aviv,2026-07-29,2,NO,33°C,0.49,20.41,10.0,0.255,53.0,33°C,lost,0.0,-10.26,2026-07-30T09:47:02Z
2026-07-27T12:49:14Z,highest-temperature-in-tokyo-on-july-29-2026,tokyo,2026-07-29,2,NO,33°C,0.67,14.93,10.0,0.1651,34.0,33°C,won,14.93,4.76,2026-07-30T09:47:02Z
2026-07-27T12:49:14Z,highest-temperature-in-hong-kong-on-july-29-2026,hong-kong,2026-07-29,2,NO,29°C,0.66,15.15,10.0,0.17,35.5,29°C,won,15.15,4.98,2026-07-30T09:47:02Z
2026-07-27T12:49:14Z,highest-temperature-in-shanghai-on-july-29-2026,shanghai,2026-07-29,2,NO,36°C,0.66,15.15,10.0,0.17,34.5,36°C,won,15.15,4.98,2026-07-30T09:47:02Z
2026-07-27T12:49:14Z,highest-temperature-in-singapore-on-july-29-2026,singapore,2026-07-29,2,NO,32°C,0.6,16.67,10.0,0.2,41.5,32°C,lost,0.0,-10.2,2026-07-30T09:47:02Z
2026-07-27T12:49:14Z,highest-temperature-in-milan-on-july-29-2026,milan,2026-07-29,2,NO,34°C,0.65,15.38,10.0,0.1749,36.0,34°C,lost,0.0,-10.17,2026-07-30T09:47:02Z
2026-07-27T12:49:14Z,highest-temperature-in-madrid-on-july-29-2026,madrid,2026-07-29,2,NO,39°C,0.47,21.28,10.0,0.265,53.5,39°C,lost,0.0,-10.27,2026-07-30T09:47:02Z
2026-07-27T12:49:14Z,highest-temperature-in-warsaw-on-july-29-2026,warsaw,2026-07-29,2,NO,26°C,0.63,15.87,10.0,0.185,38.0,26°C,won,15.87,5.68,2026-07-30T09:47:02Z
2026-07-27T12:49:14Z,highest-temperature-in-taipei-on-july-29-2026,taipei,2026-07-29,2,NO,36°C,0.67,14.93,10.0,0.1651,34.0,36°C,lost,0.0,-10.17,2026-07-30T09:47:02Z
2026-07-27T12:49:14Z,highest-temperature-in-chongqing-on-july-29-2026,chongqing,2026-07-29,2,NO,37°C,0.73,13.7,10.0,0.135,29.0,37°C,won,13.7,3.56,2026-07-30T09:47:02Z
2026-07-27T12:49:14Z,highest-temperature-in-moscow-on-july-29-2026,moscow,2026-07-29,2,NO,19°C,0.88,11.36,10.0,0.06,24.5,19°C,won,11.36,1.3,2026-07-30T09:47:02Z
2026-07-27T12:49:14Z,highest-temperature-in-istanbul-on-july-29-2026,istanbul,2026-07-29,2,NO,27°C,0.55,18.18,10.0,0.225,46.5,27°C,lost,0.0,-10.22,2026-07-30T09:47:02Z
2026-07-27T12:49:14Z,highest-temperature-in-busan-on-july-29-2026,busan,2026-07-29,2,NO,38°C,0.65,15.38,10.0,0.1749,35.5,38°C,won,15.38,5.21,2026-07-30T09:47:02Z
2026-07-27T12:49:14Z,highest-temperature-in-amsterdam-on-july-29-2026,amsterdam,2026-07-29,2,NO,32°C,0.69,14.49,10.0,0.155,32.0,32°C,lost,0.0,-10.15,2026-07-30T09:47:02Z
2026-07-27T12:49:14Z,highest-temperature-in-helsinki-on-july-29-2026,helsinki,2026-07-29,2,NO,24°C,0.65,15.38,10.0,0.1749,35.5,24°C,lost,0.0,-10.17,2026-07-30T09:47:02Z
2026-07-27T12:49:14Z,highest-temperature-in-kuala-lumpur-on-july-29-2026,kuala-lumpur,2026-07-29,2,NO,32°C,0.7,14.29,10.0,0.15,31.5,32°C,won,14.29,4.14,2026-07-30T09:47:02Z
2026-07-27T12:49:14Z,highest-temperature-in-jeddah-on-july-29-2026,jeddah,2026-07-29,2,NO,38°C,0.66,15.15,10.0,0.17,34.5,38°C,won,15.15,4.98,2026-07-30T09:47:02Z
2026-07-27T12:49:14Z,highest-temperature-in-cape-town-on-july-29-2026,cape-town,2026-07-29,2,NO,20°C,0.69,14.49,10.0,0.155,32.5,20°C,won,14.49,4.33,2026-07-30T09:47:02Z
2026-07-27T12:49:14Z,highest-temperature-in-guangzhou-on-july-29-2026,guangzhou,2026-07-29,2,NO,31°C,0.7,14.29,10.0,0.15,30.5,31°C,lost,0.0,-10.15,2026-07-30T09:47:02Z
2026-07-27T12:49:14Z,highest-temperature-in-qingdao-on-july-29-2026,qingdao,2026-07-29,2,NO,33°C,0.71,14.08,10.0,0.145,29.5,33°C,lost,0.0,-10.14,2026-07-30T09:47:02Z
2026-07-27T12:49:14Z,highest-temperature-in-karachi-on-july-29-2026,karachi,2026-07-29,2,NO,34°C,0.66,15.15,10.0,0.17,35.5,34°C,lost,0.0,-10.17,2026-07-30T09:47:02Z
2026-07-28T10:22:11Z,highest-temperature-in-nyc-on-july-28-2026,nyc,2026-07-28,0,NO,80-81°F,0.64,15.62,10.0,0.1799,37.0,80-81°F,lost,0.0,-10.18,2026-07-29T10:21:21Z
2026-07-28T10:22:11Z,highest-temperature-in-beijing-on-july-29-2026,beijing,2026-07-29,1,NO,35°C,0.64,15.62,10.0,0.1799,36.5,35°C,lost,0.0,-10.18,2026-07-30T09:47:02Z
2026-07-28T10:22:11Z,highest-temperature-in-wuhan-on-july-29-2026,wuhan,2026-07-29,1,NO,32°C,0.69,14.49,10.0,0.155,31.5,32°C,won,14.49,4.33,2026-07-30T09:47:02Z
2026-07-28T10:22:11Z,highest-temperature-in-shenzhen-on-july-29-2026,shenzhen,2026-07-29,1,NO,29°C,0.66,15.15,10.0,0.17,34.5,29°C,won,15.15,4.98,2026-07-30T09:47:02Z
2026-07-28T10:22:11Z,highest-temperature-in-manila-on-july-29-2026,manila,2026-07-29,1,NO,29°C,0.73,13.7,10.0,0.135,28.5,29°C,won,13.7,3.56,2026-07-30T09:47:02Z
2026-07-28T10:22:11Z,highest-temperature-in-atlanta-on-july-29-2026,atlanta,2026-07-29,1,NO,92-93°F,0.67,14.93,10.0,0.1651,34.0,92-93°F,won,14.93,4.76,2026-07-30T09:47:02Z
2026-07-28T10:22:11Z,highest-temperature-in-miami-on-july-29-2026,miami,2026-07-29,1,NO,94-95°F,0.51,19.61,10.0,0.245,50.0,94-95°F,lost,0.0,-10.24,2026-07-30T09:47:02Z
2026-07-28T10:22:11Z,highest-temperature-in-chicago-on-july-29-2026,chicago,2026-07-29,1,NO,80-81°F,0.56,17.86,10.0,0.22,45.0,80-81°F,lost,0.0,-10.22,2026-07-30T09:47:02Z
2026-07-28T10:22:11Z,highest-temperature-in-austin-on-july-29-2026,austin,2026-07-29,1,NO,98-99°F,0.55,18.18,10.0,0.225,46.0,98-99°F,lost,0.0,-10.22,2026-07-30T09:47:02Z
2026-07-28T10:22:11Z,highest-temperature-in-denver-on-july-29-2026,denver,2026-07-29,1,NO,90-91°F,0.69,14.49,10.0,0.155,31.5,90-91°F,lost,0.0,-10.15,2026-07-30T09:47:02Z
2026-07-28T10:22:11Z,highest-temperature-in-houston-on-july-29-2026,houston,2026-07-29,1,NO,96-97°F,0.59,16.95,10.0,0.205,42.0,96-97°F,won,16.95,6.74,2026-07-30T09:47:02Z
2026-07-28T10:22:11Z,highest-temperature-in-los-angeles-on-july-29-2026,los-angeles,2026-07-29,1,NO,78-79°F,0.51,19.61,10.0,0.245,49.5,78-79°F,lost,0.0,-10.24,2026-07-30T17:10:43Z
2026-07-28T10:22:11Z,highest-temperature-in-san-francisco-on-july-29-2026,san-francisco,2026-07-29,1,NO,70-71°F,0.61,16.39,10.0,0.195,40.0,70-71°F,won,16.39,6.2,2026-07-30T09:47:02Z
2026-07-28T10:22:11Z,highest-temperature-in-mexico-city-on-july-29-2026,mexico-city,2026-07-29,1,NO,25°C,0.64,15.62,10.0,0.1799,37.0,25°C,won,15.62,5.44,2026-07-30T09:47:02Z
2026-07-28T10:22:11Z,highest-temperature-in-panama-city-on-july-29-2026,panama-city,2026-07-29,1,NO,34°C,0.56,17.86,10.0,0.22,44.5,34°C,won,17.86,7.64,2026-07-30T09:47:02Z
2026-07-28T10:22:11Z,highest-temperature-in-sao-paulo-on-july-29-2026,sao-paulo,2026-07-29,1,NO,<=25°C,0.709,14.1,10.0,0.1455,30.5,<=25°C,won,14.1,3.95,2026-07-30T09:47:02Z
2026-07-28T10:22:11Z,highest-temperature-in-buenos-aires-on-july-29-2026,buenos-aires,2026-07-29,1,NO,17°C,0.64,15.62,10.0,0.1799,36.5,17°C,lost,0.0,-10.18,2026-07-30T09:47:02Z
2026-07-28T10:22:11Z,highest-temperature-in-toronto-on-july-29-2026,toronto,2026-07-29,1,NO,26°C,0.6,16.67,10.0,0.2,40.5,26°C,won,16.67,6.47,2026-07-30T09:47:02Z
2026-07-28T10:22:11Z,highest-temperature-in-seattle-on-july-29-2026,seattle,2026-07-29,1,NO,76-77°F,0.61,16.39,10.0,0.195,39.5,76-77°F,won,16.39,6.2,2026-07-30T09:47:02Z
2026-07-28T10:22:11Z,highest-temperature-in-dallas-on-july-29-2026,dallas,2026-07-29,1,NO,100-101°F,0.67,14.93,10.0,0.1651,33.5,100-101°F,won,14.93,4.76,2026-07-30T09:47:02Z
2026-07-28T10:22:11Z,highest-temperature-in-seoul-on-july-30-2026,seoul,2026-07-30,2,NO,31°C,0.67,14.93,10.0,0.1651,35.0,31°C,won,14.93,4.76,2026-07-31T10:15:50Z
2026-07-28T10:22:11Z,highest-temperature-in-wellington-on-july-30-2026,wellington,2026-07-30,2,NO,14°C,0.49,20.41,10.0,0.255,52.5,14°C,lost,0.0,-10.26,2026-07-31T10:15:50Z
2026-07-28T10:22:11Z,highest-temperature-in-tokyo-on-july-30-2026,tokyo,2026-07-30,2,NO,34°C,0.71,14.08,10.0,0.145,31.5,34°C,won,14.08,3.94,2026-07-31T10:15:50Z
2026-07-28T10:22:11Z,highest-temperature-in-hong-kong-on-july-30-2026,hong-kong,2026-07-30,2,NO,29°C,0.67,14.93,10.0,0.1651,34.0,29°C,won,14.93,4.76,2026-07-31T10:15:50Z
2026-07-28T10:22:11Z,highest-temperature-in-shanghai-on-july-30-2026,shanghai,2026-07-30,2,NO,36°C,0.64,15.62,10.0,0.1799,37.0,36°C,lost,0.0,-10.18,2026-07-31T10:15:50Z
2026-07-28T10:22:11Z,highest-temperature-in-singapore-on-july-30-2026,singapore,2026-07-30,2,NO,31°C,0.54,18.52,10.0,0.23,47.5,31°C,lost,0.0,-10.23,2026-07-31T10:15:50Z
2026-07-28T10:22:11Z,highest-temperature-in-taipei-on-july-30-2026,taipei,2026-07-30,2,NO,35°C,0.69,14.49,10.0,0.155,31.5,35°C,lost,0.0,-10.15,2026-07-31T10:15:50Z
2026-07-28T10:22:11Z,highest-temperature-in-chongqing-on-july-30-2026,chongqing,2026-07-30,2,NO,38°C,0.66,15.15,10.0,0.17,36.5,38°C,won,15.15,4.98,2026-07-31T10:15:50Z
2026-07-28T10:22:11Z,highest-temperature-in-beijing-on-july-30-2026,beijing,2026-07-30,2,NO,34°C,0.69,14.49,10.0,0.155,32.0,34°C,won,14.49,4.33,2026-07-31T10:15:50Z
2026-07-28T10:22:11Z,highest-temperature-in-wuhan-on-july-30-2026,wuhan,2026-07-30,2,NO,34°C,0.68,14.71,10.0,0.16,33.0,34°C,lost,0.0,-10.16,2026-07-31T10:15:50Z
2026-07-28T10:22:11Z,highest-temperature-in-busan-on-july-30-2026,busan,2026-07-30,2,NO,38°C,0.68,14.71,10.0,0.16,34.0,38°C,lost,0.0,-10.16,2026-07-31T10:15:50Z
2026-07-28T10:22:11Z,highest-temperature-in-kuala-lumpur-on-july-30-2026,kuala-lumpur,2026-07-30,2,NO,32°C,0.7,14.29,10.0,0.15,32.5,32°C,won,14.29,4.14,2026-07-31T10:15:50Z
2026-07-28T10:22:11Z,highest-temperature-in-guangzhou-on-july-30-2026,guangzhou,2026-07-30,2,NO,31°C,0.7,14.29,10.0,0.15,31.5,31°C,won,14.29,4.14,2026-07-31T10:15:50Z
2026-07-28T10:22:11Z,highest-temperature-in-qingdao-on-july-30-2026,qingdao,2026-07-30,2,NO,34°C,0.67,14.93,10.0,0.1651,34.0,34°C,lost,0.0,-10.17,2026-07-31T10:15:50Z
2026-07-28T10:22:11Z,highest-temperature-in-manila-on-july-30-2026,manila,2026-07-30,2,NO,31°C,0.72,13.89,10.0,0.14,31.0,31°C,won,13.89,3.75,2026-07-31T10:15:50Z
2026-07-28T10:22:11Z,highest-temperature-in-london-on-july-30-2026,london,2026-07-30,2,NO,27°C,0.64,15.62,10.0,0.1799,36.5,27°C,won,15.62,5.44,2026-07-31T10:15:50Z
2026-07-28T10:22:11Z,highest-temperature-in-paris-on-july-30-2026,paris,2026-07-30,2,NO,30°C,0.65,15.38,10.0,0.1749,37.0,30°C,lost,0.0,-10.17,2026-07-31T10:15:50Z
2026-07-28T10:22:11Z,highest-temperature-in-ankara-on-july-30-2026,ankara,2026-07-30,2,NO,27°C,0.67,14.93,10.0,0.1651,34.5,27°C,lost,0.0,-10.17,2026-07-31T10:15:50Z
2026-07-28T10:22:11Z,highest-temperature-in-lucknow-on-july-30-2026,lucknow,2026-07-30,2,NO,34°C,0.65,15.38,10.0,0.1749,36.0,34°C,lost,0.0,-10.17,2026-07-31T10:15:50Z
2026-07-28T10:22:11Z,highest-temperature-in-munich-on-july-30-2026,munich,2026-07-30,2,NO,36°C,0.64,15.62,10.0,0.1799,38.5,36°C,won,15.62,5.44,2026-07-31T10:15:50Z
2026-07-28T10:22:11Z,highest-temperature-in-tel-aviv-on-july-30-2026,tel-aviv,2026-07-30,2,NO,34°C,0.44,22.73,10.0,0.28,58.0,34°C,lost,0.0,-10.28,2026-07-31T10:15:50Z
2026-07-28T10:22:11Z,highest-temperature-in-milan-on-july-30-2026,milan,2026-07-30,2,NO,37°C,0.65,15.38,10.0,0.1749,38.0,37°C,won,15.38,5.21,2026-07-31T10:15:50Z
2026-07-28T10:22:11Z,highest-temperature-in-madrid-on-july-30-2026,madrid,2026-07-30,2,NO,39°C,0.54,18.52,10.0,0.23,47.5,39°C,won,18.52,8.29,2026-07-31T10:15:50Z
2026-07-28T10:22:11Z,highest-temperature-in-warsaw-on-july-30-2026,warsaw,2026-07-30,2,NO,32°C,0.7,14.29,10.0,0.15,34.5,32°C,won,14.29,4.14,2026-07-31T10:15:50Z
2026-07-28T10:22:11Z,highest-temperature-in-moscow-on-july-30-2026,moscow,2026-07-30,2,NO,20°C,0.81,12.35,10.0,0.095,27.0,20°C,won,12.35,2.25,2026-07-31T10:15:50Z
2026-07-28T10:22:11Z,highest-temperature-in-istanbul-on-july-30-2026,istanbul,2026-07-30,2,NO,26°C,0.58,17.24,10.0,0.21,44.5,26°C,lost,0.0,-10.21,2026-07-31T10:15:50Z
2026-07-28T10:22:11Z,highest-temperature-in-amsterdam-on-july-30-2026,amsterdam,2026-07-30,2,NO,26°C,0.64,15.62,10.0,0.1799,37.5,26°C,lost,0.0,-10.18,2026-07-31T10:15:50Z
2026-07-28T10:22:11Z,highest-temperature-in-helsinki-on-july-30-2026,helsinki,2026-07-30,2,NO,24°C,0.63,15.87,10.0,0.185,37.5,24°C,lost,0.0,-10.19,2026-07-31T10:15:50Z
2026-07-28T10:22:11Z,highest-temperature-in-jeddah-on-july-30-2026,jeddah,2026-07-30,2,NO,>=42°C,0.72,13.89,10.0,0.14,29.0,>=42°C,lost,0.0,-10.14,2026-07-31T10:15:50Z
2026-07-28T10:22:11Z,highest-temperature-in-cape-town-on-july-30-2026,cape-town,2026-07-30,2,NO,21°C,0.69,14.49,10.0,0.155,34.0,21°C,lost,0.0,-10.15,2026-07-31T10:15:50Z
2026-07-28T10:22:11Z,highest-temperature-in-karachi-on-july-30-2026,karachi,2026-07-30,2,NO,35°C,0.68,14.71,10.0,0.16,34.0,35°C,lost,0.0,-10.16,2026-07-31T10:15:50Z
2026-07-29T10:21:21Z,highest-temperature-in-nyc-on-july-29-2026,nyc,2026-07-29,0,NO,78-79°F,0.73,13.7,10.0,0.135,28.5,78-79°F,won,13.7,3.56,2026-07-30T09:47:02Z
2026-07-29T10:21:21Z,highest-temperature-in-chengdu-on-july-30-2026,chengdu,2026-07-30,1,NO,29°C,0.71,14.08,10.0,0.145,30.5,29°C,won,14.08,3.94,2026-07-31T10:15:50Z
2026-07-29T10:21:21Z,highest-temperature-in-shenzhen-on-july-30-2026,shenzhen,2026-07-30,1,NO,30°C,0.64,15.62,10.0,0.1799,36.5,30°C,won,15.62,5.44,2026-07-31T10:15:50Z
2026-07-29T10:21:21Z,highest-temperature-in-sao-paulo-on-july-30-2026,sao-paulo,2026-07-30,1,NO,23°C,0.72,13.89,10.0,0.14,29.0,23°C,won,13.89,3.75,2026-07-31T10:15:50Z
2026-07-29T10:21:21Z,highest-temperature-in-buenos-aires-on-july-30-2026,buenos-aires,2026-07-30,1,NO,17°C,0.66,15.15,10.0,0.17,34.5,17°C,lost,0.0,-10.17,2026-07-31T10:15:50Z
2026-07-29T10:21:21Z,highest-temperature-in-toronto-on-july-30-2026,toronto,2026-07-30,1,NO,28°C,0.56,17.86,10.0,0.22,44.5,28°C,lost,0.0,-10.22,2026-07-31T10:15:50Z
2026-07-29T10:21:21Z,highest-temperature-in-seattle-on-july-30-2026,seattle,2026-07-30,1,NO,76-77°F,0.61,16.39,10.0,0.195,39.5,76-77°F,won,16.39,6.2,2026-07-31T10:15:50Z
2026-07-29T10:21:21Z,highest-temperature-in-nyc-on-july-30-2026,nyc,2026-07-30,1,NO,78-79°F,0.67,14.93,10.0,0.1651,33.5,78-79°F,won,14.93,4.76,2026-07-31T10:15:50Z
2026-07-29T10:21:21Z,highest-temperature-in-dallas-on-july-30-2026,dallas,2026-07-30,1,NO,100-101°F,0.61,16.39,10.0,0.195,40.5,100-101°F,won,16.39,6.2,2026-07-31T10:15:50Z
2026-07-29T10:21:21Z,highest-temperature-in-atlanta-on-july-30-2026,atlanta,2026-07-30,1,NO,90-91°F,0.59,16.95,10.0,0.205,42.5,90-91°F,won,16.95,6.74,2026-07-31T10:15:50Z
2026-07-29T10:21:21Z,highest-temperature-in-miami-on-july-30-2026,miami,2026-07-30,1,NO,94-95°F,0.48,20.83,10.0,0.26,53.0,94-95°F,won,20.83,10.57,2026-07-31T10:15:50Z
2026-07-29T10:21:21Z,highest-temperature-in-chicago-on-july-30-2026,chicago,2026-07-30,1,NO,86-87°F,0.64,15.62,10.0,0.1799,37.5,86-87°F,lost,0.0,-10.18,2026-07-31T10:15:50Z
2026-07-29T10:21:21Z,highest-temperature-in-austin-on-july-30-2026,austin,2026-07-30,1,NO,100-101°F,0.64,15.62,10.0,0.1799,36.5,100-101°F,lost,0.0,-10.18,2026-07-31T10:15:50Z
2026-07-29T10:21:21Z,highest-temperature-in-denver-on-july-30-2026,denver,2026-07-30,1,NO,92-93°F,0.55,18.18,10.0,0.225,46.0,92-93°F,won,18.18,7.96,2026-07-31T10:15:50Z
2026-07-29T10:21:21Z,highest-temperature-in-houston-on-july-30-2026,houston,2026-07-30,1,NO,96-97°F,0.53,18.87,10.0,0.235,47.5,96-97°F,lost,0.0,-10.23,2026-07-31T10:15:50Z
2026-07-29T10:21:21Z,highest-temperature-in-los-angeles-on-july-30-2026,los-angeles,2026-07-30,1,NO,76-77°F,0.62,16.13,10.0,0.19,39.0,76-77°F,lost,0.0,-10.19,2026-07-31T10:15:50Z
2026-07-29T10:21:21Z,highest-temperature-in-san-francisco-on-july-30-2026,san-francisco,2026-07-30,1,NO,70-71°F,0.65,15.38,10.0,0.1749,36.0,70-71°F,won,15.38,5.21,2026-07-31T10:15:50Z
2026-07-29T10:21:21Z,highest-temperature-in-mexico-city-on-july-30-2026,mexico-city,2026-07-30,1,NO,26°C,0.53,18.87,10.0,0.235,47.5,26°C,won,18.87,8.64,2026-07-31T10:15:50Z
2026-07-29T10:21:21Z,highest-temperature-in-panama-city-on-july-30-2026,panama-city,2026-07-30,1,NO,34°C,0.57,17.54,10.0,0.215,43.5,34°C,won,17.54,7.32,2026-07-31T10:15:50Z
2026-07-29T10:21:21Z,highest-temperature-in-seoul-on-july-31-2026,seoul,2026-07-31,2,NO,31°C,0.66,15.15,10.0,0.17,36.0,31°C,lost,0.0,-10.17,2026-08-01T08:03:26Z
2026-07-29T10:21:21Z,highest-temperature-in-wellington-on-july-31-2026,wellington,2026-07-31,2,NO,13°C,0.52,19.23,10.0,0.24,49.5,13°C,won,19.23,8.99,2026-08-01T08:03:26Z
2026-07-29T10:21:21Z,highest-temperature-in-tokyo-on-july-31-2026,tokyo,2026-07-31,2,NO,34°C,0.72,13.89,10.0,0.14,30.5,34°C,won,13.89,3.75,2026-08-01T08:03:26Z
2026-07-29T10:21:21Z,highest-temperature-in-hong-kong-on-july-31-2026,hong-kong,2026-07-31,2,NO,29°C,0.63,15.87,10.0,0.185,38.0,29°C,won,15.87,5.68,2026-08-03T12:52:00Z
2026-07-29T10:21:21Z,highest-temperature-in-shanghai-on-july-31-2026,shanghai,2026-07-31,2,NO,36°C,0.68,14.71,10.0,0.16,34.0,36°C,won,14.71,4.55,2026-08-01T08:03:26Z
2026-07-29T10:21:21Z,highest-temperature-in-singapore-on-july-31-2026,singapore,2026-07-31,2,NO,32°C,0.54,18.52,10.0,0.23,46.5,32°C,lost,0.0,-10.23,2026-08-01T08:03:26Z
2026-07-29T10:21:21Z,highest-temperature-in-taipei-on-july-31-2026,taipei,2026-07-31,2,NO,35°C,0.64,15.62,10.0,0.1799,37.0,35°C,won,15.62,5.44,2026-08-01T08:03:26Z
2026-07-29T10:21:21Z,highest-temperature-in-chongqing-on-july-31-2026,chongqing,2026-07-31,2,NO,38°C,0.72,13.89,10.0,0.14,29.0,38°C,lost,0.0,-10.14,2026-08-01T08:03:26Z
2026-07-29T10:21:21Z,highest-temperature-in-beijing-on-july-31-2026,beijing,2026-07-31,2,NO,34°C,0.71,14.08,10.0,0.145,30.5,34°C,won,14.08,3.94,2026-08-01T08:03:26Z
2026-07-29T10:21:21Z,highest-temperature-in-wuhan-on-july-31-2026,wuhan,2026-07-31,2,NO,35°C,0.71,14.08,10.0,0.145,30.5,35°C,lost,0.0,-10.14,2026-08-01T08:03:26Z
2026-07-29T10:21:21Z,highest-temperature-in-busan-on-july-31-2026,busan,2026-07-31,2,NO,38°C,0.6,16.67,10.0,0.2,40.5,38°C,won,16.67,6.47,2026-08-01T08:03:26Z
2026-07-29T10:21:21Z,highest-temperature-in-amsterdam-on-july-31-2026,amsterdam,2026-07-31,2,NO,23°C,0.67,14.93,10.0,0.1651,33.5,23°C,won,14.93,4.76,2026-08-01T08:03:26Z
2026-07-29T10:21:21Z,highest-temperature-in-helsinki-on-july-31-2026,helsinki,2026-07-31,2,NO,25°C,0.7,14.29,10.0,0.15,31.0,25°C,won,14.29,4.14,2026-08-01T08:03:26Z
2026-07-29T10:21:21Z,highest-temperature-in-kuala-lumpur-on-july-31-2026,kuala-lumpur,2026-07-31,2,NO,33°C,0.64,15.62,10.0,0.1799,37.5,33°C,won,15.62,5.44,2026-08-01T08:03:26Z
2026-07-29T10:21:21Z,highest-temperature-in-jeddah-on-july-31-2026,jeddah,2026-07-31,2,NO,41°C,0.69,14.49,10.0,0.155,31.5,41°C,lost,0.0,-10.15,2026-08-01T08:03:26Z
2026-07-29T10:21:21Z,highest-temperature-in-cape-town-on-july-31-2026,cape-town,2026-07-31,2,NO,23°C,0.71,14.08,10.0,0.145,30.0,23°C,won,14.08,3.94,2026-08-01T08:03:26Z
2026-07-29T10:21:21Z,highest-temperature-in-guangzhou-on-july-31-2026,guangzhou,2026-07-31,2,NO,32°C,0.67,14.93,10.0,0.1651,33.5,32°C,won,14.93,4.76,2026-08-01T08:03:26Z
2026-07-29T10:21:21Z,highest-temperature-in-qingdao-on-july-31-2026,qingdao,2026-07-31,2,NO,35°C,0.69,14.49,10.0,0.155,34.5,35°C,won,14.49,4.33,2026-08-01T08:03:26Z
2026-07-29T10:21:21Z,highest-temperature-in-karachi-on-july-31-2026,karachi,2026-07-31,2,NO,35°C,0.63,15.87,10.0,0.185,39.0,35°C,won,15.87,5.68,2026-08-01T08:03:26Z
2026-07-29T10:21:21Z,highest-temperature-in-manila-on-july-31-2026,manila,2026-07-31,2,NO,32°C,0.67,14.93,10.0,0.1651,35.0,32°C,won,14.93,4.76,2026-08-01T08:03:26Z
2026-07-29T10:21:21Z,highest-temperature-in-london-on-july-31-2026,london,2026-07-31,2,NO,25°C,0.66,15.15,10.0,0.17,35.5,25°C,lost,0.0,-10.17,2026-08-01T08:03:26Z
2026-07-29T10:21:21Z,highest-temperature-in-paris-on-july-31-2026,paris,2026-07-31,2,NO,30°C,0.66,15.15,10.0,0.17,36.0,30°C,won,15.15,4.98,2026-08-01T08:03:26Z
2026-07-29T10:21:21Z,highest-temperature-in-ankara-on-july-31-2026,ankara,2026-07-31,2,NO,27°C,0.65,15.38,10.0,0.1749,36.5,27°C,won,15.38,5.21,2026-08-01T08:03:26Z
2026-07-29T10:21:21Z,highest-temperature-in-lucknow-on-july-31-2026,lucknow,2026-07-31,2,NO,33°C,0.66,15.15,10.0,0.17,35.5,33°C,lost,0.0,-10.17,2026-08-01T08:03:26Z
2026-07-29T10:21:21Z,highest-temperature-in-munich-on-july-31-2026,munich,2026-07-31,2,NO,36°C,0.58,17.24,10.0,0.21,42.5,36°C,lost,0.0,-10.21,2026-08-01T08:03:26Z
2026-07-29T10:21:21Z,highest-temperature-in-tel-aviv-on-july-31-2026,tel-aviv,2026-07-31,2,NO,34°C,0.52,19.23,10.0,0.24,48.5,34°C,lost,0.0,-10.24,2026-08-01T08:03:26Z
2026-07-29T10:21:21Z,highest-temperature-in-milan-on-july-31-2026,milan,2026-07-31,2,NO,36°C,0.66,15.15,10.0,0.17,34.5,36°C,won,15.15,4.98,2026-08-01T08:03:26Z
2026-07-29T10:21:21Z,highest-temperature-in-madrid-on-july-31-2026,madrid,2026-07-31,2,NO,38°C,0.54,18.52,10.0,0.23,46.5,38°C,lost,0.0,-10.23,2026-08-01T08:03:26Z
2026-07-29T10:21:21Z,highest-temperature-in-warsaw-on-july-31-2026,warsaw,2026-07-31,2,NO,35°C,0.66,15.15,10.0,0.17,36.0,35°C,won,15.15,4.98,2026-08-01T08:03:26Z
2026-07-29T10:21:21Z,highest-temperature-in-moscow-on-july-31-2026,moscow,2026-07-31,2,NO,25°C,0.67,14.93,10.0,0.1651,34.0,25°C,won,14.93,4.76,2026-08-01T08:03:26Z
2026-07-29T10:21:21Z,highest-temperature-in-istanbul-on-july-31-2026,istanbul,2026-07-31,2,NO,26°C,0.6,16.67,10.0,0.2,42.0,26°C,lost,0.0,-10.2,2026-08-01T08:03:26Z
2026-07-30T09:47:02Z,highest-temperature-in-chengdu-on-july-31-2026,chengdu,2026-07-31,1,NO,28°C,0.71,14.08,10.0,0.145,29.5,28°C,won,14.08,3.94,2026-08-01T08:03:26Z
2026-07-30T09:47:02Z,highest-temperature-in-shenzhen-on-july-31-2026,shenzhen,2026-07-31,1,NO,30°C,0.67,14.93,10.0,0.1651,34.0,30°C,won,14.93,4.76,2026-08-01T08:03:26Z
2026-07-30T09:47:02Z,highest-temperature-in-sao-paulo-on-july-31-2026,sao-paulo,2026-07-31,1,NO,24°C,0.69,14.49,10.0,0.155,31.5,24°C,won,14.49,4.33,2026-08-01T08:03:26Z
2026-07-30T09:47:02Z,highest-temperature-in-buenos-aires-on-july-31-2026,buenos-aires,2026-07-31,1,NO,22°C,0.7,14.29,10.0,0.15,30.5,22°C,won,14.29,4.14,2026-08-01T08:03:26Z
2026-07-30T09:47:02Z,highest-temperature-in-toronto-on-july-31-2026,toronto,2026-07-31,1,NO,30°C,0.64,15.62,10.0,0.1799,36.5,30°C,lost,0.0,-10.18,2026-08-01T08:03:26Z
2026-07-30T09:47:02Z,highest-temperature-in-seattle-on-july-31-2026,seattle,2026-07-31,1,NO,82-83°F,0.55,18.18,10.0,0.225,46.0,82-83°F,lost,0.0,-10.22,2026-08-01T15:43:32Z
2026-07-30T09:47:02Z,highest-temperature-in-nyc-on-july-31-2026,nyc,2026-07-31,1,NO,84-85°F,0.61,16.39,10.0,0.195,39.5,84-85°F,lost,0.0,-10.2,2026-08-01T15:43:32Z
2026-07-30T09:47:02Z,highest-temperature-in-dallas-on-july-31-2026,dallas,2026-07-31,1,NO,102-103°F,0.58,17.24,10.0,0.21,43.0,102-103°F,lost,0.0,-10.21,2026-08-01T15:43:32Z
2026-07-30T09:47:02Z,highest-temperature-in-atlanta-on-july-31-2026,atlanta,2026-07-31,1,NO,92-93°F,0.6,16.67,10.0,0.2,40.5,92-93°F,won,16.67,6.47,2026-08-01T15:43:32Z
2026-07-30T09:47:02Z,highest-temperature-in-miami-on-july-31-2026,miami,2026-07-31,1,NO,94-95°F,0.55,18.18,10.0,0.225,45.5,94-95°F,won,18.18,7.96,2026-08-01T08:03:26Z
2026-07-30T09:47:02Z,highest-temperature-in-chicago-on-july-31-2026,chicago,2026-07-31,1,NO,80-81°F,0.68,14.71,10.0,0.16,32.5,80-81°F,lost,0.0,-10.16,2026-08-01T08:03:26Z
2026-07-30T09:47:02Z,highest-temperature-in-austin-on-july-31-2026,austin,2026-07-31,1,NO,100-101°F,0.52,19.23,10.0,0.24,48.5,100-101°F,lost,0.0,-10.24,2026-08-01T15:43:32Z
2026-07-30T09:47:02Z,highest-temperature-in-denver-on-july-31-2026,denver,2026-07-31,1,NO,88-89°F,0.52,19.23,10.0,0.24,48.5,88-89°F,won,19.23,8.99,2026-08-01T15:43:32Z
2026-07-30T09:47:02Z,highest-temperature-in-houston-on-july-31-2026,houston,2026-07-31,1,NO,96-97°F,0.47,21.28,10.0,0.265,54.0,96-97°F,lost,0.0,-10.27,2026-08-01T15:43:32Z
2026-07-30T09:47:02Z,highest-temperature-in-los-angeles-on-july-31-2026,los-angeles,2026-07-31,1,NO,78-79°F,0.65,15.38,10.0,0.1749,35.5,78-79°F,lost,0.0,-10.17,2026-08-01T15:43:32Z
2026-07-30T09:47:02Z,highest-temperature-in-san-francisco-on-july-31-2026,san-francisco,2026-07-31,1,NO,72-73°F,0.71,14.08,10.0,0.145,30.5,72-73°F,lost,0.0,-10.14,2026-08-01T15:43:32Z
2026-07-30T09:47:02Z,highest-temperature-in-mexico-city-on-july-31-2026,mexico-city,2026-07-31,1,NO,26°C,0.62,16.13,10.0,0.19,39.0,26°C,lost,0.0,-10.19,2026-08-01T08:03:26Z
2026-07-30T09:47:02Z,highest-temperature-in-panama-city-on-july-31-2026,panama-city,2026-07-31,1,NO,33°C,0.64,15.62,10.0,0.1799,37.5,33°C,won,15.62,5.44,2026-08-01T08:03:26Z
2026-07-30T09:47:02Z,highest-temperature-in-london-on-august-1-2026,london,2026-08-01,2,NO,26°C,0.59,16.95,10.0,0.205,41.5,26°C,lost,0.0,-10.21,2026-08-02T09:05:10Z
2026-07-30T09:47:02Z,highest-temperature-in-paris-on-august-1-2026,paris,2026-08-01,2,NO,28°C,0.63,15.87,10.0,0.185,37.5,28°C,won,15.87,5.68,2026-08-02T09:05:10Z
2026-07-30T09:47:02Z,highest-temperature-in-seoul-on-august-1-2026,seoul,2026-08-01,2,NO,32°C,0.66,15.15,10.0,0.17,35.0,32°C,lost,0.0,-10.17,2026-08-02T09:05:10Z
2026-07-30T09:47:02Z,highest-temperature-in-ankara-on-august-1-2026,ankara,2026-08-01,2,NO,28°C,0.54,18.52,10.0,0.23,46.5,28°C,lost,0.0,-10.23,2026-08-02T09:05:10Z
2026-07-30T09:47:02Z,highest-temperature-in-wellington-on-august-1-2026,wellington,2026-08-01,2,NO,10°C,0.53,18.87,10.0,0.235,49.0,10°C,won,18.87,8.64,2026-08-02T09:05:10Z
2026-07-30T09:47:02Z,highest-temperature-in-munich-on-august-1-2026,munich,2026-08-01,2,NO,31°C,0.68,14.71,10.0,0.16,34.0,31°C,won,14.71,4.55,2026-08-02T09:05:10Z
2026-07-30T09:47:02Z,highest-temperature-in-tel-aviv-on-august-1-2026,tel-aviv,2026-08-01,2,NO,35°C,0.53,18.87,10.0,0.235,48.5,35°C,won,18.87,8.64,2026-08-02T09:05:10Z
2026-07-30T09:47:02Z,highest-temperature-in-hong-kong-on-august-1-2026,hong-kong,2026-08-01,2,NO,28°C,0.63,15.87,10.0,0.185,37.5,28°C,lost,0.0,-10.19,2026-08-03T12:52:00Z
2026-07-30T09:47:02Z,highest-temperature-in-shanghai-on-august-1-2026,shanghai,2026-08-01,2,NO,36°C,0.65,15.38,10.0,0.1749,36.5,36°C,won,15.38,5.21,2026-08-02T09:05:10Z
2026-07-30T09:47:02Z,highest-temperature-in-singapore-on-august-1-2026,singapore,2026-08-01,2,NO,32°C,0.49,20.41,10.0,0.255,52.5,32°C,won,20.41,10.15,2026-08-02T09:05:10Z
2026-07-30T09:47:02Z,highest-temperature-in-milan-on-august-1-2026,milan,2026-08-01,2,NO,36°C,0.57,17.54,10.0,0.215,43.5,36°C,lost,0.0,-10.21,2026-08-02T09:05:10Z
2026-07-30T09:47:02Z,highest-temperature-in-madrid-on-august-1-2026,madrid,2026-08-01,2,NO,38°C,0.58,17.24,10.0,0.21,44.0,38°C,won,17.24,7.03,2026-08-02T09:05:10Z
2026-07-30T09:47:02Z,highest-temperature-in-taipei-on-august-1-2026,taipei,2026-08-01,2,NO,35°C,0.66,15.15,10.0,0.17,36.0,35°C,won,15.15,4.98,2026-08-02T09:05:10Z
2026-07-30T09:47:02Z,highest-temperature-in-chongqing-on-august-1-2026,chongqing,2026-08-01,2,NO,38°C,0.72,13.89,10.0,0.14,29.5,38°C,lost,0.0,-10.14,2026-08-02T09:05:10Z
2026-07-30T09:47:02Z,highest-temperature-in-beijing-on-august-1-2026,beijing,2026-08-01,2,NO,34°C,0.69,14.49,10.0,0.155,31.5,34°C,won,14.49,4.33,2026-08-02T09:05:10Z
2026-07-30T09:47:02Z,highest-temperature-in-wuhan-on-august-1-2026,wuhan,2026-08-01,2,NO,36°C,0.7,14.29,10.0,0.15,30.5,36°C,lost,0.0,-10.15,2026-08-02T09:05:10Z
2026-07-30T09:47:02Z,highest-temperature-in-shenzhen-on-august-1-2026,shenzhen,2026-08-01,2,NO,28°C,0.67,14.93,10.0,0.1651,35.0,28°C,won,14.93,4.76,2026-08-02T09:05:10Z
2026-07-30T09:47:02Z,highest-temperature-in-moscow-on-august-1-2026,moscow,2026-08-01,2,NO,27°C,0.62,16.13,10.0,0.19,39.5,27°C,lost,0.0,-10.19,2026-08-02T09:05:10Z
2026-07-30T09:47:02Z,highest-temperature-in-istanbul-on-august-1-2026,istanbul,2026-08-01,2,NO,27°C,0.46,21.74,10.0,0.27,55.0,27°C,lost,0.0,-10.27,2026-08-02T09:05:10Z
2026-07-30T09:47:02Z,highest-temperature-in-busan-on-august-1-2026,busan,2026-08-01,2,NO,39°C,0.7,14.29,10.0,0.15,30.5,39°C,lost,0.0,-10.15,2026-08-02T09:05:10Z
2026-07-30T09:47:02Z,highest-temperature-in-amsterdam-on-august-1-2026,amsterdam,2026-08-01,2,NO,23°C,0.64,15.62,10.0,0.1799,38.0,23°C,won,15.62,5.44,2026-08-02T09:05:10Z
2026-07-30T09:47:02Z,highest-temperature-in-helsinki-on-august-1-2026,helsinki,2026-08-01,2,NO,23°C,0.6,16.67,10.0,0.2,41.5,23°C,lost,0.0,-10.2,2026-08-02T09:05:10Z
2026-07-30T09:47:02Z,highest-temperature-in-kuala-lumpur-on-august-1-2026,kuala-lumpur,2026-08-01,2,NO,33°C,0.65,15.38,10.0,0.1749,36.5,33°C,won,15.38,5.21,2026-08-02T09:05:10Z
2026-07-30T09:47:02Z,highest-temperature-in-jeddah-on-august-1-2026,jeddah,2026-08-01,2,NO,42°C,0.71,14.08,10.0,0.145,32.5,42°C,won,14.08,3.94,2026-08-02T09:05:10Z
2026-07-30T09:47:02Z,highest-temperature-in-qingdao-on-august-1-2026,qingdao,2026-08-01,2,NO,36°C,0.65,15.38,10.0,0.1749,36.5,36°C,won,15.38,5.21,2026-08-02T09:05:10Z
2026-07-30T09:47:02Z,highest-temperature-in-manila-on-august-1-2026,manila,2026-08-01,2,NO,33°C,0.69,14.49,10.0,0.155,33.0,33°C,won,14.49,4.33,2026-08-02T09:05:10Z
2026-07-30T09:47:02Z,highest-temperature-in-lucknow-on-august-1-2026,lucknow,2026-08-01,2,NO,33°C,0.7,14.29,10.0,0.15,30.5,33°C,won,14.29,4.14,2026-08-02T09:05:10Z
2026-07-30T09:47:02Z,highest-temperature-in-cape-town-on-august-1-2026,cape-town,2026-08-01,2,NO,24°C,0.7,14.29,10.0,0.15,30.5,24°C,won,14.29,4.14,2026-08-02T09:05:10Z
2026-07-30T09:47:02Z,highest-temperature-in-karachi-on-august-1-2026,karachi,2026-08-01,2,NO,33°C,0.58,17.24,10.0,0.21,44.0,33°C,won,17.24,7.03,2026-08-02T09:05:10Z
2026-07-31T10:15:50Z,highest-temperature-in-tokyo-on-august-1-2026,tokyo,2026-08-01,1,NO,35°C,0.65,15.38,10.0,0.1749,36.0,35°C,lost,0.0,-10.17,2026-08-02T09:05:10Z
2026-07-31T10:15:50Z,highest-temperature-in-warsaw-on-august-1-2026,warsaw,2026-08-01,1,NO,30°C,0.7,14.29,10.0,0.15,31.5,30°C,won,14.29,4.14,2026-08-02T09:05:10Z
2026-07-31T10:15:50Z,highest-temperature-in-guangzhou-on-august-1-2026,guangzhou,2026-08-01,1,NO,30°C,0.69,14.49,10.0,0.155,32.0,30°C,won,14.49,4.33,2026-08-02T09:05:10Z
2026-07-31T10:15:50Z,highest-temperature-in-sao-paulo-on-august-1-2026,sao-paulo,2026-08-01,1,NO,27°C,0.6,16.67,10.0,0.2,41.0,27°C,lost,0.0,-10.2,2026-08-02T09:05:10Z
2026-07-31T10:15:50Z,highest-temperature-in-buenos-aires-on-august-1-2026,buenos-aires,2026-08-01,1,NO,20°C,0.63,15.87,10.0,0.185,38.5,20°C,won,15.87,5.68,2026-08-02T09:05:10Z
2026-07-31T10:15:50Z,highest-temperature-in-toronto-on-august-1-2026,toronto,2026-08-01,1,NO,28°C,0.67,14.93,10.0,0.1651,34.5,28°C,lost,0.0,-10.17,2026-08-02T09:05:10Z
2026-07-31T10:15:50Z,highest-temperature-in-seattle-on-august-1-2026,seattle,2026-08-01,1,NO,72-73°F,0.6,16.67,10.0,0.2,41.5,72-73°F,won,16.67,6.47,2026-08-02T09:05:10Z
2026-07-31T10:15:50Z,highest-temperature-in-nyc-on-august-1-2026,nyc,2026-08-01,1,NO,86-87°F,0.57,17.54,10.0,0.215,44.5,86-87°F,lost,0.0,-10.21,2026-08-02T09:05:10Z
2026-07-31T10:15:50Z,highest-temperature-in-dallas-on-august-1-2026,dallas,2026-08-01,1,NO,98-99°F,0.55,18.18,10.0,0.225,45.5,98-99°F,won,18.18,7.96,2026-08-02T09:05:10Z
2026-07-31T10:15:50Z,highest-temperature-in-atlanta-on-august-1-2026,atlanta,2026-08-01,1,NO,86-87°F,0.71,14.08,10.0,0.145,30.0,86-87°F,lost,0.0,-10.14,2026-08-02T15:47:57Z
2026-07-31T10:15:50Z,highest-temperature-in-miami-on-august-1-2026,miami,2026-08-01,1,NO,92-93°F,0.55,18.18,10.0,0.225,45.5,92-93°F,lost,0.0,-10.22,2026-08-02T09:05:10Z
2026-07-31T10:15:50Z,highest-temperature-in-chicago-on-august-1-2026,chicago,2026-08-01,1,NO,70-71°F,0.62,16.13,10.0,0.19,39.0,70-71°F,won,16.13,5.94,2026-08-02T09:05:10Z
2026-07-31T10:15:50Z,highest-temperature-in-austin-on-august-1-2026,austin,2026-08-01,1,NO,98-99°F,0.62,16.13,10.0,0.19,38.5,98-99°F,won,16.13,5.94,2026-08-02T15:47:57Z
2026-07-31T10:15:50Z,highest-temperature-in-denver-on-august-1-2026,denver,2026-08-01,1,NO,92-93°F,0.51,19.61,10.0,0.245,50.0,92-93°F,lost,0.0,-10.24,2026-08-02T09:05:10Z
2026-07-31T10:15:50Z,highest-temperature-in-houston-on-august-1-2026,houston,2026-08-01,1,NO,98-99°F,0.53,18.87,10.0,0.235,47.5,98-99°F,won,18.87,8.64,2026-08-02T09:05:10Z
2026-07-31T10:15:50Z,highest-temperature-in-los-angeles-on-august-1-2026,los-angeles,2026-08-01,1,NO,80-81°F,0.47,21.28,10.0,0.265,53.5,80-81°F,won,21.28,11.02,2026-08-02T09:05:10Z
2026-07-31T10:15:50Z,highest-temperature-in-san-francisco-on-august-1-2026,san-francisco,2026-08-01,1,NO,74-75°F,0.65,15.38,10.0,0.1749,36.0,74-75°F,won,15.38,5.21,2026-08-02T15:47:57Z
2026-07-31T10:15:50Z,highest-temperature-in-mexico-city-on-august-1-2026,mexico-city,2026-08-01,1,NO,27°C,0.63,15.87,10.0,0.185,38.5,27°C,lost,0.0,-10.19,2026-08-02T15:47:57Z
2026-07-31T10:15:50Z,highest-temperature-in-panama-city-on-august-1-2026,panama-city,2026-08-01,1,NO,33°C,0.58,17.24,10.0,0.21,43.0,33°C,lost,0.0,-10.21,2026-08-02T15:47:57Z
2026-07-31T10:15:50Z,highest-temperature-in-seoul-on-august-2-2026,seoul,2026-08-02,2,NO,32°C,0.66,15.15,10.0,0.17,35.0,32°C,won,15.15,4.98,2026-08-03T12:52:00Z
2026-07-31T10:15:50Z,highest-temperature-in-wellington-on-august-2-2026,wellington,2026-08-02,2,NO,13°C,0.52,19.23,10.0,0.24,49.0,13°C,won,19.23,8.99,2026-08-03T12:52:00Z
2026-07-31T10:15:50Z,highest-temperature-in-tokyo-on-august-2-2026,tokyo,2026-08-02,2,NO,34°C,0.7,14.29,10.0,0.15,31.5,34°C,won,14.29,4.14,2026-08-03T12:52:00Z
2026-07-31T10:15:50Z,highest-temperature-in-hong-kong-on-august-2-2026,hong-kong,2026-08-02,2,NO,27°C,0.68,14.71,10.0,0.16,34.5,27°C,won,14.71,4.55,2026-08-03T12:52:00Z
2026-07-31T10:15:50Z,highest-temperature-in-shanghai-on-august-2-2026,shanghai,2026-08-02,2,NO,36°C,0.64,15.62,10.0,0.1799,37.5,36°C,lost,0.0,-10.18,2026-08-03T12:52:00Z
2026-07-31T10:15:50Z,highest-temperature-in-singapore-on-august-2-2026,singapore,2026-08-02,2,NO,32°C,0.49,20.41,10.0,0.255,52.5,32°C,lost,0.0,-10.26,2026-08-03T12:52:00Z
2026-07-31T10:15:50Z,highest-temperature-in-taipei-on-august-2-2026,taipei,2026-08-02,2,NO,37°C,0.7,14.29,10.0,0.15,32.5,37°C,won,14.29,4.14,2026-08-03T12:52:00Z
2026-07-31T10:15:50Z,highest-temperature-in-beijing-on-august-2-2026,beijing,2026-08-02,2,NO,34°C,0.67,14.93,10.0,0.1651,33.5,34°C,won,14.93,4.76,2026-08-03T12:52:00Z
2026-07-31T10:15:50Z,highest-temperature-in-wuhan-on-august-2-2026,wuhan,2026-08-02,2,NO,37°C,0.69,14.49,10.0,0.155,32.0,37°C,lost,0.0,-10.15,2026-08-03T12:52:00Z
2026-07-31T10:15:50Z,highest-temperature-in-chengdu-on-august-2-2026,chengdu,2026-08-02,2,NO,25°C,0.7,14.29,10.0,0.15,31.0,25°C,won,14.29,4.14,2026-08-03T12:52:00Z
2026-07-31T10:15:50Z,highest-temperature-in-shenzhen-on-august-2-2026,shenzhen,2026-08-02,2,NO,28°C,0.71,14.08,10.0,0.145,30.5,28°C,won,14.08,3.94,2026-08-03T12:52:00Z
2026-07-31T10:15:50Z,highest-temperature-in-busan-on-august-2-2026,busan,2026-08-02,2,NO,<=36°C,0.7,14.29,10.0,0.15,31.0,<=36°C,won,14.29,4.14,2026-08-03T12:52:00Z
2026-07-31T10:15:50Z,highest-temperature-in-kuala-lumpur-on-august-2-2026,kuala-lumpur,2026-08-02,2,NO,33°C,0.58,17.24,10.0,0.21,43.5,33°C,won,17.24,7.03,2026-08-03T12:52:00Z
2026-07-31T10:15:50Z,highest-temperature-in-qingdao-on-august-2-2026,qingdao,2026-08-02,2,NO,36°C,0.67,14.93,10.0,0.1651,34.0,36°C,lost,0.0,-10.17,2026-08-03T12:52:00Z
2026-07-31T10:15:50Z,highest-temperature-in-london-on-august-2-2026,london,2026-08-02,2,NO,26°C,0.67,14.93,10.0,0.1651,34.5,26°C,won,14.93,4.76,2026-08-03T12:52:00Z
2026-07-31T10:15:50Z,highest-temperature-in-paris-on-august-2-2026,paris,2026-08-02,2,NO,32°C,0.64,15.62,10.0,0.1799,37.5,32°C,lost,0.0,-10.18,2026-08-03T12:52:00Z
2026-07-31T10:15:50Z,highest-temperature-in-ankara-on-august-2-2026,ankara,2026-08-02,2,NO,31°C,0.57,17.54,10.0,0.215,43.5,31°C,won,17.54,7.32,2026-08-03T12:52:00Z
2026-07-31T10:15:50Z,highest-temperature-in-lucknow-on-august-2-2026,lucknow,2026-08-02,2,NO,>=34°C,0.63,15.87,10.0,0.185,39.0,>=34°C,lost,0.0,-10.19,2026-08-03T12:52:00Z
2026-07-31T10:15:50Z,highest-temperature-in-munich-on-august-2-2026,munich,2026-08-02,2,NO,31°C,0.66,15.15,10.0,0.17,36.0,31°C,lost,0.0,-10.17,2026-08-03T12:52:00Z
2026-07-31T10:15:50Z,highest-temperature-in-tel-aviv-on-august-2-2026,tel-aviv,2026-08-02,2,NO,35°C,0.53,18.87,10.0,0.235,47.5,35°C,lost,0.0,-10.23,2026-08-03T12:52:00Z
2026-07-31T10:15:50Z,highest-temperature-in-milan-on-august-2-2026,milan,2026-08-02,2,NO,35°C,0.65,15.38,10.0,0.1749,36.0,35°C,won,15.38,5.21,2026-08-03T12:52:00Z
2026-07-31T10:15:50Z,highest-temperature-in-madrid-on-august-2-2026,madrid,2026-08-02,2,NO,36°C,0.55,18.18,10.0,0.225,47.0,36°C,won,18.18,7.96,2026-08-03T12:52:00Z
2026-07-31T10:15:50Z,highest-temperature-in-warsaw-on-august-2-2026,warsaw,2026-08-02,2,NO,26°C,0.69,14.49,10.0,0.155,32.5,26°C,won,14.49,4.33,2026-08-03T12:52:00Z
2026-07-31T10:15:50Z,highest-temperature-in-moscow-on-august-2-2026,moscow,2026-08-02,2,NO,30°C,0.62,16.13,10.0,0.19,39.0,30°C,lost,0.0,-10.19,2026-08-03T12:52:00Z
2026-07-31T10:15:50Z,highest-temperature-in-istanbul-on-august-2-2026,istanbul,2026-08-02,2,NO,28°C,0.58,17.24,10.0,0.21,42.5,28°C,won,17.24,7.03,2026-08-03T12:52:00Z
2026-08-01T08:03:26Z,highest-temperature-in-guangzhou-on-august-2-2026,guangzhou,2026-08-02,1,NO,30°C,0.66,15.15,10.0,0.17,34.5,30°C,lost,0.0,-10.17,2026-08-03T12:52:00Z
2026-08-01T08:03:26Z,highest-temperature-in-manila-on-august-2-2026,manila,2026-08-02,1,NO,32°C,0.63,15.87,10.0,0.185,37.5,32°C,won,15.87,5.68,2026-08-03T12:52:00Z
2026-08-01T08:03:26Z,highest-temperature-in-amsterdam-on-august-2-2026,amsterdam,2026-08-02,1,NO,26°C,0.64,15.62,10.0,0.1799,37.5,26°C,lost,0.0,-10.18,2026-08-03T12:52:00Z
2026-08-01T08:03:26Z,highest-temperature-in-helsinki-on-august-2-2026,helsinki,2026-08-02,1,NO,22°C,0.49,20.41,10.0,0.255,52.0,22°C,lost,0.0,-10.26,2026-08-03T12:52:00Z
2026-08-01T08:03:26Z,highest-temperature-in-jeddah-on-august-2-2026,jeddah,2026-08-02,1,NO,42°C,0.66,15.15,10.0,0.17,34.5,42°C,won,15.15,4.98,2026-08-03T12:52:00Z
2026-08-01T08:03:26Z,highest-temperature-in-karachi-on-august-2-2026,karachi,2026-08-02,1,NO,33°C,0.58,17.24,10.0,0.21,43.0,33°C,won,17.24,7.03,2026-08-03T12:52:00Z
2026-08-01T08:03:26Z,highest-temperature-in-sao-paulo-on-august-2-2026,sao-paulo,2026-08-02,1,NO,28°C,0.53,18.87,10.0,0.235,47.5,28°C,won,18.87,8.64,2026-08-03T12:52:00Z
2026-08-01T08:03:26Z,highest-temperature-in-buenos-aires-on-august-2-2026,buenos-aires,2026-08-02,1,NO,16°C,0.59,16.95,10.0,0.205,41.5,16°C,won,16.95,6.74,2026-08-03T12:52:00Z
2026-08-01T08:03:26Z,highest-temperature-in-toronto-on-august-2-2026,toronto,2026-08-02,1,NO,24°C,0.67,14.93,10.0,0.1651,34.0,24°C,lost,0.0,-10.17,2026-08-03T12:52:00Z
2026-08-01T08:03:26Z,highest-temperature-in-seattle-on-august-2-2026,seattle,2026-08-02,1,NO,70-71°F,0.65,15.38,10.0,0.1749,36.5,70-71°F,won,15.38,5.21,2026-08-03T12:52:00Z
2026-08-01T08:03:26Z,highest-temperature-in-nyc-on-august-2-2026,nyc,2026-08-02,1,NO,82-83°F,0.55,18.18,10.0,0.225,46.5,82-83°F,won,18.18,7.96,2026-08-03T12:52:00Z
2026-08-01T08:03:26Z,highest-temperature-in-dallas-on-august-2-2026,dallas,2026-08-02,1,NO,96-97°F,0.61,16.39,10.0,0.195,39.5,96-97°F,won,16.39,6.2,2026-08-03T12:52:00Z
2026-08-01T08:03:26Z,highest-temperature-in-atlanta-on-august-2-2026,atlanta,2026-08-02,1,NO,88-89°F,0.68,14.71,10.0,0.16,33.5,88-89°F,won,14.71,4.55,2026-08-03T12:52:00Z
2026-08-01T08:03:26Z,highest-temperature-in-miami-on-august-2-2026,miami,2026-08-02,1,NO,92-93°F,0.55,18.18,10.0,0.225,45.5,92-93°F,won,18.18,7.96,2026-08-03T12:52:00Z
2026-08-01T08:03:26Z,highest-temperature-in-chicago-on-august-2-2026,chicago,2026-08-02,1,NO,76-77°F,0.61,16.39,10.0,0.195,39.5,76-77°F,lost,0.0,-10.2,2026-08-03T12:52:00Z
2026-08-01T08:03:26Z,highest-temperature-in-austin-on-august-2-2026,austin,2026-08-02,1,NO,98-99°F,0.63,15.87,10.0,0.185,37.5,98-99°F,won,15.87,5.68,2026-08-03T12:52:00Z
2026-08-01T08:03:26Z,highest-temperature-in-denver-on-august-2-2026,denver,2026-08-02,1,NO,100-101°F,0.58,17.24,10.0,0.21,42.5,100-101°F,lost,0.0,-10.21,2026-08-03T12:52:00Z
2026-08-01T08:03:26Z,highest-temperature-in-houston-on-august-2-2026,houston,2026-08-02,1,NO,98-99°F,0.66,15.15,10.0,0.17,35.5,98-99°F,lost,0.0,-10.17,2026-08-03T12:52:00Z
2026-08-01T08:03:26Z,highest-temperature-in-los-angeles-on-august-2-2026,los-angeles,2026-08-02,1,NO,80-81°F,0.58,17.24,10.0,0.21,42.5,80-81°F,won,17.24,7.03,2026-08-03T12:52:00Z
2026-08-01T08:03:26Z,highest-temperature-in-san-francisco-on-august-2-2026,san-francisco,2026-08-02,1,NO,76-77°F,0.65,15.38,10.0,0.1749,36.0,76-77°F,won,15.38,5.21,2026-08-03T12:52:00Z
2026-08-01T08:03:26Z,highest-temperature-in-mexico-city-on-august-2-2026,mexico-city,2026-08-02,1,NO,27°C,0.55,18.18,10.0,0.225,45.5,27°C,lost,0.0,-10.22,2026-08-03T12:52:00Z
2026-08-01T08:03:26Z,highest-temperature-in-panama-city-on-august-2-2026,panama-city,2026-08-02,1,NO,33°C,0.59,16.95,10.0,0.205,41.5,33°C,lost,0.0,-10.21,2026-08-03T12:52:00Z
2026-08-01T08:03:26Z,highest-temperature-in-london-on-august-3-2026,london,2026-08-03,2,NO,30°C,0.7,14.29,10.0,0.15,31.0,30°C,won,14.29,4.14,2026-08-04T10:26:42Z
2026-08-01T08:03:26Z,highest-temperature-in-paris-on-august-3-2026,paris,2026-08-03,2,NO,35°C,0.64,15.62,10.0,0.1799,38.0,35°C,won,15.62,5.44,2026-08-04T10:26:42Z
2026-08-01T08:03:26Z,highest-temperature-in-seoul-on-august-3-2026,seoul,2026-08-03,2,NO,33°C,0.69,14.49,10.0,0.155,32.5,33°C,lost,0.0,-10.15,2026-08-04T10:26:42Z
2026-08-01T08:03:26Z,highest-temperature-in-ankara-on-august-3-2026,ankara,2026-08-03,2,NO,33°C,0.55,18.18,10.0,0.225,47.5,33°C,lost,0.0,-10.22,2026-08-04T10:26:42Z
2026-08-01T08:03:26Z,highest-temperature-in-wellington-on-august-3-2026,wellington,2026-08-03,2,NO,15°C,0.59,16.95,10.0,0.205,41.5,15°C,won,16.95,6.74,2026-08-04T10:26:42Z
2026-08-01T08:03:26Z,highest-temperature-in-munich-on-august-3-2026,munich,2026-08-03,2,NO,35°C,0.65,15.38,10.0,0.1749,35.5,35°C,won,15.38,5.21,2026-08-04T10:26:42Z
2026-08-01T08:03:26Z,highest-temperature-in-tel-aviv-on-august-3-2026,tel-aviv,2026-08-03,2,NO,34°C,0.41,24.39,10.0,0.295,60.5,34°C,lost,0.0,-10.29,2026-08-04T10:26:42Z
2026-08-01T08:03:26Z,highest-temperature-in-tokyo-on-august-3-2026,tokyo,2026-08-03,2,NO,27°C,0.62,16.13,10.0,0.19,38.5,27°C,lost,0.0,-10.19,2026-08-04T10:26:42Z
2026-08-01T08:03:26Z,highest-temperature-in-hong-kong-on-august-3-2026,hong-kong,2026-08-03,2,NO,29°C,0.64,15.62,10.0,0.1799,36.5,29°C,won,15.62,5.44,2026-08-04T10:26:42Z
2026-08-01T08:03:26Z,highest-temperature-in-shanghai-on-august-3-2026,shanghai,2026-08-03,2,NO,35°C,0.62,16.13,10.0,0.19,38.5,35°C,won,16.13,5.94,2026-08-04T10:26:42Z
2026-08-01T08:03:26Z,highest-temperature-in-singapore-on-august-3-2026,singapore,2026-08-03,2,NO,32°C,0.51,19.61,10.0,0.245,49.5,32°C,won,19.61,9.37,2026-08-04T10:26:42Z
2026-08-01T08:03:26Z,highest-temperature-in-milan-on-august-3-2026,milan,2026-08-03,2,NO,35°C,0.65,15.38,10.0,0.1749,36.0,35°C,won,15.38,5.21,2026-08-04T10:26:42Z
2026-08-01T08:03:26Z,highest-temperature-in-madrid-on-august-3-2026,madrid,2026-08-03,2,NO,33°C,0.53,18.87,10.0,0.235,49.0,33°C,lost,0.0,-10.23,2026-08-04T10:26:42Z
2026-08-01T08:03:26Z,highest-temperature-in-warsaw-on-august-3-2026,warsaw,2026-08-03,2,NO,29°C,0.67,14.93,10.0,0.1651,34.0,29°C,lost,0.0,-10.17,2026-08-04T10:26:42Z
2026-08-01T08:03:26Z,highest-temperature-in-taipei-on-august-3-2026,taipei,2026-08-03,2,NO,37°C,0.65,15.38,10.0,0.1749,37.0,37°C,lost,0.0,-10.17,2026-08-04T10:26:42Z
2026-08-01T15:43:32Z,highest-temperature-in-chongqing-on-august-3-2026,chongqing,2026-08-03,2,NO,26°C,0.69,14.49,10.0,0.155,32.0,26°C,won,14.49,4.33,2026-08-04T10:26:42Z
2026-08-01T15:43:32Z,highest-temperature-in-beijing-on-august-3-2026,beijing,2026-08-03,2,NO,34°C,0.69,14.49,10.0,0.155,31.5,34°C,won,14.49,4.33,2026-08-04T10:26:42Z
2026-08-01T15:43:32Z,highest-temperature-in-wuhan-on-august-3-2026,wuhan,2026-08-03,2,NO,36°C,0.68,14.71,10.0,0.16,33.5,36°C,won,14.71,4.55,2026-08-04T10:26:42Z
2026-08-01T15:43:32Z,highest-temperature-in-shenzhen-on-august-3-2026,shenzhen,2026-08-03,2,NO,29°C,0.69,14.49,10.0,0.155,32.0,29°C,won,14.49,4.33,2026-08-04T10:26:42Z
2026-08-02T09:05:10Z,highest-temperature-in-cape-town-on-august-2-2026,cape-town,2026-08-02,0,NO,24°C,0.59,16.95,10.0,0.205,43.0,24°C,won,16.95,6.74,2026-08-03T12:52:00Z
2026-08-02T09:05:10Z,highest-temperature-in-chengdu-on-august-3-2026,chengdu,2026-08-03,1,NO,33°C,0.65,15.38,10.0,0.1749,35.5,33°C,won,15.38,5.21,2026-08-04T10:26:42Z
2026-08-02T09:05:10Z,highest-temperature-in-moscow-on-august-3-2026,moscow,2026-08-03,1,NO,25°C,0.63,15.87,10.0,0.185,37.5,25°C,lost,0.0,-10.19,2026-08-04T10:26:42Z
2026-08-02T09:05:10Z,highest-temperature-in-istanbul-on-august-3-2026,istanbul,2026-08-03,1,NO,28°C,0.55,18.18,10.0,0.225,46.5,28°C,lost,0.0,-10.22,2026-08-04T10:26:42Z
2026-08-02T09:05:10Z,highest-temperature-in-busan-on-august-3-2026,busan,2026-08-03,1,NO,36°C,0.58,17.24,10.0,0.21,42.5,36°C,won,17.24,7.03,2026-08-04T10:26:42Z
2026-08-02T09:05:10Z,highest-temperature-in-amsterdam-on-august-3-2026,amsterdam,2026-08-03,1,NO,33°C,0.7,14.29,10.0,0.15,30.5,33°C,won,14.29,4.14,2026-08-04T10:26:42Z
2026-08-02T09:05:10Z,highest-temperature-in-helsinki-on-august-3-2026,helsinki,2026-08-03,1,NO,22°C,0.48,20.83,10.0,0.26,53.5,22°C,won,20.83,10.57,2026-08-04T10:26:42Z
2026-08-02T09:05:10Z,highest-temperature-in-kuala-lumpur-on-august-3-2026,kuala-lumpur,2026-08-03,1,NO,33°C,0.6,16.67,10.0,0.2,41.5,33°C,won,16.67,6.47,2026-08-04T10:26:42Z
2026-08-02T09:05:10Z,highest-temperature-in-jeddah-on-august-3-2026,jeddah,2026-08-03,1,NO,>=41°C,0.43,23.26,10.0,0.2851,57.5,>=41°C,lost,0.0,-10.29,2026-08-04T10:26:42Z
2026-08-02T09:05:10Z,highest-temperature-in-guangzhou-on-august-3-2026,guangzhou,2026-08-03,1,NO,31°C,0.71,14.08,10.0,0.145,29.5,31°C,lost,0.0,-10.14,2026-08-04T10:26:42Z
2026-08-02T09:05:10Z,highest-temperature-in-qingdao-on-august-3-2026,qingdao,2026-08-03,1,NO,35°C,0.63,15.87,10.0,0.185,38.0,35°C,lost,0.0,-10.19,2026-08-04T10:26:42Z
2026-08-02T09:05:10Z,highest-temperature-in-manila-on-august-3-2026,manila,2026-08-03,1,NO,28°C,0.61,16.39,10.0,0.195,39.5,28°C,won,16.39,6.2,2026-08-04T10:26:42Z
2026-08-02T09:05:10Z,highest-temperature-in-lucknow-on-august-3-2026,lucknow,2026-08-03,1,NO,33°C,0.64,15.62,10.0,0.1799,37.0,33°C,lost,0.0,-10.18,2026-08-04T10:26:42Z
2026-08-02T09:05:10Z,highest-temperature-in-cape-town-on-august-3-2026,cape-town,2026-08-03,1,NO,24°C,0.6,16.67,10.0,0.2,40.5,24°C,won,16.67,6.47,2026-08-04T10:26:42Z
2026-08-02T09:05:10Z,highest-temperature-in-karachi-on-august-3-2026,karachi,2026-08-03,1,NO,33°C,0.51,19.61,10.0,0.245,49.5,33°C,lost,0.0,-10.24,2026-08-04T10:26:42Z
2026-08-02T09:05:10Z,highest-temperature-in-sao-paulo-on-august-3-2026,sao-paulo,2026-08-03,1,NO,27°C,0.52,19.23,10.0,0.24,48.5,27°C,lost,0.0,-10.24,2026-08-04T10:26:42Z
2026-08-02T09:05:10Z,highest-temperature-in-buenos-aires-on-august-3-2026,buenos-aires,2026-08-03,1,NO,17°C,0.65,15.38,10.0,0.1749,36.5,17°C,lost,0.0,-10.17,2026-08-04T10:26:42Z
2026-08-02T09:05:10Z,highest-temperature-in-seattle-on-august-3-2026,seattle,2026-08-03,1,NO,76-77°F,0.63,15.87,10.0,0.185,38.5,76-77°F,won,15.87,5.68,2026-08-04T18:16:38Z
2026-08-02T09:05:10Z,highest-temperature-in-nyc-on-august-3-2026,nyc,2026-08-03,1,NO,82-83°F,0.66,15.15,10.0,0.17,35.0,82-83°F,won,15.15,4.98,2026-08-04T10:26:42Z
2026-08-02T09:05:10Z,highest-temperature-in-dallas-on-august-3-2026,dallas,2026-08-03,1,NO,98-99°F,0.62,16.13,10.0,0.19,39.5,98-99°F,lost,0.0,-10.19,2026-08-04T10:26:42Z
2026-08-02T09:05:10Z,highest-temperature-in-atlanta-on-august-3-2026,atlanta,2026-08-03,1,NO,86-87°F,0.63,15.87,10.0,0.185,37.5,86-87°F,lost,0.0,-10.19,2026-08-04T10:26:42Z
2026-08-02T09:05:10Z,highest-temperature-in-miami-on-august-3-2026,miami,2026-08-03,1,NO,90-91°F,0.58,17.24,10.0,0.21,42.5,90-91°F,lost,0.0,-10.21,2026-08-04T10:26:42Z
2026-08-02T09:05:10Z,highest-temperature-in-chicago-on-august-3-2026,chicago,2026-08-03,1,NO,80-81°F,0.59,16.95,10.0,0.205,42.5,80-81°F,won,16.95,6.74,2026-08-04T10:26:42Z
2026-08-02T09:05:10Z,highest-temperature-in-austin-on-august-3-2026,austin,2026-08-03,1,NO,100-101°F,0.57,17.54,10.0,0.215,43.5,100-101°F,won,17.54,7.32,2026-08-04T10:26:42Z
2026-08-02T09:05:10Z,highest-temperature-in-denver-on-august-3-2026,denver,2026-08-03,1,NO,100-101°F,0.59,16.95,10.0,0.205,42.0,100-101°F,lost,0.0,-10.21,2026-08-04T18:16:38Z
2026-08-02T09:05:10Z,highest-temperature-in-houston-on-august-3-2026,houston,2026-08-03,1,NO,96-97°F,0.49,20.41,10.0,0.255,51.5,96-97°F,lost,0.0,-10.26,2026-08-04T10:26:42Z
2026-08-02T09:05:10Z,highest-temperature-in-los-angeles-on-august-3-2026,los-angeles,2026-08-03,1,NO,78-79°F,0.55,18.18,10.0,0.225,46.0,78-79°F,lost,0.0,-10.22,2026-08-04T10:26:42Z
2026-08-02T09:05:10Z,highest-temperature-in-san-francisco-on-august-3-2026,san-francisco,2026-08-03,1,NO,76-77°F,0.67,14.93,10.0,0.1651,34.0,76-77°F,lost,0.0,-10.17,2026-08-04T10:26:42Z
2026-08-02T09:05:10Z,highest-temperature-in-mexico-city-on-august-3-2026,mexico-city,2026-08-03,1,NO,27°C,0.65,15.38,10.0,0.1749,35.5,27°C,lost,0.0,-10.17,2026-08-04T10:26:42Z
2026-08-02T09:05:10Z,highest-temperature-in-toronto-on-august-3-2026,toronto,2026-08-03,1,NO,26°C,0.64,15.62,10.0,0.1799,36.5,26°C,won,15.62,5.44,2026-08-04T10:26:42Z
2026-08-02T09:05:10Z,highest-temperature-in-panama-city-on-august-3-2026,panama-city,2026-08-03,1,NO,33°C,0.62,16.13,10.0,0.19,39.0,33°C,won,16.13,5.94,2026-08-04T10:26:42Z
2026-08-02T09:05:10Z,highest-temperature-in-london-on-august-4-2026,london,2026-08-04,2,NO,29°C,0.6,16.67,10.0,0.2,40.5,29°C,won,16.67,6.47,2026-08-05T10:22:46Z
2026-08-02T09:05:10Z,highest-temperature-in-paris-on-august-4-2026,paris,2026-08-04,2,NO,32°C,0.7,14.29,10.0,0.15,33.5,32°C,won,14.29,4.14,2026-08-05T10:22:46Z
2026-08-02T09:05:10Z,highest-temperature-in-seoul-on-august-4-2026,seoul,2026-08-04,2,NO,34°C,0.73,13.7,10.0,0.135,29.0,34°C,lost,0.0,-10.13,2026-08-05T10:22:46Z
2026-08-02T09:05:10Z,highest-temperature-in-ankara-on-august-4-2026,ankara,2026-08-04,2,NO,33°C,0.64,15.62,10.0,0.1799,36.5,33°C,lost,0.0,-10.18,2026-08-05T10:22:46Z
2026-08-02T09:05:10Z,highest-temperature-in-wellington-on-august-4-2026,wellington,2026-08-04,2,NO,10°C,0.51,19.61,10.0,0.245,50.0,10°C,lost,0.0,-10.24,2026-08-05T10:22:46Z
2026-08-02T09:05:10Z,highest-temperature-in-munich-on-august-4-2026,munich,2026-08-04,2,NO,35°C,0.66,15.15,10.0,0.17,35.0,35°C,won,15.15,4.98,2026-08-05T10:22:46Z
2026-08-02T09:05:10Z,highest-temperature-in-tel-aviv-on-august-4-2026,tel-aviv,2026-08-04,2,NO,33°C,0.48,20.83,10.0,0.26,53.0,33°C,won,20.83,10.57,2026-08-05T10:22:46Z
2026-08-02T09:05:10Z,highest-temperature-in-tokyo-on-august-4-2026,tokyo,2026-08-04,2,NO,28°C,0.71,14.08,10.0,0.145,30.0,28°C,won,14.08,3.94,2026-08-05T10:22:46Z
2026-08-02T09:05:10Z,highest-temperature-in-hong-kong-on-august-4-2026,hong-kong,2026-08-04,2,NO,29°C,0.67,14.93,10.0,0.1651,34.0,29°C,won,14.93,4.76,2026-08-05T10:22:46Z
2026-08-02T09:05:10Z,highest-temperature-in-shanghai-on-august-4-2026,shanghai,2026-08-04,2,NO,34°C,0.65,15.38,10.0,0.1749,36.5,34°C,won,15.38,5.21,2026-08-05T10:22:46Z
2026-08-02T15:47:57Z,highest-temperature-in-singapore-on-august-4-2026,singapore,2026-08-04,2,NO,32°C,0.52,19.23,10.0,0.24,49.5,32°C,lost,0.0,-10.24,2026-08-05T10:22:46Z
2026-08-02T15:47:57Z,highest-temperature-in-milan-on-august-4-2026,milan,2026-08-04,2,NO,<=34°C,0.67,14.93,10.0,0.1651,34.0,<=34°C,won,14.93,4.76,2026-08-05T10:22:46Z
2026-08-02T15:47:57Z,highest-temperature-in-madrid-on-august-4-2026,madrid,2026-08-04,2,NO,34°C,0.47,21.28,10.0,0.265,55.0,34°C,lost,0.0,-10.27,2026-08-05T10:22:46Z
2026-08-03T12:52:00Z,highest-temperature-in-warsaw-on-august-4-2026,warsaw,2026-08-04,1,NO,32°C,0.56,17.86,10.0,0.22,44.5,32°C,won,17.86,7.64,2026-08-05T10:22:46Z
2026-08-03T12:52:00Z,highest-temperature-in-taipei-on-august-4-2026,taipei,2026-08-04,1,NO,36°C,0.49,20.41,10.0,0.255,52.0,36°C,won,20.41,10.15,2026-08-05T10:22:46Z
2026-08-03T12:52:00Z,highest-temperature-in-chongqing-on-august-4-2026,chongqing,2026-08-04,1,NO,31°C,0.66,15.15,10.0,0.17,35.0,31°C,won,15.15,4.98,2026-08-05T10:22:46Z
2026-08-03T12:52:00Z,highest-temperature-in-beijing-on-august-4-2026,beijing,2026-08-04,1,NO,33°C,0.65,15.38,10.0,0.1749,35.5,33°C,won,15.38,5.21,2026-08-05T10:22:46Z
2026-08-03T12:52:00Z,highest-temperature-in-wuhan-on-august-4-2026,wuhan,2026-08-04,1,NO,37°C,0.59,16.95,10.0,0.205,42.0,37°C,won,16.95,6.74,2026-08-05T10:22:46Z
2026-08-03T12:52:00Z,highest-temperature-in-chengdu-on-august-4-2026,chengdu,2026-08-04,1,NO,34°C,0.6,16.67,10.0,0.2,40.5,34°C,lost,0.0,-10.2,2026-08-05T10:22:46Z
2026-08-03T12:52:00Z,highest-temperature-in-shenzhen-on-august-4-2026,shenzhen,2026-08-04,1,NO,31°C,0.66,15.15,10.0,0.17,35.0,31°C,lost,0.0,-10.17,2026-08-05T10:22:46Z
2026-08-03T12:52:00Z,highest-temperature-in-moscow-on-august-4-2026,moscow,2026-08-04,1,NO,26°C,0.63,15.87,10.0,0.185,38.0,26°C,won,15.87,5.68,2026-08-05T10:22:46Z
2026-08-03T12:52:00Z,highest-temperature-in-istanbul-on-august-4-2026,istanbul,2026-08-04,1,NO,29°C,0.54,18.52,10.0,0.23,46.5,29°C,won,18.52,8.29,2026-08-05T10:22:46Z
2026-08-03T12:52:00Z,highest-temperature-in-busan-on-august-4-2026,busan,2026-08-04,1,NO,34°C,0.6,16.67,10.0,0.2,40.5,34°C,won,16.67,6.47,2026-08-05T10:22:46Z
2026-08-03T12:52:00Z,highest-temperature-in-amsterdam-on-august-4-2026,amsterdam,2026-08-04,1,NO,31°C,0.55,18.18,10.0,0.225,45.5,31°C,won,18.18,7.96,2026-08-05T10:22:46Z
2026-08-03T12:52:00Z,highest-temperature-in-helsinki-on-august-4-2026,helsinki,2026-08-04,1,NO,22°C,0.47,21.28,10.0,0.265,53.5,22°C,won,21.28,11.02,2026-08-05T10:22:46Z
2026-08-03T12:52:00Z,highest-temperature-in-kuala-lumpur-on-august-4-2026,kuala-lumpur,2026-08-04,1,NO,34°C,0.4,25.0,10.0,0.3,60.5,34°C,lost,0.0,-10.3,2026-08-05T10:22:46Z
2026-08-03T12:52:00Z,highest-temperature-in-jeddah-on-august-4-2026,jeddah,2026-08-04,1,NO,>=40°C,0.59,16.95,10.0,0.205,42.5,>=40°C,won,16.95,6.74,2026-08-05T10:22:46Z
2026-08-03T12:52:00Z,highest-temperature-in-guangzhou-on-august-4-2026,guangzhou,2026-08-04,1,NO,33°C,0.64,15.62,10.0,0.1799,37.0,33°C,won,15.62,5.44,2026-08-05T10:22:46Z
2026-08-03T12:52:00Z,highest-temperature-in-qingdao-on-august-4-2026,qingdao,2026-08-04,1,NO,34°C,0.54,18.52,10.0,0.23,47.0,34°C,won,18.52,8.29,2026-08-05T10:22:46Z
2026-08-03T12:52:00Z,highest-temperature-in-manila-on-august-4-2026,manila,2026-08-04,1,NO,29°C,0.6,16.67,10.0,0.2,40.5,29°C,won,16.67,6.47,2026-08-05T10:22:46Z
2026-08-03T12:52:00Z,highest-temperature-in-lucknow-on-august-4-2026,lucknow,2026-08-04,1,NO,30°C,0.68,14.71,10.0,0.16,33.0,30°C,won,14.71,4.55,2026-08-05T10:22:46Z
2026-08-03T12:52:00Z,highest-temperature-in-cape-town-on-august-4-2026,cape-town,2026-08-04,1,NO,21°C,0.67,14.93,10.0,0.1651,33.5,21°C,won,14.93,4.76,2026-08-05T10:22:46Z
2026-08-03T12:52:00Z,highest-temperature-in-karachi-on-august-4-2026,karachi,2026-08-04,1,NO,33°C,0.48,20.83,10.0,0.26,52.5,33°C,lost,0.0,-10.26,2026-08-05T10:22:46Z
2026-08-03T12:52:00Z,highest-temperature-in-sao-paulo-on-august-4-2026,sao-paulo,2026-08-04,1,NO,26°C,0.62,16.13,10.0,0.19,38.5,26°C,lost,0.0,-10.19,2026-08-05T10:22:46Z
2026-08-03T12:52:00Z,highest-temperature-in-buenos-aires-on-august-4-2026,buenos-aires,2026-08-04,1,NO,16°C,0.67,14.93,10.0,0.1651,34.0,16°C,lost,0.0,-10.17,2026-08-05T10:22:46Z
2026-08-03T12:52:00Z,highest-temperature-in-toronto-on-august-4-2026,toronto,2026-08-04,1,NO,27°C,0.48,20.83,10.0,0.26,52.5,27°C,won,20.83,10.57,2026-08-05T10:22:46Z
2026-08-03T12:52:00Z,highest-temperature-in-seattle-on-august-4-2026,seattle,2026-08-04,1,NO,84-85°F,0.57,17.54,10.0,0.215,43.5,84-85°F,won,17.54,7.32,2026-08-05T10:22:46Z
2026-08-03T12:52:00Z,highest-temperature-in-nyc-on-august-4-2026,nyc,2026-08-04,1,NO,84-85°F,0.55,18.18,10.0,0.225,45.5,84-85°F,lost,0.0,-10.22,2026-08-05T10:22:46Z
2026-08-03T12:52:00Z,highest-temperature-in-dallas-on-august-4-2026,dallas,2026-08-04,1,NO,100-101°F,0.47,21.28,10.0,0.265,53.5,100-101°F,lost,0.0,-10.27,2026-08-05T10:22:46Z
2026-08-03T12:52:00Z,highest-temperature-in-atlanta-on-august-4-2026,atlanta,2026-08-04,1,NO,86-87°F,0.61,16.39,10.0,0.195,40.5,86-87°F,won,16.39,6.2,2026-08-05T10:22:46Z
2026-08-03T12:52:00Z,highest-temperature-in-miami-on-august-4-2026,miami,2026-08-04,1,NO,90-91°F,0.5,20.0,10.0,0.25,50.5,90-91°F,lost,0.0,-10.25,2026-08-05T10:22:46Z
2026-08-03T12:52:00Z,highest-temperature-in-chicago-on-august-4-2026,chicago,2026-08-04,1,NO,84-85°F,0.55,18.18,10.0,0.225,46.0,84-85°F,lost,0.0,-10.22,2026-08-05T10:22:46Z
2026-08-03T12:52:00Z,highest-temperature-in-austin-on-august-4-2026,austin,2026-08-04,1,NO,98-99°F,0.52,19.23,10.0,0.24,48.5,98-99°F,won,19.23,8.99,2026-08-05T10:22:46Z
2026-08-03T12:52:00Z,highest-temperature-in-denver-on-august-4-2026,denver,2026-08-04,1,NO,80-81°F,0.61,16.39,10.0,0.195,39.5,80-81°F,won,16.39,6.2,2026-08-05T10:22:46Z
2026-08-03T12:52:00Z,highest-temperature-in-houston-on-august-4-2026,houston,2026-08-04,1,NO,96-97°F,0.53,18.87,10.0,0.235,47.5,96-97°F,won,18.87,8.64,2026-08-05T10:22:46Z
2026-08-03T12:52:00Z,highest-temperature-in-los-angeles-on-august-4-2026,los-angeles,2026-08-04,1,NO,76-77°F,0.5,20.0,10.0,0.25,50.5,76-77°F,lost,0.0,-10.25,2026-08-05T10:22:46Z
2026-08-03T12:52:00Z,highest-temperature-in-san-francisco-on-august-4-2026,san-francisco,2026-08-04,1,NO,72-73°F,0.72,13.89,10.0,0.14,30.0,72-73°F,lost,0.0,-10.14,2026-08-05T10:22:46Z
2026-08-03T12:52:00Z,highest-temperature-in-mexico-city-on-august-4-2026,mexico-city,2026-08-04,1,NO,27°C,0.46,21.74,10.0,0.27,54.5,27°C,won,21.74,11.47,2026-08-05T10:22:46Z
2026-08-03T12:52:00Z,highest-temperature-in-panama-city-on-august-4-2026,panama-city,2026-08-04,1,NO,32°C,0.58,17.24,10.0,0.21,43.5,32°C,won,17.24,7.03,2026-08-05T10:22:46Z
2026-08-03T12:52:00Z,highest-temperature-in-london-on-august-5-2026,london,2026-08-05,2,NO,25°C,0.65,15.38,10.0,0.1749,37.0,25°C,won,15.38,5.21,2026-08-06T10:24:38Z
2026-08-03T12:52:00Z,highest-temperature-in-paris-on-august-5-2026,paris,2026-08-05,2,NO,28°C,0.6,16.67,10.0,0.2,40.5,28°C,lost,0.0,-10.2,2026-08-06T10:24:38Z
2026-08-03T12:52:00Z,highest-temperature-in-seoul-on-august-5-2026,seoul,2026-08-05,2,NO,34°C,0.64,15.62,10.0,0.1799,39.0,34°C,lost,0.0,-10.18,2026-08-06T10:24:38Z
2026-08-03T12:52:00Z,highest-temperature-in-ankara-on-august-5-2026,ankara,2026-08-05,2,NO,32°C,0.5,20.0,10.0,0.25,50.5,32°C,lost,0.0,-10.25,2026-08-06T10:24:38Z
2026-08-03T12:52:00Z,highest-temperature-in-wellington-on-august-5-2026,wellington,2026-08-05,1,NO,9°C,0.55,18.18,10.0,0.225,45.5,9°C,lost,0.0,-10.22,2026-08-06T10:24:38Z
2026-08-03T12:52:00Z,highest-temperature-in-munich-on-august-5-2026,munich,2026-08-05,2,NO,33°C,0.66,15.15,10.0,0.17,35.0,33°C,won,15.15,4.98,2026-08-06T10:24:38Z
2026-08-03T12:52:00Z,highest-temperature-in-tel-aviv-on-august-5-2026,tel-aviv,2026-08-05,2,NO,32°C,0.52,19.23,10.0,0.24,48.5,32°C,won,19.23,8.99,2026-08-06T10:24:38Z
2026-08-03T12:52:00Z,highest-temperature-in-tokyo-on-august-5-2026,tokyo,2026-08-05,2,NO,30°C,0.63,15.87,10.0,0.185,38.5,30°C,lost,0.0,-10.19,2026-08-06T10:24:38Z
2026-08-03T12:52:00Z,highest-temperature-in-hong-kong-on-august-5-2026,hong-kong,2026-08-05,2,NO,31°C,0.66,15.15,10.0,0.17,35.0,31°C,won,15.15,4.98,2026-08-06T10:24:38Z
2026-08-03T12:52:00Z,highest-temperature-in-shanghai-on-august-5-2026,shanghai,2026-08-05,2,NO,34°C,0.62,16.13,10.0,0.19,40.0,34°C,won,16.13,5.94,2026-08-06T10:24:38Z
2026-08-03T12:52:00Z,highest-temperature-in-singapore-on-august-5-2026,singapore,2026-08-05,2,NO,32°C,0.58,17.24,10.0,0.21,44.0,32°C,lost,0.0,-10.21,2026-08-06T10:24:38Z
2026-08-03T12:52:00Z,highest-temperature-in-milan-on-august-5-2026,milan,2026-08-05,2,NO,36°C,0.5,20.0,10.0,0.25,50.5,36°C,lost,0.0,-10.25,2026-08-06T10:24:38Z
2026-08-03T12:52:00Z,highest-temperature-in-madrid-on-august-5-2026,madrid,2026-08-05,2,NO,36°C,0.47,21.28,10.0,0.265,53.5,36°C,lost,0.0,-10.27,2026-08-06T10:24:38Z
2026-08-04T10:26:42Z,highest-temperature-in-warsaw-on-august-5-2026,warsaw,2026-08-05,1,NO,38°C,0.69,14.49,10.0,0.155,31.5,38°C,won,14.49,4.33,2026-08-06T10:24:38Z
2026-08-04T10:26:42Z,highest-temperature-in-taipei-on-august-5-2026,taipei,2026-08-05,1,NO,36°C,0.46,21.74,10.0,0.27,54.5,36°C,won,21.74,11.47,2026-08-06T10:24:38Z
2026-08-04T10:26:42Z,highest-temperature-in-chongqing-on-august-5-2026,chongqing,2026-08-05,1,NO,34°C,0.66,15.15,10.0,0.17,34.5,34°C,won,15.15,4.98,2026-08-06T10:24:38Z
2026-08-04T10:26:42Z,highest-temperature-in-beijing-on-august-5-2026,beijing,2026-08-05,1,NO,36°C,0.5,20.0,10.0,0.25,50.5,36°C,won,20.0,9.75,2026-08-06T10:24:38Z
2026-08-04T10:26:42Z,highest-temperature-in-wuhan-on-august-5-2026,wuhan,2026-08-05,1,NO,36°C,0.56,17.86,10.0,0.22,45.0,36°C,won,17.86,7.64,2026-08-06T10:24:38Z
2026-08-04T10:26:42Z,highest-temperature-in-chengdu-on-august-5-2026,chengdu,2026-08-05,1,NO,>=35°C,0.47,21.28,10.0,0.265,54.0,>=35°C,lost,0.0,-10.27,2026-08-06T10:24:38Z
2026-08-04T10:26:42Z,highest-temperature-in-shenzhen-on-august-5-2026,shenzhen,2026-08-05,1,NO,33°C,0.53,18.87,10.0,0.235,47.5,33°C,won,18.87,8.64,2026-08-06T10:24:38Z
2026-08-04T10:26:42Z,highest-temperature-in-moscow-on-august-5-2026,moscow,2026-08-05,1,NO,27°C,0.55,18.18,10.0,0.225,47.0,27°C,lost,0.0,-10.22,2026-08-06T10:24:38Z
2026-08-04T10:26:42Z,highest-temperature-in-istanbul-on-august-5-2026,istanbul,2026-08-05,1,NO,28°C,0.51,19.61,10.0,0.245,49.5,28°C,lost,0.0,-10.24,2026-08-06T10:24:38Z
2026-08-04T10:26:42Z,highest-temperature-in-busan-on-august-5-2026,busan,2026-08-05,1,NO,34°C,0.52,19.23,10.0,0.24,49.0,34°C,won,19.23,8.99,2026-08-06T10:24:38Z
2026-08-04T10:26:42Z,highest-temperature-in-amsterdam-on-august-5-2026,amsterdam,2026-08-05,1,NO,25°C,0.52,19.23,10.0,0.24,48.5,25°C,lost,0.0,-10.24,2026-08-06T10:24:38Z
2026-08-04T10:26:42Z,highest-temperature-in-helsinki-on-august-5-2026,helsinki,2026-08-05,1,NO,21°C,0.6,16.67,10.0,0.2,40.5,21°C,lost,0.0,-10.2,2026-08-06T10:24:38Z
2026-08-04T10:26:42Z,highest-temperature-in-kuala-lumpur-on-august-5-2026,kuala-lumpur,2026-08-05,1,NO,34°C,0.55,18.18,10.0,0.225,45.5,34°C,won,18.18,7.96,2026-08-06T10:24:38Z
2026-08-04T10:26:42Z,highest-temperature-in-jeddah-on-august-5-2026,jeddah,2026-08-05,1,NO,>=40°C,0.57,17.54,10.0,0.215,43.5,>=40°C,won,17.54,7.32,2026-08-06T10:24:38Z
2026-08-04T10:26:42Z,highest-temperature-in-guangzhou-on-august-5-2026,guangzhou,2026-08-05,1,NO,35°C,0.57,17.54,10.0,0.215,43.5,35°C,lost,0.0,-10.21,2026-08-06T10:24:38Z
2026-08-04T10:26:42Z,highest-temperature-in-qingdao-on-august-5-2026,qingdao,2026-08-05,1,NO,>=36°C,0.55,18.18,10.0,0.225,45.5,>=36°C,lost,0.0,-10.22,2026-08-06T10:24:38Z
2026-08-04T10:26:42Z,highest-temperature-in-manila-on-august-5-2026,manila,2026-08-05,1,NO,29°C,0.56,17.86,10.0,0.22,44.5,29°C,won,17.86,7.64,2026-08-06T10:24:38Z
2026-08-04T10:26:42Z,highest-temperature-in-lucknow-on-august-5-2026,lucknow,2026-08-05,1,NO,31°C,0.62,16.13,10.0,0.19,39.0,31°C,lost,0.0,-10.19,2026-08-06T10:24:38Z
2026-08-04T10:26:42Z,highest-temperature-in-cape-town-on-august-5-2026,cape-town,2026-08-05,1,NO,17°C,0.59,16.95,10.0,0.205,41.5,17°C,won,16.95,6.74,2026-08-06T10:24:38Z
2026-08-04T10:26:42Z,highest-temperature-in-karachi-on-august-5-2026,karachi,2026-08-05,1,NO,33°C,0.39,25.64,10.0,0.305,61.5,33°C,won,25.64,15.34,2026-08-06T10:24:38Z
2026-08-04T10:26:42Z,highest-temperature-in-sao-paulo-on-august-5-2026,sao-paulo,2026-08-05,1,NO,28°C,0.57,17.54,10.0,0.215,44.0,28°C,lost,0.0,-10.21,2026-08-06T10:24:38Z
2026-08-04T10:26:42Z,highest-temperature-in-buenos-aires-on-august-5-2026,buenos-aires,2026-08-05,1,NO,16°C,0.5,20.0,10.0,0.25,51.0,16°C,lost,0.0,-10.25,2026-08-06T10:24:38Z
2026-08-04T10:26:42Z,highest-temperature-in-toronto-on-august-5-2026,toronto,2026-08-05,1,NO,29°C,0.52,19.23,10.0,0.24,49.0,29°C,lost,0.0,-10.24,2026-08-06T10:24:38Z
2026-08-04T10:26:42Z,highest-temperature-in-seattle-on-august-5-2026,seattle,2026-08-05,1,NO,88-89°F,0.62,16.13,10.0,0.19,39.0,88-89°F,won,16.13,5.94,2026-08-06T10:24:38Z
2026-08-04T10:26:42Z,highest-temperature-in-nyc-on-august-5-2026,nyc,2026-08-05,1,NO,82-83°F,0.58,17.24,10.0,0.21,42.5,82-83°F,won,17.24,7.03,2026-08-06T10:24:38Z
2026-08-04T10:26:42Z,highest-temperature-in-dallas-on-august-5-2026,dallas,2026-08-05,1,NO,100-101°F,0.45,22.22,10.0,0.275,55.5,100-101°F,lost,0.0,-10.28,2026-08-06T10:24:38Z
2026-08-04T10:26:42Z,highest-temperature-in-atlanta-on-august-5-2026,atlanta,2026-08-05,1,NO,86-87°F,0.57,17.54,10.0,0.215,43.5,86-87°F,won,17.54,7.32,2026-08-06T10:24:38Z
2026-08-04T10:26:42Z,highest-temperature-in-miami-on-august-5-2026,miami,2026-08-05,1,NO,88-89°F,0.57,17.54,10.0,0.215,43.5,88-89°F,lost,0.0,-10.21,2026-08-06T10:24:38Z
2026-08-04T10:26:42Z,highest-temperature-in-chicago-on-august-5-2026,chicago,2026-08-05,1,NO,76-77°F,0.71,14.08,10.0,0.145,29.5,76-77°F,won,14.08,3.94,2026-08-06T10:24:38Z
2026-08-04T10:26:42Z,highest-temperature-in-austin-on-august-5-2026,austin,2026-08-05,1,NO,98-99°F,0.44,22.73,10.0,0.28,57.5,98-99°F,lost,0.0,-10.28,2026-08-06T10:24:38Z
2026-08-04T10:26:42Z,highest-temperature-in-denver-on-august-5-2026,denver,2026-08-05,1,NO,86-87°F,0.52,19.23,10.0,0.24,48.5,86-87°F,won,19.23,8.99,2026-08-06T10:24:38Z
2026-08-04T10:26:42Z,highest-temperature-in-houston-on-august-5-2026,houston,2026-08-05,1,NO,96-97°F,0.59,16.95,10.0,0.205,41.5,96-97°F,lost,0.0,-10.21,2026-08-06T10:24:38Z
2026-08-04T10:26:42Z,highest-temperature-in-los-angeles-on-august-5-2026,los-angeles,2026-08-05,1,NO,76-77°F,0.54,18.52,10.0,0.23,47.5,76-77°F,lost,0.0,-10.23,2026-08-06T10:24:38Z
2026-08-04T10:26:42Z,highest-temperature-in-san-francisco-on-august-5-2026,san-francisco,2026-08-05,1,NO,74-75°F,0.67,14.93,10.0,0.1651,34.5,74-75°F,won,14.93,4.76,2026-08-06T10:24:38Z
2026-08-04T10:26:42Z,highest-temperature-in-mexico-city-on-august-5-2026,mexico-city,2026-08-05,1,NO,26°C,0.53,18.87,10.0,0.235,47.5,26°C,lost,0.0,-10.23,2026-08-06T10:24:38Z
2026-08-04T10:26:42Z,highest-temperature-in-panama-city-on-august-5-2026,panama-city,2026-08-05,1,NO,31°C,0.61,16.39,10.0,0.195,40.0,31°C,lost,0.0,-10.2,2026-08-06T10:24:38Z
2026-08-04T10:26:42Z,highest-temperature-in-seoul-on-august-6-2026,seoul,2026-08-06,2,NO,35°C,0.62,16.13,10.0,0.19,39.5,35°C,lost,0.0,-10.19,2026-08-07T06:02:20Z
2026-08-04T10:26:42Z,highest-temperature-in-wellington-on-august-6-2026,wellington,2026-08-06,2,NO,11°C,0.5,20.0,10.0,0.25,50.5,11°C,won,20.0,9.75,2026-08-07T06:02:20Z
2026-08-04T18:16:38Z,highest-temperature-in-tokyo-on-august-6-2026,tokyo,2026-08-06,2,NO,32°C,0.65,15.38,10.0,0.1749,36.0,32°C,won,15.38,5.21,2026-08-07T06:02:20Z
2026-08-05T10:22:46Z,highest-temperature-in-hong-kong-on-august-6-2026,hong-kong,2026-08-06,1,NO,33°C,0.57,17.54,10.0,0.215,44.0,33°C,won,17.54,7.32,2026-08-07T06:02:20Z
2026-08-05T10:22:46Z,highest-temperature-in-shanghai-on-august-6-2026,shanghai,2026-08-06,1,NO,33°C,0.53,18.87,10.0,0.235,47.5,33°C,lost,0.0,-10.23,2026-08-07T06:02:20Z
2026-08-05T10:22:46Z,highest-temperature-in-singapore-on-august-6-2026,singapore,2026-08-06,1,NO,32°C,0.45,22.22,10.0,0.275,55.5,32°C,lost,0.0,-10.28,2026-08-07T06:02:20Z
2026-08-05T10:22:46Z,highest-temperature-in-taipei-on-august-6-2026,taipei,2026-08-06,1,NO,35°C,0.53,18.87,10.0,0.235,47.5,35°C,won,18.87,8.64,2026-08-07T06:02:20Z
2026-08-05T10:22:46Z,highest-temperature-in-chongqing-on-august-6-2026,chongqing,2026-08-06,1,NO,34°C,0.57,17.54,10.0,0.215,43.5,34°C,won,17.54,7.32,2026-08-07T06:02:20Z
2026-08-05T10:22:46Z,highest-temperature-in-beijing-on-august-6-2026,beijing,2026-08-06,1,NO,37°C,0.62,16.13,10.0,0.19,38.5,37°C,won,16.13,5.94,2026-08-07T06:02:20Z
2026-08-05T10:22:46Z,highest-temperature-in-wuhan-on-august-6-2026,wuhan,2026-08-06,1,NO,36°C,0.6,16.67,10.0,0.2,41.0,36°C,lost,0.0,-10.2,2026-08-07T06:02:20Z
2026-08-05T10:22:46Z,highest-temperature-in-chengdu-on-august-6-2026,chengdu,2026-08-06,1,NO,32°C,0.63,15.87,10.0,0.185,37.5,32°C,won,15.87,5.68,2026-08-07T06:02:20Z
2026-08-05T10:22:46Z,highest-temperature-in-shenzhen-on-august-6-2026,shenzhen,2026-08-06,1,NO,34°C,0.61,16.39,10.0,0.195,39.5,34°C,won,16.39,6.2,2026-08-07T06:02:20Z
2026-08-05T10:22:46Z,highest-temperature-in-busan-on-august-6-2026,busan,2026-08-06,1,NO,35°C,0.47,21.28,10.0,0.265,54.0,35°C,won,21.28,11.02,2026-08-07T06:02:20Z
2026-08-05T10:22:46Z,highest-temperature-in-kuala-lumpur-on-august-6-2026,kuala-lumpur,2026-08-06,1,NO,34°C,0.58,17.24,10.0,0.21,43.5,34°C,lost,0.0,-10.21,2026-08-07T06:02:20Z
2026-08-05T10:22:46Z,highest-temperature-in-guangzhou-on-august-6-2026,guangzhou,2026-08-06,1,NO,36°C,0.62,16.13,10.0,0.19,38.5,36°C,won,16.13,5.94,2026-08-07T06:02:20Z
2026-08-05T10:22:46Z,highest-temperature-in-qingdao-on-august-6-2026,qingdao,2026-08-06,1,NO,36°C,0.59,16.95,10.0,0.205,41.5,36°C,won,16.95,6.74,2026-08-07T06:02:20Z
2026-08-05T10:22:46Z,highest-temperature-in-manila-on-august-6-2026,manila,2026-08-06,1,NO,29°C,0.56,17.86,10.0,0.22,44.5,29°C,lost,0.0,-10.22,2026-08-07T06:02:20Z
2026-08-05T10:22:46Z,highest-temperature-in-london-on-august-6-2026,london,2026-08-06,1,NO,23°C,0.52,19.23,10.0,0.24,48.5,23°C,lost,0.0,-10.24,2026-08-07T06:02:20Z
2026-08-05T10:22:46Z,highest-temperature-in-paris-on-august-6-2026,paris,2026-08-06,1,NO,25°C,0.51,19.61,10.0,0.245,49.5,25°C,lost,0.0,-10.24,2026-08-07T06:02:20Z
2026-08-05T10:22:46Z,highest-temperature-in-ankara-on-august-6-2026,ankara,2026-08-06,1,NO,33°C,0.49,20.41,10.0,0.255,51.5,33°C,won,20.41,10.15,2026-08-07T06:02:20Z
2026-08-05T10:22:46Z,highest-temperature-in-lucknow-on-august-6-2026,lucknow,2026-08-06,1,NO,30°C,0.56,17.86,10.0,0.22,44.5,30°C,won,17.86,7.64,2026-08-07T06:02:20Z
2026-08-05T10:22:46Z,highest-temperature-in-munich-on-august-6-2026,munich,2026-08-06,1,NO,27°C,0.69,14.49,10.0,0.155,31.5,27°C,won,14.49,4.33,2026-08-07T06:02:20Z
2026-08-05T10:22:46Z,highest-temperature-in-tel-aviv-on-august-6-2026,tel-aviv,2026-08-06,1,NO,32°C,0.34,29.41,10.0,0.33,67.0,32°C,won,29.41,19.08,2026-08-07T06:02:20Z
2026-08-05T10:22:46Z,highest-temperature-in-milan-on-august-6-2026,milan,2026-08-06,1,NO,37°C,0.48,20.83,10.0,0.26,52.5,37°C,won,20.83,10.57,2026-08-07T06:02:20Z
2026-08-05T10:22:46Z,highest-temperature-in-madrid-on-august-6-2026,madrid,2026-08-06,1,NO,37°C,0.52,19.23,10.0,0.24,49.5,37°C,won,19.23,8.99,2026-08-07T06:02:20Z
2026-08-05T10:22:46Z,highest-temperature-in-warsaw-on-august-6-2026,warsaw,2026-08-06,1,NO,33°C,0.68,14.71,10.0,0.16,32.5,33°C,lost,0.0,-10.16,2026-08-07T06:02:20Z
2026-08-05T10:22:46Z,highest-temperature-in-moscow-on-august-6-2026,moscow,2026-08-06,1,NO,29°C,0.63,15.87,10.0,0.185,37.5,29°C,won,15.87,5.68,2026-08-07T06:02:20Z
2026-08-05T10:22:46Z,highest-temperature-in-istanbul-on-august-6-2026,istanbul,2026-08-06,1,NO,28°C,0.49,20.41,10.0,0.255,51.5,28°C,lost,0.0,-10.26,2026-08-07T06:02:20Z
2026-08-05T10:22:46Z,highest-temperature-in-amsterdam-on-august-6-2026,amsterdam,2026-08-06,1,NO,21°C,0.53,18.87,10.0,0.235,48.0,21°C,lost,0.0,-10.23,2026-08-07T06:02:20Z
2026-08-05T10:22:46Z,highest-temperature-in-helsinki-on-august-6-2026,helsinki,2026-08-06,1,NO,24°C,0.5,20.0,10.0,0.25,51.0,24°C,won,20.0,9.75,2026-08-07T06:02:20Z
2026-08-05T10:22:46Z,highest-temperature-in-jeddah-on-august-6-2026,jeddah,2026-08-06,1,NO,40°C,0.62,16.13,10.0,0.19,39.0,40°C,lost,0.0,-10.19,2026-08-07T06:02:20Z
2026-08-05T10:22:46Z,highest-temperature-in-cape-town-on-august-6-2026,cape-town,2026-08-06,1,NO,16°C,0.54,18.52,10.0,0.23,46.5,16°C,lost,0.0,-10.23,2026-08-07T06:02:20Z
2026-08-05T10:22:46Z,highest-temperature-in-karachi-on-august-6-2026,karachi,2026-08-06,1,NO,33°C,0.49,20.41,10.0,0.255,51.5,33°C,lost,0.0,-10.26,2026-08-07T06:02:20Z
2026-08-05T10:22:46Z,highest-temperature-in-sao-paulo-on-august-6-2026,sao-paulo,2026-08-06,1,NO,27°C,0.63,15.87,10.0,0.185,38.5,27°C,won,15.87,5.68,2026-08-07T06:02:20Z
2026-08-05T10:22:46Z,highest-temperature-in-buenos-aires-on-august-6-2026,buenos-aires,2026-08-06,1,NO,14°C,0.46,21.74,10.0,0.27,54.5,14°C,lost,0.0,-10.27,2026-08-07T06:02:20Z
2026-08-05T10:22:46Z,highest-temperature-in-toronto-on-august-6-2026,toronto,2026-08-06,1,NO,28°C,0.65,15.38,10.0,0.1749,36.0,28°C,won,15.38,5.21,2026-08-07T06:02:20Z
2026-08-05T10:22:46Z,highest-temperature-in-seattle-on-august-6-2026,seattle,2026-08-06,1,NO,88-89°F,0.65,15.38,10.0,0.1749,36.5,88-89°F,won,15.38,5.21,2026-08-07T15:13:44Z
2026-08-05T10:22:46Z,highest-temperature-in-nyc-on-august-6-2026,nyc,2026-08-06,1,NO,88-89°F,0.62,16.13,10.0,0.19,38.5,88-89°F,won,16.13,5.94,2026-08-07T06:02:20Z
2026-08-05T10:22:46Z,highest-temperature-in-dallas-on-august-6-2026,dallas,2026-08-06,1,NO,100-101°F,0.57,17.54,10.0,0.215,43.5,100-101°F,lost,0.0,-10.21,2026-08-07T15:13:44Z
2026-08-05T10:22:46Z,highest-temperature-in-atlanta-on-august-6-2026,atlanta,2026-08-06,1,NO,88-89°F,0.63,15.87,10.0,0.185,37.5,88-89°F,lost,0.0,-10.19,2026-08-07T06:02:20Z
2026-08-05T10:22:46Z,highest-temperature-in-miami-on-august-6-2026,miami,2026-08-06,1,NO,88-89°F,0.57,17.54,10.0,0.215,43.5,88-89°F,lost,0.0,-10.21,2026-08-07T15:13:44Z
2026-08-05T10:22:46Z,highest-temperature-in-chicago-on-august-6-2026,chicago,2026-08-06,1,NO,78-79°F,0.62,16.13,10.0,0.19,39.5,78-79°F,won,16.13,5.94,2026-08-07T15:13:44Z
2026-08-05T10:22:46Z,highest-temperature-in-austin-on-august-6-2026,austin,2026-08-06,1,NO,98-99°F,0.49,20.41,10.0,0.255,51.5,98-99°F,won,20.41,10.15,2026-08-07T15:13:44Z
2026-08-05T10:22:46Z,highest-temperature-in-denver-on-august-6-2026,denver,2026-08-06,1,NO,96-97°F,0.44,22.73,10.0,0.28,56.5,96-97°F,lost,0.0,-10.28,2026-08-07T15:13:44Z
2026-08-05T10:22:46Z,highest-temperature-in-houston-on-august-6-2026,houston,2026-08-06,1,NO,94-95°F,0.5,20.0,10.0,0.25,52.0,94-95°F,won,20.0,9.75,2026-08-07T15:13:44Z
2026-08-05T10:22:46Z,highest-temperature-in-los-angeles-on-august-6-2026,los-angeles,2026-08-06,1,NO,78-79°F,0.52,19.23,10.0,0.24,49.5,78-79°F,won,19.23,8.99,2026-08-07T15:13:44Z
2026-08-05T10:22:46Z,highest-temperature-in-san-francisco-on-august-6-2026,san-francisco,2026-08-06,1,NO,72-73°F,0.59,16.95,10.0,0.205,41.5,72-73°F,lost,0.0,-10.21,2026-08-07T15:13:44Z
2026-08-05T10:22:46Z,highest-temperature-in-mexico-city-on-august-6-2026,mexico-city,2026-08-06,1,NO,26°C,0.67,14.93,10.0,0.1651,33.5,26°C,won,14.93,4.76,2026-08-07T15:13:44Z
2026-08-05T10:22:46Z,highest-temperature-in-panama-city-on-august-6-2026,panama-city,2026-08-06,1,NO,30°C,0.6,16.67,10.0,0.2,40.5,30°C,won,16.67,6.47,2026-08-07T06:02:20Z
2026-08-05T10:22:46Z,highest-temperature-in-london-on-august-7-2026,london,2026-08-07,2,NO,26°C,0.65,15.38,10.0,0.1749,35.5,26°C,lost,0.0,-10.17,2026-08-08T04:27:22Z
2026-08-05T10:22:46Z,highest-temperature-in-paris-on-august-7-2026,paris,2026-08-07,2,NO,27°C,0.52,19.23,10.0,0.24,48.5,27°C,lost,0.0,-10.24,2026-08-08T04:27:22Z
2026-08-05T10:22:46Z,highest-temperature-in-seoul-on-august-7-2026,seoul,2026-08-07,2,NO,35°C,0.63,15.87,10.0,0.185,38.0,35°C,lost,0.0,-10.19,2026-08-08T04:27:22Z
2026-08-05T10:22:46Z,highest-temperature-in-ankara-on-august-7-2026,ankara,2026-08-07,2,NO,34°C,0.55,18.18,10.0,0.225,46.5,34°C,won,18.18,7.96,2026-08-08T04:27:22Z
2026-08-05T10:22:46Z,highest-temperature-in-wellington-on-august-7-2026,wellington,2026-08-07,2,NO,13°C,0.44,22.73,10.0,0.28,56.5,13°C,won,22.73,12.45,2026-08-08T04:27:22Z
2026-08-05T10:22:46Z,highest-temperature-in-munich-on-august-7-2026,munich,2026-08-07,2,NO,27°C,0.74,13.51,10.0,0.13,28.5,27°C,won,13.51,3.38,2026-08-08T14:09:25Z
2026-08-05T10:22:46Z,highest-temperature-in-tel-aviv-on-august-7-2026,tel-aviv,2026-08-07,2,NO,32°C,0.46,21.74,10.0,0.27,54.5,32°C,lost,0.0,-10.27,2026-08-08T04:27:22Z
2026-08-05T10:22:46Z,highest-temperature-in-tokyo-on-august-7-2026,tokyo,2026-08-07,2,NO,33°C,0.68,14.71,10.0,0.16,34.0,33°C,lost,0.0,-10.16,2026-08-08T04:27:22Z
2026-08-06T10:24:38Z,highest-temperature-in-hong-kong-on-august-7-2026,hong-kong,2026-08-07,1,NO,34°C,0.56,17.86,10.0,0.22,45.0,34°C,won,17.86,7.64,2026-08-10T13:43:35Z
2026-08-06T10:24:38Z,highest-temperature-in-shanghai-on-august-7-2026,shanghai,2026-08-07,1,NO,33°C,0.58,17.24,10.0,0.21,42.5,33°C,won,17.24,7.03,2026-08-08T04:27:22Z
2026-08-06T10:24:38Z,highest-temperature-in-singapore-on-august-7-2026,singapore,2026-08-07,1,NO,33°C,0.53,18.87,10.0,0.235,48.0,33°C,lost,0.0,-10.23,2026-08-08T04:27:22Z
2026-08-06T10:24:38Z,highest-temperature-in-milan-on-august-7-2026,milan,2026-08-07,1,NO,35°C,0.48,20.83,10.0,0.26,53.5,35°C,won,20.83,10.57,2026-08-08T04:27:22Z
2026-08-06T10:24:38Z,highest-temperature-in-madrid-on-august-7-2026,madrid,2026-08-07,1,NO,39°C,0.47,21.28,10.0,0.265,53.5,39°C,lost,0.0,-10.27,2026-08-08T14:09:25Z
2026-08-06T10:24:38Z,highest-temperature-in-warsaw-on-august-7-2026,warsaw,2026-08-07,1,NO,25°C,0.6,16.67,10.0,0.2,40.5,25°C,won,16.67,6.47,2026-08-08T04:27:22Z
2026-08-06T10:24:38Z,highest-temperature-in-taipei-on-august-7-2026,taipei,2026-08-07,1,NO,35°C,0.64,15.62,10.0,0.1799,36.5,35°C,won,15.62,5.44,2026-08-08T04:27:22Z
2026-08-06T10:24:38Z,highest-temperature-in-chongqing-on-august-7-2026,chongqing,2026-08-07,1,NO,32°C,0.68,14.71,10.0,0.16,33.0,32°C,won,14.71,4.55,2026-08-08T04:27:22Z
2026-08-06T10:24:38Z,highest-temperature-in-beijing-on-august-7-2026,beijing,2026-08-07,1,NO,37°C,0.61,16.39,10.0,0.195,39.5,37°C,won,16.39,6.2,2026-08-08T04:27:22Z
2026-08-06T10:24:38Z,highest-temperature-in-wuhan-on-august-7-2026,wuhan,2026-08-07,1,NO,37°C,0.52,19.23,10.0,0.24,48.5,37°C,lost,0.0,-10.24,2026-08-08T04:27:22Z
2026-08-06T10:24:38Z,highest-temperature-in-chengdu-on-august-7-2026,chengdu,2026-08-07,1,NO,33°C,0.71,14.08,10.0,0.145,29.5,33°C,lost,0.0,-10.14,2026-08-08T04:27:22Z
2026-08-06T10:24:38Z,highest-temperature-in-shenzhen-on-august-7-2026,shenzhen,2026-08-07,1,NO,34°C,0.56,17.86,10.0,0.22,45.0,34°C,won,17.86,7.64,2026-08-08T04:27:22Z
2026-08-06T10:24:38Z,highest-temperature-in-moscow-on-august-7-2026,moscow,2026-08-07,1,NO,30°C,0.64,15.62,10.0,0.1799,37.0,30°C,won,15.62,5.44,2026-08-08T04:27:22Z
2026-08-06T10:24:38Z,highest-temperature-in-istanbul-on-august-7-2026,istanbul,2026-08-07,1,NO,28°C,0.56,17.86,10.0,0.22,44.5,28°C,lost,0.0,-10.22,2026-08-08T04:27:22Z
2026-08-06T10:24:38Z,highest-temperature-in-busan-on-august-7-2026,busan,2026-08-07,1,NO,36°C,0.48,20.83,10.0,0.26,52.5,36°C,won,20.83,10.57,2026-08-08T04:27:22Z
2026-08-06T10:24:38Z,highest-temperature-in-amsterdam-on-august-7-2026,amsterdam,2026-08-07,1,NO,22°C,0.56,17.86,10.0,0.22,44.5,22°C,lost,0.0,-10.22,2026-08-08T04:27:22Z
2026-08-06T10:24:38Z,highest-temperature-in-helsinki-on-august-7-2026,helsinki,2026-08-07,1,NO,21°C,0.47,21.28,10.0,0.265,54.5,21°C,won,21.28,11.02,2026-08-08T04:27:22Z
2026-08-06T10:24:38Z,highest-temperature-in-kuala-lumpur-on-august-7-2026,kuala-lumpur,2026-08-07,1,NO,34°C,0.5,20.0,10.0,0.25,50.5,34°C,won,20.0,9.75,2026-08-08T04:27:22Z
2026-08-06T10:24:38Z,highest-temperature-in-jeddah-on-august-7-2026,jeddah,2026-08-07,1,NO,38°C,0.58,17.24,10.0,0.21,42.5,38°C,lost,0.0,-10.21,2026-08-08T04:27:22Z
2026-08-06T10:24:38Z,highest-temperature-in-guangzhou-on-august-7-2026,guangzhou,2026-08-07,1,NO,37°C,0.52,19.23,10.0,0.24,48.5,37°C,lost,0.0,-10.24,2026-08-08T04:27:22Z
2026-08-06T10:24:38Z,highest-temperature-in-qingdao-on-august-7-2026,qingdao,2026-08-07,1,NO,37°C,0.64,15.62,10.0,0.1799,36.5,37°C,lost,0.0,-10.18,2026-08-08T04:27:22Z
2026-08-06T10:24:38Z,highest-temperature-in-manila-on-august-7-2026,manila,2026-08-07,1,NO,29°C,0.52,19.23,10.0,0.24,49.0,29°C,lost,0.0,-10.24,2026-08-08T04:27:22Z
2026-08-06T10:24:38Z,highest-temperature-in-lucknow-on-august-7-2026,lucknow,2026-08-07,1,NO,33°C,0.57,17.54,10.0,0.215,43.5,33°C,won,17.54,7.32,2026-08-08T04:27:22Z
2026-08-06T10:24:38Z,highest-temperature-in-cape-town-on-august-7-2026,cape-town,2026-08-07,1,NO,19°C,0.55,18.18,10.0,0.225,45.5,19°C,won,18.18,7.96,2026-08-08T04:27:22Z
2026-08-06T10:24:38Z,highest-temperature-in-karachi-on-august-7-2026,karachi,2026-08-07,1,NO,33°C,0.55,18.18,10.0,0.225,46.0,33°C,lost,0.0,-10.22,2026-08-08T04:27:22Z
2026-08-06T10:24:38Z,highest-temperature-in-sao-paulo-on-august-7-2026,sao-paulo,2026-08-07,1,NO,<=22°C,0.69,14.49,10.0,0.155,31.5,<=22°C,won,14.49,4.33,2026-08-08T04:27:22Z
2026-08-06T10:24:38Z,highest-temperature-in-buenos-aires-on-august-7-2026,buenos-aires,2026-08-07,1,NO,14°C,0.57,17.54,10.0,0.215,43.5,14°C,lost,0.0,-10.21,2026-08-08T14:09:25Z
2026-08-06T10:24:38Z,highest-temperature-in-toronto-on-august-7-2026,toronto,2026-08-07,1,NO,26°C,0.66,15.15,10.0,0.17,34.5,26°C,lost,0.0,-10.17,2026-08-08T14:09:25Z
2026-08-06T10:24:38Z,highest-temperature-in-seattle-on-august-7-2026,seattle,2026-08-07,1,NO,84-85°F,0.68,14.71,10.0,0.16,32.5,84-85°F,lost,0.0,-10.16,2026-08-08T14:09:25Z
2026-08-06T10:24:38Z,highest-temperature-in-nyc-on-august-7-2026,nyc,2026-08-07,1,NO,92-93°F,0.68,14.71,10.0,0.16,32.5,92-93°F,lost,0.0,-10.16,2026-08-08T14:09:25Z
2026-08-06T10:24:38Z,highest-temperature-in-dallas-on-august-7-2026,dallas,2026-08-07,1,NO,100-101°F,0.54,18.52,10.0,0.23,47.0,100-101°F,lost,0.0,-10.23,2026-08-08T14:09:25Z
2026-08-06T10:24:38Z,highest-temperature-in-atlanta-on-august-7-2026,atlanta,2026-08-07,1,NO,88-89°F,0.67,14.93,10.0,0.1651,33.5,88-89°F,won,14.93,4.76,2026-08-08T14:09:25Z
2026-08-06T10:24:38Z,highest-temperature-in-miami-on-august-7-2026,miami,2026-08-07,1,NO,90-91°F,0.47,21.28,10.0,0.265,53.5,90-91°F,lost,0.0,-10.27,2026-08-08T14:09:25Z
2026-08-06T10:24:38Z,highest-temperature-in-chicago-on-august-7-2026,chicago,2026-08-07,1,NO,86-87°F,0.6,16.67,10.0,0.2,41.5,86-87°F,lost,0.0,-10.2,2026-08-08T14:09:25Z
2026-08-06T10:24:38Z,highest-temperature-in-austin-on-august-7-2026,austin,2026-08-07,1,NO,98-99°F,0.45,22.22,10.0,0.275,56.5,98-99°F,lost,0.0,-10.28,2026-08-08T14:09:25Z
2026-08-06T10:24:38Z,highest-temperature-in-denver-on-august-7-2026,denver,2026-08-07,1,NO,96-97°F,0.58,17.24,10.0,0.21,42.5,96-97°F,lost,0.0,-10.21,2026-08-08T14:09:25Z
2026-08-06T10:24:38Z,highest-temperature-in-houston-on-august-7-2026,houston,2026-08-07,1,NO,94-95°F,0.55,18.18,10.0,0.225,46.0,94-95°F,won,18.18,7.96,2026-08-08T14:09:25Z
2026-08-06T10:24:38Z,highest-temperature-in-los-angeles-on-august-7-2026,los-angeles,2026-08-07,1,NO,78-79°F,0.48,20.83,10.0,0.26,52.5,78-79°F,lost,0.0,-10.26,2026-08-08T14:09:25Z
2026-08-06T10:24:38Z,highest-temperature-in-san-francisco-on-august-7-2026,san-francisco,2026-08-07,1,NO,70-71°F,0.65,15.38,10.0,0.1749,35.5,70-71°F,won,15.38,5.21,2026-08-08T14:09:25Z
2026-08-06T10:24:38Z,highest-temperature-in-mexico-city-on-august-7-2026,mexico-city,2026-08-07,1,NO,24°C,0.6,16.67,10.0,0.2,41.0,24°C,lost,0.0,-10.2,2026-08-08T14:09:25Z
2026-08-07T06:02:20Z,highest-temperature-in-panama-city-on-august-7-2026,panama-city,2026-08-07,0,NO,33°C,0.52,19.23,10.0,0.24,48.5,33°C,won,19.23,8.99,2026-08-08T14:09:25Z
2026-08-07T06:02:20Z,highest-temperature-in-seoul-on-august-8-2026,seoul,2026-08-08,1,NO,35°C,0.62,16.13,10.0,0.19,39.0,35°C,won,16.13,5.94,2026-08-09T02:31:39Z
2026-08-07T06:02:20Z,highest-temperature-in-wellington-on-august-8-2026,wellington,2026-08-08,1,NO,13°C,0.48,20.83,10.0,0.26,52.5,13°C,lost,0.0,-10.26,2026-08-09T02:31:39Z
2026-08-07T06:02:20Z,highest-temperature-in-tokyo-on-august-8-2026,tokyo,2026-08-08,1,NO,33°C,0.62,16.13,10.0,0.19,38.5,33°C,won,16.13,5.94,2026-08-09T02:31:39Z
2026-08-07T06:02:20Z,highest-temperature-in-hong-kong-on-august-8-2026,hong-kong,2026-08-08,1,NO,35°C,0.6,16.67,10.0,0.2,40.5,35°C,won,16.67,6.47,2026-08-10T13:43:35Z
2026-08-07T06:02:20Z,highest-temperature-in-shanghai-on-august-8-2026,shanghai,2026-08-08,1,NO,32°C,0.58,17.24,10.0,0.21,42.5,32°C,won,17.24,7.03,2026-08-09T02:31:39Z
2026-08-07T06:02:20Z,highest-temperature-in-singapore-on-august-8-2026,singapore,2026-08-08,1,NO,32°C,0.43,23.26,10.0,0.2851,57.5,32°C,lost,0.0,-10.29,2026-08-09T02:31:39Z
2026-08-07T06:02:20Z,highest-temperature-in-taipei-on-august-8-2026,taipei,2026-08-08,1,NO,>=32°C,0.36,27.78,10.0,0.32,64.5,>=32°C,lost,0.0,-10.32,2026-08-09T02:31:39Z
2026-08-07T06:02:20Z,highest-temperature-in-chongqing-on-august-8-2026,chongqing,2026-08-08,1,NO,32°C,0.6,16.67,10.0,0.2,40.5,32°C,won,16.67,6.47,2026-08-09T02:31:39Z
2026-08-07T06:02:20Z,highest-temperature-in-beijing-on-august-8-2026,beijing,2026-08-08,1,NO,32°C,0.69,14.49,10.0,0.155,33.5,32°C,lost,0.0,-10.15,2026-08-09T02:31:39Z
2026-08-07T06:02:20Z,highest-temperature-in-wuhan-on-august-8-2026,wuhan,2026-08-08,1,NO,36°C,0.64,15.62,10.0,0.1799,37.5,36°C,won,15.62,5.44,2026-08-09T02:31:39Z
2026-08-07T06:02:20Z,highest-temperature-in-shenzhen-on-august-8-2026,shenzhen,2026-08-08,1,NO,36°C,0.7,14.29,10.0,0.15,31.5,36°C,lost,0.0,-10.15,2026-08-09T02:31:39Z
2026-08-07T06:02:20Z,highest-temperature-in-busan-on-august-8-2026,busan,2026-08-08,1,NO,34°C,0.72,13.89,10.0,0.14,29.0,34°C,won,13.89,3.75,2026-08-09T02:31:39Z
2026-08-07T06:02:20Z,highest-temperature-in-kuala-lumpur-on-august-8-2026,kuala-lumpur,2026-08-08,1,NO,34°C,0.56,17.86,10.0,0.22,44.5,34°C,won,17.86,7.64,2026-08-09T02:31:39Z
2026-08-07T06:02:20Z,highest-temperature-in-guangzhou-on-august-8-2026,guangzhou,2026-08-08,1,NO,38°C,0.43,23.26,10.0,0.2851,58.5,38°C,won,23.26,12.97,2026-08-09T02:31:39Z
2026-08-07T06:02:20Z,highest-temperature-in-qingdao-on-august-8-2026,qingdao,2026-08-08,1,NO,35°C,0.61,16.39,10.0,0.195,41.0,35°C,won,16.39,6.2,2026-08-09T02:31:39Z
2026-08-07T06:02:20Z,highest-temperature-in-manila-on-august-8-2026,manila,2026-08-08,1,NO,29°C,0.52,19.23,10.0,0.24,48.5,29°C,won,19.23,8.99,2026-08-09T02:31:39Z
2026-08-07T06:02:20Z,highest-temperature-in-london-on-august-8-2026,london,2026-08-08,1,NO,27°C,0.58,17.24,10.0,0.21,42.5,27°C,won,17.24,7.03,2026-08-09T13:15:28Z
2026-08-07T06:02:20Z,highest-temperature-in-paris-on-august-8-2026,paris,2026-08-08,1,NO,31°C,0.61,16.39,10.0,0.195,39.5,31°C,lost,0.0,-10.2,2026-08-09T02:31:39Z
2026-08-07T06:02:20Z,highest-temperature-in-ankara-on-august-8-2026,ankara,2026-08-08,1,NO,33°C,0.48,20.83,10.0,0.26,52.5,33°C,lost,0.0,-10.26,2026-08-09T02:31:39Z
2026-08-07T06:02:20Z,highest-temperature-in-lucknow-on-august-8-2026,lucknow,2026-08-08,1,NO,34°C,0.56,17.86,10.0,0.22,45.5,34°C,won,17.86,7.64,2026-08-09T02:31:39Z
2026-08-07T06:02:20Z,highest-temperature-in-munich-on-august-8-2026,munich,2026-08-08,1,NO,30°C,0.66,15.15,10.0,0.17,35.5,30°C,lost,0.0,-10.17,2026-08-09T02:31:39Z
2026-08-07T06:02:20Z,highest-temperature-in-tel-aviv-on-august-8-2026,tel-aviv,2026-08-08,1,NO,32°C,0.45,22.22,10.0,0.275,55.5,32°C,lost,0.0,-10.28,2026-08-09T02:31:39Z
2026-08-07T06:02:20Z,highest-temperature-in-milan-on-august-8-2026,milan,2026-08-08,1,NO,33°C,0.63,15.87,10.0,0.185,38.0,33°C,won,15.87,5.68,2026-08-09T02:31:39Z
2026-08-07T06:02:20Z,highest-temperature-in-madrid-on-august-8-2026,madrid,2026-08-08,1,NO,38°C,0.45,22.22,10.0,0.275,55.5,38°C,lost,0.0,-10.28,2026-08-09T02:31:39Z
2026-08-07T06:02:20Z,highest-temperature-in-warsaw-on-august-8-2026,warsaw,2026-08-08,1,NO,23°C,0.64,15.62,10.0,0.1799,36.5,23°C,won,15.62,5.44,2026-08-09T13:15:28Z
2026-08-07T06:02:20Z,highest-temperature-in-moscow-on-august-8-2026,moscow,2026-08-08,1,NO,24°C,0.6,16.67,10.0,0.2,42.0,24°C,lost,0.0,-10.2,2026-08-09T02:31:39Z
2026-08-07T06:02:20Z,highest-temperature-in-istanbul-on-august-8-2026,istanbul,2026-08-08,1,NO,28°C,0.6,16.67,10.0,0.2,40.5,28°C,won,16.67,6.47,2026-08-09T13:15:28Z
2026-08-07T06:02:20Z,highest-temperature-in-amsterdam-on-august-8-2026,amsterdam,2026-08-08,1,NO,25°C,0.62,16.13,10.0,0.19,40.0,25°C,lost,0.0,-10.19,2026-08-09T02:31:39Z
2026-08-07T06:02:20Z,highest-temperature-in-helsinki-on-august-8-2026,helsinki,2026-08-08,1,NO,21°C,0.57,17.54,10.0,0.215,43.5,21°C,won,17.54,7.32,2026-08-09T02:31:39Z
2026-08-07T06:02:20Z,highest-temperature-in-jeddah-on-august-8-2026,jeddah,2026-08-08,1,NO,>=39°C,0.44,22.73,10.0,0.28,56.5,>=39°C,lost,0.0,-10.28,2026-08-09T02:31:39Z
2026-08-07T06:02:20Z,highest-temperature-in-cape-town-on-august-8-2026,cape-town,2026-08-08,1,NO,17°C,0.55,18.18,10.0,0.225,45.5,17°C,lost,0.0,-10.22,2026-08-09T02:31:39Z
2026-08-07T06:02:20Z,highest-temperature-in-karachi-on-august-8-2026,karachi,2026-08-08,1,NO,33°C,0.5,20.0,10.0,0.25,51.5,33°C,won,20.0,9.75,2026-08-09T02:31:39Z
2026-08-07T06:02:20Z,highest-temperature-in-sao-paulo-on-august-8-2026,sao-paulo,2026-08-08,1,NO,28°C,0.64,15.62,10.0,0.1799,36.5,28°C,won,15.62,5.44,2026-08-09T13:15:28Z
2026-08-07T06:02:20Z,highest-temperature-in-buenos-aires-on-august-8-2026,buenos-aires,2026-08-08,1,NO,13°C,0.58,17.24,10.0,0.21,44.0,13°C,lost,0.0,-10.21,2026-08-09T13:15:28Z
2026-08-07T06:02:20Z,highest-temperature-in-toronto-on-august-8-2026,toronto,2026-08-08,1,NO,30°C,0.64,15.62,10.0,0.1799,36.5,30°C,lost,0.0,-10.18,2026-08-09T13:15:28Z
2026-08-07T06:02:20Z,highest-temperature-in-seattle-on-august-8-2026,seattle,2026-08-08,2,NO,82-83°F,0.63,15.87,10.0,0.185,37.5,82-83°F,lost,0.0,-10.19,2026-08-09T13:15:28Z
2026-08-07T06:02:20Z,highest-temperature-in-nyc-on-august-8-2026,nyc,2026-08-08,1,NO,90-91°F,0.6,16.67,10.0,0.2,41.0,90-91°F,lost,0.0,-10.2,2026-08-09T13:15:28Z
2026-08-07T06:02:20Z,highest-temperature-in-dallas-on-august-8-2026,dallas,2026-08-08,1,NO,98-99°F,0.6,16.67,10.0,0.2,40.5,98-99°F,won,16.67,6.47,2026-08-09T13:15:28Z
2026-08-07T06:02:20Z,highest-temperature-in-atlanta-on-august-8-2026,atlanta,2026-08-08,1,NO,90-91°F,0.67,14.93,10.0,0.1651,34.0,90-91°F,lost,0.0,-10.17,2026-08-09T13:15:28Z
2026-08-07T15:13:44Z,highest-temperature-in-miami-on-august-8-2026,miami,2026-08-08,1,NO,90-91°F,0.55,18.18,10.0,0.225,45.5,90-91°F,lost,0.0,-10.22,2026-08-09T13:15:28Z
2026-08-07T15:13:44Z,highest-temperature-in-chicago-on-august-8-2026,chicago,2026-08-08,1,NO,82-83°F,0.65,15.38,10.0,0.1749,35.5,82-83°F,won,15.38,5.21,2026-08-09T13:15:28Z
2026-08-07T15:13:44Z,highest-temperature-in-austin-on-august-8-2026,austin,2026-08-08,1,NO,98-99°F,0.57,17.54,10.0,0.215,43.5,98-99°F,lost,0.0,-10.21,2026-08-09T13:15:28Z
2026-08-07T15:13:44Z,highest-temperature-in-denver-on-august-8-2026,denver,2026-08-08,2,NO,100-101°F,0.54,18.52,10.0,0.23,46.5,100-101°F,won,18.52,8.29,2026-08-09T13:15:28Z
2026-08-07T15:13:44Z,highest-temperature-in-houston-on-august-8-2026,houston,2026-08-08,1,NO,92-93°F,0.56,17.86,10.0,0.22,46.0,92-93°F,lost,0.0,-10.22,2026-08-09T13:15:28Z
2026-08-07T15:13:44Z,highest-temperature-in-los-angeles-on-august-8-2026,los-angeles,2026-08-08,2,NO,78-79°F,0.62,16.13,10.0,0.19,40.0,78-79°F,lost,0.0,-10.19,2026-08-09T13:15:28Z
2026-08-07T15:13:44Z,highest-temperature-in-san-francisco-on-august-8-2026,san-francisco,2026-08-08,2,NO,72-73°F,0.67,14.93,10.0,0.1651,33.5,72-73°F,won,14.93,4.76,2026-08-09T13:15:28Z
2026-08-07T15:13:44Z,highest-temperature-in-mexico-city-on-august-8-2026,mexico-city,2026-08-08,2,NO,24°C,0.61,16.39,10.0,0.195,40.5,24°C,lost,0.0,-10.2,2026-08-09T13:15:28Z
2026-08-07T15:13:44Z,highest-temperature-in-panama-city-on-august-8-2026,panama-city,2026-08-08,1,NO,34°C,0.66,15.15,10.0,0.17,36.0,34°C,won,15.15,4.98,2026-08-09T13:15:28Z
2026-08-07T15:13:44Z,highest-temperature-in-london-on-august-9-2026,london,2026-08-09,2,NO,31°C,0.65,15.38,10.0,0.1749,35.5,31°C,lost,0.0,-10.17,2026-08-10T02:36:12Z
2026-08-07T15:13:44Z,highest-temperature-in-paris-on-august-9-2026,paris,2026-08-09,2,NO,34°C,0.73,13.7,10.0,0.135,29.0,34°C,won,13.7,3.56,2026-08-10T02:36:12Z
2026-08-08T04:27:22Z,highest-temperature-in-chengdu-on-august-8-2026,chengdu,2026-08-08,0,NO,33°C,0.63,15.87,10.0,0.185,39.5,33°C,won,15.87,5.68,2026-08-09T02:31:39Z
2026-08-08T04:27:22Z,highest-temperature-in-seoul-on-august-9-2026,seoul,2026-08-09,1,NO,34°C,0.58,17.24,10.0,0.21,42.5,34°C,won,17.24,7.03,2026-08-10T02:36:12Z
2026-08-08T04:27:22Z,highest-temperature-in-ankara-on-august-9-2026,ankara,2026-08-09,1,NO,32°C,0.49,20.41,10.0,0.255,51.5,32°C,won,20.41,10.15,2026-08-10T13:43:35Z
2026-08-08T04:27:22Z,highest-temperature-in-wellington-on-august-9-2026,wellington,2026-08-09,1,NO,14°C,0.5,20.0,10.0,0.25,51.0,14°C,lost,0.0,-10.25,2026-08-10T02:36:12Z
2026-08-08T04:27:22Z,highest-temperature-in-munich-on-august-9-2026,munich,2026-08-09,1,NO,34°C,0.58,17.24,10.0,0.21,42.5,34°C,lost,0.0,-10.21,2026-08-10T02:36:12Z
2026-08-08T04:27:22Z,highest-temperature-in-tel-aviv-on-august-9-2026,tel-aviv,2026-08-09,1,NO,33°C,0.36,27.78,10.0,0.32,64.5,33°C,lost,0.0,-10.32,2026-08-10T13:43:35Z
2026-08-08T04:27:22Z,highest-temperature-in-tokyo-on-august-9-2026,tokyo,2026-08-09,1,NO,33°C,0.64,15.62,10.0,0.1799,36.5,33°C,lost,0.0,-10.18,2026-08-10T02:36:12Z
2026-08-08T04:27:22Z,highest-temperature-in-hong-kong-on-august-9-2026,hong-kong,2026-08-09,1,NO,35°C,0.62,16.13,10.0,0.19,39.0,35°C,won,16.13,5.94,2026-08-10T13:43:35Z
2026-08-08T04:27:22Z,highest-temperature-in-shanghai-on-august-9-2026,shanghai,2026-08-09,1,NO,29°C,0.58,17.24,10.0,0.21,42.5,29°C,won,17.24,7.03,2026-08-10T02:36:12Z
2026-08-08T04:27:22Z,highest-temperature-in-singapore-on-august-9-2026,singapore,2026-08-09,1,NO,32°C,0.49,20.41,10.0,0.255,51.5,32°C,lost,0.0,-10.26,2026-08-10T02:36:12Z
2026-08-08T04:27:22Z,highest-temperature-in-milan-on-august-9-2026,milan,2026-08-09,1,NO,34°C,0.45,22.22,10.0,0.275,55.5,34°C,lost,0.0,-10.28,2026-08-10T02:36:12Z
2026-08-08T04:27:22Z,highest-temperature-in-madrid-on-august-9-2026,madrid,2026-08-09,1,NO,37°C,0.43,23.26,10.0,0.2851,57.5,37°C,lost,0.0,-10.29,2026-08-10T02:36:12Z
2026-08-08T04:27:22Z,highest-temperature-in-warsaw-on-august-9-2026,warsaw,2026-08-09,1,NO,25°C,0.53,18.87,10.0,0.235,47.5,25°C,lost,0.0,-10.23,2026-08-10T02:36:12Z
2026-08-08T04:27:22Z,highest-temperature-in-chongqing-on-august-9-2026,chongqing,2026-08-09,1,NO,33°C,0.63,15.87,10.0,0.185,38.0,33°C,won,15.87,5.68,2026-08-10T02:36:12Z
2026-08-08T04:27:22Z,highest-temperature-in-beijing-on-august-9-2026,beijing,2026-08-09,1,NO,32°C,0.56,17.86,10.0,0.22,44.5,32°C,won,17.86,7.64,2026-08-10T02:36:12Z
2026-08-08T04:27:22Z,highest-temperature-in-wuhan-on-august-9-2026,wuhan,2026-08-09,1,NO,35°C,0.57,17.54,10.0,0.215,43.5,35°C,won,17.54,7.32,2026-08-10T02:36:12Z
2026-08-08T04:27:22Z,highest-temperature-in-chengdu-on-august-9-2026,chengdu,2026-08-09,1,NO,35°C,0.67,14.93,10.0,0.1651,34.0,35°C,won,14.93,4.76,2026-08-10T02:36:12Z
2026-08-08T04:27:22Z,highest-temperature-in-shenzhen-on-august-9-2026,shenzhen,2026-08-09,1,NO,37°C,0.67,14.93,10.0,0.1651,34.0,37°C,won,14.93,4.76,2026-08-10T02:36:12Z
2026-08-08T04:27:22Z,highest-temperature-in-moscow-on-august-9-2026,moscow,2026-08-09,1,NO,22°C,0.61,16.39,10.0,0.195,40.0,22°C,lost,0.0,-10.2,2026-08-10T13:43:35Z
2026-08-08T04:27:22Z,highest-temperature-in-istanbul-on-august-9-2026,istanbul,2026-08-09,1,NO,27°C,0.47,21.28,10.0,0.265,54.0,27°C,lost,0.0,-10.27,2026-08-10T02:36:12Z
2026-08-08T04:27:22Z,highest-temperature-in-busan-on-august-9-2026,busan,2026-08-09,1,NO,31°C,0.62,16.13,10.0,0.19,39.0,31°C,won,16.13,5.94,2026-08-10T02:36:12Z
2026-08-08T04:27:22Z,highest-temperature-in-amsterdam-on-august-9-2026,amsterdam,2026-08-09,1,NO,29°C,0.56,17.86,10.0,0.22,44.5,29°C,won,17.86,7.64,2026-08-10T02:36:12Z
2026-08-08T04:27:22Z,highest-temperature-in-helsinki-on-august-9-2026,helsinki,2026-08-09,1,NO,22°C,0.42,23.81,10.0,0.29,58.5,22°C,lost,0.0,-10.29,2026-08-10T02:36:12Z
2026-08-08T04:27:22Z,highest-temperature-in-kuala-lumpur-on-august-9-2026,kuala-lumpur,2026-08-09,1,NO,33°C,0.52,19.23,10.0,0.24,49.0,33°C,lost,0.0,-10.24,2026-08-10T02:36:12Z
2026-08-08T04:27:22Z,highest-temperature-in-jeddah-on-august-9-2026,jeddah,2026-08-09,1,NO,>=40°C,0.53,18.87,10.0,0.235,47.5,>=40°C,won,18.87,8.64,2026-08-10T13:43:35Z
2026-08-08T04:27:22Z,highest-temperature-in-guangzhou-on-august-9-2026,guangzhou,2026-08-09,1,NO,38°C,0.46,21.74,10.0,0.27,54.5,38°C,lost,0.0,-10.27,2026-08-10T02:36:12Z
2026-08-08T04:27:22Z,highest-temperature-in-qingdao-on-august-9-2026,qingdao,2026-08-09,1,NO,33°C,0.66,15.15,10.0,0.17,35.5,33°C,won,15.15,4.98,2026-08-10T02:36:12Z
2026-08-08T04:27:22Z,highest-temperature-in-manila-on-august-9-2026,manila,2026-08-09,1,NO,29°C,0.57,17.54,10.0,0.215,43.5,29°C,won,17.54,7.32,2026-08-10T02:36:12Z
2026-08-08T14:09:25Z,highest-temperature-in-lucknow-on-august-9-2026,lucknow,2026-08-09,1,NO,33°C,0.57,17.54,10.0,0.215,43.5,33°C,lost,0.0,-10.21,2026-08-10T02:36:12Z
2026-08-08T14:09:25Z,highest-temperature-in-cape-town-on-august-9-2026,cape-town,2026-08-09,1,NO,14°C,0.49,20.41,10.0,0.255,52.0,14°C,won,20.41,10.15,2026-08-10T02:36:12Z
2026-08-08T14:09:25Z,highest-temperature-in-karachi-on-august-9-2026,karachi,2026-08-09,1,NO,33°C,0.51,19.61,10.0,0.245,49.5,33°C,lost,0.0,-10.24,2026-08-10T02:36:12Z
2026-08-08T14:09:25Z,highest-temperature-in-buenos-aires-on-august-9-2026,buenos-aires,2026-08-09,1,NO,14°C,0.62,16.13,10.0,0.19,39.0,14°C,won,16.13,5.94,2026-08-10T13:43:35Z
2026-08-08T14:09:25Z,highest-temperature-in-toronto-on-august-9-2026,toronto,2026-08-09,1,NO,28°C,0.59,16.95,10.0,0.205,41.5,28°C,won,16.95,6.74,2026-08-10T13:43:35Z
2026-08-08T14:09:25Z,highest-temperature-in-seattle-on-august-9-2026,seattle,2026-08-09,2,NO,76-77°F,0.7,14.29,10.0,0.15,30.5,76-77°F,lost,0.0,-10.15,2026-08-10T13:43:35Z
2026-08-08T14:09:25Z,highest-temperature-in-nyc-on-august-9-2026,nyc,2026-08-09,1,NO,92-93°F,0.63,15.87,10.0,0.185,37.5,92-93°F,won,15.87,5.68,2026-08-10T13:43:35Z
2026-08-08T14:09:25Z,highest-temperature-in-dallas-on-august-9-2026,dallas,2026-08-09,2,NO,100-101°F,0.6,16.67,10.0,0.2,41.0,100-101°F,won,16.67,6.47,2026-08-10T13:43:35Z
2026-08-09T02:31:39Z,highest-temperature-in-sao-paulo-on-august-9-2026,sao-paulo,2026-08-09,1,NO,25°C,0.65,15.38,10.0,0.1749,36.0,25°C,won,15.38,5.21,2026-08-10T13:43:35Z
2026-08-09T02:31:39Z,highest-temperature-in-atlanta-on-august-9-2026,atlanta,2026-08-09,1,NO,90-91°F,0.6,16.67,10.0,0.2,41.0,90-91°F,lost,0.0,-10.2,2026-08-10T13:43:35Z
2026-08-09T02:31:39Z,highest-temperature-in-miami-on-august-9-2026,miami,2026-08-09,1,NO,90-91°F,0.43,23.26,10.0,0.2851,57.5,90-91°F,won,23.26,12.97,2026-08-10T13:43:35Z
2026-08-09T02:31:39Z,highest-temperature-in-austin-on-august-9-2026,austin,2026-08-09,1,NO,98-99°F,0.42,23.81,10.0,0.29,59.0,98-99°F,lost,0.0,-10.29,2026-08-10T13:43:35Z
2026-08-09T02:31:39Z,highest-temperature-in-denver-on-august-9-2026,denver,2026-08-09,1,NO,96-97°F,0.52,19.23,10.0,0.24,48.5,96-97°F,won,19.23,8.99,2026-08-10T13:43:35Z
2026-08-09T02:31:39Z,highest-temperature-in-houston-on-august-9-2026,houston,2026-08-09,1,NO,92-93°F,0.49,20.41,10.0,0.255,52.5,92-93°F,lost,0.0,-10.26,2026-08-10T13:43:35Z
2026-08-09T02:31:39Z,highest-temperature-in-los-angeles-on-august-9-2026,los-angeles,2026-08-09,1,NO,78-79°F,0.35,28.57,10.0,0.325,67.0,78-79°F,won,28.57,18.25,2026-08-10T13:43:35Z
2026-08-09T02:31:39Z,highest-temperature-in-san-francisco-on-august-9-2026,san-francisco,2026-08-09,1,NO,<=75°F,0.49,20.41,10.0,0.255,51.5,<=75°F,lost,0.0,-10.26,2026-08-10T13:43:35Z
2026-08-09T02:31:39Z,highest-temperature-in-mexico-city-on-august-9-2026,mexico-city,2026-08-09,1,NO,24°C,0.6,16.67,10.0,0.2,40.5,24°C,won,16.67,6.47,2026-08-10T13:43:35Z
2026-08-09T02:31:39Z,highest-temperature-in-panama-city-on-august-9-2026,panama-city,2026-08-09,1,NO,33°C,0.53,18.87,10.0,0.235,47.5,33°C,won,18.87,8.64,2026-08-10T13:43:35Z
2026-08-09T02:31:39Z,highest-temperature-in-zhengzhou-on-august-9-2026,zhengzhou,2026-08-09,0,NO,31°C,0.78,12.82,10.0,0.11,40.0,31°C,lost,0.0,-10.11,2026-08-10T02:36:12Z
2026-08-09T02:31:39Z,highest-temperature-in-seoul-on-august-10-2026,seoul,2026-08-10,1,NO,33°C,0.73,13.7,10.0,0.135,28.5,33°C,lost,0.0,-10.13,2026-08-11T02:31:09Z
2026-08-09T02:31:39Z,highest-temperature-in-wellington-on-august-10-2026,wellington,2026-08-10,1,NO,14°C,0.51,19.61,10.0,0.245,49.5,14°C,won,19.61,9.37,2026-08-11T02:31:09Z
2026-08-09T02:31:39Z,highest-temperature-in-tokyo-on-august-10-2026,tokyo,2026-08-10,1,NO,31°C,0.63,15.87,10.0,0.185,37.5,31°C,won,15.87,5.68,2026-08-11T02:31:09Z
2026-08-09T02:31:39Z,highest-temperature-in-hong-kong-on-august-10-2026,hong-kong,2026-08-10,1,NO,34°C,0.62,16.13,10.0,0.19,38.5,34°C,won,16.13,5.94,2026-08-11T13:42:08Z
2026-08-09T02:31:39Z,highest-temperature-in-shanghai-on-august-10-2026,shanghai,2026-08-10,1,NO,29°C,0.61,16.39,10.0,0.195,39.5,29°C,won,16.39,6.2,2026-08-11T02:31:09Z
2026-08-09T02:31:39Z,highest-temperature-in-singapore-on-august-10-2026,singapore,2026-08-10,1,NO,32°C,0.44,22.73,10.0,0.28,56.5,32°C,lost,0.0,-10.28,2026-08-11T02:31:09Z
2026-08-09T02:31:39Z,highest-temperature-in-taipei-on-august-10-2026,taipei,2026-08-10,1,NO,35°C,0.69,14.49,10.0,0.155,32.5,35°C,won,14.49,4.33,2026-08-11T02:31:09Z
2026-08-09T02:31:39Z,highest-temperature-in-chongqing-on-august-10-2026,chongqing,2026-08-10,1,NO,35°C,0.7,14.29,10.0,0.15,31.0,35°C,won,14.29,4.14,2026-08-11T02:31:09Z
2026-08-09T02:31:39Z,highest-temperature-in-beijing-on-august-10-2026,beijing,2026-08-10,1,NO,33°C,0.67,14.93,10.0,0.1651,33.5,33°C,won,14.93,4.76,2026-08-11T02:31:09Z
2026-08-09T02:31:39Z,highest-temperature-in-chengdu-on-august-10-2026,chengdu,2026-08-10,1,NO,36°C,0.63,15.87,10.0,0.185,38.0,36°C,lost,0.0,-10.19,2026-08-11T02:31:09Z
2026-08-09T02:31:39Z,highest-temperature-in-shenzhen-on-august-10-2026,shenzhen,2026-08-10,1,NO,36°C,0.59,16.95,10.0,0.205,41.5,36°C,lost,0.0,-10.21,2026-08-11T02:31:09Z
2026-08-09T02:31:39Z,highest-temperature-in-busan-on-august-10-2026,busan,2026-08-10,1,NO,30°C,0.63,15.87,10.0,0.185,37.5,30°C,won,15.87,5.68,2026-08-11T02:31:09Z
2026-08-09T02:31:39Z,highest-temperature-in-kuala-lumpur-on-august-10-2026,kuala-lumpur,2026-08-10,1,NO,33°C,0.55,18.18,10.0,0.225,46.0,33°C,won,18.18,7.96,2026-08-11T02:31:09Z
2026-08-09T02:31:39Z,highest-temperature-in-guangzhou-on-august-10-2026,guangzhou,2026-08-10,1,NO,37°C,0.58,17.24,10.0,0.21,42.5,37°C,lost,0.0,-10.21,2026-08-11T02:31:09Z
2026-08-09T13:15:28Z,highest-temperature-in-qingdao-on-august-10-2026,qingdao,2026-08-10,1,NO,31°C,0.65,15.38,10.0,0.1749,35.5,31°C,lost,0.0,-10.17,2026-08-11T02:31:09Z
2026-08-09T13:15:28Z,highest-temperature-in-manila-on-august-10-2026,manila,2026-08-10,1,NO,30°C,0.58,17.24,10.0,0.21,43.0,30°C,won,17.24,7.03,2026-08-11T02:31:09Z
2026-08-09T13:15:28Z,highest-temperature-in-london-on-august-10-2026,london,2026-08-10,1,NO,26°C,0.67,14.93,10.0,0.1651,33.5,26°C,lost,0.0,-10.17,2026-08-11T02:31:09Z
2026-08-09T13:15:28Z,highest-temperature-in-paris-on-august-10-2026,paris,2026-08-10,1,NO,32°C,0.5,20.0,10.0,0.25,50.5,32°C,lost,0.0,-10.25,2026-08-11T02:31:09Z
2026-08-09T13:15:28Z,highest-temperature-in-ankara-on-august-10-2026,ankara,2026-08-10,1,NO,31°C,0.48,20.83,10.0,0.26,53.0,31°C,lost,0.0,-10.26,2026-08-11T02:31:09Z
2026-08-09T13:15:28Z,highest-temperature-in-lucknow-on-august-10-2026,lucknow,2026-08-10,1,NO,33°C,0.59,16.95,10.0,0.205,41.5,33°C,won,16.95,6.74,2026-08-11T02:31:09Z
2026-08-09T13:15:28Z,highest-temperature-in-munich-on-august-10-2026,munich,2026-08-10,1,NO,33°C,0.58,17.24,10.0,0.21,42.5,33°C,won,17.24,7.03,2026-08-11T02:31:09Z
2026-08-09T13:15:28Z,highest-temperature-in-tel-aviv-on-august-10-2026,tel-aviv,2026-08-10,1,NO,34°C,0.49,20.41,10.0,0.255,51.5,34°C,lost,0.0,-10.26,2026-08-11T02:31:09Z
2026-08-09T13:15:28Z,highest-temperature-in-milan-on-august-10-2026,milan,2026-08-10,1,NO,36°C,0.59,16.95,10.0,0.205,42.5,36°C,won,16.95,6.74,2026-08-11T02:31:09Z
2026-08-09T13:15:28Z,highest-temperature-in-madrid-on-august-10-2026,madrid,2026-08-10,1,NO,37°C,0.42,23.81,10.0,0.29,58.5,37°C,lost,0.0,-10.29,2026-08-11T02:31:09Z
2026-08-09T13:15:28Z,highest-temperature-in-warsaw-on-august-10-2026,warsaw,2026-08-10,1,NO,31°C,0.65,15.38,10.0,0.1749,36.0,31°C,won,15.38,5.21,2026-08-11T02:31:09Z
2026-08-09T13:15:28Z,highest-temperature-in-moscow-on-august-10-2026,moscow,2026-08-10,1,NO,24°C,0.55,18.18,10.0,0.225,45.5,24°C,lost,0.0,-10.22,2026-08-11T02:31:09Z
2026-08-09T13:15:28Z,highest-temperature-in-istanbul-on-august-10-2026,istanbul,2026-08-10,1,NO,28°C,0.49,20.41,10.0,0.255,51.5,28°C,lost,0.0,-10.26,2026-08-11T02:31:09Z
2026-08-09T13:15:28Z,highest-temperature-in-amsterdam-on-august-10-2026,amsterdam,2026-08-10,1,NO,23°C,0.56,17.86,10.0,0.22,44.5,23°C,lost,0.0,-10.22,2026-08-11T02:31:09Z
2026-08-10T02:36:12Z,highest-temperature-in-wuhan-on-august-10-2026,wuhan,2026-08-10,0,NO,29°C,0.448,22.32,10.0,0.276,59.1,29°C,lost,0.0,-10.28,2026-08-11T02:31:09Z
2026-08-10T02:36:12Z,highest-temperature-in-helsinki-on-august-10-2026,helsinki,2026-08-10,0,NO,23°C,0.51,19.61,10.0,0.245,49.5,23°C,lost,0.0,-10.24,2026-08-11T02:31:09Z
2026-08-10T02:36:12Z,highest-temperature-in-jeddah-on-august-10-2026,jeddah,2026-08-10,0,NO,>=41°C,0.64,15.62,10.0,0.1799,36.5,>=41°C,lost,0.0,-10.18,2026-08-11T02:31:09Z
2026-08-10T02:36:12Z,highest-temperature-in-cape-town-on-august-10-2026,cape-town,2026-08-10,0,NO,15°C,0.48,20.83,10.0,0.26,52.5,15°C,lost,0.0,-10.26,2026-08-11T02:31:09Z
2026-08-10T02:36:12Z,highest-temperature-in-karachi-on-august-10-2026,karachi,2026-08-10,0,NO,33°C,0.4,25.0,10.0,0.3,60.5,33°C,lost,0.0,-10.3,2026-08-11T02:31:09Z
2026-08-10T02:36:12Z,highest-temperature-in-sao-paulo-on-august-10-2026,sao-paulo,2026-08-10,1,NO,17°C,0.61,16.39,10.0,0.195,39.5,17°C,won,16.39,6.2,2026-08-11T13:42:08Z
2026-08-10T02:36:12Z,highest-temperature-in-buenos-aires-on-august-10-2026,buenos-aires,2026-08-10,1,NO,12°C,0.49,20.41,10.0,0.255,51.5,12°C,won,20.41,10.15,2026-08-11T13:42:08Z
2026-08-10T02:36:12Z,highest-temperature-in-toronto-on-august-10-2026,toronto,2026-08-10,1,NO,29°C,0.53,18.87,10.0,0.235,47.5,29°C,lost,0.0,-10.23,2026-08-11T13:42:08Z
2026-08-10T02:36:12Z,highest-temperature-in-seattle-on-august-10-2026,seattle,2026-08-10,1,NO,76-77°F,0.52,19.23,10.0,0.24,48.5,76-77°F,won,19.23,8.99,2026-08-11T13:42:08Z
2026-08-10T02:36:12Z,highest-temperature-in-nyc-on-august-10-2026,nyc,2026-08-10,1,NO,90-91°F,0.53,18.87,10.0,0.235,47.5,90-91°F,lost,0.0,-10.23,2026-08-11T13:42:08Z
2026-08-10T02:36:12Z,highest-temperature-in-dallas-on-august-10-2026,dallas,2026-08-10,1,NO,98-99°F,0.36,27.78,10.0,0.32,64.5,98-99°F,lost,0.0,-10.32,2026-08-11T13:42:08Z
2026-08-10T02:36:12Z,highest-temperature-in-atlanta-on-august-10-2026,atlanta,2026-08-10,1,NO,90-91°F,0.55,18.18,10.0,0.225,45.5,90-91°F,won,18.18,7.96,2026-08-11T13:42:08Z
2026-08-10T02:36:12Z,highest-temperature-in-chicago-on-august-10-2026,chicago,2026-08-10,1,NO,84-85°F,0.67,14.93,10.0,0.1651,33.5,84-85°F,won,14.93,4.76,2026-08-11T13:42:08Z
2026-08-10T02:36:12Z,highest-temperature-in-austin-on-august-10-2026,austin,2026-08-10,1,NO,96-97°F,0.47,21.28,10.0,0.265,53.5,96-97°F,lost,0.0,-10.27,2026-08-11T13:42:08Z
2026-08-10T02:36:12Z,highest-temperature-in-denver-on-august-10-2026,denver,2026-08-10,1,NO,96-97°F,0.54,18.52,10.0,0.23,46.5,96-97°F,lost,0.0,-10.23,2026-08-11T13:42:08Z
2026-08-10T02:36:12Z,highest-temperature-in-houston-on-august-10-2026,houston,2026-08-10,1,NO,88-89°F,0.59,16.95,10.0,0.205,41.5,88-89°F,won,16.95,6.74,2026-08-11T13:42:08Z
2026-08-10T02:36:12Z,highest-temperature-in-los-angeles-on-august-10-2026,los-angeles,2026-08-10,1,NO,78-79°F,0.36,27.78,10.0,0.32,64.5,78-79°F,lost,0.0,-10.32,2026-08-11T13:42:08Z
2026-08-10T02:36:12Z,highest-temperature-in-san-francisco-on-august-10-2026,san-francisco,2026-08-10,1,NO,70-71°F,0.58,17.24,10.0,0.21,43.5,70-71°F,won,17.24,7.03,2026-08-11T13:42:08Z
2026-08-10T02:36:12Z,highest-temperature-in-mexico-city-on-august-10-2026,mexico-city,2026-08-10,1,NO,24°C,0.53,18.87,10.0,0.235,47.5,24°C,won,18.87,8.64,2026-08-11T13:42:08Z
2026-08-10T02:36:12Z,highest-temperature-in-panama-city-on-august-10-2026,panama-city,2026-08-10,1,NO,34°C,0.46,21.74,10.0,0.27,54.5,34°C,won,21.74,11.47,2026-08-11T13:42:08Z
2026-08-10T02:36:12Z,highest-temperature-in-zhengzhou-on-august-10-2026,zhengzhou,2026-08-10,0,NO,>=32°C,0.85,11.76,10.0,0.075,42.5,>=32°C,lost,0.0,-10.07,2026-08-11T02:31:09Z
2026-08-10T02:36:12Z,highest-temperature-in-london-on-august-11-2026,london,2026-08-11,1,NO,25°C,0.53,18.87,10.0,0.235,47.5,25°C,won,18.87,8.64,2026-08-12T13:45:14Z
2026-08-10T13:43:35Z,highest-temperature-in-paris-on-august-11-2026,paris,2026-08-11,1,NO,31°C,0.55,18.18,10.0,0.225,45.5,31°C,won,18.18,7.96,2026-08-12T02:47:20Z
2026-08-10T13:43:35Z,highest-temperature-in-seoul-on-august-11-2026,seoul,2026-08-11,1,NO,33°C,0.63,15.87,10.0,0.185,38.0,33°C,won,15.87,5.68,2026-08-12T02:47:20Z
2026-08-10T13:43:35Z,highest-temperature-in-ankara-on-august-11-2026,ankara,2026-08-11,1,NO,31°C,0.51,19.61,10.0,0.245,49.5,31°C,won,19.61,9.37,2026-08-12T02:47:20Z
2026-08-10T13:43:35Z,highest-temperature-in-wellington-on-august-11-2026,wellington,2026-08-11,1,NO,12°C,0.38,26.32,10.0,0.31,62.5,12°C,lost,0.0,-10.31,2026-08-12T02:47:20Z
2026-08-10T13:43:35Z,highest-temperature-in-munich-on-august-11-2026,munich,2026-08-11,1,NO,30°C,0.57,17.54,10.0,0.215,43.5,30°C,won,17.54,7.32,2026-08-12T02:47:20Z
2026-08-10T13:43:35Z,highest-temperature-in-tel-aviv-on-august-11-2026,tel-aviv,2026-08-11,1,NO,35°C,0.41,24.39,10.0,0.295,60.0,35°C,lost,0.0,-10.29,2026-08-12T02:47:20Z
2026-08-10T13:43:35Z,highest-temperature-in-tokyo-on-august-11-2026,tokyo,2026-08-11,1,NO,29°C,0.62,16.13,10.0,0.19,38.5,29°C,won,16.13,5.94,2026-08-12T02:47:20Z
2026-08-10T13:43:35Z,highest-temperature-in-hong-kong-on-august-11-2026,hong-kong,2026-08-11,1,NO,35°C,0.59,16.95,10.0,0.205,41.5,35°C,lost,0.0,-10.21,2026-08-12T13:45:14Z
2026-08-10T13:43:35Z,highest-temperature-in-shanghai-on-august-11-2026,shanghai,2026-08-11,1,NO,30°C,0.5,20.0,10.0,0.25,50.5,30°C,won,20.0,9.75,2026-08-12T02:47:20Z
2026-08-10T13:43:35Z,highest-temperature-in-singapore-on-august-11-2026,singapore,2026-08-11,1,NO,32°C,0.38,26.32,10.0,0.31,62.5,32°C,won,26.32,16.01,2026-08-12T02:47:20Z
2026-08-10T13:43:35Z,highest-temperature-in-milan-on-august-11-2026,milan,2026-08-11,1,NO,36°C,0.54,18.52,10.0,0.23,46.5,36°C,lost,0.0,-10.23,2026-08-12T02:47:20Z
2026-08-10T13:43:35Z,highest-temperature-in-madrid-on-august-11-2026,madrid,2026-08-11,1,NO,37°C,0.34,29.41,10.0,0.33,66.5,37°C,won,29.41,19.08,2026-08-12T02:47:20Z
2026-08-10T13:43:35Z,highest-temperature-in-warsaw-on-august-11-2026,warsaw,2026-08-11,1,NO,22°C,0.57,17.54,10.0,0.215,44.0,22°C,lost,0.0,-10.21,2026-08-12T02:47:20Z
2026-08-10T13:43:35Z,highest-temperature-in-taipei-on-august-11-2026,taipei,2026-08-11,1,NO,35°C,0.6,16.67,10.0,0.2,40.5,35°C,lost,0.0,-10.2,2026-08-12T02:47:20Z
2026-08-10T13:43:35Z,highest-temperature-in-chongqing-on-august-11-2026,chongqing,2026-08-11,1,NO,36°C,0.64,15.62,10.0,0.1799,37.5,36°C,won,15.62,5.44,2026-08-12T02:47:20Z
2026-08-10T13:43:35Z,highest-temperature-in-wuhan-on-august-11-2026,wuhan,2026-08-11,1,NO,29°C,0.71,14.08,10.0,0.145,29.5,29°C,lost,0.0,-10.14,2026-08-12T02:47:20Z
2026-08-10T13:43:35Z,highest-temperature-in-chengdu-on-august-11-2026,chengdu,2026-08-11,1,NO,36°C,0.66,15.15,10.0,0.17,35.0,36°C,won,15.15,4.98,2026-08-12T02:47:20Z
2026-08-10T13:43:35Z,highest-temperature-in-shenzhen-on-august-11-2026,shenzhen,2026-08-11,1,NO,36°C,0.59,16.95,10.0,0.205,42.0,36°C,won,16.95,6.74,2026-08-12T02:47:20Z
2026-08-10T13:43:35Z,highest-temperature-in-moscow-on-august-11-2026,moscow,2026-08-11,1,NO,25°C,0.56,17.86,10.0,0.22,44.5,25°C,won,17.86,7.64,2026-08-12T02:47:20Z
2026-08-10T13:43:35Z,highest-temperature-in-istanbul-on-august-11-2026,istanbul,2026-08-11,1,NO,28°C,0.46,21.74,10.0,0.27,54.5,28°C,won,21.74,11.47,2026-08-12T02:47:20Z
2026-08-10T13:43:35Z,highest-temperature-in-busan-on-august-11-2026,busan,2026-08-11,1,NO,30°C,0.54,18.52,10.0,0.23,47.0,30°C,won,18.52,8.29,2026-08-12T02:47:20Z
2026-08-10T13:43:35Z,highest-temperature-in-amsterdam-on-august-11-2026,amsterdam,2026-08-11,1,NO,22°C,0.52,19.23,10.0,0.24,48.5,22°C,lost,0.0,-10.24,2026-08-12T02:47:20Z
2026-08-10T13:43:35Z,highest-temperature-in-helsinki-on-august-11-2026,helsinki,2026-08-11,1,NO,19°C,0.55,18.18,10.0,0.225,45.5,19°C,won,18.18,7.96,2026-08-12T02:47:20Z
2026-08-10T13:43:35Z,highest-temperature-in-kuala-lumpur-on-august-11-2026,kuala-lumpur,2026-08-11,1,NO,33°C,0.55,18.18,10.0,0.225,45.5,33°C,won,18.18,7.96,2026-08-12T02:47:20Z
2026-08-10T13:43:35Z,highest-temperature-in-jeddah-on-august-11-2026,jeddah,2026-08-11,1,NO,40°C,0.63,15.87,10.0,0.185,38.0,40°C,lost,0.0,-10.19,2026-08-12T02:47:20Z
2026-08-10T13:43:35Z,highest-temperature-in-cape-town-on-august-11-2026,cape-town,2026-08-11,1,NO,19°C,0.46,21.74,10.0,0.27,54.5,19°C,won,21.74,11.47,2026-08-12T02:47:20Z
2026-08-10T13:43:35Z,highest-temperature-in-guangzhou-on-august-11-2026,guangzhou,2026-08-11,1,NO,37°C,0.54,18.52,10.0,0.23,46.5,37°C,lost,0.0,-10.23,2026-08-12T02:47:20Z
2026-08-11T02:31:09Z,highest-temperature-in-beijing-on-august-11-2026,beijing,2026-08-11,0,NO,33°C,0.65,15.38,10.0,0.1749,36.5,33°C,lost,0.0,-10.17,2026-08-12T02:47:20Z
2026-08-11T02:31:09Z,highest-temperature-in-qingdao-on-august-11-2026,qingdao,2026-08-11,0,NO,31°C,0.56,17.86,10.0,0.22,44.5,31°C,lost,0.0,-10.22,2026-08-12T02:47:20Z
2026-08-11T02:31:09Z,highest-temperature-in-karachi-on-august-11-2026,karachi,2026-08-11,0,NO,32°C,0.55,18.18,10.0,0.225,46.0,32°C,lost,0.0,-10.22,2026-08-12T02:47:20Z
2026-08-11T02:31:09Z,highest-temperature-in-manila-on-august-11-2026,manila,2026-08-11,0,NO,31°C,0.57,17.54,10.0,0.215,47.5,31°C,lost,0.0,-10.21,2026-08-12T02:47:20Z
2026-08-11T02:31:09Z,highest-temperature-in-lucknow-on-august-11-2026,lucknow,2026-08-11,0,NO,34°C,0.62,16.13,10.0,0.19,40.0,34°C,lost,0.0,-10.19,2026-08-12T02:47:20Z
2026-08-11T02:31:09Z,highest-temperature-in-sao-paulo-on-august-11-2026,sao-paulo,2026-08-11,1,NO,17°C,0.55,18.18,10.0,0.225,45.5,17°C,won,18.18,7.96,2026-08-12T13:45:14Z
2026-08-11T02:31:09Z,highest-temperature-in-buenos-aires-on-august-11-2026,buenos-aires,2026-08-11,1,NO,12°C,0.51,19.61,10.0,0.245,50.0,12°C,lost,0.0,-10.24,2026-08-12T13:45:14Z
2026-08-11T02:31:09Z,highest-temperature-in-toronto-on-august-11-2026,toronto,2026-08-11,1,NO,28°C,0.46,21.74,10.0,0.27,54.5,28°C,won,21.74,11.47,2026-08-12T13:45:14Z
2026-08-11T02:31:09Z,highest-temperature-in-seattle-on-august-11-2026,seattle,2026-08-11,1,NO,78-79°F,0.55,18.18,10.0,0.225,46.0,78-79°F,lost,0.0,-10.22,2026-08-12T13:45:14Z
2026-08-11T02:31:09Z,highest-temperature-in-nyc-on-august-11-2026,nyc,2026-08-11,1,NO,88-89°F,0.56,17.86,10.0,0.22,44.5,88-89°F,won,17.86,7.64,2026-08-12T13:45:14Z
2026-08-11T02:31:09Z,highest-temperature-in-dallas-on-august-11-2026,dallas,2026-08-11,1,NO,100-101°F,0.51,19.61,10.0,0.245,49.5,100-101°F,won,19.61,9.37,2026-08-12T13:45:14Z
2026-08-11T02:31:09Z,highest-temperature-in-atlanta-on-august-11-2026,atlanta,2026-08-11,1,NO,92-93°F,0.56,17.86,10.0,0.22,45.0,92-93°F,lost,0.0,-10.22,2026-08-12T13:45:14Z
2026-08-11T02:31:09Z,highest-temperature-in-miami-on-august-11-2026,miami,2026-08-11,1,NO,92-93°F,0.32,31.25,10.0,0.34,69.0,92-93°F,lost,0.0,-10.34,2026-08-12T13:45:14Z
2026-08-11T02:31:09Z,highest-temperature-in-chicago-on-august-11-2026,chicago,2026-08-11,1,NO,80-81°F,0.65,15.38,10.0,0.1749,35.5,80-81°F,lost,0.0,-10.17,2026-08-12T13:45:14Z
2026-08-11T02:31:09Z,highest-temperature-in-austin-on-august-11-2026,austin,2026-08-11,1,NO,98-99°F,0.49,20.41,10.0,0.255,52.0,98-99°F,won,20.41,10.15,2026-08-12T13:45:14Z
2026-08-11T02:31:09Z,highest-temperature-in-denver-on-august-11-2026,denver,2026-08-11,1,NO,96-97°F,0.47,21.28,10.0,0.265,53.5,96-97°F,won,21.28,11.02,2026-08-12T13:45:14Z
2026-08-11T02:31:09Z,highest-temperature-in-houston-on-august-11-2026,houston,2026-08-11,1,NO,94-95°F,0.41,24.39,10.0,0.295,59.5,94-95°F,won,24.39,14.1,2026-08-12T13:45:14Z
2026-08-11T02:31:09Z,highest-temperature-in-los-angeles-on-august-11-2026,los-angeles,2026-08-11,1,NO,78-79°F,0.4,25.0,10.0,0.3,60.5,78-79°F,won,25.0,14.7,2026-08-12T13:45:14Z
2026-08-11T02:31:09Z,highest-temperature-in-san-francisco-on-august-11-2026,san-francisco,2026-08-11,1,NO,70-71°F,0.6,16.67,10.0,0.2,40.5,70-71°F,won,16.67,6.47,2026-08-12T13:45:14Z
2026-08-11T02:31:09Z,highest-temperature-in-mexico-city-on-august-11-2026,mexico-city,2026-08-11,1,NO,25°C,0.5,20.0,10.0,0.25,50.5,25°C,lost,0.0,-10.25,2026-08-12T13:45:14Z
2026-08-11T13:42:08Z,highest-temperature-in-panama-city-on-august-11-2026,panama-city,2026-08-11,1,NO,34°C,0.54,18.52,10.0,0.23,47.0,34°C,won,18.52,8.29,2026-08-12T13:45:14Z
2026-08-11T13:42:08Z,highest-temperature-in-london-on-august-12-2026,london,2026-08-12,1,NO,31°C,0.61,16.39,10.0,0.195,39.5,31°C,won,16.39,6.2,2026-08-13T02:48:38Z
2026-08-11T13:42:08Z,highest-temperature-in-paris-on-august-12-2026,paris,2026-08-12,1,NO,35°C,0.5,20.0,10.0,0.25,50.5,35°C,lost,0.0,-10.25,2026-08-13T02:48:38Z
2026-08-11T13:42:08Z,highest-temperature-in-seoul-on-august-12-2026,seoul,2026-08-12,1,NO,32°C,0.67,14.93,10.0,0.1651,34.0,32°C,lost,0.0,-10.17,2026-08-13T02:48:38Z
2026-08-11T13:42:08Z,highest-temperature-in-ankara-on-august-12-2026,ankara,2026-08-12,1,NO,32°C,0.45,22.22,10.0,0.275,55.5,32°C,lost,0.0,-10.28,2026-08-13T02:48:38Z
2026-08-11T13:42:08Z,highest-temperature-in-wellington-on-august-12-2026,wellington,2026-08-12,1,NO,14°C,0.46,21.74,10.0,0.27,54.5,14°C,lost,0.0,-10.27,2026-08-13T02:48:38Z
2026-08-11T13:42:08Z,highest-temperature-in-munich-on-august-12-2026,munich,2026-08-12,1,NO,30°C,0.53,18.87,10.0,0.235,48.0,30°C,lost,0.0,-10.23,2026-08-13T02:48:38Z
2026-08-11T13:42:08Z,highest-temperature-in-tel-aviv-on-august-12-2026,tel-aviv,2026-08-12,1,NO,34°C,0.54,18.52,10.0,0.23,46.5,34°C,won,18.52,8.29,2026-08-13T02:48:38Z
2026-08-11T13:42:08Z,highest-temperature-in-tokyo-on-august-12-2026,tokyo,2026-08-12,1,NO,27°C,0.65,15.38,10.0,0.1749,36.5,27°C,won,15.38,5.21,2026-08-13T02:48:38Z
2026-08-11T13:42:08Z,highest-temperature-in-hong-kong-on-august-12-2026,hong-kong,2026-08-12,1,NO,33°C,0.64,15.62,10.0,0.1799,36.5,33°C,won,15.62,5.44,2026-08-13T13:45:57Z
2026-08-11T13:42:08Z,highest-temperature-in-shanghai-on-august-12-2026,shanghai,2026-08-12,1,NO,29°C,0.53,18.87,10.0,0.235,47.5,29°C,won,18.87,8.64,2026-08-13T02:48:38Z
2026-08-11T13:42:08Z,highest-temperature-in-singapore-on-august-12-2026,singapore,2026-08-12,1,NO,32°C,0.42,23.81,10.0,0.29,58.5,32°C,lost,0.0,-10.29,2026-08-13T02:48:38Z
2026-08-11T13:42:08Z,highest-temperature-in-milan-on-august-12-2026,milan,2026-08-12,1,NO,35°C,0.56,17.86,10.0,0.22,44.5,35°C,won,17.86,7.64,2026-08-13T02:48:38Z
2026-08-11T13:42:08Z,highest-temperature-in-madrid-on-august-12-2026,madrid,2026-08-12,1,NO,39°C,0.44,22.73,10.0,0.28,57.5,39°C,won,22.73,12.45,2026-08-13T02:48:38Z
2026-08-11T13:42:08Z,highest-temperature-in-warsaw-on-august-12-2026,warsaw,2026-08-12,1,NO,23°C,0.54,18.52,10.0,0.23,47.0,23°C,won,18.52,8.29,2026-08-13T02:48:38Z
2026-08-11T13:42:08Z,highest-temperature-in-taipei-on-august-12-2026,taipei,2026-08-12,1,NO,36°C,0.55,18.18,10.0,0.225,46.0,36°C,lost,0.0,-10.22,2026-08-13T02:48:38Z
2026-08-11T13:42:08Z,highest-temperature-in-chongqing-on-august-12-2026,chongqing,2026-08-12,1,NO,36°C,0.64,15.62,10.0,0.1799,36.5,36°C,lost,0.0,-10.18,2026-08-13T02:48:38Z
2026-08-11T13:42:08Z,highest-temperature-in-beijing-on-august-12-2026,beijing,2026-08-12,1,NO,26°C,0.69,14.49,10.0,0.155,32.5,26°C,won,14.49,4.33,2026-08-13T02:48:38Z
2026-08-12T02:47:20Z,highest-temperature-in-wuhan-on-august-12-2026,wuhan,2026-08-12,0,NO,30°C,0.68,14.71,10.0,0.16,32.5,30°C,won,14.71,4.55,2026-08-13T02:48:38Z
2026-08-12T02:47:20Z,highest-temperature-in-chengdu-on-august-12-2026,chengdu,2026-08-12,0,NO,37°C,0.58,17.24,10.0,0.21,44.0,37°C,won,17.24,7.03,2026-08-13T02:48:38Z
2026-08-12T02:47:20Z,highest-temperature-in-shenzhen-on-august-12-2026,shenzhen,2026-08-12,0,NO,36°C,0.55,18.18,10.0,0.225,45.5,36°C,lost,0.0,-10.22,2026-08-13T02:48:38Z
2026-08-12T02:47:20Z,highest-temperature-in-moscow-on-august-12-2026,moscow,2026-08-12,0,NO,18°C,0.44,22.73,10.0,0.28,57.5,18°C,lost,0.0,-10.28,2026-08-13T02:48:38Z
2026-08-12T02:47:20Z,highest-temperature-in-busan-on-august-12-2026,busan,2026-08-12,0,NO,31°C,0.64,15.62,10.0,0.1799,36.5,31°C,lost,0.0,-10.18,2026-08-13T02:48:38Z
2026-08-12T02:47:20Z,highest-temperature-in-amsterdam-on-august-12-2026,amsterdam,2026-08-12,0,NO,28°C,0.45,22.22,10.0,0.275,55.5,28°C,lost,0.0,-10.28,2026-08-13T02:48:38Z
2026-08-12T02:47:20Z,highest-temperature-in-kuala-lumpur-on-august-12-2026,kuala-lumpur,2026-08-12,0,NO,34°C,0.54,18.52,10.0,0.23,48.0,34°C,lost,0.0,-10.23,2026-08-13T02:48:38Z
2026-08-12T02:47:20Z,highest-temperature-in-jeddah-on-august-12-2026,jeddah,2026-08-12,0,NO,>=41°C,0.59,16.95,10.0,0.205,42.0,>=41°C,won,16.95,6.74,2026-08-13T02:48:38Z
2026-08-12T02:47:20Z,highest-temperature-in-guangzhou-on-august-12-2026,guangzhou,2026-08-12,0,NO,38°C,0.45,22.22,10.0,0.275,56.5,38°C,won,22.22,11.94,2026-08-13T02:48:38Z
2026-08-12T02:47:20Z,highest-temperature-in-qingdao-on-august-12-2026,qingdao,2026-08-12,0,NO,32°C,0.62,16.13,10.0,0.19,42.0,32°C,lost,0.0,-10.19,2026-08-13T02:48:38Z
2026-08-12T02:47:20Z,highest-temperature-in-manila-on-august-12-2026,manila,2026-08-12,0,NO,30°C,0.37,27.03,10.0,0.315,64.0,30°C,lost,0.0,-10.31,2026-08-13T02:48:38Z
2026-08-12T02:47:20Z,highest-temperature-in-lucknow-on-august-12-2026,lucknow,2026-08-12,0,NO,35°C,0.52,19.23,10.0,0.24,48.5,35°C,lost,0.0,-10.24,2026-08-13T02:48:38Z
2026-08-12T02:47:20Z,highest-temperature-in-cape-town-on-august-12-2026,cape-town,2026-08-12,0,NO,22°C,0.55,18.18,10.0,0.225,45.5,22°C,won,18.18,7.96,2026-08-13T02:48:38Z
2026-08-12T02:47:20Z,highest-temperature-in-karachi-on-august-12-2026,karachi,2026-08-12,0,NO,33°C,0.5,20.0,10.0,0.25,50.5,33°C,lost,0.0,-10.25,2026-08-13T02:48:38Z
2026-08-12T02:47:20Z,highest-temperature-in-sao-paulo-on-august-12-2026,sao-paulo,2026-08-12,1,NO,24°C,0.56,17.86,10.0,0.22,44.5,24°C,lost,0.0,-10.22,2026-08-13T13:45:57Z
2026-08-12T02:47:20Z,highest-temperature-in-buenos-aires-on-august-12-2026,buenos-aires,2026-08-12,1,NO,12°C,0.61,16.39,10.0,0.195,40.0,12°C,lost,0.0,-10.2,2026-08-13T13:45:57Z
2026-08-12T02:47:20Z,highest-temperature-in-toronto-on-august-12-2026,toronto,2026-08-12,1,NO,26°C,0.69,14.49,10.0,0.155,31.5,26°C,won,14.49,4.33,2026-08-13T13:45:57Z
2026-08-12T02:47:20Z,highest-temperature-in-seattle-on-august-12-2026,seattle,2026-08-12,1,NO,76-77°F,0.58,17.24,10.0,0.21,42.5,76-77°F,won,17.24,7.03,2026-08-13T13:45:57Z
2026-08-12T02:47:20Z,highest-temperature-in-nyc-on-august-12-2026,nyc,2026-08-12,1,NO,86-87°F,0.49,20.41,10.0,0.255,51.5,86-87°F,lost,0.0,-10.26,2026-08-13T13:45:57Z
2026-08-12T02:47:20Z,highest-temperature-in-dallas-on-august-12-2026,dallas,2026-08-12,1,NO,100-101°F,0.33,30.3,10.0,0.335,67.5,100-101°F,lost,0.0,-10.34,2026-08-13T13:45:57Z
2026-08-12T02:47:20Z,highest-temperature-in-atlanta-on-august-12-2026,atlanta,2026-08-12,1,NO,92-93°F,0.55,18.18,10.0,0.225,45.5,92-93°F,lost,0.0,-10.22,2026-08-13T13:45:57Z
2026-08-12T02:47:20Z,highest-temperature-in-miami-on-august-12-2026,miami,2026-08-12,1,NO,92-93°F,0.42,23.81,10.0,0.29,58.5,92-93°F,lost,0.0,-10.29,2026-08-13T13:45:57Z
2026-08-12T02:47:20Z,highest-temperature-in-chicago-on-august-12-2026,chicago,2026-08-12,1,NO,82-83°F,0.67,14.93,10.0,0.1651,34.0,82-83°F,lost,0.0,-10.17,2026-08-13T13:45:57Z
2026-08-12T02:47:20Z,highest-temperature-in-austin-on-august-12-2026,austin,2026-08-12,1,NO,100-101°F,0.37,27.03,10.0,0.315,63.5,100-101°F,lost,0.0,-10.31,2026-08-13T13:45:57Z
2026-08-12T02:47:20Z,highest-temperature-in-denver-on-august-12-2026,denver,2026-08-12,1,NO,92-93°F,0.64,15.62,10.0,0.1799,36.5,92-93°F,lost,0.0,-10.18,2026-08-13T13:45:57Z
2026-08-12T02:47:20Z,highest-temperature-in-houston-on-august-12-2026,houston,2026-08-12,1,NO,94-95°F,0.52,19.23,10.0,0.24,48.5,94-95°F,lost,0.0,-10.24,2026-08-13T13:45:57Z
2026-08-12T02:47:20Z,highest-temperature-in-los-angeles-on-august-12-2026,los-angeles,2026-08-12,1,NO,76-77°F,0.46,21.74,10.0,0.27,55.0,76-77°F,lost,0.0,-10.27,2026-08-13T13:45:57Z
2026-08-12T02:47:20Z,highest-temperature-in-san-francisco-on-august-12-2026,san-francisco,2026-08-12,1,NO,70-71°F,0.58,17.24,10.0,0.21,43.5,70-71°F,won,17.24,7.03,2026-08-13T13:45:57Z
2026-08-12T02:47:20Z,highest-temperature-in-mexico-city-on-august-12-2026,mexico-city,2026-08-12,1,NO,26°C,0.58,17.24,10.0,0.21,42.5,26°C,won,17.24,7.03,2026-08-13T13:45:57Z
2026-08-12T02:47:20Z,highest-temperature-in-panama-city-on-august-12-2026,panama-city,2026-08-12,1,NO,33°C,0.61,16.39,10.0,0.195,39.5,33°C,lost,0.0,-10.2,2026-08-13T13:45:57Z
2026-08-12T02:47:20Z,highest-temperature-in-seoul-on-august-13-2026,seoul,2026-08-13,1,NO,32°C,0.66,15.15,10.0,0.17,35.0,32°C,won,15.15,4.98,2026-08-14T02:47:26Z
2026-08-12T02:47:20Z,highest-temperature-in-wellington-on-august-13-2026,wellington,2026-08-13,1,NO,15°C,0.48,20.83,10.0,0.26,52.5,15°C,lost,0.0,-10.26,2026-08-14T02:47:26Z
2026-08-12T13:45:14Z,highest-temperature-in-tokyo-on-august-13-2026,tokyo,2026-08-13,1,NO,28°C,0.68,14.71,10.0,0.16,33.0,28°C,lost,0.0,-10.16,2026-08-14T02:47:26Z
2026-08-12T13:45:14Z,highest-temperature-in-hong-kong-on-august-13-2026,hong-kong,2026-08-13,1,NO,33°C,0.6,16.67,10.0,0.2,41.0,33°C,lost,0.0,-10.2,2026-08-14T13:41:23Z
2026-08-12T13:45:14Z,highest-temperature-in-shanghai-on-august-13-2026,shanghai,2026-08-13,1,NO,29°C,0.53,18.87,10.0,0.235,47.5,29°C,lost,0.0,-10.23,2026-08-14T02:47:26Z
2026-08-12T13:45:14Z,highest-temperature-in-singapore-on-august-13-2026,singapore,2026-08-13,1,NO,32°C,0.38,26.32,10.0,0.31,62.5,32°C,lost,0.0,-10.31,2026-08-14T02:47:26Z
2026-08-12T13:45:14Z,highest-temperature-in-taipei-on-august-13-2026,taipei,2026-08-13,1,NO,36°C,0.59,16.95,10.0,0.205,42.0,36°C,lost,0.0,-10.21,2026-08-14T02:47:26Z
2026-08-12T13:45:14Z,highest-temperature-in-chongqing-on-august-13-2026,chongqing,2026-08-13,1,NO,36°C,0.65,15.38,10.0,0.1749,35.5,36°C,lost,0.0,-10.17,2026-08-14T02:47:26Z
2026-08-12T13:45:14Z,highest-temperature-in-wuhan-on-august-13-2026,wuhan,2026-08-13,1,NO,28°C,0.67,14.93,10.0,0.1651,34.0,28°C,won,14.93,4.76,2026-08-14T02:47:26Z
2026-08-12T13:45:14Z,highest-temperature-in-chengdu-on-august-13-2026,chengdu,2026-08-13,1,NO,37°C,0.55,18.18,10.0,0.225,45.5,37°C,won,18.18,7.96,2026-08-14T02:47:26Z
2026-08-12T13:45:14Z,highest-temperature-in-shenzhen-on-august-13-2026,shenzhen,2026-08-13,1,NO,34°C,0.58,17.24,10.0,0.21,43.0,34°C,won,17.24,7.03,2026-08-14T02:47:26Z
2026-08-12T13:45:14Z,highest-temperature-in-busan-on-august-13-2026,busan,2026-08-13,1,NO,32°C,0.64,15.62,10.0,0.1799,36.5,32°C,lost,0.0,-10.18,2026-08-14T02:47:26Z
2026-08-12T13:45:14Z,highest-temperature-in-kuala-lumpur-on-august-13-2026,kuala-lumpur,2026-08-13,1,NO,33°C,0.53,18.87,10.0,0.235,48.0,33°C,lost,0.0,-10.23,2026-08-14T02:47:26Z
2026-08-12T13:45:14Z,highest-temperature-in-guangzhou-on-august-13-2026,guangzhou,2026-08-13,1,NO,36°C,0.57,17.54,10.0,0.215,44.0,36°C,won,17.54,7.32,2026-08-14T02:47:26Z
2026-08-12T13:45:14Z,highest-temperature-in-qingdao-on-august-13-2026,qingdao,2026-08-13,1,NO,30°C,0.64,15.62,10.0,0.1799,36.5,30°C,won,15.62,5.44,2026-08-14T02:47:26Z
2026-08-12T13:45:14Z,highest-temperature-in-manila-on-august-13-2026,manila,2026-08-13,1,NO,30°C,0.6,16.67,10.0,0.2,40.5,30°C,won,16.67,6.47,2026-08-14T02:47:26Z
2026-08-12T13:45:14Z,highest-temperature-in-london-on-august-13-2026,london,2026-08-13,1,NO,36°C,0.59,16.95,10.0,0.205,41.5,36°C,won,16.95,6.74,2026-08-14T02:47:26Z
2026-08-12T13:45:14Z,highest-temperature-in-paris-on-august-13-2026,paris,2026-08-13,1,NO,38°C,0.33,30.3,10.0,0.335,68.0,38°C,lost,0.0,-10.34,2026-08-14T02:47:26Z
2026-08-12T13:45:14Z,highest-temperature-in-ankara-on-august-13-2026,ankara,2026-08-13,1,NO,31°C,0.52,19.23,10.0,0.24,48.5,31°C,won,19.23,8.99,2026-08-14T02:47:26Z
2026-08-12T13:45:14Z,highest-temperature-in-lucknow-on-august-13-2026,lucknow,2026-08-13,1,NO,35°C,0.61,16.39,10.0,0.195,39.5,35°C,lost,0.0,-10.2,2026-08-14T02:47:26Z
2026-08-12T13:45:14Z,highest-temperature-in-munich-on-august-13-2026,munich,2026-08-13,1,NO,31°C,0.56,17.86,10.0,0.22,44.5,31°C,lost,0.0,-10.22,2026-08-14T02:47:26Z
2026-08-12T13:45:14Z,highest-temperature-in-tel-aviv-on-august-13-2026,tel-aviv,2026-08-13,1,NO,33°C,0.42,23.81,10.0,0.29,59.0,33°C,won,23.81,13.52,2026-08-14T02:47:26Z
2026-08-12T13:45:14Z,highest-temperature-in-milan-on-august-13-2026,milan,2026-08-13,1,NO,35°C,0.49,20.41,10.0,0.255,52.0,35°C,lost,0.0,-10.26,2026-08-14T02:47:26Z
2026-08-12T13:45:14Z,highest-temperature-in-madrid-on-august-13-2026,madrid,2026-08-13,1,NO,39°C,0.42,23.81,10.0,0.29,58.5,39°C,won,23.81,13.52,2026-08-14T02:47:26Z
2026-08-13T02:48:38Z,highest-temperature-in-beijing-on-august-13-2026,beijing,2026-08-13,0,NO,30°C,0.65,15.38,10.0,0.1749,39.0,30°C,lost,0.0,-10.17,2026-08-14T02:47:26Z
2026-08-13T02:48:38Z,highest-temperature-in-warsaw-on-august-13-2026,warsaw,2026-08-13,0,NO,23°C,0.56,17.86,10.0,0.22,44.5,23°C,lost,0.0,-10.22,2026-08-14T02:47:26Z
2026-08-13T02:48:38Z,highest-temperature-in-moscow-on-august-13-2026,moscow,2026-08-13,0,NO,16°C,0.49,20.41,10.0,0.255,52.0,16°C,won,20.41,10.15,2026-08-14T02:47:26Z
2026-08-13T02:48:38Z,highest-temperature-in-istanbul-on-august-13-2026,istanbul,2026-08-13,0,NO,28°C,0.49,20.41,10.0,0.255,51.5,28°C,won,20.41,10.15,2026-08-14T02:47:26Z
2026-08-13T02:48:38Z,highest-temperature-in-amsterdam-on-august-13-2026,amsterdam,2026-08-13,0,NO,33°C,0.49,20.41,10.0,0.255,52.5,33°C,lost,0.0,-10.26,2026-08-14T02:47:26Z
2026-08-13T02:48:38Z,highest-temperature-in-helsinki-on-august-13-2026,helsinki,2026-08-13,0,NO,20°C,0.36,27.78,10.0,0.32,65.0,20°C,won,27.78,17.46,2026-08-14T02:47:26Z
2026-08-13T02:48:38Z,highest-temperature-in-cape-town-on-august-13-2026,cape-town,2026-08-13,0,NO,27°C,0.58,17.24,10.0,0.21,42.5,27°C,won,17.24,7.03,2026-08-14T02:47:26Z
2026-08-13T02:48:38Z,highest-temperature-in-karachi-on-august-13-2026,karachi,2026-08-13,0,NO,33°C,0.46,21.74,10.0,0.27,54.5,33°C,lost,0.0,-10.27,2026-08-14T02:47:26Z
2026-08-13T02:48:38Z,highest-temperature-in-sao-paulo-on-august-13-2026,sao-paulo,2026-08-13,1,NO,30°C,0.5,20.0,10.0,0.25,50.5,30°C,lost,0.0,-10.25,2026-08-14T13:41:23Z
2026-08-13T02:48:38Z,highest-temperature-in-buenos-aires-on-august-13-2026,buenos-aires,2026-08-13,1,NO,11°C,0.47,21.28,10.0,0.265,53.5,11°C,won,21.28,11.02,2026-08-14T13:41:23Z
2026-08-13T02:48:38Z,highest-temperature-in-toronto-on-august-13-2026,toronto,2026-08-13,1,NO,28°C,0.64,15.62,10.0,0.1799,36.5,28°C,lost,0.0,-10.18,2026-08-14T13:41:23Z
2026-08-13T02:48:38Z,highest-temperature-in-seattle-on-august-13-2026,seattle,2026-08-13,1,NO,80-81°F,0.58,17.24,10.0,0.21,42.5,80-81°F,lost,0.0,-10.21,2026-08-14T13:41:23Z
2026-08-13T02:48:38Z,highest-temperature-in-nyc-on-august-13-2026,nyc,2026-08-13,1,NO,86-87°F,0.52,19.23,10.0,0.24,48.5,86-87°F,lost,0.0,-10.24,2026-08-14T13:41:23Z
2026-08-13T02:48:38Z,highest-temperature-in-dallas-on-august-13-2026,dallas,2026-08-13,1,NO,100-101°F,0.33,30.3,10.0,0.335,67.5,100-101°F,lost,0.0,-10.34,2026-08-14T13:41:23Z
2026-08-13T02:48:38Z,highest-temperature-in-atlanta-on-august-13-2026,atlanta,2026-08-13,1,NO,94-95°F,0.53,18.87,10.0,0.235,48.0,94-95°F,lost,0.0,-10.23,2026-08-14T13:41:23Z
2026-08-13T02:48:38Z,highest-temperature-in-chicago-on-august-13-2026,chicago,2026-08-13,1,NO,78-79°F,0.67,14.93,10.0,0.1651,33.5,78-79°F,lost,0.0,-10.17,2026-08-14T13:41:23Z
2026-08-13T02:48:38Z,highest-temperature-in-austin-on-august-13-2026,austin,2026-08-13,1,NO,100-101°F,0.44,22.73,10.0,0.28,56.5,100-101°F,won,22.73,12.45,2026-08-14T13:41:23Z
2026-08-13T02:48:38Z,highest-temperature-in-denver-on-august-13-2026,denver,2026-08-13,1,NO,80-81°F,0.67,14.93,10.0,0.1651,33.5,80-81°F,lost,0.0,-10.17,2026-08-14T13:41:23Z
2026-08-13T02:48:38Z,highest-temperature-in-houston-on-august-13-2026,houston,2026-08-13,1,NO,94-95°F,0.56,17.86,10.0,0.22,44.5,94-95°F,lost,0.0,-10.22,2026-08-14T13:41:23Z
2026-08-13T02:48:38Z,highest-temperature-in-los-angeles-on-august-13-2026,los-angeles,2026-08-13,1,NO,76-77°F,0.43,23.26,10.0,0.2851,57.5,76-77°F,lost,0.0,-10.29,2026-08-14T13:41:23Z
2026-08-13T02:48:38Z,highest-temperature-in-san-francisco-on-august-13-2026,san-francisco,2026-08-13,1,NO,68-69°F,0.64,15.62,10.0,0.1799,36.5,68-69°F,won,15.62,5.44,2026-08-14T13:41:23Z
2026-08-13T02:48:38Z,highest-temperature-in-mexico-city-on-august-13-2026,mexico-city,2026-08-13,1,NO,25°C,0.54,18.52,10.0,0.23,46.5,25°C,won,18.52,8.29,2026-08-14T13:41:23Z
2026-08-13T02:48:38Z,highest-temperature-in-panama-city-on-august-13-2026,panama-city,2026-08-13,1,NO,33°C,0.6,16.67,10.0,0.2,40.5,33°C,won,16.67,6.47,2026-08-14T13:41:23Z
2026-08-13T13:45:57Z,highest-temperature-in-seoul-on-august-14-2026,seoul,2026-08-14,1,NO,31°C,0.62,16.13,10.0,0.19,39.0,31°C,won,16.13,5.94,2026-08-15T01:53:51Z
2026-08-13T13:45:57Z,highest-temperature-in-wellington-on-august-14-2026,wellington,2026-08-14,1,NO,14°C,0.43,23.26,10.0,0.2851,57.5,14°C,won,23.26,12.97,2026-08-15T01:53:51Z
2026-08-13T13:45:57Z,highest-temperature-in-tokyo-on-august-14-2026,tokyo,2026-08-14,1,NO,28°C,0.69,14.49,10.0,0.155,31.5,28°C,won,14.49,4.33,2026-08-15T01:53:51Z
2026-08-13T13:45:57Z,highest-temperature-in-hong-kong-on-august-14-2026,hong-kong,2026-08-14,1,NO,31°C,0.62,16.13,10.0,0.19,38.5,31°C,won,16.13,5.94,2026-08-17T13:07:04Z
2026-08-13T13:45:57Z,highest-temperature-in-shanghai-on-august-14-2026,shanghai,2026-08-14,1,NO,29°C,0.56,17.86,10.0,0.22,44.5,29°C,won,17.86,7.64,2026-08-15T01:53:51Z
2026-08-13T13:45:57Z,highest-temperature-in-singapore-on-august-14-2026,singapore,2026-08-14,1,NO,32°C,0.42,23.81,10.0,0.29,58.5,32°C,won,23.81,13.52,2026-08-15T01:53:51Z
2026-08-13T13:45:57Z,highest-temperature-in-taipei-on-august-14-2026,taipei,2026-08-14,1,NO,36°C,0.62,16.13,10.0,0.19,38.5,36°C,won,16.13,5.94,2026-08-15T01:53:51Z
2026-08-13T13:45:57Z,highest-temperature-in-chongqing-on-august-14-2026,chongqing,2026-08-14,1,NO,34°C,0.63,15.87,10.0,0.185,37.5,34°C,won,15.87,5.68,2026-08-15T01:53:51Z
2026-08-14T02:47:26Z,highest-temperature-in-beijing-on-august-14-2026,beijing,2026-08-14,0,NO,32°C,0.6,16.67,10.0,0.2,44.0,32°C,lost,0.0,-10.2,2026-08-15T01:53:51Z
2026-08-14T02:47:26Z,highest-temperature-in-wuhan-on-august-14-2026,wuhan,2026-08-14,0,NO,30°C,0.57,17.54,10.0,0.215,48.0,30°C,lost,0.0,-10.21,2026-08-15T01:53:51Z
2026-08-14T02:47:26Z,highest-temperature-in-chengdu-on-august-14-2026,chengdu,2026-08-14,0,NO,37°C,0.56,17.86,10.0,0.22,47.5,37°C,lost,0.0,-10.22,2026-08-15T01:53:51Z
2026-08-14T02:47:26Z,highest-temperature-in-shenzhen-on-august-14-2026,shenzhen,2026-08-14,0,NO,30°C,0.43,23.26,10.0,0.2851,57.5,30°C,lost,0.0,-10.29,2026-08-15T01:53:51Z
2026-08-14T02:47:26Z,highest-temperature-in-busan-on-august-14-2026,busan,2026-08-14,0,NO,33°C,0.54,18.52,10.0,0.23,49.0,33°C,won,18.52,8.29,2026-08-15T01:53:51Z
2026-08-14T02:47:26Z,highest-temperature-in-kuala-lumpur-on-august-14-2026,kuala-lumpur,2026-08-14,0,NO,32°C,0.48,20.83,10.0,0.26,54.0,32°C,won,20.83,10.57,2026-08-15T01:53:51Z
2026-08-14T02:47:26Z,highest-temperature-in-guangzhou-on-august-14-2026,guangzhou,2026-08-14,0,NO,32°C,0.64,15.62,10.0,0.1799,37.0,32°C,won,15.62,5.44,2026-08-15T01:53:51Z
2026-08-14T02:47:26Z,highest-temperature-in-qingdao-on-august-14-2026,qingdao,2026-08-14,0,NO,31°C,0.65,15.38,10.0,0.1749,38.5,31°C,won,15.38,5.21,2026-08-15T01:53:51Z
2026-08-14T02:47:26Z,highest-temperature-in-london-on-august-14-2026,london,2026-08-14,0,NO,33°C,0.46,21.74,10.0,0.27,54.5,33°C,won,21.74,11.47,2026-08-15T01:53:51Z
2026-08-14T02:47:26Z,highest-temperature-in-paris-on-august-14-2026,paris,2026-08-14,0,NO,38°C,0.5,20.0,10.0,0.25,51.5,38°C,won,20.0,9.75,2026-08-15T01:53:51Z
2026-08-14T02:47:26Z,highest-temperature-in-ankara-on-august-14-2026,ankara,2026-08-14,0,NO,28°C,0.31,32.26,10.0,0.345,69.5,28°C,won,32.26,21.91,2026-08-15T01:53:51Z
2026-08-14T02:47:26Z,highest-temperature-in-lucknow-on-august-14-2026,lucknow,2026-08-14,0,NO,32°C,0.67,14.93,10.0,0.1651,35.0,32°C,won,14.93,4.76,2026-08-15T01:53:51Z
2026-08-14T02:47:26Z,highest-temperature-in-munich-on-august-14-2026,munich,2026-08-14,0,NO,33°C,0.48,20.83,10.0,0.26,52.5,33°C,lost,0.0,-10.26,2026-08-15T01:53:51Z
2026-08-14T02:47:26Z,highest-temperature-in-milan-on-august-14-2026,milan,2026-08-14,0,NO,35°C,0.49,20.41,10.0,0.255,53.0,35°C,won,20.41,10.15,2026-08-15T01:53:51Z
2026-08-14T02:47:26Z,highest-temperature-in-madrid-on-august-14-2026,madrid,2026-08-14,0,NO,38°C,0.33,30.3,10.0,0.335,67.5,38°C,won,30.3,19.96,2026-08-15T01:53:51Z
2026-08-14T02:47:26Z,highest-temperature-in-warsaw-on-august-14-2026,warsaw,2026-08-14,0,NO,26°C,0.38,26.32,10.0,0.31,62.5,26°C,lost,0.0,-10.31,2026-08-15T01:53:51Z
2026-08-14T02:47:26Z,highest-temperature-in-moscow-on-august-14-2026,moscow,2026-08-14,0,NO,18°C,0.32,31.25,10.0,0.34,69.0,18°C,lost,0.0,-10.34,2026-08-15T01:53:51Z
2026-08-14T02:47:26Z,highest-temperature-in-istanbul-on-august-14-2026,istanbul,2026-08-14,0,NO,26°C,0.34,29.41,10.0,0.33,66.5,26°C,won,29.41,19.08,2026-08-15T01:53:51Z
2026-08-14T02:47:26Z,highest-temperature-in-amsterdam-on-august-14-2026,amsterdam,2026-08-14,0,NO,34°C,0.41,24.39,10.0,0.295,60.5,34°C,lost,0.0,-10.29,2026-08-15T01:53:51Z
2026-08-14T02:47:26Z,highest-temperature-in-jeddah-on-august-14-2026,jeddah,2026-08-14,0,NO,39°C,0.64,15.62,10.0,0.1799,38.0,39°C,lost,0.0,-10.18,2026-08-15T01:53:51Z
2026-08-14T02:47:26Z,highest-temperature-in-cape-town-on-august-14-2026,cape-town,2026-08-14,0,NO,18°C,0.65,15.38,10.0,0.1749,36.5,18°C,won,15.38,5.21,2026-08-15T01:53:51Z
2026-08-14T02:47:26Z,highest-temperature-in-karachi-on-august-14-2026,karachi,2026-08-14,0,NO,32°C,0.33,30.3,10.0,0.335,68.5,32°C,lost,0.0,-10.34,2026-08-15T01:53:51Z
2026-08-14T02:47:26Z,highest-temperature-in-sao-paulo-on-august-14-2026,sao-paulo,2026-08-14,1,NO,25°C,0.62,16.13,10.0,0.19,38.5,25°C,won,16.13,5.94,2026-08-15T12:56:57Z
2026-08-14T02:47:26Z,highest-temperature-in-buenos-aires-on-august-14-2026,buenos-aires,2026-08-14,1,NO,14°C,0.47,21.28,10.0,0.265,55.0,14°C,lost,0.0,-10.27,2026-08-15T12:56:57Z
2026-08-14T02:47:26Z,highest-temperature-in-toronto-on-august-14-2026,toronto,2026-08-14,1,NO,27°C,0.56,17.86,10.0,0.22,44.5,27°C,lost,0.0,-10.22,2026-08-15T12:56:57Z
2026-08-14T02:47:26Z,highest-temperature-in-seattle-on-august-14-2026,seattle,2026-08-14,1,NO,80-81°F,0.69,14.49,10.0,0.155,31.5,80-81°F,won,14.49,4.33,2026-08-15T12:56:57Z
2026-08-14T02:47:26Z,highest-temperature-in-nyc-on-august-14-2026,nyc,2026-08-14,1,NO,86-87°F,0.49,20.41,10.0,0.255,51.5,86-87°F,lost,0.0,-10.26,2026-08-15T12:56:57Z
2026-08-14T13:41:23Z,highest-temperature-in-dallas-on-august-14-2026,dallas,2026-08-14,1,NO,100-101°F,0.41,24.39,10.0,0.295,60.0,100-101°F,lost,0.0,-10.29,2026-08-15T12:56:57Z
2026-08-14T13:41:23Z,highest-temperature-in-atlanta-on-august-14-2026,atlanta,2026-08-14,1,NO,94-95°F,0.55,18.18,10.0,0.225,46.0,94-95°F,lost,0.0,-10.22,2026-08-15T12:56:57Z
2026-08-14T13:41:23Z,highest-temperature-in-miami-on-august-14-2026,miami,2026-08-14,1,NO,92-93°F,0.32,31.25,10.0,0.34,69.0,92-93°F,won,31.25,20.91,2026-08-15T12:56:57Z
2026-08-14T13:41:23Z,highest-temperature-in-chicago-on-august-14-2026,chicago,2026-08-14,1,NO,80-81°F,0.63,15.87,10.0,0.185,37.5,80-81°F,lost,0.0,-10.19,2026-08-15T12:56:57Z
2026-08-14T13:41:23Z,highest-temperature-in-austin-on-august-14-2026,austin,2026-08-14,1,NO,98-99°F,0.52,19.23,10.0,0.24,49.0,98-99°F,won,19.23,8.99,2026-08-15T12:56:57Z
2026-08-14T13:41:23Z,highest-temperature-in-denver-on-august-14-2026,denver,2026-08-14,1,NO,84-85°F,0.66,15.15,10.0,0.17,34.5,84-85°F,won,15.15,4.98,2026-08-15T12:56:57Z
2026-08-14T13:41:23Z,highest-temperature-in-houston-on-august-14-2026,houston,2026-08-14,1,NO,92-93°F,0.52,19.23,10.0,0.24,48.5,92-93°F,lost,0.0,-10.24,2026-08-15T12:56:57Z
2026-08-14T13:41:23Z,highest-temperature-in-los-angeles-on-august-14-2026,los-angeles,2026-08-14,1,NO,76-77°F,0.47,21.28,10.0,0.265,53.5,76-77°F,won,21.28,11.02,2026-08-15T12:56:57Z
2026-08-14T13:41:23Z,highest-temperature-in-san-francisco-on-august-14-2026,san-francisco,2026-08-14,1,NO,68-69°F,0.57,17.54,10.0,0.215,44.0,68-69°F,won,17.54,7.32,2026-08-15T12:56:57Z
2026-08-14T13:41:23Z,highest-temperature-in-mexico-city-on-august-14-2026,mexico-city,2026-08-14,1,NO,25°C,0.52,19.23,10.0,0.24,49.0,25°C,won,19.23,8.99,2026-08-15T12:56:57Z
2026-08-15T01:53:51Z,highest-temperature-in-london-on-august-15-2026,london,2026-08-15,0,NO,27°C,0.52,19.23,10.0,0.24,48.5,27°C,won,19.23,8.99,2026-08-16T13:02:07Z
2026-08-15T01:53:51Z,highest-temperature-in-paris-on-august-15-2026,paris,2026-08-15,0,NO,34°C,0.47,21.28,10.0,0.265,54.0,34°C,won,21.28,11.02,2026-08-16T02:01:26Z
2026-08-15T01:53:51Z,highest-temperature-in-seoul-on-august-15-2026,seoul,2026-08-15,0,NO,28°C,0.58,17.24,10.0,0.21,43.5,28°C,lost,0.0,-10.21,2026-08-16T02:01:26Z
2026-08-15T01:53:51Z,highest-temperature-in-ankara-on-august-15-2026,ankara,2026-08-15,0,NO,26°C,0.36,27.78,10.0,0.32,64.5,26°C,lost,0.0,-10.32,2026-08-16T02:01:26Z
2026-08-15T01:53:51Z,highest-temperature-in-lucknow-on-august-15-2026,lucknow,2026-08-15,0,NO,34°C,0.52,19.23,10.0,0.24,48.5,34°C,won,19.23,8.99,2026-08-16T02:01:26Z
2026-08-15T01:53:51Z,highest-temperature-in-munich-on-august-15-2026,munich,2026-08-15,0,NO,35°C,0.42,23.81,10.0,0.29,58.5,35°C,lost,0.0,-10.29,2026-08-16T13:02:07Z
2026-08-15T01:53:51Z,highest-temperature-in-tokyo-on-august-15-2026,tokyo,2026-08-15,0,NO,30°C,0.61,16.39,10.0,0.195,42.0,30°C,won,16.39,6.2,2026-08-16T02:01:26Z
2026-08-15T01:53:51Z,highest-temperature-in-hong-kong-on-august-15-2026,hong-kong,2026-08-15,0,NO,31°C,0.56,17.86,10.0,0.22,45.0,31°C,lost,0.0,-10.22,2026-08-17T13:07:04Z
2026-08-15T01:53:51Z,highest-temperature-in-shanghai-on-august-15-2026,shanghai,2026-08-15,0,NO,30°C,0.42,23.81,10.0,0.29,59.5,30°C,won,23.81,13.52,2026-08-16T02:01:26Z
2026-08-15T01:53:51Z,highest-temperature-in-singapore-on-august-15-2026,singapore,2026-08-15,0,NO,32°C,0.45,22.22,10.0,0.275,56.5,32°C,won,22.22,11.94,2026-08-16T02:01:26Z
2026-08-15T01:53:51Z,highest-temperature-in-milan-on-august-15-2026,milan,2026-08-15,0,NO,34°C,0.39,25.64,10.0,0.305,62.0,34°C,lost,0.0,-10.3,2026-08-16T13:02:07Z
2026-08-15T01:53:51Z,highest-temperature-in-madrid-on-august-15-2026,madrid,2026-08-15,0,NO,34°C,0.65,15.38,10.0,0.1749,35.5,34°C,won,15.38,5.21,2026-08-16T13:02:07Z
2026-08-15T01:53:51Z,highest-temperature-in-warsaw-on-august-15-2026,warsaw,2026-08-15,0,NO,30°C,0.51,19.61,10.0,0.245,49.5,30°C,lost,0.0,-10.24,2026-08-16T13:02:07Z
2026-08-15T01:53:51Z,highest-temperature-in-taipei-on-august-15-2026,taipei,2026-08-15,0,NO,36°C,0.5,20.0,10.0,0.25,52.0,36°C,lost,0.0,-10.25,2026-08-16T02:01:26Z
2026-08-15T01:53:51Z,highest-temperature-in-chongqing-on-august-15-2026,chongqing,2026-08-15,0,NO,36°C,0.59,16.95,10.0,0.205,42.0,36°C,lost,0.0,-10.21,2026-08-16T02:01:26Z
2026-08-15T01:53:51Z,highest-temperature-in-beijing-on-august-15-2026,beijing,2026-08-15,0,NO,29°C,0.7,14.29,10.0,0.15,32.5,29°C,lost,0.0,-10.15,2026-08-16T02:01:26Z
2026-08-15T01:53:51Z,highest-temperature-in-wuhan-on-august-15-2026,wuhan,2026-08-15,0,NO,30°C,0.59,16.95,10.0,0.205,42.5,30°C,won,16.95,6.74,2026-08-16T02:01:26Z
2026-08-15T01:53:51Z,highest-temperature-in-chengdu-on-august-15-2026,chengdu,2026-08-15,0,NO,37°C,0.56,17.86,10.0,0.22,45.5,37°C,lost,0.0,-10.22,2026-08-16T02:01:26Z
2026-08-15T01:53:51Z,highest-temperature-in-shenzhen-on-august-15-2026,shenzhen,2026-08-15,0,NO,32°C,0.73,13.7,10.0,0.135,29.5,32°C,lost,0.0,-10.13,2026-08-16T02:01:26Z
2026-08-15T01:53:51Z,highest-temperature-in-moscow-on-august-15-2026,moscow,2026-08-15,0,NO,20°C,0.53,18.87,10.0,0.235,47.5,20°C,lost,0.0,-10.23,2026-08-16T02:01:26Z
2026-08-15T01:53:51Z,highest-temperature-in-busan-on-august-15-2026,busan,2026-08-15,0,NO,31°C,0.59,16.95,10.0,0.205,43.0,31°C,won,16.95,6.74,2026-08-16T02:01:26Z
2026-08-15T01:53:51Z,highest-temperature-in-amsterdam-on-august-15-2026,amsterdam,2026-08-15,0,NO,26°C,0.61,16.39,10.0,0.195,40.5,26°C,won,16.39,6.2,2026-08-16T02:01:26Z
2026-08-15T01:53:51Z,highest-temperature-in-helsinki-on-august-15-2026,helsinki,2026-08-15,0,NO,23°C,0.48,20.83,10.0,0.26,53.0,23°C,lost,0.0,-10.26,2026-08-16T13:02:07Z
2026-08-15T01:53:51Z,highest-temperature-in-kuala-lumpur-on-august-15-2026,kuala-lumpur,2026-08-15,0,NO,33°C,0.52,19.23,10.0,0.24,48.5,33°C,won,19.23,8.99,2026-08-16T02:01:26Z
2026-08-15T01:53:51Z,highest-temperature-in-cape-town-on-august-15-2026,cape-town,2026-08-15,0,NO,19°C,0.65,15.38,10.0,0.1749,36.0,19°C,won,15.38,5.21,2026-08-16T13:02:07Z
2026-08-15T01:53:51Z,highest-temperature-in-guangzhou-on-august-15-2026,guangzhou,2026-08-15,0,NO,35°C,0.58,17.24,10.0,0.21,45.0,35°C,lost,0.0,-10.21,2026-08-16T02:01:26Z
2026-08-15T01:53:51Z,highest-temperature-in-qingdao-on-august-15-2026,qingdao,2026-08-15,0,NO,31°C,0.67,14.93,10.0,0.1651,36.0,31°C,lost,0.0,-10.17,2026-08-16T02:01:26Z
2026-08-15T01:53:51Z,highest-temperature-in-karachi-on-august-15-2026,karachi,2026-08-15,0,NO,32°C,0.36,27.78,10.0,0.32,65.0,32°C,lost,0.0,-10.32,2026-08-16T13:02:07Z
2026-08-15T01:53:51Z,highest-temperature-in-manila-on-august-15-2026,manila,2026-08-15,0,NO,32°C,0.58,17.24,10.0,0.21,44.0,32°C,won,17.24,7.03,2026-08-16T02:01:26Z
2026-08-15T01:53:51Z,highest-temperature-in-sao-paulo-on-august-15-2026,sao-paulo,2026-08-15,1,NO,25°C,0.71,14.08,10.0,0.145,30.5,25°C,won,14.08,3.94,2026-08-16T13:02:07Z
2026-08-15T01:53:51Z,highest-temperature-in-buenos-aires-on-august-15-2026,buenos-aires,2026-08-15,1,NO,16°C,0.49,20.41,10.0,0.255,51.5,16°C,lost,0.0,-10.26,2026-08-16T13:02:07Z
2026-08-15T01:53:51Z,highest-temperature-in-toronto-on-august-15-2026,toronto,2026-08-15,1,NO,25°C,0.62,16.13,10.0,0.19,38.5,25°C,won,16.13,5.94,2026-08-16T13:02:07Z
2026-08-15T01:53:51Z,highest-temperature-in-seattle-on-august-15-2026,seattle,2026-08-15,1,NO,76-77°F,0.67,14.93,10.0,0.1651,33.5,76-77°F,won,14.93,4.76,2026-08-16T13:02:07Z
2026-08-15T01:53:51Z,highest-temperature-in-nyc-on-august-15-2026,nyc,2026-08-15,1,NO,82-83°F,0.54,18.52,10.0,0.23,46.5,82-83°F,won,18.52,8.29,2026-08-16T13:02:07Z
2026-08-15T01:53:51Z,highest-temperature-in-dallas-on-august-15-2026,dallas,2026-08-15,1,NO,100-101°F,0.45,22.22,10.0,0.275,55.5,100-101°F,lost,0.0,-10.28,2026-08-16T13:02:07Z
2026-08-15T01:53:51Z,highest-temperature-in-atlanta-on-august-15-2026,atlanta,2026-08-15,1,NO,94-95°F,0.58,17.24,10.0,0.21,42.5,94-95°F,lost,0.0,-10.21,2026-08-16T13:02:07Z
2026-08-15T01:53:51Z,highest-temperature-in-miami-on-august-15-2026,miami,2026-08-15,1,NO,92-93°F,0.46,21.74,10.0,0.27,54.5,92-93°F,lost,0.0,-10.27,2026-08-16T13:02:07Z
2026-08-15T12:56:57Z,highest-temperature-in-chicago-on-august-15-2026,chicago,2026-08-15,1,NO,80-81°F,0.53,18.87,10.0,0.235,48.0,80-81°F,won,18.87,8.64,2026-08-16T13:02:07Z
2026-08-15T12:56:57Z,highest-temperature-in-austin-on-august-15-2026,austin,2026-08-15,1,NO,100-101°F,0.46,21.74,10.0,0.27,54.5,100-101°F,won,21.74,11.47,2026-08-16T13:02:07Z
2026-08-15T12:56:57Z,highest-temperature-in-denver-on-august-15-2026,denver,2026-08-15,1,NO,82-83°F,0.66,15.15,10.0,0.17,35.0,82-83°F,lost,0.0,-10.17,2026-08-16T13:02:07Z
2026-08-15T12:56:57Z,highest-temperature-in-houston-on-august-15-2026,houston,2026-08-15,1,NO,96-97°F,0.43,23.26,10.0,0.2851,57.5,96-97°F,lost,0.0,-10.29,2026-08-16T13:02:07Z
2026-08-15T12:56:57Z,highest-temperature-in-los-angeles-on-august-15-2026,los-angeles,2026-08-15,1,NO,76-77°F,0.47,21.28,10.0,0.265,54.0,76-77°F,lost,0.0,-10.27,2026-08-16T13:02:07Z
2026-08-15T12:56:57Z,highest-temperature-in-san-francisco-on-august-15-2026,san-francisco,2026-08-15,1,NO,68-69°F,0.55,18.18,10.0,0.225,46.0,68-69°F,lost,0.0,-10.22,2026-08-16T13:02:07Z
2026-08-15T12:56:57Z,highest-temperature-in-mexico-city-on-august-15-2026,mexico-city,2026-08-15,1,NO,26°C,0.61,16.39,10.0,0.195,41.0,26°C,lost,0.0,-10.2,2026-08-16T13:02:07Z
2026-08-15T12:56:57Z,highest-temperature-in-panama-city-on-august-15-2026,panama-city,2026-08-15,1,NO,31°C,0.59,16.95,10.0,0.205,42.5,31°C,won,16.95,6.74,2026-08-16T13:02:07Z
2026-08-15T12:56:57Z,highest-temperature-in-london-on-august-16-2026,london,2026-08-16,1,NO,26°C,0.59,16.95,10.0,0.205,41.5,26°C,lost,0.0,-10.21,2026-08-17T13:07:04Z
2026-08-15T12:56:57Z,highest-temperature-in-paris-on-august-16-2026,paris,2026-08-16,1,NO,30°C,0.5,20.0,10.0,0.25,51.0,30°C,won,20.0,9.75,2026-08-17T01:58:07Z
2026-08-15T12:56:57Z,highest-temperature-in-seoul-on-august-16-2026,seoul,2026-08-16,1,NO,29°C,0.69,14.49,10.0,0.155,31.5,29°C,won,14.49,4.33,2026-08-17T01:58:07Z
2026-08-15T12:56:57Z,highest-temperature-in-ankara-on-august-16-2026,ankara,2026-08-16,1,NO,27°C,0.49,20.41,10.0,0.255,51.5,27°C,lost,0.0,-10.26,2026-08-17T01:58:07Z
2026-08-15T12:56:57Z,highest-temperature-in-wellington-on-august-16-2026,wellington,2026-08-16,1,NO,10°C,0.35,28.57,10.0,0.325,65.5,10°C,lost,0.0,-10.32,2026-08-17T01:58:07Z
2026-08-15T12:56:57Z,highest-temperature-in-lucknow-on-august-16-2026,lucknow,2026-08-16,1,NO,31°C,0.63,15.87,10.0,0.185,37.5,31°C,lost,0.0,-10.19,2026-08-17T01:58:07Z
2026-08-15T12:56:57Z,highest-temperature-in-tokyo-on-august-16-2026,tokyo,2026-08-16,1,NO,30°C,0.62,16.13,10.0,0.19,38.5,30°C,won,16.13,5.94,2026-08-17T01:58:07Z
2026-08-16T02:01:26Z,highest-temperature-in-munich-on-august-16-2026,munich,2026-08-16,0,NO,31°C,0.59,16.95,10.0,0.205,41.5,31°C,won,16.95,6.74,2026-08-17T01:58:07Z
2026-08-16T02:01:26Z,highest-temperature-in-tel-aviv-on-august-16-2026,tel-aviv,2026-08-16,0,NO,33°C,0.32,31.25,10.0,0.34,69.0,33°C,lost,0.0,-10.34,2026-08-17T01:58:07Z
2026-08-16T02:01:26Z,highest-temperature-in-hong-kong-on-august-16-2026,hong-kong,2026-08-16,0,NO,33°C,0.48,20.83,10.0,0.26,53.5,33°C,lost,0.0,-10.26,2026-08-17T13:07:04Z
2026-08-16T02:01:26Z,highest-temperature-in-shanghai-on-august-16-2026,shanghai,2026-08-16,0,NO,30°C,0.51,19.61,10.0,0.245,54.0,30°C,won,19.61,9.37,2026-08-17T01:58:07Z
2026-08-16T02:01:26Z,highest-temperature-in-singapore-on-august-16-2026,singapore,2026-08-16,0,NO,32°C,0.44,22.73,10.0,0.28,57.0,32°C,lost,0.0,-10.28,2026-08-17T01:58:07Z
2026-08-16T02:01:26Z,highest-temperature-in-milan-on-august-16-2026,milan,2026-08-16,0,NO,34°C,0.5,20.0,10.0,0.25,51.5,34°C,won,20.0,9.75,2026-08-17T13:07:04Z
2026-08-16T02:01:26Z,highest-temperature-in-madrid-on-august-16-2026,madrid,2026-08-16,0,NO,35°C,0.43,23.26,10.0,0.2851,58.5,35°C,lost,0.0,-10.29,2026-08-17T01:58:07Z
2026-08-16T02:01:26Z,highest-temperature-in-warsaw-on-august-16-2026,warsaw,2026-08-16,0,NO,30°C,0.52,19.23,10.0,0.24,48.5,30°C,lost,0.0,-10.24,2026-08-17T01:58:07Z
2026-08-16T02:01:26Z,highest-temperature-in-taipei-on-august-16-2026,taipei,2026-08-16,0,NO,35°C,0.58,17.24,10.0,0.21,46.0,35°C,won,17.24,7.03,2026-08-17T01:58:07Z
2026-08-16T02:01:26Z,highest-temperature-in-chongqing-on-august-16-2026,chongqing,2026-08-16,0,NO,37°C,0.53,18.87,10.0,0.235,48.0,37°C,lost,0.0,-10.23,2026-08-17T01:58:07Z
2026-08-16T02:01:26Z,highest-temperature-in-beijing-on-august-16-2026,beijing,2026-08-16,0,NO,27°C,0.683,14.64,10.0,0.1585,34.4,27°C,won,14.64,4.48,2026-08-17T01:58:07Z
2026-08-16T02:01:26Z,highest-temperature-in-wuhan-on-august-16-2026,wuhan,2026-08-16,0,NO,32°C,0.6,16.67,10.0,0.2,42.0,32°C,lost,0.0,-10.2,2026-08-17T01:58:07Z
2026-08-16T02:01:26Z,highest-temperature-in-shenzhen-on-august-16-2026,shenzhen,2026-08-16,0,NO,33°C,0.52,19.23,10.0,0.24,50.0,33°C,won,19.23,8.99,2026-08-17T01:58:07Z
2026-08-16T02:01:26Z,highest-temperature-in-moscow-on-august-16-2026,moscow,2026-08-16,0,NO,24°C,0.5,20.0,10.0,0.25,51.0,24°C,lost,0.0,-10.25,2026-08-17T01:58:07Z
2026-08-16T02:01:26Z,highest-temperature-in-amsterdam-on-august-16-2026,amsterdam,2026-08-16,0,NO,22°C,0.53,18.87,10.0,0.235,48.5,22°C,won,18.87,8.64,2026-08-17T13:07:04Z
2026-08-16T02:01:26Z,highest-temperature-in-kuala-lumpur-on-august-16-2026,kuala-lumpur,2026-08-16,0,NO,32°C,0.66,15.15,10.0,0.17,36.5,32°C,won,15.15,4.98,2026-08-17T01:58:07Z
2026-08-16T02:01:26Z,highest-temperature-in-jeddah-on-august-16-2026,jeddah,2026-08-16,0,NO,>=41°C,0.33,30.3,10.0,0.335,68.0,>=41°C,won,30.3,19.96,2026-08-17T01:58:07Z
2026-08-16T02:01:26Z,highest-temperature-in-cape-town-on-august-16-2026,cape-town,2026-08-16,0,NO,18°C,0.66,15.15,10.0,0.17,35.5,18°C,won,15.15,4.98,2026-08-17T01:58:07Z
2026-08-16T02:01:26Z,highest-temperature-in-guangzhou-on-august-16-2026,guangzhou,2026-08-16,0,NO,36°C,0.52,19.23,10.0,0.24,50.0,36°C,won,19.23,8.99,2026-08-17T01:58:07Z
2026-08-16T13:02:07Z,highest-temperature-in-qingdao-on-august-16-2026,qingdao,2026-08-16,0,NO,33°C,0.52,19.23,10.0,0.24,50.0,33°C,lost,0.0,-10.24,2026-08-17T01:58:07Z
2026-08-16T13:02:07Z,highest-temperature-in-karachi-on-august-16-2026,karachi,2026-08-16,0,NO,32°C,0.39,25.64,10.0,0.305,61.5,32°C,lost,0.0,-10.3,2026-08-17T01:58:07Z
2026-08-16T13:02:07Z,highest-temperature-in-manila-on-august-16-2026,manila,2026-08-16,0,NO,31°C,0.5,20.0,10.0,0.25,53.5,31°C,won,20.0,9.75,2026-08-17T01:58:07Z
2026-08-16T13:02:07Z,highest-temperature-in-sao-paulo-on-august-16-2026,sao-paulo,2026-08-16,1,NO,28°C,0.6,16.67,10.0,0.2,41.5,28°C,won,16.67,6.47,2026-08-17T13:07:04Z
2026-08-16T13:02:07Z,highest-temperature-in-buenos-aires-on-august-16-2026,buenos-aires,2026-08-16,1,NO,18°C,0.52,19.23,10.0,0.24,49.5,18°C,lost,0.0,-10.24,2026-08-17T13:07:04Z
2026-08-16T13:02:07Z,highest-temperature-in-toronto-on-august-16-2026,toronto,2026-08-16,1,NO,26°C,0.66,15.15,10.0,0.17,35.0,26°C,lost,0.0,-10.17,2026-08-17T13:07:04Z
2026-08-16T13:02:07Z,highest-temperature-in-seattle-on-august-16-2026,seattle,2026-08-16,1,NO,76-77°F,0.71,14.08,10.0,0.145,29.5,76-77°F,won,14.08,3.94,2026-08-17T13:07:04Z
2026-08-16T13:02:07Z,highest-temperature-in-nyc-on-august-16-2026,nyc,2026-08-16,1,NO,80-81°F,0.56,17.86,10.0,0.22,45.5,80-81°F,lost,0.0,-10.22,2026-08-17T13:07:04Z
2026-08-16T13:02:07Z,highest-temperature-in-dallas-on-august-16-2026,dallas,2026-08-16,1,NO,102-103°F,0.39,25.64,10.0,0.305,61.5,102-103°F,lost,0.0,-10.3,2026-08-17T13:07:04Z
2026-08-16T13:02:07Z,highest-temperature-in-atlanta-on-august-16-2026,atlanta,2026-08-16,1,NO,96-97°F,0.41,24.39,10.0,0.295,59.5,96-97°F,won,24.39,14.1,2026-08-17T13:07:04Z
2026-08-16T13:02:07Z,highest-temperature-in-miami-on-august-16-2026,miami,2026-08-16,1,NO,92-93°F,0.46,21.74,10.0,0.27,55.5,92-93°F,lost,0.0,-10.27,2026-08-17T13:07:04Z
2026-08-16T13:02:07Z,highest-temperature-in-chicago-on-august-16-2026,chicago,2026-08-16,1,NO,86-87°F,0.56,17.86,10.0,0.22,45.5,86-87°F,won,17.86,7.64,2026-08-17T13:07:04Z
2026-08-16T13:02:07Z,highest-temperature-in-austin-on-august-16-2026,austin,2026-08-16,1,NO,100-101°F,0.46,21.74,10.0,0.27,55.5,100-101°F,won,21.74,11.47,2026-08-17T13:07:04Z
2026-08-16T13:02:07Z,highest-temperature-in-denver-on-august-16-2026,denver,2026-08-16,1,NO,82-83°F,0.59,16.95,10.0,0.205,42.0,82-83°F,lost,0.0,-10.21,2026-08-17T13:07:04Z
2026-08-16T13:02:07Z,highest-temperature-in-houston-on-august-16-2026,houston,2026-08-16,1,NO,96-97°F,0.47,21.28,10.0,0.265,54.0,96-97°F,won,21.28,11.02,2026-08-17T13:07:04Z
2026-08-16T13:02:07Z,highest-temperature-in-los-angeles-on-august-16-2026,los-angeles,2026-08-16,1,NO,76-77°F,0.4,25.0,10.0,0.3,62.0,76-77°F,lost,0.0,-10.3,2026-08-17T13:07:04Z
2026-08-17T01:58:07Z,highest-temperature-in-london-on-august-17-2026,london,2026-08-17,0,NO,26°C,0.46,21.74,10.0,0.27,54.5,26°C,won,21.74,11.47,2026-08-18T01:55:01Z
2026-08-17T01:58:07Z,highest-temperature-in-paris-on-august-17-2026,paris,2026-08-17,0,NO,29°C,0.5,20.0,10.0,0.25,52.5,29°C,lost,0.0,-10.25,2026-08-18T01:55:01Z
2026-08-17T01:58:07Z,highest-temperature-in-seoul-on-august-17-2026,seoul,2026-08-17,0,NO,29°C,0.65,15.38,10.0,0.1749,42.5,29°C,won,15.38,5.21,2026-08-18T01:55:01Z
2026-08-17T01:58:07Z,highest-temperature-in-ankara-on-august-17-2026,ankara,2026-08-17,0,NO,27°C,0.51,19.61,10.0,0.245,50.0,27°C,lost,0.0,-10.24,2026-08-18T01:55:01Z
2026-08-17T01:58:07Z,highest-temperature-in-lucknow-on-august-17-2026,lucknow,2026-08-17,0,NO,28°C,0.7,14.29,10.0,0.15,31.5,28°C,lost,0.0,-10.15,2026-08-18T01:55:01Z
2026-08-17T01:58:07Z,highest-temperature-in-tel-aviv-on-august-17-2026,tel-aviv,2026-08-17,0,NO,32°C,0.35,28.57,10.0,0.325,66.0,32°C,won,28.57,18.25,2026-08-18T01:55:01Z
2026-08-17T01:58:07Z,highest-temperature-in-tokyo-on-august-17-2026,tokyo,2026-08-17,0,NO,30°C,0.72,13.89,10.0,0.14,31.5,30°C,won,13.89,3.75,2026-08-18T01:55:01Z
2026-08-17T01:58:07Z,highest-temperature-in-hong-kong-on-august-17-2026,hong-kong,2026-08-17,0,NO,33°C,0.5,20.0,10.0,0.25,53.0,33°C,won,20.0,9.75,2026-08-18T13:09:08Z
2026-08-17T01:58:07Z,highest-temperature-in-shanghai-on-august-17-2026,shanghai,2026-08-17,0,NO,31°C,0.45,22.22,10.0,0.275,56.5,31°C,lost,0.0,-10.28,2026-08-18T01:55:01Z
2026-08-17T01:58:07Z,highest-temperature-in-singapore-on-august-17-2026,singapore,2026-08-17,0,NO,32°C,0.44,22.73,10.0,0.28,58.5,32°C,won,22.73,12.45,2026-08-18T01:55:01Z
2026-08-17T01:58:07Z,highest-temperature-in-milan-on-august-17-2026,milan,2026-08-17,0,NO,30°C,0.72,13.89,10.0,0.14,29.0,30°C,won,13.89,3.75,2026-08-18T13:09:08Z
2026-08-17T01:58:07Z,highest-temperature-in-madrid-on-august-17-2026,madrid,2026-08-17,0,NO,37°C,0.44,22.73,10.0,0.28,57.5,37°C,won,22.73,12.45,2026-08-18T01:55:01Z
2026-08-17T01:58:07Z,highest-temperature-in-warsaw-on-august-17-2026,warsaw,2026-08-17,0,NO,25°C,0.64,15.62,10.0,0.1799,37.5,25°C,won,15.62,5.44,2026-08-18T13:09:08Z
2026-08-17T01:58:07Z,highest-temperature-in-taipei-on-august-17-2026,taipei,2026-08-17,0,NO,36°C,0.54,18.52,10.0,0.23,48.0,36°C,lost,0.0,-10.23,2026-08-18T01:55:01Z
2026-08-17T01:58:07Z,highest-temperature-in-chongqing-on-august-17-2026,chongqing,2026-08-17,0,NO,37°C,0.62,16.13,10.0,0.19,39.0,37°C,won,16.13,5.94,2026-08-18T01:55:01Z
2026-08-17T01:58:07Z,highest-temperature-in-beijing-on-august-17-2026,beijing,2026-08-17,0,NO,32°C,0.58,17.24,10.0,0.21,44.0,32°C,won,17.24,7.03,2026-08-18T01:55:01Z
2026-08-17T01:58:07Z,highest-temperature-in-wuhan-on-august-17-2026,wuhan,2026-08-17,0,NO,33°C,0.58,17.24,10.0,0.21,43.5,33°C,won,17.24,7.03,2026-08-18T01:55:01Z
2026-08-17T01:58:07Z,highest-temperature-in-shenzhen-on-august-17-2026,shenzhen,2026-08-17,0,NO,34°C,0.72,13.89,10.0,0.14,30.0,34°C,lost,0.0,-10.14,2026-08-18T01:55:01Z
2026-08-17T01:58:07Z,highest-temperature-in-moscow-on-august-17-2026,moscow,2026-08-17,0,NO,23°C,0.49,20.41,10.0,0.255,51.5,23°C,lost,0.0,-10.26,2026-08-18T01:55:01Z
2026-08-17T01:58:07Z,highest-temperature-in-istanbul-on-august-17-2026,istanbul,2026-08-17,0,NO,26°C,0.38,26.32,10.0,0.31,62.5,26°C,won,26.32,16.01,2026-08-18T01:55:01Z
2026-08-17T01:58:07Z,highest-temperature-in-busan-on-august-17-2026,busan,2026-08-17,0,NO,26°C,0.675,14.81,10.0,0.1624,34.6,26°C,lost,0.0,-10.16,2026-08-18T01:55:01Z
2026-08-17T01:58:07Z,highest-temperature-in-amsterdam-on-august-17-2026,amsterdam,2026-08-17,0,NO,21°C,0.5,20.0,10.0,0.25,50.5,21°C,lost,0.0,-10.25,2026-08-18T01:55:01Z
2026-08-17T01:58:07Z,highest-temperature-in-helsinki-on-august-17-2026,helsinki,2026-08-17,0,NO,21°C,0.38,26.32,10.0,0.31,63.0,21°C,won,26.32,16.01,2026-08-18T01:55:01Z
2026-08-17T01:58:07Z,highest-temperature-in-kuala-lumpur-on-august-17-2026,kuala-lumpur,2026-08-17,0,NO,34°C,0.54,18.52,10.0,0.23,49.0,34°C,lost,0.0,-10.23,2026-08-18T01:55:01Z
2026-08-17T13:07:04Z,highest-temperature-in-jeddah-on-august-17-2026,jeddah,2026-08-17,0,NO,40°C,0.61,16.39,10.0,0.195,39.5,40°C,won,16.39,6.2,2026-08-18T01:55:01Z
2026-08-17T13:07:04Z,highest-temperature-in-cape-town-on-august-17-2026,cape-town,2026-08-17,0,NO,19°C,0.61,16.39,10.0,0.195,40.0,19°C,won,16.39,6.2,2026-08-18T01:55:01Z
2026-08-17T13:07:04Z,highest-temperature-in-qingdao-on-august-17-2026,qingdao,2026-08-17,0,NO,32°C,0.52,19.23,10.0,0.24,48.5,32°C,lost,0.0,-10.24,2026-08-18T01:55:01Z
2026-08-17T13:07:04Z,highest-temperature-in-karachi-on-august-17-2026,karachi,2026-08-17,0,NO,32°C,0.38,26.32,10.0,0.31,63.0,32°C,won,26.32,16.01,2026-08-18T01:55:01Z
2026-08-17T13:07:04Z,highest-temperature-in-sao-paulo-on-august-17-2026,sao-paulo,2026-08-17,1,NO,30°C,0.57,17.54,10.0,0.215,44.0,30°C,won,17.54,7.32,2026-08-18T13:09:08Z
2026-08-17T13:07:04Z,highest-temperature-in-buenos-aires-on-august-17-2026,buenos-aires,2026-08-17,1,NO,15°C,0.57,17.54,10.0,0.215,44.0,15°C,lost,0.0,-10.21,2026-08-18T13:09:08Z
2026-08-17T13:07:04Z,highest-temperature-in-toronto-on-august-17-2026,toronto,2026-08-17,1,NO,26°C,0.55,18.18,10.0,0.225,45.5,26°C,lost,0.0,-10.22,2026-08-18T13:09:08Z
2026-08-17T13:07:04Z,highest-temperature-in-seattle-on-august-17-2026,seattle,2026-08-17,1,NO,78-79°F,0.63,15.87,10.0,0.185,37.5,78-79°F,lost,0.0,-10.19,2026-08-18T13:09:08Z
2026-08-17T13:07:04Z,highest-temperature-in-nyc-on-august-17-2026,nyc,2026-08-17,1,NO,84-85°F,0.6,16.67,10.0,0.2,42.0,84-85°F,won,16.67,6.47,2026-08-18T13:09:08Z
2026-08-17T13:07:04Z,highest-temperature-in-dallas-on-august-17-2026,dallas,2026-08-17,1,NO,104-105°F,0.52,19.23,10.0,0.24,48.5,104-105°F,lost,0.0,-10.24,2026-08-18T13:09:08Z
2026-08-17T13:07:04Z,highest-temperature-in-atlanta-on-august-17-2026,atlanta,2026-08-17,1,NO,98-99°F,0.43,23.26,10.0,0.2851,57.5,98-99°F,lost,0.0,-10.29,2026-08-18T13:09:08Z
2026-08-17T13:07:04Z,highest-temperature-in-miami-on-august-17-2026,miami,2026-08-17,1,NO,94-95°F,0.53,18.87,10.0,0.235,48.0,94-95°F,lost,0.0,-10.23,2026-08-18T13:09:08Z
2026-08-17T13:07:04Z,highest-temperature-in-chicago-on-august-17-2026,chicago,2026-08-17,1,NO,80-81°F,0.49,20.41,10.0,0.255,51.5,80-81°F,won,20.41,10.15,2026-08-18T13:09:08Z
2026-08-17T13:07:04Z,highest-temperature-in-austin-on-august-17-2026,austin,2026-08-17,1,NO,102-103°F,0.48,20.83,10.0,0.26,52.5,102-103°F,lost,0.0,-10.26,2026-08-18T13:09:08Z
2026-08-17T13:07:04Z,highest-temperature-in-denver-on-august-17-2026,denver,2026-08-17,1,NO,90-91°F,0.48,20.83,10.0,0.26,52.5,90-91°F,won,20.83,10.57,2026-08-18T13:09:08Z
2026-08-17T13:07:04Z,highest-temperature-in-houston-on-august-17-2026,houston,2026-08-17,1,NO,96-97°F,0.45,22.22,10.0,0.275,55.5,96-97°F,lost,0.0,-10.28,2026-08-18T13:09:08Z
2026-08-18T01:55:01Z,highest-temperature-in-london-on-august-18-2026,london,2026-08-18,0,NO,25°C,0.6,16.67,10.0,0.2,40.5,25°C,won,16.67,6.47,2026-08-19T13:09:46Z
2026-08-18T01:55:01Z,highest-temperature-in-paris-on-august-18-2026,paris,2026-08-18,0,NO,26°C,0.64,15.62,10.0,0.1799,38.0,26°C,won,15.62,5.44,2026-08-19T01:57:26Z
2026-08-18T01:55:01Z,highest-temperature-in-seoul-on-august-18-2026,seoul,2026-08-18,0,NO,30°C,0.59,16.95,10.0,0.205,42.0,30°C,won,16.95,6.74,2026-08-19T01:57:26Z
2026-08-18T01:55:01Z,highest-temperature-in-ankara-on-august-18-2026,ankara,2026-08-18,0,NO,29°C,0.5,20.0,10.0,0.25,51.0,29°C,won,20.0,9.75,2026-08-19T01:57:26Z
2026-08-18T01:55:01Z,highest-temperature-in-lucknow-on-august-18-2026,lucknow,2026-08-18,0,NO,30°C,0.72,13.89,10.0,0.14,31.5,30°C,won,13.89,3.75,2026-08-19T01:57:26Z
2026-08-18T01:55:01Z,highest-temperature-in-munich-on-august-18-2026,munich,2026-08-18,0,NO,19°C,0.698,14.33,10.0,0.151,30.2,19°C,won,14.33,4.18,2026-08-19T01:57:26Z
2026-08-18T01:55:01Z,highest-temperature-in-tel-aviv-on-august-18-2026,tel-aviv,2026-08-18,0,NO,32°C,0.37,27.03,10.0,0.315,63.5,32°C,lost,0.0,-10.31,2026-08-19T01:57:26Z
2026-08-18T01:55:01Z,highest-temperature-in-tokyo-on-august-18-2026,tokyo,2026-08-18,0,NO,31°C,0.63,15.87,10.0,0.185,39.0,31°C,lost,0.0,-10.19,2026-08-19T01:57:26Z
2026-08-18T01:55:01Z,highest-temperature-in-hong-kong-on-august-18-2026,hong-kong,2026-08-18,0,NO,32°C,0.48,20.83,10.0,0.26,53.0,32°C,lost,0.0,-10.26,2026-08-19T13:09:46Z
2026-08-18T01:55:01Z,highest-temperature-in-shanghai-on-august-18-2026,shanghai,2026-08-18,0,NO,31°C,0.43,23.26,10.0,0.2851,59.5,31°C,lost,0.0,-10.29,2026-08-19T01:57:26Z
2026-08-18T01:55:01Z,highest-temperature-in-singapore-on-august-18-2026,singapore,2026-08-18,0,NO,33°C,0.47,21.28,10.0,0.265,54.5,33°C,lost,0.0,-10.27,2026-08-19T01:57:26Z
2026-08-18T01:55:01Z,highest-temperature-in-milan-on-august-18-2026,milan,2026-08-18,0,NO,31°C,0.57,17.54,10.0,0.215,44.5,31°C,won,17.54,7.32,2026-08-19T01:57:26Z
2026-08-18T01:55:01Z,highest-temperature-in-madrid-on-august-18-2026,madrid,2026-08-18,0,NO,39°C,0.55,18.18,10.0,0.225,47.5,39°C,lost,0.0,-10.22,2026-08-19T01:57:26Z
2026-08-18T01:55:01Z,highest-temperature-in-warsaw-on-august-18-2026,warsaw,2026-08-18,0,NO,20°C,0.59,16.95,10.0,0.205,42.5,20°C,won,16.95,6.74,2026-08-19T01:57:26Z
2026-08-18T01:55:01Z,highest-temperature-in-taipei-on-august-18-2026,taipei,2026-08-18,0,NO,34°C,0.72,13.89,10.0,0.14,30.0,34°C,lost,0.0,-10.14,2026-08-19T01:57:26Z
2026-08-18T01:55:01Z,highest-temperature-in-chongqing-on-august-18-2026,chongqing,2026-08-18,0,NO,34°C,0.67,14.93,10.0,0.1651,34.0,34°C,lost,0.0,-10.17,2026-08-19T01:57:26Z
2026-08-18T01:55:01Z,highest-temperature-in-beijing-on-august-18-2026,beijing,2026-08-18,0,NO,31°C,0.64,15.62,10.0,0.1799,37.5,31°C,won,15.62,5.44,2026-08-19T01:57:26Z
2026-08-18T01:55:01Z,highest-temperature-in-wuhan-on-august-18-2026,wuhan,2026-08-18,0,NO,35°C,0.55,18.18,10.0,0.225,46.5,35°C,lost,0.0,-10.22,2026-08-19T01:57:26Z
2026-08-18T01:55:01Z,highest-temperature-in-chengdu-on-august-18-2026,chengdu,2026-08-18,0,NO,23°C,0.39,25.64,10.0,0.305,62.5,23°C,lost,0.0,-10.3,2026-08-19T01:57:26Z
2026-08-18T01:55:01Z,highest-temperature-in-shenzhen-on-august-18-2026,shenzhen,2026-08-18,0,NO,33°C,0.66,15.15,10.0,0.17,35.0,33°C,won,15.15,4.98,2026-08-19T01:57:26Z
2026-08-18T01:55:01Z,highest-temperature-in-moscow-on-august-18-2026,moscow,2026-08-18,0,NO,22°C,0.46,21.74,10.0,0.27,55.5,22°C,lost,0.0,-10.27,2026-08-19T01:57:26Z
2026-08-18T01:55:01Z,highest-temperature-in-istanbul-on-august-18-2026,istanbul,2026-08-18,0,NO,30°C,0.56,17.86,10.0,0.22,44.5,30°C,won,17.86,7.64,2026-08-19T01:57:26Z
2026-08-18T01:55:01Z,highest-temperature-in-busan-on-august-18-2026,busan,2026-08-18,0,NO,30°C,0.67,14.93,10.0,0.1651,35.5,30°C,won,14.93,4.76,2026-08-19T01:57:26Z
2026-08-18T01:55:01Z,highest-temperature-in-amsterdam-on-august-18-2026,amsterdam,2026-08-18,0,NO,21°C,0.56,17.86,10.0,0.22,44.5,21°C,lost,0.0,-10.22,2026-08-19T01:57:26Z
2026-08-18T01:55:01Z,highest-temperature-in-helsinki-on-august-18-2026,helsinki,2026-08-18,0,NO,20°C,0.41,24.39,10.0,0.295,61.0,20°C,lost,0.0,-10.29,2026-08-19T01:57:26Z
2026-08-18T01:55:01Z,highest-temperature-in-kuala-lumpur-on-august-18-2026,kuala-lumpur,2026-08-18,0,NO,33°C,0.61,16.39,10.0,0.195,41.0,33°C,lost,0.0,-10.2,2026-08-19T01:57:26Z
2026-08-18T01:55:01Z,highest-temperature-in-jeddah-on-august-18-2026,jeddah,2026-08-18,0,NO,>=40°C,0.6,16.67,10.0,0.2,41.5,>=40°C,won,16.67,6.47,2026-08-19T01:57:26Z
2026-08-18T01:55:01Z,highest-temperature-in-cape-town-on-august-18-2026,cape-town,2026-08-18,0,NO,18°C,0.51,19.61,10.0,0.245,50.0,18°C,won,19.61,9.37,2026-08-19T01:57:26Z
2026-08-18T13:09:08Z,highest-temperature-in-guangzhou-on-august-18-2026,guangzhou,2026-08-18,0,NO,35°C,0.58,17.24,10.0,0.21,43.5,35°C,won,17.24,7.03,2026-08-19T01:57:26Z
2026-08-18T13:09:08Z,highest-temperature-in-qingdao-on-august-18-2026,qingdao,2026-08-18,0,NO,33°C,0.56,17.86,10.0,0.22,50.5,33°C,lost,0.0,-10.22,2026-08-19T01:57:26Z
2026-08-18T13:09:08Z,highest-temperature-in-karachi-on-august-18-2026,karachi,2026-08-18,0,NO,32°C,0.32,31.25,10.0,0.34,68.5,32°C,lost,0.0,-10.34,2026-08-19T01:57:26Z
2026-08-18T13:09:08Z,highest-temperature-in-manila-on-august-18-2026,manila,2026-08-18,0,NO,28°C,0.52,19.23,10.0,0.24,48.5,28°C,won,19.23,8.99,2026-08-19T01:57:26Z
2026-08-18T13:09:08Z,highest-temperature-in-sao-paulo-on-august-18-2026,sao-paulo,2026-08-18,1,NO,31°C,0.53,18.87,10.0,0.235,48.5,31°C,lost,0.0,-10.23,2026-08-19T13:09:46Z
2026-08-18T13:09:08Z,highest-temperature-in-buenos-aires-on-august-18-2026,buenos-aires,2026-08-18,1,NO,14°C,0.47,21.28,10.0,0.265,54.0,14°C,won,21.28,11.02,2026-08-19T13:09:46Z
2026-08-18T13:09:08Z,highest-temperature-in-toronto-on-august-18-2026,toronto,2026-08-18,1,NO,27°C,0.39,25.64,10.0,0.305,61.5,27°C,lost,0.0,-10.3,2026-08-19T13:09:46Z
2026-08-18T13:09:08Z,highest-temperature-in-seattle-on-august-18-2026,seattle,2026-08-18,1,NO,76-77°F,0.68,14.71,10.0,0.16,33.0,76-77°F,won,14.71,4.55,2026-08-19T13:09:46Z
2026-08-18T13:09:08Z,highest-temperature-in-nyc-on-august-18-2026,nyc,2026-08-18,1,NO,84-85°F,0.61,16.39,10.0,0.195,39.5,84-85°F,lost,0.0,-10.2,2026-08-19T13:09:46Z
2026-08-18T13:09:08Z,highest-temperature-in-dallas-on-august-18-2026,dallas,2026-08-18,1,NO,104-105°F,0.49,20.41,10.0,0.255,51.5,104-105°F,lost,0.0,-10.26,2026-08-19T13:09:46Z
2026-08-18T13:09:08Z,highest-temperature-in-atlanta-on-august-18-2026,atlanta,2026-08-18,1,NO,94-95°F,0.41,24.39,10.0,0.295,60.0,94-95°F,won,24.39,14.1,2026-08-19T13:09:46Z
2026-08-18T13:09:08Z,highest-temperature-in-miami-on-august-18-2026,miami,2026-08-18,1,NO,98-99°F,0.51,19.61,10.0,0.245,50.5,98-99°F,lost,0.0,-10.24,2026-08-19T13:09:46Z
2026-08-18T13:09:08Z,highest-temperature-in-chicago-on-august-18-2026,chicago,2026-08-18,1,NO,80-81°F,0.46,21.74,10.0,0.27,54.5,80-81°F,won,21.74,11.47,2026-08-19T13:09:46Z
2026-08-19T01:57:26Z,highest-temperature-in-london-on-august-19-2026,london,2026-08-19,0,NO,24°C,0.58,17.24,10.0,0.21,42.5,24°C,won,17.24,7.03,2026-08-20T01:53:54Z
2026-08-19T01:57:26Z,highest-temperature-in-paris-on-august-19-2026,paris,2026-08-19,0,NO,27°C,0.7,14.29,10.0,0.15,30.5,27°C,won,14.29,4.14,2026-08-20T01:53:54Z
2026-08-19T01:57:26Z,highest-temperature-in-seoul-on-august-19-2026,seoul,2026-08-19,0,NO,30°C,0.55,18.18,10.0,0.225,47.5,30°C,won,18.18,7.96,2026-08-20T01:53:54Z
2026-08-19T01:57:26Z,highest-temperature-in-ankara-on-august-19-2026,ankara,2026-08-19,0,NO,31°C,0.4,25.0,10.0,0.3,60.5,31°C,won,25.0,14.7,2026-08-20T01:53:54Z
2026-08-19T01:57:26Z,highest-temperature-in-lucknow-on-august-19-2026,lucknow,2026-08-19,0,NO,33°C,0.56,17.86,10.0,0.22,45.5,33°C,won,17.86,7.64,2026-08-20T01:53:54Z
2026-08-19T01:57:26Z,highest-temperature-in-munich-on-august-19-2026,munich,2026-08-19,0,NO,29°C,0.54,18.52,10.0,0.23,46.5,29°C,won,18.52,8.29,2026-08-20T01:53:54Z
2026-08-19T01:57:26Z,highest-temperature-in-tokyo-on-august-19-2026,tokyo,2026-08-19,0,NO,31°C,0.62,16.13,10.0,0.19,39.5,31°C,won,16.13,5.94,2026-08-20T01:53:54Z
2026-08-19T01:57:26Z,highest-temperature-in-hong-kong-on-august-19-2026,hong-kong,2026-08-19,0,NO,32°C,0.57,17.54,10.0,0.215,46.5,32°C,lost,0.0,-10.21,2026-08-20T13:12:04Z
2026-08-19T01:57:26Z,highest-temperature-in-shanghai-on-august-19-2026,shanghai,2026-08-19,0,NO,32°C,0.47,21.28,10.0,0.265,54.0,32°C,won,21.28,11.02,2026-08-20T01:53:54Z
2026-08-19T01:57:26Z,highest-temperature-in-singapore-on-august-19-2026,singapore,2026-08-19,0,NO,31°C,0.58,17.24,10.0,0.21,44.5,31°C,won,17.24,7.03,2026-08-20T01:53:54Z
2026-08-19T01:57:26Z,highest-temperature-in-madrid-on-august-19-2026,madrid,2026-08-19,0,NO,36°C,0.32,31.25,10.0,0.34,69.0,36°C,lost,0.0,-10.34,2026-08-20T01:53:54Z
2026-08-19T01:57:26Z,highest-temperature-in-warsaw-on-august-19-2026,warsaw,2026-08-19,0,NO,22°C,0.6,16.67,10.0,0.2,41.0,22°C,won,16.67,6.47,2026-08-20T01:53:54Z
2026-08-19T01:57:26Z,highest-temperature-in-taipei-on-august-19-2026,taipei,2026-08-19,0,NO,33°C,0.68,14.71,10.0,0.16,33.5,33°C,won,14.71,4.55,2026-08-20T01:53:54Z
2026-08-19T01:57:26Z,highest-temperature-in-chongqing-on-august-19-2026,chongqing,2026-08-19,0,NO,31°C,0.73,13.7,10.0,0.135,29.0,31°C,won,13.7,3.56,2026-08-20T01:53:54Z
2026-08-19T01:57:26Z,highest-temperature-in-beijing-on-august-19-2026,beijing,2026-08-19,0,NO,31°C,0.65,15.38,10.0,0.1749,37.0,31°C,won,15.38,5.21,2026-08-20T01:53:54Z
2026-08-19T01:57:26Z,highest-temperature-in-wuhan-on-august-19-2026,wuhan,2026-08-19,0,NO,35°C,0.5,20.0,10.0,0.25,51.5,35°C,won,20.0,9.75,2026-08-20T01:53:54Z
2026-08-19T01:57:26Z,highest-temperature-in-chengdu-on-august-19-2026,chengdu,2026-08-19,0,NO,28°C,0.72,13.89,10.0,0.14,30.0,28°C,won,13.89,3.75,2026-08-20T01:53:54Z
2026-08-19T01:57:26Z,highest-temperature-in-shenzhen-on-august-19-2026,shenzhen,2026-08-19,0,NO,34°C,0.57,17.54,10.0,0.215,44.0,34°C,won,17.54,7.32,2026-08-20T01:53:54Z
2026-08-19T01:57:26Z,highest-temperature-in-moscow-on-august-19-2026,moscow,2026-08-19,0,NO,19°C,0.31,32.26,10.0,0.345,69.5,19°C,lost,0.0,-10.35,2026-08-20T01:53:54Z
2026-08-19T01:57:26Z,highest-temperature-in-istanbul-on-august-19-2026,istanbul,2026-08-19,0,NO,27°C,0.47,21.28,10.0,0.265,54.5,27°C,lost,0.0,-10.27,2026-08-20T01:53:54Z
2026-08-19T01:57:26Z,highest-temperature-in-busan-on-august-19-2026,busan,2026-08-19,0,NO,32°C,0.58,17.24,10.0,0.21,42.5,32°C,lost,0.0,-10.21,2026-08-20T01:53:54Z
2026-08-19T01:57:26Z,highest-temperature-in-amsterdam-on-august-19-2026,amsterdam,2026-08-19,0,NO,21°C,0.32,31.25,10.0,0.34,69.0,21°C,lost,0.0,-10.34,2026-08-20T01:53:54Z
2026-08-19T01:57:26Z,highest-temperature-in-helsinki-on-august-19-2026,helsinki,2026-08-19,0,NO,20°C,0.36,27.78,10.0,0.32,64.5,20°C,lost,0.0,-10.32,2026-08-20T01:53:54Z
2026-08-19T01:57:26Z,highest-temperature-in-kuala-lumpur-on-august-19-2026,kuala-lumpur,2026-08-19,0,NO,32°C,0.66,15.15,10.0,0.17,36.5,32°C,won,15.15,4.98,2026-08-20T01:53:54Z
2026-08-19T13:09:46Z,highest-temperature-in-jeddah-on-august-19-2026,jeddah,2026-08-19,0,NO,38°C,0.59,16.95,10.0,0.205,42.5,38°C,won,16.95,6.74,2026-08-20T01:53:54Z
2026-08-19T13:09:46Z,highest-temperature-in-cape-town-on-august-19-2026,cape-town,2026-08-19,0,NO,18°C,0.41,24.39,10.0,0.295,59.5,18°C,won,24.39,14.1,2026-08-20T01:53:54Z
2026-08-19T13:09:46Z,highest-temperature-in-guangzhou-on-august-19-2026,guangzhou,2026-08-19,0,NO,37°C,0.54,18.52,10.0,0.23,48.5,37°C,won,18.52,8.29,2026-08-20T01:53:54Z
2026-08-19T13:09:46Z,highest-temperature-in-qingdao-on-august-19-2026,qingdao,2026-08-19,0,NO,31°C,0.59,16.95,10.0,0.205,42.5,31°C,won,16.95,6.74,2026-08-20T01:53:54Z
2026-08-19T13:09:46Z,highest-temperature-in-karachi-on-august-19-2026,karachi,2026-08-19,0,NO,32°C,0.39,25.64,10.0,0.305,62.0,32°C,lost,0.0,-10.3,2026-08-20T01:53:54Z
2026-08-19T13:09:46Z,highest-temperature-in-sao-paulo-on-august-19-2026,sao-paulo,2026-08-19,1,NO,31°C,0.51,19.61,10.0,0.245,49.5,31°C,won,19.61,9.37,2026-08-20T13:12:04Z
2026-08-19T13:09:46Z,highest-temperature-in-buenos-aires-on-august-19-2026,buenos-aires,2026-08-19,1,NO,16°C,0.57,17.54,10.0,0.215,44.0,16°C,won,17.54,7.32,2026-08-20T13:12:04Z
2026-08-19T13:09:46Z,highest-temperature-in-toronto-on-august-19-2026,toronto,2026-08-19,1,NO,26°C,0.47,21.28,10.0,0.265,53.5,26°C,won,21.28,11.02,2026-08-20T13:12:04Z
2026-08-19T13:09:46Z,highest-temperature-in-seattle-on-august-19-2026,seattle,2026-08-19,1,NO,78-79°F,0.56,17.86,10.0,0.22,44.5,78-79°F,won,17.86,7.64,2026-08-20T13:12:04Z
2026-08-19T13:09:46Z,highest-temperature-in-nyc-on-august-19-2026,nyc,2026-08-19,1,NO,86-87°F,0.38,26.32,10.0,0.31,63.0,86-87°F,lost,0.0,-10.31,2026-08-20T13:12:04Z
2026-08-20T01:53:54Z,highest-temperature-in-london-on-august-20-2026,london,2026-08-20,0,NO,23°C,0.6,16.67,10.0,0.2,40.5,23°C,won,16.67,6.47,2026-08-21T02:02:26Z
2026-08-20T01:53:54Z,highest-temperature-in-paris-on-august-20-2026,paris,2026-08-20,0,NO,25°C,0.45,22.22,10.0,0.275,56.0,25°C,won,22.22,11.94,2026-08-21T02:02:26Z
2026-08-20T01:53:54Z,highest-temperature-in-seoul-on-august-20-2026,seoul,2026-08-20,0,NO,28°C,0.54,18.52,10.0,0.23,47.5,28°C,lost,0.0,-10.23,2026-08-21T02:02:26Z
2026-08-20T01:53:54Z,highest-temperature-in-ankara-on-august-20-2026,ankara,2026-08-20,0,NO,31°C,0.43,23.26,10.0,0.2851,57.5,31°C,lost,0.0,-10.29,2026-08-21T02:02:26Z
2026-08-20T01:53:54Z,highest-temperature-in-lucknow-on-august-20-2026,lucknow,2026-08-20,0,NO,33°C,0.55,18.18,10.0,0.225,45.5,33°C,lost,0.0,-10.22,2026-08-21T02:02:26Z
2026-08-20T01:53:54Z,highest-temperature-in-munich-on-august-20-2026,munich,2026-08-20,0,NO,28°C,0.68,14.71,10.0,0.16,32.5,28°C,won,14.71,4.55,2026-08-21T02:02:26Z
2026-08-20T01:53:54Z,highest-temperature-in-tokyo-on-august-20-2026,tokyo,2026-08-20,0,NO,32°C,0.5,20.0,10.0,0.25,51.0,32°C,won,20.0,9.75,2026-08-21T02:02:26Z
2026-08-20T01:53:54Z,highest-temperature-in-hong-kong-on-august-20-2026,hong-kong,2026-08-20,0,NO,29°C,0.33,30.3,10.0,0.335,68.5,29°C,lost,0.0,-10.34,2026-08-21T13:11:12Z
2026-08-20T01:53:54Z,highest-temperature-in-singapore-on-august-20-2026,singapore,2026-08-20,0,NO,33°C,0.54,18.52,10.0,0.23,47.5,33°C,lost,0.0,-10.23,2026-08-21T02:02:26Z
2026-08-20T01:53:54Z,highest-temperature-in-milan-on-august-20-2026,milan,2026-08-20,0,NO,28°C,0.73,13.7,10.0,0.135,28.5,28°C,won,13.7,3.56,2026-08-21T02:02:26Z
2026-08-20T01:53:54Z,highest-temperature-in-madrid-on-august-20-2026,madrid,2026-08-20,0,NO,31°C,0.49,20.41,10.0,0.255,51.5,31°C,won,20.41,10.15,2026-08-21T02:02:26Z
2026-08-20T01:53:54Z,highest-temperature-in-warsaw-on-august-20-2026,warsaw,2026-08-20,0,NO,>=25°C,0.39,25.64,10.0,0.305,62.0,>=25°C,lost,0.0,-10.3,2026-08-21T02:02:26Z
2026-08-20T01:53:54Z,highest-temperature-in-taipei-on-august-20-2026,taipei,2026-08-20,0,NO,33°C,0.66,15.15,10.0,0.17,35.0,33°C,lost,0.0,-10.17,2026-08-21T02:02:26Z
2026-08-20T01:53:54Z,highest-temperature-in-chongqing-on-august-20-2026,chongqing,2026-08-20,0,NO,33°C,0.61,16.39,10.0,0.195,40.0,33°C,lost,0.0,-10.2,2026-08-21T02:02:26Z
2026-08-20T01:53:54Z,highest-temperature-in-beijing-on-august-20-2026,beijing,2026-08-20,0,NO,33°C,0.7,14.29,10.0,0.15,35.0,33°C,won,14.29,4.14,2026-08-21T02:02:26Z
2026-08-20T01:53:54Z,highest-temperature-in-wuhan-on-august-20-2026,wuhan,2026-08-20,0,NO,35°C,0.55,18.18,10.0,0.225,46.0,35°C,won,18.18,7.96,2026-08-21T02:02:26Z
2026-08-20T01:53:54Z,highest-temperature-in-chengdu-on-august-20-2026,chengdu,2026-08-20,0,NO,29°C,0.69,14.49,10.0,0.155,32.5,29°C,won,14.49,4.33,2026-08-21T02:02:26Z
2026-08-20T01:53:54Z,highest-temperature-in-shenzhen-on-august-20-2026,shenzhen,2026-08-20,0,NO,31°C,0.64,15.62,10.0,0.1799,37.5,31°C,won,15.62,5.44,2026-08-21T02:02:26Z
2026-08-20T01:53:54Z,highest-temperature-in-moscow-on-august-20-2026,moscow,2026-08-20,0,NO,22°C,0.47,21.28,10.0,0.265,54.5,22°C,lost,0.0,-10.27,2026-08-21T02:02:26Z
2026-08-20T01:53:54Z,highest-temperature-in-istanbul-on-august-20-2026,istanbul,2026-08-20,0,NO,28°C,0.45,22.22,10.0,0.275,56.0,28°C,won,22.22,11.94,2026-08-21T02:02:26Z
2026-08-20T01:53:54Z,highest-temperature-in-busan-on-august-20-2026,busan,2026-08-20,0,NO,33°C,0.48,20.83,10.0,0.26,54.5,33°C,lost,0.0,-10.26,2026-08-21T02:02:26Z
2026-08-20T01:53:54Z,highest-temperature-in-amsterdam-on-august-20-2026,amsterdam,2026-08-20,0,NO,20°C,0.53,18.87,10.0,0.235,49.0,20°C,won,18.87,8.64,2026-08-21T02:02:26Z
2026-08-20T01:53:54Z,highest-temperature-in-helsinki-on-august-20-2026,helsinki,2026-08-20,0,NO,18°C,0.55,18.18,10.0,0.225,46.5,18°C,lost,0.0,-10.22,2026-08-21T02:02:26Z
2026-08-20T01:53:54Z,highest-temperature-in-kuala-lumpur-on-august-20-2026,kuala-lumpur,2026-08-20,0,NO,34°C,0.58,17.24,10.0,0.21,43.0,34°C,lost,0.0,-10.21,2026-08-21T02:02:26Z
2026-08-20T01:53:54Z,highest-temperature-in-jeddah-on-august-20-2026,jeddah,2026-08-20,0,NO,38°C,0.56,17.86,10.0,0.22,44.5,38°C,won,17.86,7.64,2026-08-21T02:02:26Z
2026-08-20T01:53:54Z,highest-temperature-in-cape-town-on-august-20-2026,cape-town,2026-08-20,0,NO,18°C,0.51,19.61,10.0,0.245,52.0,18°C,lost,0.0,-10.24,2026-08-21T02:02:26Z
2026-08-20T01:53:54Z,highest-temperature-in-guangzhou-on-august-20-2026,guangzhou,2026-08-20,0,NO,34°C,0.66,15.15,10.0,0.17,35.5,34°C,won,15.15,4.98,2026-08-21T02:02:26Z
2026-08-20T01:53:54Z,highest-temperature-in-qingdao-on-august-20-2026,qingdao,2026-08-20,0,NO,30°C,0.57,17.54,10.0,0.215,45.0,30°C,lost,0.0,-10.21,2026-08-21T02:02:26Z
2026-08-20T01:53:54Z,highest-temperature-in-karachi-on-august-20-2026,karachi,2026-08-20,0,NO,32°C,0.45,22.22,10.0,0.275,56.0,32°C,lost,0.0,-10.28,2026-08-21T02:02:26Z
2026-08-20T01:53:54Z,highest-temperature-in-manila-on-august-20-2026,manila,2026-08-20,0,NO,33°C,0.59,16.95,10.0,0.205,41.5,33°C,won,16.95,6.74,2026-08-21T02:02:26Z
2026-08-20T01:53:54Z,highest-temperature-in-sao-paulo-on-august-20-2026,sao-paulo,2026-08-20,1,NO,32°C,0.45,22.22,10.0,0.275,56.5,32°C,lost,0.0,-10.28,2026-08-21T13:11:12Z
2026-08-20T01:53:54Z,highest-temperature-in-buenos-aires-on-august-20-2026,buenos-aires,2026-08-20,1,NO,18°C,0.57,17.54,10.0,0.215,43.5,18°C,won,17.54,7.32,2026-08-21T13:11:12Z
2026-08-20T01:53:54Z,highest-temperature-in-toronto-on-august-20-2026,toronto,2026-08-20,1,NO,25°C,0.5,20.0,10.0,0.25,50.5,25°C,won,20.0,9.75,2026-08-21T13:11:12Z
2026-08-20T01:53:54Z,highest-temperature-in-seattle-on-august-20-2026,seattle,2026-08-20,1,NO,82-83°F,0.53,18.87,10.0,0.235,47.5,82-83°F,won,18.87,8.64,2026-08-21T13:11:12Z
2026-08-20T01:53:54Z,highest-temperature-in-nyc-on-august-20-2026,nyc,2026-08-20,1,NO,82-83°F,0.65,15.38,10.0,0.1749,35.5,82-83°F,won,15.38,5.21,2026-08-21T13:11:12Z
2026-08-20T01:53:54Z,highest-temperature-in-dallas-on-august-20-2026,dallas,2026-08-20,1,NO,104-105°F,0.42,23.81,10.0,0.29,58.5,104-105°F,lost,0.0,-10.29,2026-08-21T13:11:12Z
2026-08-20T13:12:04Z,highest-temperature-in-atlanta-on-august-20-2026,atlanta,2026-08-20,1,NO,96-97°F,0.5,20.0,10.0,0.25,50.5,96-97°F,lost,0.0,-10.25,2026-08-21T13:11:12Z
2026-08-20T13:12:04Z,highest-temperature-in-miami-on-august-20-2026,miami,2026-08-20,1,NO,92-93°F,0.53,18.87,10.0,0.235,47.5,92-93°F,lost,0.0,-10.23,2026-08-21T13:11:12Z
2026-08-20T13:12:04Z,highest-temperature-in-chicago-on-august-20-2026,chicago,2026-08-20,1,NO,78-79°F,0.36,27.78,10.0,0.32,64.5,78-79°F,won,27.78,17.46,2026-08-21T13:11:12Z
2026-08-20T13:12:04Z,highest-temperature-in-austin-on-august-20-2026,austin,2026-08-20,1,NO,102-103°F,0.37,27.03,10.0,0.315,63.5,102-103°F,lost,0.0,-10.31,2026-08-21T13:11:12Z
2026-08-20T13:12:04Z,highest-temperature-in-denver-on-august-20-2026,denver,2026-08-20,1,NO,92-93°F,0.51,19.61,10.0,0.245,50.5,92-93°F,lost,0.0,-10.24,2026-08-21T13:11:12Z
2026-08-20T13:12:04Z,highest-temperature-in-houston-on-august-20-2026,houston,2026-08-20,1,NO,98-99°F,0.51,19.61,10.0,0.245,50.5,98-99°F,won,19.61,9.37,2026-08-21T13:11:12Z
2026-08-20T13:12:04Z,highest-temperature-in-los-angeles-on-august-20-2026,los-angeles,2026-08-20,1,NO,80-81°F,0.47,21.28,10.0,0.265,54.0,80-81°F,won,21.28,11.02,2026-08-21T13:11:12Z
2026-08-21T02:02:25Z,highest-temperature-in-london-on-august-21-2026,london,2026-08-21,0,NO,21°C,0.61,16.39,10.0,0.195,40.5,21°C,lost,0.0,-10.2,2026-08-22T01:54:46Z
2026-08-21T02:02:25Z,highest-temperature-in-paris-on-august-21-2026,paris,2026-08-21,0,NO,23°C,0.55,18.18,10.0,0.225,45.5,23°C,won,18.18,7.96,2026-08-22T01:54:46Z
2026-08-21T02:02:25Z,highest-temperature-in-seoul-on-august-21-2026,seoul,2026-08-21,0,NO,26°C,0.54,18.52,10.0,0.23,50.0,26°C,won,18.52,8.29,2026-08-22T01:54:46Z
2026-08-21T02:02:25Z,highest-temperature-in-ankara-on-august-21-2026,ankara,2026-08-21,0,NO,33°C,0.5,20.0,10.0,0.25,51.0,33°C,lost,0.0,-10.25,2026-08-22T01:54:46Z
2026-08-21T02:02:25Z,highest-temperature-in-lucknow-on-august-21-2026,lucknow,2026-08-21,0,NO,33°C,0.67,14.93,10.0,0.1651,35.0,33°C,won,14.93,4.76,2026-08-22T01:54:46Z
2026-08-21T02:02:25Z,highest-temperature-in-tokyo-on-august-21-2026,tokyo,2026-08-21,0,NO,31°C,0.53,18.87,10.0,0.235,50.0,31°C,won,18.87,8.64,2026-08-22T01:54:46Z
2026-08-21T02:02:25Z,highest-temperature-in-hong-kong-on-august-21-2026,hong-kong,2026-08-21,0,NO,29°C,0.59,16.95,10.0,0.205,42.5,29°C,won,16.95,6.74,2026-08-24T13:14:31Z
2026-08-21T02:02:25Z,highest-temperature-in-shanghai-on-august-21-2026,shanghai,2026-08-21,0,NO,32°C,0.49,20.41,10.0,0.255,54.0,32°C,won,20.41,10.15,2026-08-22T01:54:46Z
2026-08-21T02:02:25Z,highest-temperature-in-singapore-on-august-21-2026,singapore,2026-08-21,0,NO,33°C,0.38,26.32,10.0,0.31,63.0,33°C,lost,0.0,-10.31,2026-08-22T01:54:46Z
2026-08-21T02:02:25Z,highest-temperature-in-milan-on-august-21-2026,milan,2026-08-21,0,NO,23°C,0.74,13.51,10.0,0.13,28.0,23°C,won,13.51,3.38,2026-08-22T01:54:46Z
2026-08-21T02:02:25Z,highest-temperature-in-madrid-on-august-21-2026,madrid,2026-08-21,0,NO,31°C,0.4,25.0,10.0,0.3,61.5,31°C,won,25.0,14.7,2026-08-22T01:54:46Z
2026-08-21T02:02:25Z,highest-temperature-in-warsaw-on-august-21-2026,warsaw,2026-08-21,0,NO,27°C,0.59,16.95,10.0,0.205,41.5,27°C,lost,0.0,-10.21,2026-08-22T01:54:46Z
2026-08-21T02:02:25Z,highest-temperature-in-taipei-on-august-21-2026,taipei,2026-08-21,0,NO,35°C,0.58,17.24,10.0,0.21,45.5,35°C,lost,0.0,-10.21,2026-08-22T01:54:46Z
2026-08-21T02:02:25Z,highest-temperature-in-chongqing-on-august-21-2026,chongqing,2026-08-21,0,NO,33°C,0.67,14.93,10.0,0.1651,34.5,33°C,won,14.93,4.76,2026-08-22T01:54:46Z
2026-08-21T02:02:25Z,highest-temperature-in-beijing-on-august-21-2026,beijing,2026-08-21,0,NO,34°C,0.66,15.15,10.0,0.17,36.0,34°C,lost,0.0,-10.17,2026-08-22T01:54:46Z
2026-08-21T02:02:25Z,highest-temperature-in-wuhan-on-august-21-2026,wuhan,2026-08-21,0,NO,36°C,0.52,19.23,10.0,0.24,49.5,36°C,won,19.23,8.99,2026-08-22T01:54:46Z
2026-08-21T02:02:25Z,highest-temperature-in-chengdu-on-august-21-2026,chengdu,2026-08-21,0,NO,32°C,0.68,14.71,10.0,0.16,32.5,32°C,lost,0.0,-10.16,2026-08-22T01:54:46Z
2026-08-21T02:02:25Z,highest-temperature-in-shenzhen-on-august-21-2026,shenzhen,2026-08-21,0,NO,31°C,0.67,14.93,10.0,0.1651,34.0,31°C,lost,0.0,-10.17,2026-08-22T01:54:46Z
2026-08-21T02:02:25Z,highest-temperature-in-moscow-on-august-21-2026,moscow,2026-08-21,0,NO,22°C,0.41,24.39,10.0,0.295,60.0,22°C,won,24.39,14.1,2026-08-22T01:54:46Z
2026-08-21T02:02:25Z,highest-temperature-in-busan-on-august-21-2026,busan,2026-08-21,0,NO,33°C,0.6,16.67,10.0,0.2,43.0,33°C,won,16.67,6.47,2026-08-22T01:54:46Z
2026-08-21T02:02:25Z,highest-temperature-in-amsterdam-on-august-21-2026,amsterdam,2026-08-21,0,NO,20°C,0.48,20.83,10.0,0.26,52.5,20°C,lost,0.0,-10.26,2026-08-22T01:54:46Z
2026-08-21T02:02:25Z,highest-temperature-in-helsinki-on-august-21-2026,helsinki,2026-08-21,0,NO,20°C,0.58,17.24,10.0,0.21,43.5,20°C,won,17.24,7.03,2026-08-22T01:54:46Z
2026-08-21T02:02:25Z,highest-temperature-in-kuala-lumpur-on-august-21-2026,kuala-lumpur,2026-08-21,0,NO,34°C,0.35,28.57,10.0,0.325,65.5,34°C,won,28.57,18.25,2026-08-22T01:54:46Z
2026-08-21T02:02:25Z,highest-temperature-in-jeddah-on-august-21-2026,jeddah,2026-08-21,0,NO,37°C,0.63,15.87,10.0,0.185,38.0,37°C,lost,0.0,-10.19,2026-08-22T01:54:46Z
2026-08-21T02:02:25Z,highest-temperature-in-cape-town-on-august-21-2026,cape-town,2026-08-21,0,NO,21°C,0.66,15.15,10.0,0.17,35.0,21°C,won,15.15,4.98,2026-08-22T01:54:46Z
2026-08-21T02:02:25Z,highest-temperature-in-guangzhou-on-august-21-2026,guangzhou,2026-08-21,0,NO,34°C,0.61,16.39,10.0,0.195,40.5,34°C,lost,0.0,-10.2,2026-08-22T01:54:46Z
2026-08-21T13:11:12Z,highest-temperature-in-qingdao-on-august-21-2026,qingdao,2026-08-21,0,NO,31°C,0.47,21.28,10.0,0.265,54.5,31°C,won,21.28,11.02,2026-08-22T01:54:46Z
2026-08-21T13:11:12Z,highest-temperature-in-karachi-on-august-21-2026,karachi,2026-08-21,0,NO,32°C,0.36,27.78,10.0,0.32,64.5,32°C,lost,0.0,-10.32,2026-08-22T01:54:46Z
2026-08-21T13:11:12Z,highest-temperature-in-sao-paulo-on-august-21-2026,sao-paulo,2026-08-21,1,NO,25°C,0.61,16.39,10.0,0.195,40.0,25°C,lost,0.0,-10.2,2026-08-22T13:03:17Z
2026-08-21T13:11:12Z,highest-temperature-in-buenos-aires-on-august-21-2026,buenos-aires,2026-08-21,1,NO,12°C,0.44,22.73,10.0,0.28,58.0,12°C,won,22.73,12.45,2026-08-22T13:03:17Z
2026-08-21T13:11:12Z,highest-temperature-in-toronto-on-august-21-2026,toronto,2026-08-21,1,NO,25°C,0.45,22.22,10.0,0.275,56.5,25°C,lost,0.0,-10.28,2026-08-22T13:03:17Z
2026-08-21T13:11:12Z,highest-temperature-in-seattle-on-august-21-2026,seattle,2026-08-21,1,NO,80-81°F,0.68,14.71,10.0,0.16,33.0,80-81°F,lost,0.0,-10.16,2026-08-22T13:03:17Z
2026-08-21T13:11:12Z,highest-temperature-in-nyc-on-august-21-2026,nyc,2026-08-21,1,NO,78-79°F,0.66,15.15,10.0,0.17,35.5,78-79°F,lost,0.0,-10.17,2026-08-22T13:03:17Z
2026-08-21T13:11:12Z,highest-temperature-in-dallas-on-august-21-2026,dallas,2026-08-21,1,NO,104-105°F,0.49,20.41,10.0,0.255,51.5,104-105°F,won,20.41,10.15,2026-08-22T13:03:17Z
2026-08-21T13:11:12Z,highest-temperature-in-atlanta-on-august-21-2026,atlanta,2026-08-21,1,NO,90-91°F,0.65,15.38,10.0,0.1749,35.5,90-91°F,won,15.38,5.21,2026-08-22T13:03:17Z
2026-08-21T13:11:12Z,highest-temperature-in-miami-on-august-21-2026,miami,2026-08-21,1,NO,92-93°F,0.51,19.61,10.0,0.245,50.5,92-93°F,lost,0.0,-10.24,2026-08-22T13:03:17Z
2026-08-21T13:11:12Z,highest-temperature-in-chicago-on-august-21-2026,chicago,2026-08-21,1,NO,80-81°F,0.5,20.0,10.0,0.25,50.5,80-81°F,lost,0.0,-10.25,2026-08-22T13:03:17Z
2026-08-21T13:11:12Z,highest-temperature-in-austin-on-august-21-2026,austin,2026-08-21,1,NO,102-103°F,0.4,25.0,10.0,0.3,60.5,102-103°F,won,25.0,14.7,2026-08-22T13:03:17Z
2026-08-21T13:11:12Z,highest-temperature-in-denver-on-august-21-2026,denver,2026-08-21,1,NO,98-99°F,0.54,18.52,10.0,0.23,47.0,98-99°F,won,18.52,8.29,2026-08-22T13:03:17Z
2026-08-21T13:11:12Z,highest-temperature-in-houston-on-august-21-2026,houston,2026-08-21,1,NO,98-99°F,0.36,27.78,10.0,0.32,64.5,98-99°F,lost,0.0,-10.32,2026-08-22T13:03:17Z
2026-08-22T01:54:46Z,highest-temperature-in-london-on-august-22-2026,london,2026-08-22,0,NO,22°C,0.49,20.41,10.0,0.255,51.5,22°C,lost,0.0,-10.26,2026-08-23T13:02:53Z
2026-08-22T01:54:46Z,highest-temperature-in-paris-on-august-22-2026,paris,2026-08-22,0,NO,23°C,0.43,23.26,10.0,0.2851,57.5,23°C,won,23.26,12.97,2026-08-23T02:04:29Z
2026-08-22T01:54:46Z,highest-temperature-in-seoul-on-august-22-2026,seoul,2026-08-22,0,NO,28°C,0.56,17.86,10.0,0.22,48.5,28°C,won,17.86,7.64,2026-08-23T02:04:29Z
2026-08-22T01:54:46Z,highest-temperature-in-ankara-on-august-22-2026,ankara,2026-08-22,0,NO,35°C,0.37,27.03,10.0,0.315,64.5,35°C,lost,0.0,-10.31,2026-08-23T02:04:29Z
2026-08-22T01:54:46Z,highest-temperature-in-lucknow-on-august-22-2026,lucknow,2026-08-22,0,NO,31°C,0.68,14.71,10.0,0.16,33.5,31°C,lost,0.0,-10.16,2026-08-23T02:04:29Z
2026-08-22T01:54:46Z,highest-temperature-in-munich-on-august-22-2026,munich,2026-08-22,0,NO,20°C,0.58,17.24,10.0,0.21,44.0,20°C,won,17.24,7.03,2026-08-23T02:04:29Z
2026-08-22T01:54:46Z,highest-temperature-in-tel-aviv-on-august-22-2026,tel-aviv,2026-08-22,0,NO,32°C,0.41,24.39,10.0,0.295,59.5,32°C,won,24.39,14.1,2026-08-23T02:04:29Z
2026-08-22T01:54:46Z,highest-temperature-in-tokyo-on-august-22-2026,tokyo,2026-08-22,0,NO,31°C,0.62,16.13,10.0,0.19,40.5,31°C,lost,0.0,-10.19,2026-08-23T02:04:29Z
2026-08-22T01:54:46Z,highest-temperature-in-hong-kong-on-august-22-2026,hong-kong,2026-08-22,0,NO,31°C,0.69,14.49,10.0,0.155,33.0,31°C,lost,0.0,-10.15,2026-08-24T13:14:31Z
2026-08-22T01:54:46Z,highest-temperature-in-shanghai-on-august-22-2026,shanghai,2026-08-22,0,NO,30°C,0.56,17.86,10.0,0.22,46.5,30°C,won,17.86,7.64,2026-08-23T02:04:29Z
2026-08-22T01:54:46Z,highest-temperature-in-milan-on-august-22-2026,milan,2026-08-22,0,NO,28°C,0.56,17.86,10.0,0.22,46.0,28°C,won,17.86,7.64,2026-08-23T02:04:29Z
2026-08-22T01:54:46Z,highest-temperature-in-madrid-on-august-22-2026,madrid,2026-08-22,0,NO,33°C,0.4,25.0,10.0,0.3,61.0,33°C,lost,0.0,-10.3,2026-08-23T02:04:29Z
2026-08-22T01:54:46Z,highest-temperature-in-taipei-on-august-22-2026,taipei,2026-08-22,0,NO,35°C,0.58,17.24,10.0,0.21,46.5,35°C,lost,0.0,-10.21,2026-08-23T02:04:29Z
2026-08-22T01:54:46Z,highest-temperature-in-chongqing-on-august-22-2026,chongqing,2026-08-22,0,NO,36°C,0.61,16.39,10.0,0.195,40.0,36°C,won,16.39,6.2,2026-08-23T02:04:29Z
2026-08-22T01:54:46Z,highest-temperature-in-beijing-on-august-22-2026,beijing,2026-08-22,0,NO,32°C,0.68,14.71,10.0,0.16,34.0,32°C,won,14.71,4.55,2026-08-23T02:04:29Z
2026-08-22T01:54:46Z,highest-temperature-in-wuhan-on-august-22-2026,wuhan,2026-08-22,0,NO,36°C,0.63,15.87,10.0,0.185,38.0,36°C,lost,0.0,-10.19,2026-08-23T02:04:29Z
2026-08-22T01:54:46Z,highest-temperature-in-shenzhen-on-august-22-2026,shenzhen,2026-08-22,0,NO,32°C,0.74,13.51,10.0,0.13,28.5,32°C,lost,0.0,-10.13,2026-08-23T02:04:29Z
2026-08-22T01:54:46Z,highest-temperature-in-moscow-on-august-22-2026,moscow,2026-08-22,0,NO,22°C,0.39,25.64,10.0,0.305,62.5,22°C,lost,0.0,-10.3,2026-08-23T02:04:29Z
2026-08-22T01:54:46Z,highest-temperature-in-istanbul-on-august-22-2026,istanbul,2026-08-22,0,NO,27°C,0.44,22.73,10.0,0.28,57.5,27°C,lost,0.0,-10.28,2026-08-23T02:04:29Z
2026-08-22T01:54:46Z,highest-temperature-in-busan-on-august-22-2026,busan,2026-08-22,0,NO,34°C,0.63,15.87,10.0,0.185,40.5,34°C,won,15.87,5.68,2026-08-23T02:04:29Z
2026-08-22T01:54:46Z,highest-temperature-in-amsterdam-on-august-22-2026,amsterdam,2026-08-22,0,NO,19°C,0.43,23.26,10.0,0.2851,58.0,19°C,won,23.26,12.97,2026-08-23T02:04:29Z
2026-08-22T01:54:46Z,highest-temperature-in-helsinki-on-august-22-2026,helsinki,2026-08-22,0,NO,19°C,0.47,21.28,10.0,0.265,54.5,19°C,won,21.28,11.02,2026-08-23T02:04:29Z
2026-08-22T01:54:46Z,highest-temperature-in-kuala-lumpur-on-august-22-2026,kuala-lumpur,2026-08-22,0,NO,35°C,0.5,20.0,10.0,0.25,50.5,35°C,won,20.0,9.75,2026-08-23T02:04:29Z
2026-08-22T01:54:46Z,highest-temperature-in-cape-town-on-august-22-2026,cape-town,2026-08-22,0,NO,18°C,0.57,17.54,10.0,0.215,43.5,18°C,won,17.54,7.32,2026-08-23T02:04:29Z
2026-08-22T01:54:46Z,highest-temperature-in-guangzhou-on-august-22-2026,guangzhou,2026-08-22,0,NO,34°C,0.6,16.67,10.0,0.2,42.0,34°C,won,16.67,6.47,2026-08-23T02:04:29Z
2026-08-22T01:54:46Z,highest-temperature-in-qingdao-on-august-22-2026,qingdao,2026-08-22,0,NO,31°C,0.6,16.67,10.0,0.2,42.0,31°C,lost,0.0,-10.2,2026-08-23T02:04:29Z
2026-08-22T01:54:46Z,highest-temperature-in-karachi-on-august-22-2026,karachi,2026-08-22,0,NO,31°C,0.51,19.61,10.0,0.245,49.5,31°C,won,19.61,9.37,2026-08-23T02:04:29Z
2026-08-22T01:54:46Z,highest-temperature-in-manila-on-august-22-2026,manila,2026-08-22,0,NO,31°C,0.55,18.18,10.0,0.225,45.5,31°C,won,18.18,7.96,2026-08-23T02:04:29Z
2026-08-22T13:03:17Z,highest-temperature-in-sao-paulo-on-august-22-2026,sao-paulo,2026-08-22,1,NO,22°C,0.61,16.39,10.0,0.195,40.0,22°C,won,16.39,6.2,2026-08-23T13:02:53Z
2026-08-22T13:03:17Z,highest-temperature-in-buenos-aires-on-august-22-2026,buenos-aires,2026-08-22,1,NO,14°C,0.32,31.25,10.0,0.34,68.5,14°C,lost,0.0,-10.34,2026-08-23T13:02:53Z
2026-08-22T13:03:17Z,highest-temperature-in-toronto-on-august-22-2026,toronto,2026-08-22,1,NO,24°C,0.65,15.38,10.0,0.1749,35.5,24°C,won,15.38,5.21,2026-08-23T13:02:53Z
2026-08-22T13:03:17Z,highest-temperature-in-seattle-on-august-22-2026,seattle,2026-08-22,1,NO,74-75°F,0.71,14.08,10.0,0.145,29.5,74-75°F,lost,0.0,-10.14,2026-08-23T13:02:53Z
2026-08-22T13:03:17Z,highest-temperature-in-nyc-on-august-22-2026,nyc,2026-08-22,1,NO,76-77°F,0.56,17.86,10.0,0.22,44.5,76-77°F,lost,0.0,-10.22,2026-08-23T13:02:53Z
2026-08-22T13:03:17Z,highest-temperature-in-dallas-on-august-22-2026,dallas,2026-08-22,1,NO,104-105°F,0.52,19.23,10.0,0.24,50.0,104-105°F,lost,0.0,-10.24,2026-08-23T13:02:53Z
2026-08-22T13:03:17Z,highest-temperature-in-atlanta-on-august-22-2026,atlanta,2026-08-22,1,NO,92-93°F,0.46,21.74,10.0,0.27,54.5,92-93°F,lost,0.0,-10.27,2026-08-23T13:02:53Z
2026-08-22T13:03:17Z,highest-temperature-in-miami-on-august-22-2026,miami,2026-08-22,1,NO,92-93°F,0.44,22.73,10.0,0.28,57.5,92-93°F,won,22.73,12.45,2026-08-23T13:02:53Z
2026-08-22T13:03:17Z,highest-temperature-in-chicago-on-august-22-2026,chicago,2026-08-22,1,NO,80-81°F,0.4,25.0,10.0,0.3,61.5,80-81°F,lost,0.0,-10.3,2026-08-23T13:02:53Z
2026-08-22T13:03:17Z,highest-temperature-in-austin-on-august-22-2026,austin,2026-08-22,1,NO,104-105°F,0.46,21.74,10.0,0.27,55.5,104-105°F,lost,0.0,-10.27,2026-08-23T13:02:53Z
2026-08-23T02:04:29Z,highest-temperature-in-london-on-august-23-2026,london,2026-08-23,0,NO,24°C,0.45,22.22,10.0,0.275,56.0,24°C,lost,0.0,-10.28,2026-08-24T02:07:55Z
2026-08-23T02:04:29Z,highest-temperature-in-paris-on-august-23-2026,paris,2026-08-23,0,NO,24°C,0.48,20.83,10.0,0.26,54.0,24°C,lost,0.0,-10.26,2026-08-24T02:07:55Z
2026-08-23T02:04:29Z,highest-temperature-in-seoul-on-august-23-2026,seoul,2026-08-23,0,NO,32°C,0.63,15.87,10.0,0.185,39.0,32°C,lost,0.0,-10.19,2026-08-24T02:07:55Z
2026-08-23T02:04:29Z,highest-temperature-in-ankara-on-august-23-2026,ankara,2026-08-23,0,NO,35°C,0.47,21.28,10.0,0.265,54.0,35°C,lost,0.0,-10.27,2026-08-24T02:07:55Z
2026-08-23T02:04:29Z,highest-temperature-in-lucknow-on-august-23-2026,lucknow,2026-08-23,0,NO,33°C,0.61,16.39,10.0,0.195,39.5,33°C,lost,0.0,-10.2,2026-08-24T02:07:55Z
2026-08-23T02:04:29Z,highest-temperature-in-munich-on-august-23-2026,munich,2026-08-23,0,NO,22°C,0.56,17.86,10.0,0.22,44.5,22°C,won,17.86,7.64,2026-08-24T02:07:55Z
2026-08-23T02:04:29Z,highest-temperature-in-tel-aviv-on-august-23-2026,tel-aviv,2026-08-23,0,NO,32°C,0.31,32.26,10.0,0.345,69.5,32°C,lost,0.0,-10.35,2026-08-24T02:07:55Z
2026-08-23T02:04:29Z,highest-temperature-in-tokyo-on-august-23-2026,tokyo,2026-08-23,0,NO,30°C,0.61,16.39,10.0,0.195,40.0,30°C,won,16.39,6.2,2026-08-24T02:07:55Z
2026-08-23T02:04:29Z,highest-temperature-in-hong-kong-on-august-23-2026,hong-kong,2026-08-23,0,NO,32°C,0.57,17.54,10.0,0.215,44.0,32°C,lost,0.0,-10.21,2026-08-24T13:14:31Z
2026-08-23T02:04:29Z,highest-temperature-in-shanghai-on-august-23-2026,shanghai,2026-08-23,0,NO,31°C,0.46,21.74,10.0,0.27,55.5,31°C,lost,0.0,-10.27,2026-08-24T02:07:55Z
2026-08-23T02:04:29Z,highest-temperature-in-singapore-on-august-23-2026,singapore,2026-08-23,0,NO,33°C,0.42,23.81,10.0,0.29,60.0,33°C,lost,0.0,-10.29,2026-08-24T02:07:55Z
2026-08-23T02:04:29Z,highest-temperature-in-milan-on-august-23-2026,milan,2026-08-23,0,NO,28°C,0.47,21.28,10.0,0.265,55.0,28°C,lost,0.0,-10.27,2026-08-24T02:07:55Z
2026-08-23T02:04:29Z,highest-temperature-in-madrid-on-august-23-2026,madrid,2026-08-23,0,NO,34°C,0.44,22.73,10.0,0.28,58.0,34°C,lost,0.0,-10.28,2026-08-24T02:07:55Z
2026-08-23T02:04:29Z,highest-temperature-in-warsaw-on-august-23-2026,warsaw,2026-08-23,0,NO,19°C,0.53,18.87,10.0,0.235,47.5,19°C,lost,0.0,-10.23,2026-08-24T02:07:55Z
2026-08-23T02:04:29Z,highest-temperature-in-taipei-on-august-23-2026,taipei,2026-08-23,0,NO,32°C,0.65,15.38,10.0,0.1749,36.0,32°C,lost,0.0,-10.17,2026-08-24T02:07:55Z
2026-08-23T02:04:29Z,highest-temperature-in-chongqing-on-august-23-2026,chongqing,2026-08-23,0,NO,>=38°C,0.66,15.15,10.0,0.17,35.0,>=38°C,won,15.15,4.98,2026-08-24T02:07:55Z
2026-08-23T02:04:29Z,highest-temperature-in-beijing-on-august-23-2026,beijing,2026-08-23,0,NO,32°C,0.72,13.89,10.0,0.14,30.0,32°C,won,13.89,3.75,2026-08-24T02:07:55Z
2026-08-23T02:04:29Z,highest-temperature-in-wuhan-on-august-23-2026,wuhan,2026-08-23,0,NO,35°C,0.58,17.24,10.0,0.21,44.0,35°C,lost,0.0,-10.21,2026-08-24T02:07:55Z
2026-08-23T02:04:29Z,highest-temperature-in-shenzhen-on-august-23-2026,shenzhen,2026-08-23,0,NO,32°C,0.63,15.87,10.0,0.185,38.5,32°C,won,15.87,5.68,2026-08-24T02:07:55Z
2026-08-23T02:04:29Z,highest-temperature-in-moscow-on-august-23-2026,moscow,2026-08-23,0,NO,23°C,0.38,26.32,10.0,0.31,63.5,23°C,lost,0.0,-10.31,2026-08-24T02:07:55Z
2026-08-23T02:04:29Z,highest-temperature-in-istanbul-on-august-23-2026,istanbul,2026-08-23,0,NO,28°C,0.52,19.23,10.0,0.24,49.5,28°C,lost,0.0,-10.24,2026-08-24T02:07:55Z
2026-08-23T02:04:29Z,highest-temperature-in-busan-on-august-23-2026,busan,2026-08-23,0,NO,35°C,0.59,16.95,10.0,0.205,42.0,35°C,lost,0.0,-10.21,2026-08-24T02:07:55Z
2026-08-23T02:04:29Z,highest-temperature-in-amsterdam-on-august-23-2026,amsterdam,2026-08-23,0,NO,20°C,0.46,21.74,10.0,0.27,55.0,20°C,lost,0.0,-10.27,2026-08-24T02:07:55Z
2026-08-23T02:04:29Z,highest-temperature-in-helsinki-on-august-23-2026,helsinki,2026-08-23,0,NO,16°C,0.46,21.74,10.0,0.27,56.0,16°C,won,21.74,11.47,2026-08-24T02:07:55Z
2026-08-23T02:04:29Z,highest-temperature-in-kuala-lumpur-on-august-23-2026,kuala-lumpur,2026-08-23,0,NO,34°C,0.52,19.23,10.0,0.24,50.5,34°C,lost,0.0,-10.24,2026-08-24T02:07:55Z
2026-08-23T02:04:29Z,highest-temperature-in-jeddah-on-august-23-2026,jeddah,2026-08-23,0,NO,40°C,0.65,15.38,10.0,0.1749,35.5,40°C,lost,0.0,-10.17,2026-08-24T02:07:55Z
2026-08-23T02:04:29Z,highest-temperature-in-cape-town-on-august-23-2026,cape-town,2026-08-23,0,NO,19°C,0.6,16.67,10.0,0.2,41.0,19°C,lost,0.0,-10.2,2026-08-24T02:07:55Z
2026-08-23T02:04:29Z,highest-temperature-in-guangzhou-on-august-23-2026,guangzhou,2026-08-23,0,NO,33°C,0.75,13.33,10.0,0.125,29.0,33°C,lost,0.0,-10.12,2026-08-24T02:07:55Z
2026-08-23T02:04:29Z,highest-temperature-in-qingdao-on-august-23-2026,qingdao,2026-08-23,0,NO,31°C,0.63,15.87,10.0,0.185,39.5,31°C,lost,0.0,-10.19,2026-08-24T02:07:55Z
2026-08-23T13:02:53Z,highest-temperature-in-karachi-on-august-23-2026,karachi,2026-08-23,0,NO,31°C,0.5,20.0,10.0,0.25,50.5,31°C,won,20.0,9.75,2026-08-24T02:07:55Z
2026-08-23T13:02:53Z,highest-temperature-in-manila-on-august-23-2026,manila,2026-08-23,0,NO,32°C,0.58,17.24,10.0,0.21,44.5,32°C,lost,0.0,-10.21,2026-08-24T02:07:55Z
2026-08-23T13:02:53Z,highest-temperature-in-sao-paulo-on-august-23-2026,sao-paulo,2026-08-23,1,NO,24°C,0.49,20.41,10.0,0.255,52.5,24°C,lost,0.0,-10.26,2026-08-24T13:14:31Z
2026-08-23T13:02:53Z,highest-temperature-in-buenos-aires-on-august-23-2026,buenos-aires,2026-08-23,1,NO,13°C,0.44,22.73,10.0,0.28,57.5,13°C,won,22.73,12.45,2026-08-24T13:14:31Z
2026-08-23T13:02:53Z,highest-temperature-in-toronto-on-august-23-2026,toronto,2026-08-23,1,NO,21°C,0.67,14.93,10.0,0.1651,33.5,21°C,won,14.93,4.76,2026-08-24T13:14:31Z
2026-08-23T13:02:53Z,highest-temperature-in-seattle-on-august-23-2026,seattle,2026-08-23,1,NO,74-75°F,0.58,17.24,10.0,0.21,42.5,74-75°F,lost,0.0,-10.21,2026-08-24T13:14:31Z
2026-08-24T02:07:55Z,highest-temperature-in-seoul-on-august-24-2026,seoul,2026-08-24,0,NO,32°C,0.53,18.87,10.0,0.235,52.5,32°C,won,18.87,8.64,2026-08-25T02:03:01Z
2026-08-24T02:07:55Z,highest-temperature-in-tokyo-on-august-24-2026,tokyo,2026-08-24,0,NO,33°C,0.57,17.54,10.0,0.215,43.5,33°C,lost,0.0,-10.21,2026-08-25T02:03:01Z
2026-08-24T02:07:55Z,highest-temperature-in-hong-kong-on-august-24-2026,hong-kong,2026-08-24,0,NO,32°C,0.43,23.26,10.0,0.2851,58.5,32°C,won,23.26,12.97,2026-08-25T13:15:37Z
2026-08-24T02:07:55Z,highest-temperature-in-shanghai-on-august-24-2026,shanghai,2026-08-24,0,NO,32°C,0.42,23.81,10.0,0.29,58.5,32°C,lost,0.0,-10.29,2026-08-25T13:15:37Z
2026-08-24T02:07:55Z,highest-temperature-in-chongqing-on-august-24-2026,chongqing,2026-08-24,0,NO,37°C,0.55,18.18,10.0,0.225,48.0,37°C,lost,0.0,-10.22,2026-08-25T13:15:37Z
2026-08-24T02:07:55Z,highest-temperature-in-beijing-on-august-24-2026,beijing,2026-08-24,0,NO,32°C,0.7,14.29,10.0,0.15,32.0,32°C,won,14.29,4.14,2026-08-25T13:15:37Z
2026-08-24T02:07:55Z,highest-temperature-in-wuhan-on-august-24-2026,wuhan,2026-08-24,0,NO,36°C,0.52,19.23,10.0,0.24,48.5,36°C,won,19.23,8.99,2026-08-25T13:15:37Z
2026-08-24T02:07:55Z,highest-temperature-in-chengdu-on-august-24-2026,chengdu,2026-08-24,0,NO,35°C,0.62,16.13,10.0,0.19,39.5,35°C,won,16.13,5.94,2026-08-25T13:15:37Z
2026-08-24T02:07:55Z,highest-temperature-in-shenzhen-on-august-24-2026,shenzhen,2026-08-24,0,NO,33°C,0.7,14.29,10.0,0.15,33.0,33°C,won,14.29,4.14,2026-08-25T13:15:37Z
2026-08-24T02:07:55Z,highest-temperature-in-busan-on-august-24-2026,busan,2026-08-24,0,NO,35°C,0.66,15.15,10.0,0.17,38.0,35°C,won,15.15,4.98,2026-08-25T02:03:01Z
2026-08-24T02:07:55Z,highest-temperature-in-kuala-lumpur-on-august-24-2026,kuala-lumpur,2026-08-24,0,NO,34°C,0.47,21.28,10.0,0.265,54.0,34°C,lost,0.0,-10.27,2026-08-25T13:15:37Z
2026-08-24T13:14:31Z,highest-temperature-in-guangzhou-on-august-24-2026,guangzhou,2026-08-24,0,NO,34°C,0.77,12.99,10.0,0.115,27.5,34°C,lost,0.0,-10.12,2026-08-25T13:15:37Z
2026-08-24T13:14:31Z,highest-temperature-in-qingdao-on-august-24-2026,qingdao,2026-08-24,0,NO,32°C,0.43,23.26,10.0,0.2851,59.5,32°C,won,23.26,12.97,2026-08-25T13:15:37Z
2026-08-24T13:14:31Z,highest-temperature-in-manila-on-august-24-2026,manila,2026-08-24,0,NO,32°C,0.54,18.52,10.0,0.23,48.0,32°C,lost,0.0,-10.23,2026-08-25T13:15:37Z
2026-08-24T13:14:31Z,highest-temperature-in-london-on-august-24-2026,london,2026-08-24,0,NO,22°C,0.48,20.83,10.0,0.26,52.5,22°C,lost,0.0,-10.26,2026-08-25T02:03:01Z
2026-08-24T13:14:31Z,highest-temperature-in-paris-on-august-24-2026,paris,2026-08-24,0,NO,27°C,0.48,20.83,10.0,0.26,53.5,27°C,lost,0.0,-10.26,2026-08-25T13:15:37Z
2026-08-24T13:14:31Z,highest-temperature-in-ankara-on-august-24-2026,ankara,2026-08-24,0,NO,32°C,0.4,25.0,10.0,0.3,60.5,32°C,won,25.0,14.7,2026-08-25T13:15:37Z
2026-08-25T02:03:01Z,highest-temperature-in-london-on-august-25-2026,london,2026-08-25,0,NO,24°C,0.42,23.81,10.0,0.29,59.5,24°C,lost,0.0,-10.29,2026-08-26T02:09:15Z
2026-08-25T02:03:01Z,highest-temperature-in-paris-on-august-25-2026,paris,2026-08-25,0,NO,29°C,0.64,15.62,10.0,0.1799,36.5,29°C,lost,0.0,-10.18,2026-08-26T13:17:01Z
2026-08-25T02:03:01Z,highest-temperature-in-seoul-on-august-25-2026,seoul,2026-08-25,0,NO,31°C,0.57,17.54,10.0,0.215,45.5,31°C,lost,0.0,-10.21,2026-08-26T02:09:15Z
2026-08-25T13:15:37Z,highest-temperature-in-lucknow-on-august-25-2026,lucknow,2026-08-25,0,NO,31°C,0.69,14.49,10.0,0.155,33.0,31°C,won,14.49,4.33,2026-08-26T02:09:15Z
2026-08-25T13:15:37Z,highest-temperature-in-tokyo-on-august-25-2026,tokyo,2026-08-25,0,NO,35°C,0.61,16.39,10.0,0.195,43.5,35°C,won,16.39,6.2,2026-08-26T02:09:15Z
2026-08-25T13:15:37Z,highest-temperature-in-hong-kong-on-august-25-2026,hong-kong,2026-08-25,0,NO,32°C,0.54,18.52,10.0,0.23,48.0,32°C,won,18.52,8.29,2026-08-26T13:17:01Z
2026-08-25T13:15:37Z,highest-temperature-in-shanghai-on-august-25-2026,shanghai,2026-08-25,0,NO,31°C,0.38,26.32,10.0,0.31,63.5,31°C,lost,0.0,-10.31,2026-08-26T02:09:15Z
2026-08-25T13:15:37Z,highest-temperature-in-milan-on-august-25-2026,milan,2026-08-25,0,NO,27°C,0.52,19.23,10.0,0.24,48.5,27°C,won,19.23,8.99,2026-08-26T02:09:15Z
2026-08-25T13:15:37Z,highest-temperature-in-madrid-on-august-25-2026,madrid,2026-08-25,0,NO,29°C,0.37,27.03,10.0,0.315,64.5,29°C,won,27.03,16.71,2026-08-26T02:09:15Z
2026-08-25T13:15:37Z,highest-temperature-in-warsaw-on-august-25-2026,warsaw,2026-08-25,0,NO,22°C,0.52,19.23,10.0,0.24,49.5,22°C,lost,0.0,-10.24,2026-08-26T02:09:15Z
2026-08-25T13:15:37Z,highest-temperature-in-taipei-on-august-25-2026,taipei,2026-08-25,0,NO,31°C,0.72,13.89,10.0,0.14,38.0,31°C,won,13.89,3.75,2026-08-26T02:09:15Z
2026-08-25T13:15:37Z,highest-temperature-in-chongqing-on-august-25-2026,chongqing,2026-08-25,0,NO,38°C,0.5,20.0,10.0,0.25,51.0,38°C,lost,0.0,-10.25,2026-08-26T02:09:15Z
2026-08-25T13:15:37Z,highest-temperature-in-beijing-on-august-25-2026,beijing,2026-08-25,0,NO,32°C,0.68,14.71,10.0,0.16,33.5,32°C,won,14.71,4.55,2026-08-26T02:09:15Z
2026-08-25T13:15:37Z,highest-temperature-in-wuhan-on-august-25-2026,wuhan,2026-08-25,0,NO,38°C,0.62,16.13,10.0,0.19,40.5,38°C,won,16.13,5.94,2026-08-26T02:09:15Z
2026-08-25T13:15:37Z,highest-temperature-in-chengdu-on-august-25-2026,chengdu,2026-08-25,0,NO,37°C,0.57,17.54,10.0,0.215,45.0,37°C,won,17.54,7.32,2026-08-26T02:09:15Z
2026-08-25T13:15:37Z,highest-temperature-in-shenzhen-on-august-25-2026,shenzhen,2026-08-25,0,NO,32°C,0.63,15.87,10.0,0.185,40.0,32°C,lost,0.0,-10.19,2026-08-26T02:09:15Z
2026-08-26T02:09:15Z,highest-temperature-in-london-on-august-26-2026,london,2026-08-26,0,NO,26°C,0.61,16.39,10.0,0.195,40.0,26°C,open,,,
2026-08-26T02:09:15Z,highest-temperature-in-paris-on-august-26-2026,paris,2026-08-26,0,NO,29°C,0.5,20.0,10.0,0.25,50.5,29°C,open,,,
2026-08-26T02:09:15Z,highest-temperature-in-seoul-on-august-26-2026,seoul,2026-08-26,0,NO,30°C,0.54,18.52,10.0,0.23,48.0,30°C,open,,,
2026-08-26T02:09:15Z,highest-temperature-in-ankara-on-august-26-2026,ankara,2026-08-26,0,NO,32°C,0.52,19.23,10.0,0.24,48.5,32°C,open,,,
2026-08-26T02:09:15Z,highest-temperature-in-wellington-on-august-26-2026,wellington,2026-08-26,0,NO,16°C,0.44,22.73,10.0,0.28,59.5,16°C,open,,,
2026-08-26T02:09:15Z,highest-temperature-in-lucknow-on-august-26-2026,lucknow,2026-08-26,0,NO,31°C,0.63,15.87,10.0,0.185,39.0,31°C,open,,,
2026-08-26T02:09:15Z,highest-temperature-in-munich-on-august-26-2026,munich,2026-08-26,0,NO,27°C,0.51,19.61,10.0,0.245,49.5,27°C,open,,,
2026-08-26T02:09:15Z,highest-temperature-in-tel-aviv-on-august-26-2026,tel-aviv,2026-08-26,0,NO,33°C,0.38,26.32,10.0,0.31,63.5,33°C,open,,,
2026-08-26T02:09:15Z,highest-temperature-in-tokyo-on-august-26-2026,tokyo,2026-08-26,0,NO,35°C,0.57,17.54,10.0,0.215,46.0,35°C,open,,,
2026-08-26T02:09:15Z,highest-temperature-in-hong-kong-on-august-26-2026,hong-kong,2026-08-26,0,NO,30°C,0.52,19.23,10.0,0.24,49.5,30°C,open,,,
2026-08-26T02:09:15Z,highest-temperature-in-shanghai-on-august-26-2026,shanghai,2026-08-26,0,NO,32°C,0.32,31.25,10.0,0.34,69.0,32°C,open,,,
2026-08-26T02:09:15Z,highest-temperature-in-singapore-on-august-26-2026,singapore,2026-08-26,0,NO,32°C,0.6,16.67,10.0,0.2,41.5,32°C,open,,,
2026-08-26T02:09:15Z,highest-temperature-in-milan-on-august-26-2026,milan,2026-08-26,0,NO,29°C,0.39,25.64,10.0,0.305,62.0,29°C,open,,,
2026-08-26T02:09:15Z,highest-temperature-in-madrid-on-august-26-2026,madrid,2026-08-26,0,NO,30°C,0.5,20.0,10.0,0.25,51.0,30°C,open,,,
2026-08-26T13:17:01Z,highest-temperature-in-warsaw-on-august-26-2026,warsaw,2026-08-26,0,NO,23°C,0.38,26.32,10.0,0.31,63.0,23°C,open,,,
2026-08-26T13:17:01Z,highest-temperature-in-taipei-on-august-26-2026,taipei,2026-08-26,0,NO,33°C,0.58,17.24,10.0,0.21,44.0,33°C,open,,,
