entry_utc,event_slug,city,target_date,lead_days,side,bucket,ask,shares,stake,fee,model_median_c,pm_top_bucket,status,payout,pnl,settle_utc
2026-07-16T10:53:03Z,highest-temperature-in-hong-kong-on-july-17-2026,hong-kong,2026-07-17,1,NO,29°C,0.76,13.16,10.0,0.12,29.8,29°C,won,13.16,3.04,2026-07-20T06:37:36Z
2026-07-16T10:53:03Z,highest-temperature-in-shanghai-on-july-17-2026,shanghai,2026-07-17,1,NO,37°C,0.72,13.89,10.0,0.14,36.6,38°C,won,13.89,3.75,2026-07-18T07:11:09Z
2026-07-16T10:53:03Z,highest-temperature-in-madrid-on-july-17-2026,madrid,2026-07-17,1,NO,35°C,0.49,20.41,10.0,0.255,34.6,35°C,won,20.41,10.15,2026-07-18T07:11:09Z
2026-07-16T10:53:03Z,highest-temperature-in-warsaw-on-july-17-2026,warsaw,2026-07-17,1,NO,32°C,0.66,15.15,10.0,0.17,31.5,31°C,won,15.15,4.98,2026-07-18T07:11:09Z
2026-07-16T10:53:03Z,highest-temperature-in-taipei-on-july-17-2026,taipei,2026-07-17,1,NO,36°C,0.577,17.33,10.0,0.2115,35.8,36°C,won,17.33,7.12,2026-07-18T07:11:09Z
2026-07-16T10:53:03Z,highest-temperature-in-beijing-on-july-17-2026,beijing,2026-07-17,1,NO,33°C,0.65,15.38,10.0,0.1749,33.3,33°C,won,15.38,5.21,2026-07-18T07:11:09Z
2026-07-16T10:53:03Z,highest-temperature-in-wuhan-on-july-17-2026,wuhan,2026-07-17,1,NO,36°C,0.66,15.15,10.0,0.17,35.8,37°C,won,15.15,4.98,2026-07-18T07:11:09Z
2026-07-16T10:53:03Z,highest-temperature-in-moscow-on-july-17-2026,moscow,2026-07-17,1,NO,21°C,0.7,14.29,10.0,0.15,21.3,22°C,lost,0.0,-10.15,2026-07-18T07:11:09Z
2026-07-16T10:53:03Z,highest-temperature-in-busan-on-july-17-2026,busan,2026-07-17,1,NO,33°C,0.759,13.18,10.0,0.1205,33.4,32°C,won,13.18,3.06,2026-07-18T07:11:09Z
2026-07-16T10:53:03Z,highest-temperature-in-helsinki-on-july-17-2026,helsinki,2026-07-17,1,NO,24°C,0.59,16.95,10.0,0.205,24.3,24°C,lost,0.0,-10.21,2026-07-18T07:11:09Z
2026-07-16T10:53:03Z,highest-temperature-in-guangzhou-on-july-17-2026,guangzhou,2026-07-17,1,NO,33°C,0.64,15.62,10.0,0.1799,33.2,33°C,won,15.62,5.44,2026-07-18T07:11:09Z
2026-07-16T10:53:03Z,highest-temperature-in-qingdao-on-july-17-2026,qingdao,2026-07-17,1,NO,26°C,0.76,13.16,10.0,0.12,25.5,25°C,lost,0.0,-10.12,2026-07-18T07:11:09Z
2026-07-16T10:53:03Z,highest-temperature-in-lucknow-on-july-17-2026,lucknow,2026-07-17,1,NO,>=35°C,0.74,13.51,10.0,0.13,42.0,33°C,lost,0.0,-10.13,2026-07-18T07:11:09Z
2026-07-16T10:53:03Z,highest-temperature-in-cape-town-on-july-17-2026,cape-town,2026-07-17,1,NO,19°C,0.63,15.87,10.0,0.185,19.1,19°C,won,15.87,5.68,2026-07-18T07:11:09Z
2026-07-16T10:53:03Z,highest-temperature-in-sao-paulo-on-july-17-2026,sao-paulo,2026-07-17,1,NO,25°C,0.56,17.86,10.0,0.22,25.4,25°C,won,17.86,7.64,2026-07-18T07:11:09Z
2026-07-16T10:53:03Z,highest-temperature-in-dallas-on-july-17-2026,dallas,2026-07-17,1,NO,94-95°F,0.73,13.7,10.0,0.135,34.2,92-93°F,lost,0.0,-10.13,2026-07-18T07:11:09Z
2026-07-16T10:53:03Z,highest-temperature-in-atlanta-on-july-17-2026,atlanta,2026-07-17,1,NO,92-93°F,0.73,13.7,10.0,0.135,33.6,90-91°F,won,13.7,3.56,2026-07-18T07:11:09Z
2026-07-16T10:53:03Z,highest-temperature-in-miami-on-july-17-2026,miami,2026-07-17,1,NO,92-93°F,0.67,14.93,10.0,0.1651,33.4,94-95°F,lost,0.0,-10.17,2026-07-18T07:11:09Z
2026-07-16T10:53:03Z,highest-temperature-in-denver-on-july-17-2026,denver,2026-07-17,1,NO,94-95°F,0.65,15.38,10.0,0.1749,34.8,92-93°F,won,15.38,5.21,2026-07-18T15:33:39Z
2026-07-16T10:53:03Z,highest-temperature-in-mexico-city-on-july-17-2026,mexico-city,2026-07-17,1,NO,24°C,0.56,17.86,10.0,0.22,24.3,24°C,lost,0.0,-10.22,2026-07-18T15:33:39Z
2026-07-16T10:53:03Z,highest-temperature-in-tokyo-on-july-18-2026,tokyo,2026-07-18,2,NO,30°C,0.66,15.15,10.0,0.17,30.2,30°C,won,15.15,4.98,2026-07-19T08:24:41Z
2026-07-16T10:53:03Z,highest-temperature-in-taipei-on-july-18-2026,taipei,2026-07-18,2,NO,37°C,0.66,15.15,10.0,0.17,36.6,37°C,won,15.15,4.98,2026-07-19T08:24:41Z
2026-07-16T10:53:03Z,highest-temperature-in-busan-on-july-18-2026,busan,2026-07-18,2,NO,29°C,0.72,13.89,10.0,0.14,28.9,29°C,won,13.89,3.75,2026-07-19T08:24:41Z
2026-07-16T10:53:03Z,highest-temperature-in-guangzhou-on-july-18-2026,guangzhou,2026-07-18,2,NO,33°C,0.76,13.16,10.0,0.12,33.2,34°C,won,13.16,3.04,2026-07-19T08:24:41Z
2026-07-16T10:53:03Z,highest-temperature-in-qingdao-on-july-18-2026,qingdao,2026-07-18,2,NO,30°C,0.74,13.51,10.0,0.13,30.3,29°C,won,13.51,3.38,2026-07-19T08:24:41Z
2026-07-16T10:53:03Z,highest-temperature-in-karachi-on-july-18-2026,karachi,2026-07-18,2,NO,32°C,0.69,14.49,10.0,0.155,31.8,33°C,won,14.49,4.33,2026-07-19T08:24:41Z
2026-07-17T07:42:56Z,highest-temperature-in-hong-kong-on-july-18-2026,hong-kong,2026-07-18,1,NO,30°C,0.7,14.29,10.0,0.15,30.1,30°C,lost,0.0,-10.15,2026-07-20T06:37:36Z
2026-07-17T07:42:56Z,highest-temperature-in-kuala-lumpur-on-july-18-2026,kuala-lumpur,2026-07-18,1,NO,32°C,0.58,17.24,10.0,0.21,31.5,32°C,lost,0.0,-10.21,2026-07-19T08:24:41Z
2026-07-17T07:42:56Z,highest-temperature-in-manila-on-july-18-2026,manila,2026-07-18,1,NO,32°C,0.53,18.87,10.0,0.235,31.9,32°C,lost,0.0,-10.23,2026-07-19T08:24:41Z
2026-07-17T07:42:56Z,highest-temperature-in-munich-on-july-18-2026,munich,2026-07-18,1,NO,25°C,0.7,14.29,10.0,0.15,25.1,25°C,won,14.29,4.14,2026-07-19T08:24:41Z
2026-07-17T07:42:56Z,highest-temperature-in-madrid-on-july-18-2026,madrid,2026-07-18,1,NO,37°C,0.56,17.86,10.0,0.22,37.1,37°C,won,17.86,7.64,2026-07-19T08:24:41Z
2026-07-17T07:42:56Z,highest-temperature-in-sao-paulo-on-july-18-2026,sao-paulo,2026-07-18,1,NO,25°C,0.54,18.52,10.0,0.23,25.1,25°C,won,18.52,8.29,2026-07-19T08:24:41Z
2026-07-17T07:42:56Z,highest-temperature-in-buenos-aires-on-july-18-2026,buenos-aires,2026-07-18,1,NO,18°C,0.57,17.54,10.0,0.215,17.6,18°C,won,17.54,7.32,2026-07-19T08:24:41Z
2026-07-17T07:42:56Z,highest-temperature-in-dallas-on-july-18-2026,dallas,2026-07-18,1,NO,96-97°F,0.6,16.67,10.0,0.2,35.8,96-97°F,lost,0.0,-10.2,2026-07-19T08:24:41Z
2026-07-17T07:42:56Z,highest-temperature-in-atlanta-on-july-18-2026,atlanta,2026-07-18,1,NO,92-93°F,0.56,17.86,10.0,0.22,33.4,92-93°F,lost,0.0,-10.22,2026-07-19T08:24:41Z
2026-07-17T07:42:56Z,highest-temperature-in-chicago-on-july-18-2026,chicago,2026-07-18,1,NO,90-91°F,0.72,13.89,10.0,0.14,32.8,88-89°F,lost,0.0,-10.14,2026-07-19T08:24:41Z
2026-07-17T07:42:56Z,highest-temperature-in-austin-on-july-18-2026,austin,2026-07-18,1,NO,94-95°F,0.71,14.08,10.0,0.145,34.7,92-93°F,lost,0.0,-10.14,2026-07-19T08:24:41Z
2026-07-17T07:42:56Z,highest-temperature-in-los-angeles-on-july-18-2026,los-angeles,2026-07-18,1,NO,78-79°F,0.7,14.29,10.0,0.15,26.0,76-77°F,lost,0.0,-10.15,2026-07-19T08:24:41Z
2026-07-17T07:42:56Z,highest-temperature-in-wellington-on-july-19-2026,wellington,2026-07-19,2,NO,13°C,0.67,14.93,10.0,0.1651,12.6,14°C,lost,0.0,-10.17,2026-07-20T06:37:36Z
2026-07-17T07:42:56Z,highest-temperature-in-tokyo-on-july-19-2026,tokyo,2026-07-19,2,NO,31°C,0.68,14.71,10.0,0.16,31.1,32°C,won,14.71,4.55,2026-07-20T06:37:36Z
2026-07-17T07:42:56Z,highest-temperature-in-hong-kong-on-july-19-2026,hong-kong,2026-07-19,2,NO,30°C,0.69,14.49,10.0,0.155,30.4,31°C,lost,0.0,-10.15,2026-07-20T06:37:36Z
2026-07-17T07:42:56Z,highest-temperature-in-taipei-on-july-19-2026,taipei,2026-07-19,2,NO,37°C,0.74,13.51,10.0,0.13,37.4,36°C,won,13.51,3.38,2026-07-20T06:37:36Z
2026-07-17T07:42:56Z,highest-temperature-in-wuhan-on-july-19-2026,wuhan,2026-07-19,2,NO,32°C,0.7,14.29,10.0,0.15,32.0,31°C,won,14.29,4.14,2026-07-20T06:37:36Z
2026-07-17T07:42:56Z,highest-temperature-in-guangzhou-on-july-19-2026,guangzhou,2026-07-19,2,NO,33°C,0.68,14.71,10.0,0.16,33.4,33°C,won,14.71,4.55,2026-07-20T06:37:36Z
2026-07-17T07:42:56Z,highest-temperature-in-manila-on-july-19-2026,manila,2026-07-19,2,NO,32°C,0.65,15.38,10.0,0.1749,31.8,32°C,won,15.38,5.21,2026-07-20T06:37:36Z
2026-07-17T07:42:56Z,highest-temperature-in-madrid-on-july-19-2026,madrid,2026-07-19,2,NO,36°C,0.49,20.41,10.0,0.255,36.3,36°C,lost,0.0,-10.26,2026-07-20T06:37:36Z
2026-07-17T07:42:56Z,highest-temperature-in-amsterdam-on-july-19-2026,amsterdam,2026-07-19,2,NO,18°C,0.71,14.08,10.0,0.145,18.3,19°C,won,14.08,3.94,2026-07-20T06:37:36Z
2026-07-18T07:11:09Z,highest-temperature-in-singapore-on-july-19-2026,singapore,2026-07-19,1,NO,31°C,0.74,13.51,10.0,0.13,30.7,32°C,won,13.51,3.38,2026-07-20T06:37:36Z
2026-07-18T07:11:09Z,highest-temperature-in-chongqing-on-july-19-2026,chongqing,2026-07-19,1,NO,35°C,0.66,15.15,10.0,0.17,35.4,36°C,lost,0.0,-10.17,2026-07-20T06:37:36Z
2026-07-18T07:11:09Z,highest-temperature-in-beijing-on-july-19-2026,beijing,2026-07-19,1,NO,33°C,0.76,13.16,10.0,0.12,33.3,32°C,lost,0.0,-10.12,2026-07-20T06:37:36Z
2026-07-18T07:11:09Z,highest-temperature-in-busan-on-july-19-2026,busan,2026-07-19,1,NO,31°C,0.58,17.24,10.0,0.21,30.7,31°C,won,17.24,7.03,2026-07-20T06:37:36Z
2026-07-18T07:11:09Z,highest-temperature-in-warsaw-on-july-19-2026,warsaw,2026-07-19,1,NO,27°C,0.66,15.15,10.0,0.17,27.4,27°C,lost,0.0,-10.17,2026-07-20T06:37:36Z
2026-07-18T07:11:09Z,highest-temperature-in-moscow-on-july-19-2026,moscow,2026-07-19,1,NO,27°C,0.69,14.49,10.0,0.155,26.9,27°C,lost,0.0,-10.15,2026-07-20T06:37:36Z
2026-07-18T07:11:09Z,highest-temperature-in-toronto-on-july-19-2026,toronto,2026-07-19,1,NO,24°C,0.73,13.7,10.0,0.135,24.2,25°C,won,13.7,3.56,2026-07-20T06:37:36Z
2026-07-18T07:11:09Z,highest-temperature-in-atlanta-on-july-19-2026,atlanta,2026-07-19,1,NO,92-93°F,0.64,15.62,10.0,0.1799,33.6,92-93°F,won,15.62,5.44,2026-07-20T06:37:36Z
2026-07-18T07:11:09Z,highest-temperature-in-miami-on-july-19-2026,miami,2026-07-19,1,NO,90-91°F,0.66,15.15,10.0,0.17,32.4,92-93°F,lost,0.0,-10.17,2026-07-20T06:37:36Z
2026-07-18T07:11:09Z,highest-temperature-in-chicago-on-july-19-2026,chicago,2026-07-19,1,NO,82-83°F,0.75,13.33,10.0,0.125,28.1,80-81°F,won,13.33,3.21,2026-07-20T06:37:36Z
2026-07-18T07:11:09Z,highest-temperature-in-los-angeles-on-july-19-2026,los-angeles,2026-07-19,1,NO,76-77°F,0.64,15.62,10.0,0.1799,24.5,78-79°F,lost,0.0,-10.18,2026-07-20T10:35:56Z
2026-07-18T07:11:09Z,highest-temperature-in-mexico-city-on-july-19-2026,mexico-city,2026-07-19,1,NO,26°C,0.65,15.38,10.0,0.1749,26.3,25°C,won,15.38,5.21,2026-07-20T10:35:56Z
2026-07-18T07:11:09Z,highest-temperature-in-panama-city-on-july-19-2026,panama-city,2026-07-19,1,NO,31°C,0.71,14.08,10.0,0.145,31.0,32°C,won,14.08,3.94,2026-07-20T06:37:36Z
2026-07-18T07:11:09Z,highest-temperature-in-ankara-on-july-20-2026,ankara,2026-07-20,2,NO,34°C,0.57,17.54,10.0,0.215,33.5,35°C,won,17.54,7.32,2026-07-21T09:44:02Z
2026-07-18T07:11:09Z,highest-temperature-in-wellington-on-july-20-2026,wellington,2026-07-20,2,NO,11°C,0.74,13.51,10.0,0.13,11.2,12°C,won,13.51,3.38,2026-07-21T09:44:02Z
2026-07-18T07:11:09Z,highest-temperature-in-madrid-on-july-20-2026,madrid,2026-07-20,2,NO,37°C,0.48,20.83,10.0,0.26,37.4,37°C,won,20.83,10.57,2026-07-21T09:44:02Z
2026-07-18T07:11:09Z,highest-temperature-in-warsaw-on-july-20-2026,warsaw,2026-07-20,2,NO,22°C,0.67,14.93,10.0,0.1651,22.2,21°C,won,14.93,4.76,2026-07-21T09:44:02Z
2026-07-18T07:11:09Z,highest-temperature-in-taipei-on-july-20-2026,taipei,2026-07-20,2,NO,36°C,0.72,13.89,10.0,0.14,35.5,35°C,won,13.89,3.75,2026-07-21T09:44:02Z
2026-07-18T07:11:09Z,highest-temperature-in-chongqing-on-july-20-2026,chongqing,2026-07-20,2,NO,38°C,0.67,14.93,10.0,0.1651,37.7,37°C,lost,0.0,-10.17,2026-07-21T09:44:02Z
2026-07-18T07:11:09Z,highest-temperature-in-wuhan-on-july-20-2026,wuhan,2026-07-20,2,NO,>=34°C,0.37,27.03,10.0,0.315,34.8,>=34°C,won,27.03,16.71,2026-07-21T09:44:02Z
2026-07-18T07:11:09Z,highest-temperature-in-busan-on-july-20-2026,busan,2026-07-20,2,NO,31°C,0.74,13.51,10.0,0.13,31.3,32°C,won,13.51,3.38,2026-07-21T09:44:02Z
2026-07-18T07:11:09Z,highest-temperature-in-helsinki-on-july-20-2026,helsinki,2026-07-20,2,NO,19°C,0.63,15.87,10.0,0.185,18.7,19°C,won,15.87,5.68,2026-07-21T09:44:02Z
2026-07-18T07:11:09Z,highest-temperature-in-qingdao-on-july-20-2026,qingdao,2026-07-20,2,NO,29°C,0.69,14.49,10.0,0.155,29.1,29°C,lost,0.0,-10.15,2026-07-21T09:44:02Z
2026-07-18T07:11:09Z,highest-temperature-in-manila-on-july-20-2026,manila,2026-07-20,2,NO,32°C,0.64,15.62,10.0,0.1799,31.8,33°C,won,15.62,5.44,2026-07-21T09:44:02Z
2026-07-18T07:11:09Z,highest-temperature-in-lucknow-on-july-20-2026,lucknow,2026-07-20,2,NO,30°C,0.7,14.29,10.0,0.15,29.5,30°C,won,14.29,4.14,2026-07-21T09:44:02Z
2026-07-18T07:11:09Z,highest-temperature-in-karachi-on-july-20-2026,karachi,2026-07-20,2,NO,32°C,0.67,14.93,10.0,0.1651,31.7,33°C,won,14.93,4.76,2026-07-21T09:44:02Z
2026-07-19T08:24:41Z,highest-temperature-in-tokyo-on-july-20-2026,tokyo,2026-07-20,1,NO,34°C,0.62,16.13,10.0,0.19,34.2,34°C,won,16.13,5.94,2026-07-21T09:44:02Z
2026-07-19T08:24:41Z,highest-temperature-in-shanghai-on-july-20-2026,shanghai,2026-07-20,1,NO,33°C,0.68,14.71,10.0,0.16,33.0,34°C,won,14.71,4.55,2026-07-21T09:44:02Z
2026-07-19T08:24:41Z,highest-temperature-in-singapore-on-july-20-2026,singapore,2026-07-20,1,NO,31°C,0.68,14.71,10.0,0.16,31.0,32°C,won,14.71,4.55,2026-07-21T09:44:02Z
2026-07-19T08:24:41Z,highest-temperature-in-moscow-on-july-20-2026,moscow,2026-07-20,1,NO,28°C,0.66,15.15,10.0,0.17,28.1,28°C,won,15.15,4.98,2026-07-21T09:44:02Z
2026-07-19T08:24:41Z,highest-temperature-in-kuala-lumpur-on-july-20-2026,kuala-lumpur,2026-07-20,1,NO,31°C,0.66,15.15,10.0,0.17,30.8,32°C,won,15.15,4.98,2026-07-21T09:44:02Z
2026-07-19T08:24:41Z,highest-temperature-in-cape-town-on-july-20-2026,cape-town,2026-07-20,1,NO,17°C,0.61,16.39,10.0,0.195,17.3,17°C,won,16.39,6.2,2026-07-21T09:44:02Z
2026-07-19T08:24:41Z,highest-temperature-in-sao-paulo-on-july-20-2026,sao-paulo,2026-07-20,1,NO,27°C,0.54,18.52,10.0,0.23,27.1,27°C,lost,0.0,-10.23,2026-07-21T09:44:02Z
2026-07-19T08:24:41Z,highest-temperature-in-buenos-aires-on-july-20-2026,buenos-aires,2026-07-20,1,NO,14°C,0.68,14.71,10.0,0.16,14.0,13°C,won,14.71,4.55,2026-07-21T09:44:02Z
2026-07-19T08:24:41Z,highest-temperature-in-dallas-on-july-20-2026,dallas,2026-07-20,1,NO,102-103°F,0.73,13.7,10.0,0.135,39.0,100-101°F,lost,0.0,-10.13,2026-07-21T09:44:02Z
2026-07-19T08:24:41Z,highest-temperature-in-atlanta-on-july-20-2026,atlanta,2026-07-20,1,NO,94-95°F,0.73,13.7,10.0,0.135,34.6,92-93°F,won,13.7,3.56,2026-07-21T09:44:02Z
2026-07-19T08:24:41Z,highest-temperature-in-miami-on-july-20-2026,miami,2026-07-20,1,NO,90-91°F,0.7,14.29,10.0,0.15,32.5,92-93°F,won,14.29,4.14,2026-07-21T09:44:02Z
2026-07-19T08:24:41Z,highest-temperature-in-austin-on-july-20-2026,austin,2026-07-20,1,NO,96-97°F,0.59,16.95,10.0,0.205,35.5,96-97°F,lost,0.0,-10.21,2026-07-21T09:44:02Z
2026-07-19T08:24:41Z,highest-temperature-in-denver-on-july-20-2026,denver,2026-07-20,1,NO,100-101°F,0.64,15.62,10.0,0.1799,38.6,98-99°F,lost,0.0,-10.18,2026-07-21T09:44:02Z
2026-07-19T08:24:41Z,highest-temperature-in-houston-on-july-20-2026,houston,2026-07-20,1,NO,96-97°F,0.57,17.54,10.0,0.215,36.2,96-97°F,won,17.54,7.32,2026-07-21T09:44:02Z
2026-07-19T08:24:41Z,highest-temperature-in-mexico-city-on-july-20-2026,mexico-city,2026-07-20,1,NO,27°C,0.57,17.54,10.0,0.215,27.0,27°C,lost,0.0,-10.21,2026-07-21T09:44:02Z
2026-07-19T08:24:41Z,highest-temperature-in-ankara-on-july-21-2026,ankara,2026-07-21,2,NO,33°C,0.72,13.89,10.0,0.14,32.7,34°C,lost,0.0,-10.14,2026-07-22T09:46:08Z
2026-07-19T08:24:41Z,highest-temperature-in-munich-on-july-21-2026,munich,2026-07-21,2,NO,22°C,0.7,14.29,10.0,0.15,21.5,23°C,won,14.29,4.14,2026-07-22T09:46:08Z
2026-07-19T08:24:41Z,highest-temperature-in-tokyo-on-july-21-2026,tokyo,2026-07-21,2,NO,35°C,0.65,15.38,10.0,0.1749,34.8,35°C,won,15.38,5.21,2026-07-22T09:46:08Z
2026-07-19T08:24:41Z,highest-temperature-in-hong-kong-on-july-21-2026,hong-kong,2026-07-21,2,NO,30°C,0.69,14.49,10.0,0.155,30.3,31°C,lost,0.0,-10.15,2026-07-22T09:46:08Z
2026-07-19T08:24:41Z,highest-temperature-in-singapore-on-july-21-2026,singapore,2026-07-21,2,NO,31°C,0.64,15.62,10.0,0.1799,31.0,32°C,lost,0.0,-10.18,2026-07-22T09:46:08Z
2026-07-19T08:24:41Z,highest-temperature-in-taipei-on-july-21-2026,taipei,2026-07-21,2,NO,36°C,0.59,16.95,10.0,0.205,36.5,36°C,won,16.95,6.74,2026-07-22T09:46:08Z
2026-07-19T08:24:41Z,highest-temperature-in-chongqing-on-july-21-2026,chongqing,2026-07-21,2,NO,38°C,0.76,13.16,10.0,0.12,38.5,39°C,won,13.16,3.04,2026-07-22T09:46:08Z
2026-07-19T08:24:41Z,highest-temperature-in-busan-on-july-21-2026,busan,2026-07-21,2,NO,32°C,0.58,17.24,10.0,0.21,32.1,32°C,lost,0.0,-10.21,2026-07-22T09:46:08Z
2026-07-19T08:24:41Z,highest-temperature-in-kuala-lumpur-on-july-21-2026,kuala-lumpur,2026-07-21,2,NO,32°C,0.61,16.39,10.0,0.195,31.6,32°C,won,16.39,6.2,2026-07-22T09:46:08Z
2026-07-19T08:24:41Z,highest-temperature-in-cape-town-on-july-21-2026,cape-town,2026-07-21,2,NO,17°C,0.63,15.87,10.0,0.185,16.6,17°C,won,15.87,5.68,2026-07-22T09:46:08Z
2026-07-19T08:24:41Z,highest-temperature-in-guangzhou-on-july-21-2026,guangzhou,2026-07-21,2,NO,32°C,0.69,14.49,10.0,0.155,31.5,32°C,won,14.49,4.33,2026-07-22T09:46:08Z
2026-07-19T08:24:41Z,highest-temperature-in-qingdao-on-july-21-2026,qingdao,2026-07-21,2,NO,31°C,0.68,14.71,10.0,0.16,31.2,31°C,won,14.71,4.55,2026-07-22T09:46:08Z
2026-07-19T08:24:41Z,highest-temperature-in-manila-on-july-21-2026,manila,2026-07-21,2,NO,32°C,0.73,13.7,10.0,0.135,31.6,33°C,won,13.7,3.56,2026-07-22T09:46:08Z
2026-07-19T08:24:41Z,highest-temperature-in-lucknow-on-july-21-2026,lucknow,2026-07-21,2,NO,31°C,0.69,14.49,10.0,0.155,31.1,31°C,lost,0.0,-10.15,2026-07-22T09:46:08Z
2026-07-20T06:37:36Z,highest-temperature-in-los-angeles-on-july-20-2026,los-angeles,2026-07-20,1,NO,76-77°F,0.68,14.71,10.0,0.16,25.0,78-79°F,won,14.71,4.55,2026-07-21T09:44:02Z
2026-07-20T06:37:36Z,highest-temperature-in-karachi-on-july-21-2026,karachi,2026-07-21,1,NO,32°C,0.68,14.71,10.0,0.16,32.2,33°C,won,14.71,4.55,2026-07-22T09:46:08Z
2026-07-20T06:37:36Z,highest-temperature-in-sao-paulo-on-july-21-2026,sao-paulo,2026-07-21,1,NO,28°C,0.54,18.52,10.0,0.23,27.5,28°C,lost,0.0,-10.23,2026-07-22T09:46:08Z
2026-07-20T06:37:36Z,highest-temperature-in-buenos-aires-on-july-21-2026,buenos-aires,2026-07-21,1,NO,14°C,0.65,15.38,10.0,0.1749,13.9,13°C,won,15.38,5.21,2026-07-22T09:46:08Z
2026-07-20T06:37:36Z,highest-temperature-in-seattle-on-july-21-2026,seattle,2026-07-21,2,NO,92-93°F,0.7,14.29,10.0,0.15,33.9,90-91°F,lost,0.0,-10.15,2026-07-22T09:46:08Z
2026-07-20T06:37:36Z,highest-temperature-in-nyc-on-july-21-2026,nyc,2026-07-21,1,NO,80-81°F,0.67,14.93,10.0,0.1651,27.3,80-81°F,won,14.93,4.76,2026-07-22T09:46:08Z
2026-07-20T06:37:36Z,highest-temperature-in-atlanta-on-july-21-2026,atlanta,2026-07-21,1,NO,92-93°F,0.71,14.08,10.0,0.145,34.0,90-91°F,won,14.08,3.94,2026-07-22T09:46:08Z
2026-07-20T06:37:36Z,highest-temperature-in-chicago-on-july-21-2026,chicago,2026-07-21,1,NO,86-87°F,0.6,16.67,10.0,0.2,29.9,84-85°F,lost,0.0,-10.2,2026-07-22T09:46:08Z
2026-07-20T06:37:36Z,highest-temperature-in-austin-on-july-21-2026,austin,2026-07-21,1,NO,100-101°F,0.65,15.38,10.0,0.1749,38.1,98-99°F,lost,0.0,-10.17,2026-07-22T09:46:08Z
2026-07-20T06:37:36Z,highest-temperature-in-houston-on-july-21-2026,houston,2026-07-21,1,NO,98-99°F,0.61,16.39,10.0,0.195,37.4,98-99°F,won,16.39,6.2,2026-07-22T09:46:08Z
2026-07-20T06:37:36Z,highest-temperature-in-mexico-city-on-july-21-2026,mexico-city,2026-07-21,1,NO,26°C,0.7,14.29,10.0,0.15,26.2,27°C,won,14.29,4.14,2026-07-22T09:46:08Z
2026-07-20T06:37:36Z,highest-temperature-in-singapore-on-july-22-2026,singapore,2026-07-22,2,NO,31°C,0.64,15.62,10.0,0.1799,30.6,32°C,won,15.62,5.44,2026-07-23T09:24:14Z
2026-07-20T06:37:36Z,highest-temperature-in-madrid-on-july-22-2026,madrid,2026-07-22,2,NO,40°C,0.65,15.38,10.0,0.1749,40.5,39°C,won,15.38,5.21,2026-07-23T09:24:14Z
2026-07-20T06:37:36Z,highest-temperature-in-warsaw-on-july-22-2026,warsaw,2026-07-22,2,NO,23°C,0.59,16.95,10.0,0.205,23.0,23°C,won,16.95,6.74,2026-07-23T09:24:14Z
2026-07-20T06:37:36Z,highest-temperature-in-amsterdam-on-july-22-2026,amsterdam,2026-07-22,2,NO,20°C,0.75,13.33,10.0,0.125,19.8,19°C,lost,0.0,-10.12,2026-07-23T09:24:14Z
2026-07-21T09:44:02Z,highest-temperature-in-london-on-july-22-2026,london,2026-07-22,1,NO,26°C,0.75,13.33,10.0,0.125,25.8,25°C,won,13.33,3.21,2026-07-23T09:24:14Z
2026-07-21T09:44:02Z,highest-temperature-in-milan-on-july-22-2026,milan,2026-07-22,1,NO,30°C,0.64,15.62,10.0,0.1799,30.3,29°C,won,15.62,5.44,2026-07-23T09:24:14Z
2026-07-21T09:44:02Z,highest-temperature-in-taipei-on-july-22-2026,taipei,2026-07-22,1,NO,36°C,0.68,14.71,10.0,0.16,35.8,35°C,lost,0.0,-10.16,2026-07-23T09:24:14Z
2026-07-21T09:44:02Z,highest-temperature-in-chongqing-on-july-22-2026,chongqing,2026-07-22,1,NO,39°C,0.71,14.08,10.0,0.145,39.3,40°C,won,14.08,3.94,2026-07-23T09:24:14Z
2026-07-21T09:44:02Z,highest-temperature-in-shenzhen-on-july-22-2026,shenzhen,2026-07-22,1,NO,33°C,0.69,14.49,10.0,0.155,32.9,32°C,lost,0.0,-10.15,2026-07-23T09:24:14Z
2026-07-21T09:44:02Z,highest-temperature-in-busan-on-july-22-2026,busan,2026-07-22,1,NO,33°C,0.47,21.28,10.0,0.265,32.6,33°C,won,21.28,11.02,2026-07-23T09:24:14Z
2026-07-21T09:44:02Z,highest-temperature-in-qingdao-on-july-22-2026,qingdao,2026-07-22,1,NO,30°C,0.71,14.08,10.0,0.145,30.3,29°C,won,14.08,3.94,2026-07-23T09:24:14Z
2026-07-21T09:44:02Z,highest-temperature-in-manila-on-july-22-2026,manila,2026-07-22,1,NO,33°C,0.64,15.62,10.0,0.1799,33.0,33°C,lost,0.0,-10.18,2026-07-23T09:24:14Z
2026-07-21T09:44:02Z,highest-temperature-in-los-angeles-on-july-22-2026,los-angeles,2026-07-22,1,NO,76-77°F,0.65,15.38,10.0,0.1749,24.8,78-79°F,lost,0.0,-10.17,2026-07-23T09:24:14Z
2026-07-21T09:44:02Z,highest-temperature-in-mexico-city-on-july-22-2026,mexico-city,2026-07-22,1,NO,26°C,0.76,13.16,10.0,0.12,26.0,27°C,won,13.16,3.04,2026-07-23T09:24:14Z
2026-07-21T09:44:02Z,highest-temperature-in-panama-city-on-july-22-2026,panama-city,2026-07-22,1,NO,30°C,0.73,13.7,10.0,0.135,30.1,31°C,lost,0.0,-10.13,2026-07-23T09:24:14Z
2026-07-21T09:44:02Z,highest-temperature-in-tokyo-on-july-23-2026,tokyo,2026-07-23,2,NO,36°C,0.68,14.71,10.0,0.16,35.7,36°C,won,14.71,4.55,2026-07-24T09:18:06Z
2026-07-21T09:44:02Z,highest-temperature-in-taipei-on-july-23-2026,taipei,2026-07-23,2,NO,35°C,0.67,14.93,10.0,0.1651,34.9,35°C,won,14.93,4.76,2026-07-24T09:18:06Z
2026-07-21T09:44:02Z,highest-temperature-in-chongqing-on-july-23-2026,chongqing,2026-07-23,2,NO,39°C,0.68,14.71,10.0,0.16,39.2,40°C,won,14.71,4.55,2026-07-24T09:18:06Z
2026-07-21T09:44:02Z,highest-temperature-in-shenzhen-on-july-23-2026,shenzhen,2026-07-23,2,NO,34°C,0.69,14.49,10.0,0.155,33.7,33°C,won,14.49,4.33,2026-07-24T09:18:06Z
2026-07-22T09:46:08Z,highest-temperature-in-milan-on-july-23-2026,milan,2026-07-23,1,NO,32°C,0.71,14.08,10.0,0.145,31.6,31°C,won,14.08,3.94,2026-07-24T09:18:06Z
2026-07-22T09:46:08Z,highest-temperature-in-beijing-on-july-23-2026,beijing,2026-07-23,1,NO,30°C,0.76,13.16,10.0,0.12,29.7,29°C,won,13.16,3.04,2026-07-24T09:18:06Z
2026-07-22T09:46:08Z,highest-temperature-in-wuhan-on-july-23-2026,wuhan,2026-07-23,1,NO,33°C,0.71,14.08,10.0,0.145,33.2,34°C,lost,0.0,-10.14,2026-07-24T09:18:06Z
2026-07-22T09:46:08Z,highest-temperature-in-busan-on-july-23-2026,busan,2026-07-23,1,NO,33°C,0.56,17.86,10.0,0.22,33.2,33°C,won,17.86,7.64,2026-07-24T09:18:06Z
2026-07-22T09:46:08Z,highest-temperature-in-seattle-on-july-23-2026,seattle,2026-07-23,1,NO,78-79°F,0.75,13.33,10.0,0.125,25.7,76-77°F,won,13.33,3.21,2026-07-24T09:18:06Z
2026-07-22T09:46:08Z,highest-temperature-in-ankara-on-july-24-2026,ankara,2026-07-24,2,NO,28°C,0.61,16.39,10.0,0.195,27.7,28°C,won,16.39,6.2,2026-07-25T07:41:46Z
2026-07-22T09:46:08Z,highest-temperature-in-wellington-on-july-24-2026,wellington,2026-07-24,2,NO,13°C,0.743,13.46,10.0,0.1285,12.8,14°C,won,13.46,3.33,2026-07-25T07:41:46Z
2026-07-22T09:46:08Z,highest-temperature-in-chongqing-on-july-24-2026,chongqing,2026-07-24,2,NO,39°C,0.7,14.29,10.0,0.15,38.6,40°C,won,14.29,4.14,2026-07-25T07:41:46Z
2026-07-22T09:46:08Z,highest-temperature-in-wuhan-on-july-24-2026,wuhan,2026-07-24,2,NO,35°C,0.76,13.16,10.0,0.12,35.4,34°C,lost,0.0,-10.12,2026-07-25T07:41:46Z
2026-07-22T09:46:08Z,highest-temperature-in-helsinki-on-july-24-2026,helsinki,2026-07-24,2,NO,20°C,0.72,13.89,10.0,0.14,19.9,21°C,won,13.89,3.75,2026-07-25T07:41:46Z
2026-07-22T09:46:08Z,highest-temperature-in-cape-town-on-july-24-2026,cape-town,2026-07-24,2,NO,18°C,0.64,15.62,10.0,0.1799,18.3,18°C,lost,0.0,-10.18,2026-07-25T07:41:46Z
2026-07-22T09:46:08Z,highest-temperature-in-manila-on-july-24-2026,manila,2026-07-24,2,NO,31°C,0.67,14.93,10.0,0.1651,30.7,32°C,won,14.93,4.76,2026-07-25T07:41:46Z
2026-07-23T09:24:14Z,highest-temperature-in-madrid-on-july-24-2026,madrid,2026-07-24,1,NO,34°C,0.57,17.54,10.0,0.215,34.4,34°C,won,17.54,7.32,2026-07-25T07:41:46Z
2026-07-23T09:24:14Z,highest-temperature-in-taipei-on-july-24-2026,taipei,2026-07-24,1,NO,35°C,0.69,14.49,10.0,0.155,35.2,36°C,won,14.49,4.33,2026-07-25T07:41:46Z
2026-07-23T09:24:14Z,highest-temperature-in-moscow-on-july-24-2026,moscow,2026-07-24,1,NO,23°C,0.66,15.15,10.0,0.17,23.0,22°C,won,15.15,4.98,2026-07-25T07:41:46Z
2026-07-23T09:24:14Z,highest-temperature-in-busan-on-july-24-2026,busan,2026-07-24,1,NO,35°C,0.73,13.7,10.0,0.135,35.1,34°C,lost,0.0,-10.13,2026-07-25T07:41:46Z
2026-07-23T09:24:14Z,highest-temperature-in-kuala-lumpur-on-july-24-2026,kuala-lumpur,2026-07-24,1,NO,32°C,0.59,16.95,10.0,0.205,31.5,32°C,lost,0.0,-10.21,2026-07-25T07:41:46Z
2026-07-23T09:24:14Z,highest-temperature-in-guangzhou-on-july-24-2026,guangzhou,2026-07-24,1,NO,36°C,0.69,14.49,10.0,0.155,35.7,37°C,lost,0.0,-10.15,2026-07-25T07:41:46Z
2026-07-23T09:24:14Z,highest-temperature-in-sao-paulo-on-july-24-2026,sao-paulo,2026-07-24,1,NO,17°C,0.7,14.29,10.0,0.15,16.8,18°C,lost,0.0,-10.15,2026-07-25T07:41:46Z
2026-07-23T09:24:14Z,highest-temperature-in-atlanta-on-july-24-2026,atlanta,2026-07-24,1,NO,84-85°F,0.73,13.7,10.0,0.135,28.7,86-87°F,won,13.7,3.56,2026-07-25T07:41:46Z
2026-07-23T09:24:14Z,highest-temperature-in-houston-on-july-24-2026,houston,2026-07-24,1,NO,92-93°F,0.62,16.13,10.0,0.19,34.1,94-95°F,lost,0.0,-10.19,2026-07-25T07:41:46Z
2026-07-23T09:24:14Z,highest-temperature-in-madrid-on-july-25-2026,madrid,2026-07-25,2,NO,30°C,0.71,14.08,10.0,0.145,30.4,29°C,won,14.08,3.94,2026-07-26T05:49:24Z
2026-07-23T09:24:14Z,highest-temperature-in-chongqing-on-july-25-2026,chongqing,2026-07-25,2,NO,39°C,0.75,13.33,10.0,0.125,38.6,40°C,lost,0.0,-10.12,2026-07-26T05:49:24Z
2026-07-23T09:24:14Z,highest-temperature-in-busan-on-july-25-2026,busan,2026-07-25,2,NO,35°C,0.72,13.89,10.0,0.14,34.8,34°C,lost,0.0,-10.14,2026-07-26T05:49:24Z
2026-07-23T09:24:14Z,highest-temperature-in-amsterdam-on-july-25-2026,amsterdam,2026-07-25,2,NO,25°C,0.66,15.15,10.0,0.17,25.3,24°C,lost,0.0,-10.17,2026-07-26T05:49:24Z
2026-07-23T09:24:14Z,highest-temperature-in-kuala-lumpur-on-july-25-2026,kuala-lumpur,2026-07-25,2,NO,31°C,0.73,13.7,10.0,0.135,31.2,30°C,won,13.7,3.56,2026-07-26T05:49:24Z
2026-07-23T09:24:14Z,highest-temperature-in-qingdao-on-july-25-2026,qingdao,2026-07-25,2,NO,32°C,0.74,13.51,10.0,0.13,32.2,32°C,won,13.51,3.38,2026-07-26T05:49:24Z
2026-07-23T09:24:14Z,highest-temperature-in-cape-town-on-july-25-2026,cape-town,2026-07-25,2,NO,20°C,0.67,14.93,10.0,0.1651,20.3,20°C,won,14.93,4.76,2026-07-26T05:49:24Z
2026-07-24T09:18:06Z,highest-temperature-in-tokyo-on-july-25-2026,tokyo,2026-07-25,1,NO,34°C,0.75,13.33,10.0,0.125,33.5,33°C,won,13.33,3.21,2026-07-26T05:49:24Z
2026-07-24T09:18:06Z,highest-temperature-in-singapore-on-july-25-2026,singapore,2026-07-25,1,NO,30°C,0.64,15.62,10.0,0.1799,29.9,30°C,lost,0.0,-10.18,2026-07-26T05:49:24Z
2026-07-24T09:18:06Z,highest-temperature-in-taipei-on-july-25-2026,taipei,2026-07-25,1,NO,36°C,0.65,15.38,10.0,0.1749,35.5,>=37°C,lost,0.0,-10.17,2026-07-26T05:49:24Z
2026-07-24T09:18:06Z,highest-temperature-in-wuhan-on-july-25-2026,wuhan,2026-07-25,1,NO,37°C,0.61,16.39,10.0,0.195,36.8,37°C,won,16.39,6.2,2026-07-26T05:49:24Z
2026-07-24T09:18:06Z,highest-temperature-in-shenzhen-on-july-25-2026,shenzhen,2026-07-25,1,NO,34°C,0.62,16.13,10.0,0.19,34.1,34°C,won,16.13,5.94,2026-07-26T05:49:24Z
2026-07-24T09:18:06Z,highest-temperature-in-manila-on-july-25-2026,manila,2026-07-25,1,NO,30°C,0.65,15.38,10.0,0.1749,29.7,30°C,won,15.38,5.21,2026-07-26T05:49:24Z
2026-07-24T09:18:06Z,highest-temperature-in-nyc-on-july-25-2026,nyc,2026-07-25,1,NO,80-81°F,0.67,14.93,10.0,0.1651,27.4,82-83°F,won,14.93,4.76,2026-07-26T05:49:24Z
2026-07-24T09:18:06Z,highest-temperature-in-denver-on-july-25-2026,denver,2026-07-25,1,NO,100-101°F,0.73,13.7,10.0,0.135,38.5,98-99°F,lost,0.0,-10.13,2026-07-26T09:05:27Z
2026-07-24T09:18:06Z,highest-temperature-in-san-francisco-on-july-25-2026,san-francisco,2026-07-25,1,NO,68-69°F,0.72,13.89,10.0,0.14,20.4,70-71°F,won,13.89,3.75,2026-07-26T09:05:27Z
2026-07-24T09:18:06Z,highest-temperature-in-mexico-city-on-july-25-2026,mexico-city,2026-07-25,1,NO,26°C,0.73,13.7,10.0,0.135,25.5,27°C,won,13.7,3.56,2026-07-26T09:05:27Z
2026-07-24T09:18:06Z,highest-temperature-in-tokyo-on-july-26-2026,tokyo,2026-07-26,2,NO,30°C,0.71,14.08,10.0,0.145,29.7,31°C,won,14.08,3.94,2026-07-27T12:49:12Z
2026-07-24T09:18:06Z,highest-temperature-in-singapore-on-july-26-2026,singapore,2026-07-26,2,NO,29°C,0.74,13.51,10.0,0.13,28.8,30°C,won,13.51,3.38,2026-07-27T12:49:12Z
2026-07-24T09:18:06Z,highest-temperature-in-madrid-on-july-26-2026,madrid,2026-07-26,2,NO,32°C,0.55,18.18,10.0,0.225,32.2,32°C,won,18.18,7.96,2026-07-27T12:49:12Z
2026-07-24T09:18:06Z,highest-temperature-in-warsaw-on-july-26-2026,warsaw,2026-07-26,2,NO,31°C,0.76,13.16,10.0,0.12,30.8,30°C,won,13.16,3.04,2026-07-27T12:49:12Z
2026-07-24T09:18:06Z,highest-temperature-in-busan-on-july-26-2026,busan,2026-07-26,2,NO,36°C,0.75,13.33,10.0,0.125,36.3,35°C,won,13.33,3.21,2026-07-27T12:49:12Z
2026-07-25T07:41:46Z,highest-temperature-in-chongqing-on-july-26-2026,chongqing,2026-07-26,1,NO,39°C,0.76,13.16,10.0,0.12,39.0,40°C,won,13.16,3.04,2026-07-27T12:49:12Z
2026-07-25T07:41:46Z,highest-temperature-in-wuhan-on-july-26-2026,wuhan,2026-07-26,1,NO,37°C,0.71,14.08,10.0,0.145,37.1,36°C,won,14.08,3.94,2026-07-27T12:49:12Z
2026-07-25T07:41:46Z,highest-temperature-in-moscow-on-july-26-2026,moscow,2026-07-26,1,NO,20°C,0.74,13.51,10.0,0.13,19.8,21°C,lost,0.0,-10.13,2026-07-27T12:49:12Z
2026-07-25T07:41:46Z,highest-temperature-in-amsterdam-on-july-26-2026,amsterdam,2026-07-26,1,NO,21°C,0.75,13.33,10.0,0.125,20.7,22°C,won,13.33,3.21,2026-07-27T12:49:12Z
2026-07-25T07:41:46Z,highest-temperature-in-qingdao-on-july-26-2026,qingdao,2026-07-26,1,NO,>=33°C,0.66,15.15,10.0,0.17,32.7,>=33°C,won,15.15,4.98,2026-07-27T12:49:12Z
2026-07-25T07:41:46Z,highest-temperature-in-sao-paulo-on-july-26-2026,sao-paulo,2026-07-26,1,NO,25°C,0.7,14.29,10.0,0.15,25.2,25°C,lost,0.0,-10.15,2026-07-27T12:49:12Z
2026-07-25T07:41:46Z,highest-temperature-in-buenos-aires-on-july-26-2026,buenos-aires,2026-07-26,1,NO,20°C,0.71,14.08,10.0,0.145,19.5,20°C,lost,0.0,-10.14,2026-07-27T12:49:12Z
2026-07-25T07:41:46Z,highest-temperature-in-seattle-on-july-26-2026,seattle,2026-07-26,1,NO,72-73°F,0.72,13.89,10.0,0.14,23.0,70-71°F,lost,0.0,-10.14,2026-07-27T12:49:12Z
2026-07-25T07:41:46Z,highest-temperature-in-miami-on-july-26-2026,miami,2026-07-26,1,NO,90-91°F,0.63,15.87,10.0,0.185,32.1,92-93°F,won,15.87,5.68,2026-07-27T12:49:12Z
2026-07-25T07:41:46Z,highest-temperature-in-austin-on-july-26-2026,austin,2026-07-26,1,NO,98-99°F,0.68,14.71,10.0,0.16,36.6,96-97°F,won,14.71,4.55,2026-07-27T12:49:12Z
2026-07-25T07:41:46Z,highest-temperature-in-ankara-on-july-27-2026,ankara,2026-07-27,2,NO,28°C,0.68,14.71,10.0,0.16,27.5,27°C,lost,0.0,-10.16,2026-07-28T10:22:08Z
2026-07-25T07:41:46Z,highest-temperature-in-madrid-on-july-27-2026,madrid,2026-07-27,2,NO,35°C,0.46,21.74,10.0,0.27,34.6,35°C,lost,0.0,-10.27,2026-07-28T10:22:08Z
2026-07-25T07:41:46Z,highest-temperature-in-chongqing-on-july-27-2026,chongqing,2026-07-27,2,NO,39°C,0.75,13.33,10.0,0.125,39.3,38°C,won,13.33,3.21,2026-07-28T10:22:08Z
2026-07-25T07:41:46Z,highest-temperature-in-busan-on-july-27-2026,busan,2026-07-27,2,NO,34°C,0.69,14.49,10.0,0.155,33.5,34°C,won,14.49,4.33,2026-07-28T10:22:08Z
2026-07-25T07:41:46Z,highest-temperature-in-qingdao-on-july-27-2026,qingdao,2026-07-27,2,NO,32°C,0.75,13.33,10.0,0.125,32.5,33°C,lost,0.0,-10.12,2026-07-28T10:22:08Z
2026-07-25T07:41:46Z,highest-temperature-in-cape-town-on-july-27-2026,cape-town,2026-07-27,2,NO,18°C,0.67,14.93,10.0,0.1651,17.5,17°C,won,14.93,4.76,2026-07-28T10:22:08Z
2026-07-26T05:49:24Z,highest-temperature-in-denver-on-july-26-2026,denver,2026-07-26,1,NO,102-103°F,0.64,15.62,10.0,0.1799,38.9,100-101°F,won,15.62,5.44,2026-07-27T12:49:12Z
2026-07-26T05:49:24Z,highest-temperature-in-mexico-city-on-july-26-2026,mexico-city,2026-07-26,1,NO,26°C,0.74,13.51,10.0,0.13,25.6,25°C,won,13.51,3.38,2026-07-27T12:49:12Z
2026-07-26T05:49:24Z,highest-temperature-in-shenzhen-on-july-27-2026,shenzhen,2026-07-27,1,NO,28°C,0.75,13.33,10.0,0.125,27.6,28°C,won,13.33,3.21,2026-07-28T10:22:08Z
2026-07-26T05:49:24Z,highest-temperature-in-helsinki-on-july-27-2026,helsinki,2026-07-27,1,NO,20°C,0.67,14.93,10.0,0.1651,19.8,20°C,won,14.93,4.76,2026-07-28T10:22:08Z
2026-07-26T05:49:24Z,highest-temperature-in-manila-on-july-27-2026,manila,2026-07-27,1,NO,31°C,0.7,14.29,10.0,0.15,30.7,32°C,won,14.29,4.14,2026-07-28T10:22:08Z
2026-07-26T09:05:27Z,highest-temperature-in-sao-paulo-on-july-27-2026,sao-paulo,2026-07-27,1,NO,28°C,0.69,14.49,10.0,0.155,28.0,27°C,lost,0.0,-10.15,2026-07-28T10:22:08Z
2026-07-26T09:05:27Z,highest-temperature-in-miami-on-july-27-2026,miami,2026-07-27,1,NO,90-91°F,0.63,15.87,10.0,0.185,32.0,92-93°F,lost,0.0,-10.19,2026-07-28T10:22:08Z
2026-07-26T09:05:27Z,highest-temperature-in-austin-on-july-27-2026,austin,2026-07-27,1,NO,96-97°F,0.72,13.89,10.0,0.14,36.2,98-99°F,won,13.89,3.75,2026-07-28T10:22:08Z
2026-07-26T09:05:27Z,highest-temperature-in-los-angeles-on-july-27-2026,los-angeles,2026-07-27,1,NO,78-79°F,0.61,16.39,10.0,0.195,26.3,78-79°F,lost,0.0,-10.2,2026-07-28T17:14:05Z
2026-07-26T09:05:27Z,highest-temperature-in-tokyo-on-july-28-2026,tokyo,2026-07-28,2,NO,29°C,0.73,13.7,10.0,0.135,29.0,30°C,won,13.7,3.56,2026-07-29T10:21:20Z
2026-07-26T09:05:27Z,highest-temperature-in-warsaw-on-july-28-2026,warsaw,2026-07-28,2,NO,21°C,0.74,13.51,10.0,0.13,21.1,22°C,won,13.51,3.38,2026-07-29T10:21:20Z
2026-07-26T09:05:27Z,highest-temperature-in-amsterdam-on-july-28-2026,amsterdam,2026-07-28,2,NO,27°C,0.75,13.33,10.0,0.125,26.8,26°C,lost,0.0,-10.12,2026-07-29T10:21:20Z
2026-07-26T09:05:27Z,highest-temperature-in-cape-town-on-july-28-2026,cape-town,2026-07-28,2,NO,20°C,0.72,13.89,10.0,0.14,19.7,19°C,lost,0.0,-10.14,2026-07-29T10:21:20Z
2026-07-26T09:05:27Z,highest-temperature-in-qingdao-on-july-28-2026,qingdao,2026-07-28,2,NO,32°C,0.7,14.29,10.0,0.15,31.7,33°C,won,14.29,4.14,2026-07-29T10:21:20Z
2026-07-27T12:49:12Z,highest-temperature-in-ankara-on-july-28-2026,ankara,2026-07-28,1,NO,30°C,0.47,21.28,10.0,0.265,29.5,30°C,lost,0.0,-10.27,2026-07-29T10:21:20Z
2026-07-27T12:49:12Z,highest-temperature-in-wuhan-on-july-28-2026,wuhan,2026-07-28,1,NO,31°C,0.71,14.08,10.0,0.145,30.9,30°C,won,14.08,3.94,2026-07-29T10:21:20Z
2026-07-27T12:49:12Z,highest-temperature-in-buenos-aires-on-july-28-2026,buenos-aires,2026-07-28,1,NO,18°C,0.69,14.49,10.0,0.155,18.1,18°C,won,14.49,4.33,2026-07-29T10:21:20Z
2026-07-27T12:49:12Z,highest-temperature-in-miami-on-july-28-2026,miami,2026-07-28,1,NO,90-91°F,0.63,15.87,10.0,0.185,33.0,92-93°F,won,15.87,5.68,2026-07-29T10:21:20Z
2026-07-27T12:49:12Z,highest-temperature-in-ankara-on-july-29-2026,ankara,2026-07-29,2,NO,28°C,0.66,15.15,10.0,0.17,27.9,28°C,lost,0.0,-10.17,2026-07-30T09:47:01Z
2026-07-27T12:49:12Z,highest-temperature-in-tel-aviv-on-july-29-2026,tel-aviv,2026-07-29,2,NO,32°C,0.72,13.89,10.0,0.14,31.5,33°C,won,13.89,3.75,2026-07-30T09:47:01Z
2026-07-27T12:49:12Z,highest-temperature-in-beijing-on-july-29-2026,beijing,2026-07-29,2,NO,36°C,0.76,13.16,10.0,0.12,36.0,35°C,won,13.16,3.04,2026-07-30T09:47:01Z
2026-07-27T12:49:12Z,highest-temperature-in-kuala-lumpur-on-july-29-2026,kuala-lumpur,2026-07-29,2,NO,31°C,0.74,13.51,10.0,0.13,30.9,32°C,lost,0.0,-10.13,2026-07-30T09:47:01Z
2026-07-27T12:49:12Z,highest-temperature-in-karachi-on-july-29-2026,karachi,2026-07-29,2,NO,34°C,0.66,15.15,10.0,0.17,33.7,34°C,lost,0.0,-10.17,2026-07-30T09:47:01Z
2026-07-28T10:22:08Z,highest-temperature-in-wellington-on-july-29-2026,wellington,2026-07-29,1,NO,13°C,0.67,14.93,10.0,0.1651,12.7,14°C,won,14.93,4.76,2026-07-30T09:47:01Z
2026-07-28T10:22:08Z,highest-temperature-in-moscow-on-july-29-2026,moscow,2026-07-29,1,NO,18°C,0.59,16.95,10.0,0.205,17.7,18°C,won,16.95,6.74,2026-07-30T09:47:01Z
2026-07-28T10:22:08Z,highest-temperature-in-helsinki-on-july-29-2026,helsinki,2026-07-29,1,NO,23°C,0.67,14.93,10.0,0.1651,23.0,24°C,won,14.93,4.76,2026-07-30T09:47:01Z
2026-07-28T10:22:08Z,highest-temperature-in-cape-town-on-july-29-2026,cape-town,2026-07-29,1,NO,20°C,0.59,16.95,10.0,0.205,20.1,20°C,won,16.95,6.74,2026-07-30T09:47:01Z
2026-07-28T10:22:08Z,highest-temperature-in-nyc-on-july-29-2026,nyc,2026-07-29,1,NO,78-79°F,0.75,13.33,10.0,0.125,25.7,76-77°F,won,13.33,3.21,2026-07-30T09:47:01Z
2026-07-28T10:22:08Z,highest-temperature-in-atlanta-on-july-29-2026,atlanta,2026-07-29,1,NO,90-91°F,0.7,14.29,10.0,0.15,32.6,92-93°F,won,14.29,4.14,2026-07-30T09:47:01Z
2026-07-28T10:22:08Z,highest-temperature-in-miami-on-july-29-2026,miami,2026-07-29,1,NO,92-93°F,0.73,13.7,10.0,0.135,34.1,94-95°F,won,13.7,3.56,2026-07-30T09:47:01Z
2026-07-28T10:22:08Z,highest-temperature-in-houston-on-july-29-2026,houston,2026-07-29,1,NO,98-99°F,0.74,13.51,10.0,0.13,37.4,96-97°F,won,13.51,3.38,2026-07-30T09:47:01Z
2026-07-28T10:22:08Z,highest-temperature-in-mexico-city-on-july-29-2026,mexico-city,2026-07-29,1,NO,25°C,0.64,15.62,10.0,0.1799,25.3,25°C,won,15.62,5.44,2026-07-30T09:47:01Z
2026-07-28T10:22:08Z,highest-temperature-in-buenos-aires-on-july-29-2026,buenos-aires,2026-07-29,1,NO,17°C,0.64,15.62,10.0,0.1799,16.7,17°C,lost,0.0,-10.18,2026-07-30T09:47:01Z
2026-07-28T10:22:08Z,highest-temperature-in-toronto-on-july-29-2026,toronto,2026-07-29,1,NO,25°C,0.66,15.15,10.0,0.17,24.6,26°C,won,15.15,4.98,2026-07-30T09:47:01Z
2026-07-28T10:22:08Z,highest-temperature-in-tokyo-on-july-30-2026,tokyo,2026-07-30,2,NO,33°C,0.74,13.51,10.0,0.13,32.7,34°C,won,13.51,3.38,2026-07-31T10:15:49Z
2026-07-28T10:22:08Z,highest-temperature-in-taipei-on-july-30-2026,taipei,2026-07-30,2,NO,35°C,0.69,14.49,10.0,0.155,34.7,35°C,lost,0.0,-10.15,2026-07-31T10:15:49Z
2026-07-28T10:22:08Z,highest-temperature-in-beijing-on-july-30-2026,beijing,2026-07-30,2,NO,35°C,0.76,13.16,10.0,0.12,34.7,34°C,lost,0.0,-10.12,2026-07-31T10:15:49Z
2026-07-28T10:22:08Z,highest-temperature-in-busan-on-july-30-2026,busan,2026-07-30,2,NO,39°C,0.76,13.16,10.0,0.12,38.9,38°C,won,13.16,3.04,2026-07-31T10:15:49Z
2026-07-28T10:22:08Z,highest-temperature-in-manila-on-july-30-2026,manila,2026-07-30,2,NO,30°C,0.74,13.51,10.0,0.13,30.4,31°C,won,13.51,3.38,2026-07-31T10:15:49Z
2026-07-29T10:21:20Z,highest-temperature-in-shenzhen-on-july-30-2026,shenzhen,2026-07-30,1,NO,29°C,0.76,13.16,10.0,0.12,29.2,30°C,won,13.16,3.04,2026-07-31T10:15:49Z
2026-07-29T10:21:20Z,highest-temperature-in-kuala-lumpur-on-july-30-2026,kuala-lumpur,2026-07-30,1,NO,31°C,0.72,13.89,10.0,0.14,30.7,32°C,won,13.89,3.75,2026-07-31T10:15:49Z
2026-07-29T10:21:20Z,highest-temperature-in-amsterdam-on-july-30-2026,amsterdam,2026-07-30,1,NO,26°C,0.63,15.87,10.0,0.185,26.5,26°C,lost,0.0,-10.19,2026-07-31T10:15:49Z
2026-07-29T10:21:20Z,highest-temperature-in-helsinki-on-july-30-2026,helsinki,2026-07-30,1,NO,24°C,0.6,16.67,10.0,0.2,24.0,24°C,lost,0.0,-10.2,2026-07-31T10:15:49Z
2026-07-29T10:21:20Z,highest-temperature-in-karachi-on-july-30-2026,karachi,2026-07-30,1,NO,34°C,0.74,13.51,10.0,0.13,34.1,35°C,won,13.51,3.38,2026-07-31T10:15:49Z
2026-07-29T10:21:20Z,highest-temperature-in-buenos-aires-on-july-30-2026,buenos-aires,2026-07-30,1,NO,16°C,0.69,14.49,10.0,0.155,16.4,17°C,won,14.49,4.33,2026-07-31T10:15:49Z
2026-07-29T10:21:20Z,highest-temperature-in-toronto-on-july-30-2026,toronto,2026-07-30,1,NO,27°C,0.7,14.29,10.0,0.15,27.2,28°C,won,14.29,4.14,2026-07-31T10:15:49Z
2026-07-29T10:21:20Z,highest-temperature-in-atlanta-on-july-30-2026,atlanta,2026-07-30,1,NO,92-93°F,0.69,14.49,10.0,0.155,33.2,90-91°F,won,14.49,4.33,2026-07-31T10:15:49Z
2026-07-29T10:21:20Z,highest-temperature-in-austin-on-july-30-2026,austin,2026-07-30,1,NO,98-99°F,0.68,14.71,10.0,0.16,37.3,100-101°F,won,14.71,4.55,2026-07-31T10:15:49Z
2026-07-29T10:21:20Z,highest-temperature-in-los-angeles-on-july-30-2026,los-angeles,2026-07-30,1,NO,76-77°F,0.62,16.13,10.0,0.19,24.4,76-77°F,lost,0.0,-10.19,2026-07-31T10:15:49Z
2026-07-29T10:21:20Z,highest-temperature-in-mexico-city-on-july-30-2026,mexico-city,2026-07-30,1,NO,27°C,0.75,13.33,10.0,0.125,26.8,26°C,lost,0.0,-10.12,2026-07-31T10:15:49Z
2026-07-29T10:21:20Z,highest-temperature-in-shenzhen-on-july-31-2026,shenzhen,2026-07-31,2,NO,29°C,0.76,13.16,10.0,0.12,28.9,30°C,won,13.16,3.04,2026-08-01T08:03:25Z
2026-07-29T10:21:20Z,highest-temperature-in-lucknow-on-july-31-2026,lucknow,2026-07-31,2,NO,34°C,0.76,13.16,10.0,0.12,34.1,33°C,won,13.16,3.04,2026-08-01T08:03:25Z
2026-07-29T10:21:20Z,highest-temperature-in-warsaw-on-july-31-2026,warsaw,2026-07-31,2,NO,36°C,0.7,14.29,10.0,0.15,35.9,35°C,won,14.29,4.14,2026-08-01T08:03:25Z
2026-07-30T09:47:01Z,highest-temperature-in-taipei-on-july-31-2026,taipei,2026-07-31,1,NO,35°C,0.59,16.95,10.0,0.205,34.6,35°C,won,16.95,6.74,2026-08-01T08:03:25Z
2026-07-30T09:47:01Z,highest-temperature-in-wuhan-on-july-31-2026,wuhan,2026-07-31,1,NO,36°C,0.7,14.29,10.0,0.15,35.6,35°C,won,14.29,4.14,2026-08-01T08:03:25Z
2026-07-30T09:47:01Z,highest-temperature-in-helsinki-on-july-31-2026,helsinki,2026-07-31,1,NO,24°C,0.74,13.51,10.0,0.13,24.5,25°C,won,13.51,3.38,2026-08-01T08:03:25Z
2026-07-30T09:47:01Z,highest-temperature-in-manila-on-july-31-2026,manila,2026-07-31,1,NO,32°C,0.63,15.87,10.0,0.185,31.9,32°C,won,15.87,5.68,2026-08-01T08:03:25Z
2026-07-30T09:47:01Z,highest-temperature-in-london-on-july-31-2026,london,2026-07-31,1,NO,26°C,0.7,14.29,10.0,0.15,26.2,25°C,won,14.29,4.14,2026-08-01T08:03:25Z
2026-07-30T09:47:01Z,highest-temperature-in-moscow-on-july-31-2026,moscow,2026-07-31,1,NO,26°C,0.73,13.7,10.0,0.135,26.0,25°C,won,13.7,3.56,2026-08-01T08:03:25Z
2026-07-30T09:47:01Z,highest-temperature-in-austin-on-july-31-2026,austin,2026-07-31,1,NO,98-99°F,0.59,16.95,10.0,0.205,37.1,100-101°F,won,16.95,6.74,2026-08-01T15:43:31Z
2026-07-30T09:47:01Z,highest-temperature-in-san-francisco-on-july-31-2026,san-francisco,2026-07-31,1,NO,70-71°F,0.75,13.33,10.0,0.125,21.8,72-73°F,won,13.33,3.21,2026-08-01T15:43:31Z
2026-07-30T09:47:01Z,highest-temperature-in-beijing-on-august-1-2026,beijing,2026-08-01,2,NO,33°C,0.73,13.7,10.0,0.135,32.9,34°C,won,13.7,3.56,2026-08-02T09:05:08Z
2026-07-30T09:47:01Z,highest-temperature-in-shenzhen-on-august-1-2026,shenzhen,2026-08-01,2,NO,27°C,0.74,13.51,10.0,0.13,27.0,28°C,won,13.51,3.38,2026-08-02T09:05:08Z
2026-07-30T09:47:01Z,highest-temperature-in-manila-on-august-1-2026,manila,2026-08-01,2,NO,32°C,0.69,14.49,10.0,0.155,31.8,33°C,lost,0.0,-10.15,2026-08-02T09:05:08Z
2026-07-31T10:15:49Z,highest-temperature-in-tokyo-on-august-1-2026,tokyo,2026-08-01,1,NO,34°C,0.71,14.08,10.0,0.145,34.3,35°C,won,14.08,3.94,2026-08-02T09:05:08Z
2026-07-31T10:15:49Z,highest-temperature-in-taipei-on-august-1-2026,taipei,2026-08-01,1,NO,37°C,0.7,14.29,10.0,0.15,36.6,36°C,won,14.29,4.14,2026-08-02T09:05:08Z
2026-07-31T10:15:49Z,highest-temperature-in-moscow-on-august-1-2026,moscow,2026-08-01,1,NO,28°C,0.66,15.15,10.0,0.17,28.5,28°C,won,15.15,4.98,2026-08-02T09:05:08Z
2026-07-31T10:15:49Z,highest-temperature-in-toronto-on-august-1-2026,toronto,2026-08-01,1,NO,29°C,0.75,13.33,10.0,0.125,28.6,28°C,won,13.33,3.21,2026-08-02T09:05:08Z
2026-07-31T10:15:49Z,highest-temperature-in-chicago-on-august-1-2026,chicago,2026-08-01,1,NO,70-71°F,0.62,16.13,10.0,0.19,21.0,70-71°F,won,16.13,5.94,2026-08-02T09:05:08Z
2026-07-31T10:15:49Z,highest-temperature-in-houston-on-august-1-2026,houston,2026-08-01,1,NO,98-99°F,0.53,18.87,10.0,0.235,36.6,98-99°F,won,18.87,8.64,2026-08-02T09:05:08Z
2026-07-31T10:15:49Z,highest-temperature-in-los-angeles-on-august-1-2026,los-angeles,2026-08-01,1,NO,80-81°F,0.47,21.28,10.0,0.265,26.9,80-81°F,won,21.28,11.02,2026-08-02T09:05:08Z
2026-07-31T10:15:49Z,highest-temperature-in-san-francisco-on-august-1-2026,san-francisco,2026-08-01,1,NO,72-73°F,0.73,13.7,10.0,0.135,23.0,74-75°F,lost,0.0,-10.13,2026-08-02T15:47:55Z
2026-07-31T10:15:49Z,highest-temperature-in-tokyo-on-august-2-2026,tokyo,2026-08-02,2,NO,33°C,0.73,13.7,10.0,0.135,33.2,34°C,lost,0.0,-10.13,2026-08-03T12:51:58Z
2026-07-31T10:15:49Z,highest-temperature-in-taipei-on-august-2-2026,taipei,2026-08-02,2,NO,37°C,0.7,14.29,10.0,0.15,36.9,37°C,won,14.29,4.14,2026-08-03T12:51:58Z
2026-07-31T10:15:49Z,highest-temperature-in-wuhan-on-august-2-2026,wuhan,2026-08-02,2,NO,37°C,0.69,14.49,10.0,0.155,36.9,37°C,lost,0.0,-10.15,2026-08-03T12:51:58Z
2026-07-31T10:15:49Z,highest-temperature-in-lucknow-on-august-2-2026,lucknow,2026-08-02,2,NO,>=34°C,0.63,15.87,10.0,0.185,36.0,>=34°C,lost,0.0,-10.19,2026-08-03T12:51:58Z
2026-07-31T10:15:49Z,highest-temperature-in-karachi-on-august-2-2026,karachi,2026-08-02,2,NO,32°C,0.65,15.38,10.0,0.1749,32.5,32°C,won,15.38,5.21,2026-08-03T12:51:58Z
2026-08-01T08:03:24Z,highest-temperature-in-ankara-on-august-2-2026,ankara,2026-08-02,1,NO,31°C,0.55,18.18,10.0,0.225,31.1,31°C,won,18.18,7.96,2026-08-03T12:51:58Z
2026-08-01T08:03:24Z,highest-temperature-in-warsaw-on-august-2-2026,warsaw,2026-08-02,1,NO,26°C,0.74,13.51,10.0,0.13,26.5,25°C,won,13.51,3.38,2026-08-03T12:51:58Z
2026-08-01T08:03:24Z,highest-temperature-in-cape-town-on-august-2-2026,cape-town,2026-08-02,1,NO,24°C,0.73,13.7,10.0,0.135,23.6,23°C,won,13.7,3.56,2026-08-03T12:51:58Z
2026-08-01T08:03:24Z,highest-temperature-in-sao-paulo-on-august-2-2026,sao-paulo,2026-08-02,1,NO,29°C,0.73,13.7,10.0,0.135,29.1,28°C,lost,0.0,-10.13,2026-08-03T12:51:58Z
2026-08-01T08:03:24Z,highest-temperature-in-nyc-on-august-2-2026,nyc,2026-08-02,1,NO,84-85°F,0.72,13.89,10.0,0.14,29.0,82-83°F,lost,0.0,-10.14,2026-08-03T12:51:58Z
2026-08-01T08:03:24Z,highest-temperature-in-chicago-on-august-2-2026,chicago,2026-08-02,1,NO,74-75°F,0.73,13.7,10.0,0.135,23.9,76-77°F,won,13.7,3.56,2026-08-03T12:51:58Z
2026-08-01T08:03:24Z,highest-temperature-in-denver-on-august-2-2026,denver,2026-08-02,1,NO,100-101°F,0.58,17.24,10.0,0.21,38.6,100-101°F,lost,0.0,-10.21,2026-08-03T12:51:58Z
2026-08-01T08:03:24Z,highest-temperature-in-paris-on-august-3-2026,paris,2026-08-03,2,NO,36°C,0.74,13.51,10.0,0.13,35.5,35°C,lost,0.0,-10.13,2026-08-04T10:26:41Z
2026-08-01T08:03:24Z,highest-temperature-in-wellington-on-august-3-2026,wellington,2026-08-03,2,NO,15°C,0.59,16.95,10.0,0.205,14.6,15°C,won,16.95,6.74,2026-08-04T10:26:41Z
2026-08-01T08:03:24Z,highest-temperature-in-tokyo-on-august-3-2026,tokyo,2026-08-03,2,NO,27°C,0.62,16.13,10.0,0.19,26.7,27°C,lost,0.0,-10.19,2026-08-04T10:26:41Z
2026-08-01T08:03:24Z,highest-temperature-in-wuhan-on-august-3-2026,wuhan,2026-08-03,2,NO,36°C,0.68,14.71,10.0,0.16,36.2,36°C,won,14.71,4.55,2026-08-04T10:26:41Z
2026-08-02T09:05:08Z,highest-temperature-in-taipei-on-august-3-2026,taipei,2026-08-03,1,NO,36°C,0.69,14.49,10.0,0.155,36.1,37°C,won,14.49,4.33,2026-08-04T10:26:41Z
2026-08-02T09:05:08Z,highest-temperature-in-moscow-on-august-3-2026,moscow,2026-08-03,1,NO,26°C,0.69,14.49,10.0,0.155,26.3,25°C,won,14.49,4.33,2026-08-04T10:26:41Z
2026-08-02T09:05:08Z,highest-temperature-in-karachi-on-august-3-2026,karachi,2026-08-03,1,NO,32°C,0.73,13.7,10.0,0.135,31.7,33°C,won,13.7,3.56,2026-08-04T10:26:41Z
2026-08-02T09:05:08Z,highest-temperature-in-sao-paulo-on-august-3-2026,sao-paulo,2026-08-03,1,NO,27°C,0.52,19.23,10.0,0.24,27.1,27°C,lost,0.0,-10.24,2026-08-04T10:26:41Z
2026-08-02T09:05:08Z,highest-temperature-in-chicago-on-august-3-2026,chicago,2026-08-03,1,NO,78-79°F,0.68,14.71,10.0,0.16,26.1,80-81°F,won,14.71,4.55,2026-08-04T10:26:41Z
2026-08-02T09:05:08Z,highest-temperature-in-denver-on-august-3-2026,denver,2026-08-03,1,NO,98-99°F,0.7,14.29,10.0,0.15,37.3,100-101°F,won,14.29,4.14,2026-08-04T18:16:36Z
2026-08-02T09:05:08Z,highest-temperature-in-warsaw-on-august-4-2026,warsaw,2026-08-04,2,NO,33°C,0.7,14.29,10.0,0.15,33.1,33°C,won,14.29,4.14,2026-08-05T10:22:44Z
2026-08-02T09:05:08Z,highest-temperature-in-wuhan-on-august-4-2026,wuhan,2026-08-04,2,NO,38°C,0.67,14.93,10.0,0.1651,38.2,38°C,lost,0.0,-10.17,2026-08-05T10:22:44Z
2026-08-02T09:05:08Z,highest-temperature-in-busan-on-august-4-2026,busan,2026-08-04,2,NO,35°C,0.72,13.89,10.0,0.14,35.3,34°C,lost,0.0,-10.14,2026-08-05T10:22:44Z
2026-08-02T09:05:08Z,highest-temperature-in-helsinki-on-august-4-2026,helsinki,2026-08-04,2,NO,22°C,0.56,17.86,10.0,0.22,22.2,22°C,won,17.86,7.64,2026-08-05T10:22:44Z
2026-08-03T12:51:58Z,highest-temperature-in-london-on-august-4-2026,london,2026-08-04,1,NO,30°C,0.75,13.33,10.0,0.125,29.9,29°C,lost,0.0,-10.12,2026-08-05T10:22:44Z
2026-08-03T12:51:58Z,highest-temperature-in-hong-kong-on-august-4-2026,hong-kong,2026-08-04,1,NO,29°C,0.67,14.93,10.0,0.1651,29.4,30°C,won,14.93,4.76,2026-08-05T10:22:44Z
2026-08-03T12:51:58Z,highest-temperature-in-taipei-on-august-4-2026,taipei,2026-08-04,1,NO,36°C,0.49,20.41,10.0,0.255,36.1,36°C,won,20.41,10.15,2026-08-05T10:22:44Z
2026-08-03T12:51:58Z,highest-temperature-in-beijing-on-august-4-2026,beijing,2026-08-04,1,NO,34°C,0.71,14.08,10.0,0.145,34.0,33°C,won,14.08,3.94,2026-08-05T10:22:44Z
2026-08-03T12:51:58Z,highest-temperature-in-shenzhen-on-august-4-2026,shenzhen,2026-08-04,1,NO,32°C,0.74,13.51,10.0,0.13,32.4,31°C,won,13.51,3.38,2026-08-05T10:22:44Z
2026-08-03T12:51:58Z,highest-temperature-in-sao-paulo-on-august-4-2026,sao-paulo,2026-08-04,1,NO,27°C,0.71,14.08,10.0,0.145,27.3,26°C,won,14.08,3.94,2026-08-05T10:22:44Z
2026-08-03T12:51:58Z,highest-temperature-in-buenos-aires-on-august-4-2026,buenos-aires,2026-08-04,1,NO,17°C,0.69,14.49,10.0,0.155,16.7,16°C,won,14.49,4.33,2026-08-05T10:22:44Z
2026-08-03T12:51:58Z,highest-temperature-in-seattle-on-august-4-2026,seattle,2026-08-04,1,NO,84-85°F,0.57,17.54,10.0,0.215,29.0,84-85°F,won,17.54,7.32,2026-08-05T10:22:44Z
2026-08-03T12:51:58Z,highest-temperature-in-chicago-on-august-4-2026,chicago,2026-08-04,1,NO,86-87°F,0.74,13.51,10.0,0.13,30.6,84-85°F,won,13.51,3.38,2026-08-05T10:22:44Z
2026-08-03T12:51:58Z,highest-temperature-in-houston-on-august-4-2026,houston,2026-08-04,1,NO,94-95°F,0.73,13.7,10.0,0.135,34.9,96-97°F,lost,0.0,-10.13,2026-08-05T10:22:44Z
2026-08-03T12:51:58Z,highest-temperature-in-mexico-city-on-august-4-2026,mexico-city,2026-08-04,1,NO,27°C,0.46,21.74,10.0,0.27,27.0,27°C,won,21.74,11.47,2026-08-05T10:22:44Z
2026-08-03T12:51:58Z,highest-temperature-in-london-on-august-5-2026,london,2026-08-05,2,NO,26°C,0.7,14.29,10.0,0.15,25.8,25°C,lost,0.0,-10.15,2026-08-06T10:24:36Z
2026-08-03T12:51:58Z,highest-temperature-in-tokyo-on-august-5-2026,tokyo,2026-08-05,2,NO,30°C,0.63,15.87,10.0,0.185,30.0,30°C,lost,0.0,-10.19,2026-08-06T10:24:36Z
2026-08-03T12:51:58Z,highest-temperature-in-hong-kong-on-august-5-2026,hong-kong,2026-08-05,2,NO,30°C,0.73,13.7,10.0,0.135,30.6,31°C,won,13.7,3.56,2026-08-06T10:24:36Z
2026-08-03T12:51:58Z,highest-temperature-in-madrid-on-august-5-2026,madrid,2026-08-05,2,NO,35°C,0.76,13.16,10.0,0.12,35.0,36°C,won,13.16,3.04,2026-08-06T10:24:36Z
2026-08-03T12:51:58Z,highest-temperature-in-taipei-on-august-5-2026,taipei,2026-08-05,2,NO,35°C,0.75,13.33,10.0,0.125,34.8,36°C,won,13.33,3.21,2026-08-06T10:24:36Z
2026-08-03T12:51:58Z,highest-temperature-in-beijing-on-august-5-2026,beijing,2026-08-05,2,NO,35°C,0.74,13.51,10.0,0.13,34.8,36°C,won,13.51,3.38,2026-08-06T10:24:36Z
2026-08-03T12:51:58Z,highest-temperature-in-helsinki-on-august-5-2026,helsinki,2026-08-05,2,NO,22°C,0.73,13.7,10.0,0.135,21.7,21°C,won,13.7,3.56,2026-08-06T10:24:36Z
2026-08-03T12:51:58Z,highest-temperature-in-manila-on-august-5-2026,manila,2026-08-05,2,NO,28°C,0.71,14.08,10.0,0.145,28.0,29°C,lost,0.0,-10.14,2026-08-06T10:24:36Z
2026-08-03T12:51:58Z,highest-temperature-in-lucknow-on-august-5-2026,lucknow,2026-08-05,2,NO,31°C,0.72,13.89,10.0,0.14,31.1,30°C,lost,0.0,-10.14,2026-08-06T10:24:36Z
2026-08-04T10:26:41Z,highest-temperature-in-wellington-on-august-5-2026,wellington,2026-08-05,1,NO,9°C,0.39,25.64,10.0,0.305,8.8,9°C,lost,0.0,-10.3,2026-08-06T10:24:36Z
2026-08-04T10:26:41Z,highest-temperature-in-moscow-on-august-5-2026,moscow,2026-08-05,1,NO,28°C,0.75,13.33,10.0,0.125,27.6,27°C,won,13.33,3.21,2026-08-06T10:24:36Z
2026-08-04T10:26:41Z,highest-temperature-in-karachi-on-august-5-2026,karachi,2026-08-05,1,NO,32°C,0.76,13.16,10.0,0.12,31.8,33°C,lost,0.0,-10.12,2026-08-06T10:24:36Z
2026-08-04T10:26:41Z,highest-temperature-in-seattle-on-august-5-2026,seattle,2026-08-05,1,NO,88-89°F,0.62,16.13,10.0,0.19,31.2,88-89°F,won,16.13,5.94,2026-08-06T10:24:36Z
2026-08-04T10:26:41Z,highest-temperature-in-nyc-on-august-5-2026,nyc,2026-08-05,1,NO,80-81°F,0.76,13.16,10.0,0.12,26.6,82-83°F,won,13.16,3.04,2026-08-06T10:24:36Z
2026-08-04T10:26:41Z,highest-temperature-in-atlanta-on-august-5-2026,atlanta,2026-08-05,1,NO,86-87°F,0.57,17.54,10.0,0.215,30.4,86-87°F,won,17.54,7.32,2026-08-06T10:24:36Z
2026-08-04T10:26:41Z,highest-temperature-in-denver-on-august-5-2026,denver,2026-08-05,1,NO,86-87°F,0.52,19.23,10.0,0.24,30.2,86-87°F,won,19.23,8.99,2026-08-06T10:24:36Z
2026-08-04T10:26:41Z,highest-temperature-in-los-angeles-on-august-5-2026,los-angeles,2026-08-05,1,NO,76-77°F,0.54,18.52,10.0,0.23,24.5,76-77°F,lost,0.0,-10.23,2026-08-06T10:24:36Z
2026-08-04T10:26:41Z,highest-temperature-in-mexico-city-on-august-5-2026,mexico-city,2026-08-05,1,NO,26°C,0.53,18.87,10.0,0.235,25.9,26°C,lost,0.0,-10.23,2026-08-06T10:24:36Z
2026-08-04T10:26:41Z,highest-temperature-in-tokyo-on-august-6-2026,tokyo,2026-08-06,2,NO,33°C,0.71,14.08,10.0,0.145,33.0,32°C,won,14.08,3.94,2026-08-07T06:02:18Z
2026-08-04T10:26:41Z,highest-temperature-in-singapore-on-august-6-2026,singapore,2026-08-06,2,NO,32°C,0.55,18.18,10.0,0.225,31.5,32°C,lost,0.0,-10.22,2026-08-07T06:02:18Z
2026-08-04T10:26:41Z,highest-temperature-in-taipei-on-august-6-2026,taipei,2026-08-06,2,NO,36°C,0.72,13.89,10.0,0.14,36.0,35°C,lost,0.0,-10.14,2026-08-07T06:02:18Z
2026-08-04T10:26:41Z,highest-temperature-in-wuhan-on-august-6-2026,wuhan,2026-08-06,2,NO,36°C,0.58,17.24,10.0,0.21,36.4,36°C,lost,0.0,-10.21,2026-08-07T06:02:18Z
2026-08-04T10:26:41Z,highest-temperature-in-ankara-on-august-6-2026,ankara,2026-08-06,2,NO,32°C,0.65,15.38,10.0,0.1749,32.2,33°C,lost,0.0,-10.17,2026-08-07T06:02:18Z
2026-08-04T10:26:41Z,highest-temperature-in-lucknow-on-august-6-2026,lucknow,2026-08-06,2,NO,31°C,0.75,13.33,10.0,0.125,30.8,29°C,won,13.33,3.21,2026-08-07T06:02:18Z
2026-08-04T10:26:41Z,highest-temperature-in-munich-on-august-6-2026,munich,2026-08-06,2,NO,>=29°C,0.74,13.51,10.0,0.13,30.5,28°C,won,13.51,3.38,2026-08-07T06:02:18Z
2026-08-04T10:26:41Z,highest-temperature-in-moscow-on-august-6-2026,moscow,2026-08-06,2,NO,30°C,0.74,13.51,10.0,0.13,30.0,29°C,lost,0.0,-10.13,2026-08-07T06:02:18Z
2026-08-05T10:22:44Z,highest-temperature-in-beijing-on-august-6-2026,beijing,2026-08-06,1,NO,38°C,0.68,14.71,10.0,0.16,38.1,37°C,won,14.71,4.55,2026-08-07T06:02:18Z
2026-08-05T10:22:44Z,highest-temperature-in-chengdu-on-august-6-2026,chengdu,2026-08-06,1,NO,33°C,0.76,13.16,10.0,0.12,32.7,32°C,won,13.16,3.04,2026-08-07T06:02:18Z
2026-08-05T10:22:44Z,highest-temperature-in-london-on-august-6-2026,london,2026-08-06,1,NO,24°C,0.74,13.51,10.0,0.13,24.4,23°C,won,13.51,3.38,2026-08-07T06:02:18Z
2026-08-05T10:22:44Z,highest-temperature-in-karachi-on-august-6-2026,karachi,2026-08-06,1,NO,32°C,0.7,14.29,10.0,0.15,32.3,33°C,won,14.29,4.14,2026-08-07T06:02:18Z
2026-08-05T10:22:44Z,highest-temperature-in-toronto-on-august-6-2026,toronto,2026-08-06,1,NO,29°C,0.72,13.89,10.0,0.14,29.3,28°C,lost,0.0,-10.14,2026-08-07T06:02:18Z
2026-08-05T10:22:44Z,highest-temperature-in-seattle-on-august-6-2026,seattle,2026-08-06,1,NO,86-87°F,0.76,13.16,10.0,0.12,30.8,88-89°F,lost,0.0,-10.12,2026-08-07T15:13:43Z
2026-08-05T10:22:44Z,highest-temperature-in-miami-on-august-6-2026,miami,2026-08-06,1,NO,86-87°F,0.74,13.51,10.0,0.13,29.9,88-89°F,won,13.51,3.38,2026-08-07T15:13:43Z
2026-08-05T10:22:44Z,highest-temperature-in-los-angeles-on-august-6-2026,los-angeles,2026-08-06,1,NO,76-77°F,0.64,15.62,10.0,0.1799,25.0,78-79°F,lost,0.0,-10.18,2026-08-07T15:13:43Z
2026-08-05T10:22:44Z,highest-temperature-in-ankara-on-august-7-2026,ankara,2026-08-07,2,NO,33°C,0.74,13.51,10.0,0.13,33.0,34°C,lost,0.0,-10.13,2026-08-08T04:27:20Z
2026-08-05T10:22:44Z,highest-temperature-in-tokyo-on-august-7-2026,tokyo,2026-08-07,2,NO,33°C,0.68,14.71,10.0,0.16,32.6,33°C,lost,0.0,-10.16,2026-08-08T04:27:20Z
2026-08-05T10:22:44Z,highest-temperature-in-taipei-on-august-7-2026,taipei,2026-08-07,2,NO,34°C,0.71,14.08,10.0,0.145,34.0,35°C,won,14.08,3.94,2026-08-08T04:27:20Z
2026-08-05T10:22:44Z,highest-temperature-in-guangzhou-on-august-7-2026,guangzhou,2026-08-07,2,NO,36°C,0.74,13.51,10.0,0.13,36.2,37°C,won,13.51,3.38,2026-08-08T04:27:20Z
2026-08-05T10:22:44Z,highest-temperature-in-karachi-on-august-7-2026,karachi,2026-08-07,2,NO,33°C,0.6,16.67,10.0,0.2,32.6,33°C,lost,0.0,-10.2,2026-08-08T04:27:20Z
2026-08-06T10:24:36Z,highest-temperature-in-munich-on-august-7-2026,munich,2026-08-07,1,NO,28°C,0.61,16.39,10.0,0.195,27.5,27°C,lost,0.0,-10.2,2026-08-08T14:09:24Z
2026-08-06T10:24:36Z,highest-temperature-in-beijing-on-august-7-2026,beijing,2026-08-07,1,NO,37°C,0.61,16.39,10.0,0.195,36.7,37°C,won,16.39,6.2,2026-08-08T04:27:20Z
2026-08-06T10:24:36Z,highest-temperature-in-toronto-on-august-7-2026,toronto,2026-08-07,1,NO,25°C,0.73,13.7,10.0,0.135,24.9,26°C,won,13.7,3.56,2026-08-08T14:09:24Z
2026-08-06T10:24:36Z,highest-temperature-in-nyc-on-august-7-2026,nyc,2026-08-07,1,NO,92-93°F,0.68,14.71,10.0,0.16,33.8,92-93°F,lost,0.0,-10.16,2026-08-08T14:09:24Z
2026-08-06T10:24:36Z,highest-temperature-in-chicago-on-august-7-2026,chicago,2026-08-07,1,NO,86-87°F,0.6,16.67,10.0,0.2,30.1,86-87°F,lost,0.0,-10.2,2026-08-08T14:09:24Z
2026-08-06T10:24:36Z,highest-temperature-in-houston-on-august-7-2026,houston,2026-08-07,1,NO,94-95°F,0.55,18.18,10.0,0.225,35.2,94-95°F,won,18.18,7.96,2026-08-08T14:09:24Z
2026-08-06T10:24:36Z,highest-temperature-in-los-angeles-on-august-7-2026,los-angeles,2026-08-07,1,NO,76-77°F,0.66,15.15,10.0,0.17,25.0,78-79°F,won,15.15,4.98,2026-08-08T14:09:24Z
2026-08-06T10:24:36Z,highest-temperature-in-mexico-city-on-august-7-2026,mexico-city,2026-08-07,1,NO,24°C,0.6,16.67,10.0,0.2,24.0,24°C,lost,0.0,-10.2,2026-08-08T14:09:24Z
2026-08-06T10:24:36Z,highest-temperature-in-hong-kong-on-august-8-2026,hong-kong,2026-08-08,2,NO,35°C,0.65,15.38,10.0,0.1749,35.6,35°C,won,15.38,5.21,2026-08-10T13:43:33Z
2026-08-06T10:24:36Z,highest-temperature-in-beijing-on-august-8-2026,beijing,2026-08-08,2,NO,32°C,0.68,14.71,10.0,0.16,32.5,32°C,lost,0.0,-10.16,2026-08-09T02:31:38Z
2026-08-06T10:24:36Z,highest-temperature-in-wuhan-on-august-8-2026,wuhan,2026-08-08,2,NO,36°C,0.76,13.16,10.0,0.12,36.1,37°C,won,13.16,3.04,2026-08-09T02:31:38Z
2026-08-06T10:24:36Z,highest-temperature-in-chengdu-on-august-8-2026,chengdu,2026-08-08,2,NO,33°C,0.72,13.89,10.0,0.14,33.1,33°C,won,13.89,3.75,2026-08-09T02:31:38Z
2026-08-06T10:24:36Z,highest-temperature-in-guangzhou-on-august-8-2026,guangzhou,2026-08-08,2,NO,37°C,0.73,13.7,10.0,0.135,36.7,38°C,lost,0.0,-10.13,2026-08-09T02:31:38Z
2026-08-06T10:24:36Z,highest-temperature-in-qingdao-on-august-8-2026,qingdao,2026-08-08,2,NO,34°C,0.75,13.33,10.0,0.125,34.4,35°C,won,13.33,3.21,2026-08-09T02:31:38Z
2026-08-06T10:24:36Z,highest-temperature-in-warsaw-on-august-8-2026,warsaw,2026-08-08,2,NO,24°C,0.72,13.89,10.0,0.14,24.3,23°C,won,13.89,3.75,2026-08-09T13:15:27Z
2026-08-06T10:24:36Z,highest-temperature-in-helsinki-on-august-8-2026,helsinki,2026-08-08,2,NO,21°C,0.56,17.86,10.0,0.22,21.4,21°C,won,17.86,7.64,2026-08-09T02:31:38Z
2026-08-06T10:24:36Z,highest-temperature-in-cape-town-on-august-8-2026,cape-town,2026-08-08,2,NO,18°C,0.65,15.38,10.0,0.1749,18.0,17°C,won,15.38,5.21,2026-08-09T02:31:38Z
2026-08-07T06:02:18Z,highest-temperature-in-tokyo-on-august-8-2026,tokyo,2026-08-08,1,NO,32°C,0.75,13.33,10.0,0.125,32.2,33°C,won,13.33,3.21,2026-08-09T02:31:38Z
2026-08-07T06:02:18Z,highest-temperature-in-manila-on-august-8-2026,manila,2026-08-08,1,NO,29°C,0.52,19.23,10.0,0.24,28.7,29°C,won,19.23,8.99,2026-08-09T02:31:38Z
2026-08-07T06:02:18Z,highest-temperature-in-munich-on-august-8-2026,munich,2026-08-08,1,NO,29°C,0.66,15.15,10.0,0.17,29.0,30°C,won,15.15,4.98,2026-08-09T02:31:38Z
2026-08-07T06:02:18Z,highest-temperature-in-toronto-on-august-8-2026,toronto,2026-08-08,1,NO,29°C,0.72,13.89,10.0,0.14,29.2,30°C,won,13.89,3.75,2026-08-09T13:15:27Z
2026-08-07T06:02:18Z,highest-temperature-in-dallas-on-august-8-2026,dallas,2026-08-08,1,NO,100-101°F,0.76,13.16,10.0,0.12,38.3,98-99°F,lost,0.0,-10.12,2026-08-09T13:15:27Z
2026-08-07T06:02:18Z,highest-temperature-in-austin-on-august-8-2026,austin,2026-08-08,1,NO,98-99°F,0.57,17.54,10.0,0.215,37.3,98-99°F,lost,0.0,-10.21,2026-08-09T13:15:27Z
2026-08-07T06:02:18Z,highest-temperature-in-los-angeles-on-august-8-2026,los-angeles,2026-08-08,2,NO,78-79°F,0.62,16.13,10.0,0.19,25.5,78-79°F,lost,0.0,-10.19,2026-08-09T13:15:27Z
2026-08-07T06:02:18Z,highest-temperature-in-tokyo-on-august-9-2026,tokyo,2026-08-09,2,NO,33°C,0.68,14.71,10.0,0.16,32.8,32°C,lost,0.0,-10.16,2026-08-10T02:36:10Z
2026-08-07T06:02:18Z,highest-temperature-in-hong-kong-on-august-9-2026,hong-kong,2026-08-09,2,NO,36°C,0.7,14.29,10.0,0.15,36.2,35°C,lost,0.0,-10.15,2026-08-10T13:43:33Z
2026-08-08T04:27:20Z,highest-temperature-in-houston-on-august-8-2026,houston,2026-08-08,1,NO,94-95°F,0.67,14.93,10.0,0.1651,34.6,92-93°F,won,14.93,4.76,2026-08-09T13:15:27Z
2026-08-08T04:27:20Z,highest-temperature-in-san-francisco-on-august-8-2026,san-francisco,2026-08-08,1,NO,72-73°F,0.76,13.16,10.0,0.12,22.2,70-71°F,won,13.16,3.04,2026-08-09T13:15:27Z
2026-08-08T04:27:20Z,highest-temperature-in-london-on-august-9-2026,london,2026-08-09,1,NO,32°C,0.66,15.15,10.0,0.17,31.9,31°C,won,15.15,4.98,2026-08-10T02:36:10Z
2026-08-08T04:27:20Z,highest-temperature-in-ankara-on-august-9-2026,ankara,2026-08-09,1,NO,31°C,0.72,13.89,10.0,0.14,31.1,32°C,lost,0.0,-10.14,2026-08-10T13:43:33Z
2026-08-08T04:27:20Z,highest-temperature-in-beijing-on-august-9-2026,beijing,2026-08-09,1,NO,32°C,0.56,17.86,10.0,0.22,32.0,32°C,won,17.86,7.64,2026-08-10T02:36:10Z
2026-08-08T04:27:20Z,highest-temperature-in-busan-on-august-9-2026,busan,2026-08-09,1,NO,32°C,0.71,14.08,10.0,0.145,32.3,31°C,lost,0.0,-10.14,2026-08-10T02:36:10Z
2026-08-08T04:27:20Z,highest-temperature-in-helsinki-on-august-9-2026,helsinki,2026-08-09,1,NO,22°C,0.42,23.81,10.0,0.29,21.8,22°C,lost,0.0,-10.29,2026-08-10T02:36:10Z
2026-08-08T04:27:20Z,highest-temperature-in-qingdao-on-august-9-2026,qingdao,2026-08-09,1,NO,33°C,0.66,15.15,10.0,0.17,33.0,33°C,won,15.15,4.98,2026-08-10T02:36:10Z
2026-08-08T04:27:20Z,highest-temperature-in-cape-town-on-august-9-2026,cape-town,2026-08-09,1,NO,14°C,0.49,20.41,10.0,0.255,13.6,14°C,won,20.41,10.15,2026-08-10T02:36:10Z
2026-08-08T04:27:20Z,highest-temperature-in-toronto-on-august-9-2026,toronto,2026-08-09,1,NO,29°C,0.74,13.51,10.0,0.13,28.9,28°C,won,13.51,3.38,2026-08-10T13:43:33Z
2026-08-08T04:27:20Z,highest-temperature-in-austin-on-august-9-2026,austin,2026-08-09,2,NO,96-97°F,0.76,13.16,10.0,0.12,36.3,98-99°F,won,13.16,3.04,2026-08-10T13:43:33Z
2026-08-08T04:27:20Z,highest-temperature-in-los-angeles-on-august-9-2026,los-angeles,2026-08-09,2,NO,78-79°F,0.55,18.18,10.0,0.225,25.9,78-79°F,won,18.18,7.96,2026-08-10T13:43:33Z
2026-08-08T04:27:20Z,highest-temperature-in-seoul-on-august-10-2026,seoul,2026-08-10,2,NO,28°C,0.69,14.49,10.0,0.155,27.9,30°C,won,14.49,4.33,2026-08-11T02:31:08Z
2026-08-08T14:09:24Z,highest-temperature-in-munich-on-august-10-2026,munich,2026-08-10,2,NO,33°C,0.69,14.49,10.0,0.155,33.4,34°C,won,14.49,4.33,2026-08-11T02:31:08Z
2026-08-08T14:09:24Z,highest-temperature-in-moscow-on-august-10-2026,moscow,2026-08-10,2,NO,25°C,0.7,14.29,10.0,0.15,25.3,24°C,won,14.29,4.14,2026-08-11T02:31:08Z
2026-08-08T14:09:24Z,highest-temperature-in-amsterdam-on-august-10-2026,amsterdam,2026-08-10,2,NO,24°C,0.71,14.08,10.0,0.145,23.5,23°C,won,14.08,3.94,2026-08-11T02:31:08Z
2026-08-09T02:31:38Z,highest-temperature-in-sao-paulo-on-august-9-2026,sao-paulo,2026-08-09,1,NO,25°C,0.65,15.38,10.0,0.1749,25.2,25°C,won,15.38,5.21,2026-08-10T13:43:33Z
2026-08-09T02:31:38Z,highest-temperature-in-seattle-on-august-9-2026,seattle,2026-08-09,1,NO,78-79°F,0.68,14.71,10.0,0.16,26.1,76-77°F,won,14.71,4.55,2026-08-10T13:43:33Z
2026-08-09T02:31:38Z,highest-temperature-in-nyc-on-august-9-2026,nyc,2026-08-09,1,NO,94-95°F,0.74,13.51,10.0,0.13,34.2,92-93°F,won,13.51,3.38,2026-08-10T13:43:33Z
2026-08-09T02:31:38Z,highest-temperature-in-denver-on-august-9-2026,denver,2026-08-09,1,NO,98-99°F,0.66,15.15,10.0,0.17,37.1,96-97°F,lost,0.0,-10.17,2026-08-10T13:43:33Z
2026-08-09T02:31:38Z,highest-temperature-in-hong-kong-on-august-10-2026,hong-kong,2026-08-10,1,NO,34°C,0.62,16.13,10.0,0.19,34.7,34°C,won,16.13,5.94,2026-08-11T13:42:06Z
2026-08-09T02:31:38Z,highest-temperature-in-shanghai-on-august-10-2026,shanghai,2026-08-10,1,NO,28°C,0.72,13.89,10.0,0.14,28.3,29°C,lost,0.0,-10.14,2026-08-11T02:31:08Z
2026-08-09T02:31:38Z,highest-temperature-in-beijing-on-august-10-2026,beijing,2026-08-10,1,NO,33°C,0.67,14.93,10.0,0.1651,33.3,33°C,won,14.93,4.76,2026-08-11T02:31:08Z
2026-08-09T02:31:38Z,highest-temperature-in-wuhan-on-august-10-2026,wuhan,2026-08-10,1,NO,31°C,0.72,13.89,10.0,0.14,30.7,31°C,won,13.89,3.75,2026-08-11T02:31:08Z
2026-08-09T02:31:38Z,highest-temperature-in-manila-on-august-10-2026,manila,2026-08-10,1,NO,30°C,0.58,17.24,10.0,0.21,29.5,30°C,won,17.24,7.03,2026-08-11T02:31:08Z
2026-08-09T02:31:38Z,highest-temperature-in-london-on-august-10-2026,london,2026-08-10,1,NO,26°C,0.67,14.93,10.0,0.1651,26.5,26°C,lost,0.0,-10.17,2026-08-11T02:31:08Z
2026-08-09T02:31:38Z,highest-temperature-in-paris-on-august-10-2026,paris,2026-08-10,1,NO,33°C,0.72,13.89,10.0,0.14,33.2,32°C,won,13.89,3.75,2026-08-11T02:31:08Z
2026-08-09T02:31:38Z,highest-temperature-in-helsinki-on-august-10-2026,helsinki,2026-08-10,1,NO,23°C,0.58,17.24,10.0,0.21,23.1,23°C,lost,0.0,-10.21,2026-08-11T02:31:08Z
2026-08-09T02:31:38Z,highest-temperature-in-austin-on-august-10-2026,austin,2026-08-10,2,NO,98-99°F,0.67,14.93,10.0,0.1651,36.4,96-97°F,won,14.93,4.76,2026-08-11T13:42:06Z
2026-08-09T02:31:38Z,highest-temperature-in-denver-on-august-10-2026,denver,2026-08-10,2,NO,96-97°F,0.66,15.15,10.0,0.17,36.0,96-97°F,lost,0.0,-10.17,2026-08-11T13:42:06Z
2026-08-09T02:31:38Z,highest-temperature-in-houston-on-august-10-2026,houston,2026-08-10,2,NO,88-89°F,0.71,14.08,10.0,0.145,31.5,90-91°F,won,14.08,3.94,2026-08-11T13:42:06Z
2026-08-09T02:31:38Z,highest-temperature-in-mexico-city-on-august-10-2026,mexico-city,2026-08-10,2,NO,25°C,0.73,13.7,10.0,0.135,24.6,24°C,lost,0.0,-10.13,2026-08-11T13:42:06Z
2026-08-09T02:31:38Z,highest-temperature-in-panama-city-on-august-10-2026,panama-city,2026-08-10,2,NO,34°C,0.67,14.93,10.0,0.1651,33.6,34°C,won,14.93,4.76,2026-08-11T13:42:06Z
2026-08-09T13:15:27Z,highest-temperature-in-milan-on-august-11-2026,milan,2026-08-11,2,NO,37°C,0.66,15.15,10.0,0.17,37.4,36°C,won,15.15,4.98,2026-08-12T02:47:18Z
2026-08-09T13:15:27Z,highest-temperature-in-manila-on-august-11-2026,manila,2026-08-11,2,NO,30°C,0.65,15.38,10.0,0.1749,29.5,30°C,won,15.38,5.21,2026-08-12T02:47:18Z
2026-08-10T02:36:10Z,highest-temperature-in-seattle-on-august-10-2026,seattle,2026-08-10,1,NO,78-79°F,0.74,13.51,10.0,0.13,25.8,76-77°F,won,13.51,3.38,2026-08-11T13:42:06Z
2026-08-10T02:36:10Z,highest-temperature-in-chicago-on-august-10-2026,chicago,2026-08-10,1,NO,84-85°F,0.67,14.93,10.0,0.1651,28.9,84-85°F,won,14.93,4.76,2026-08-11T13:42:06Z
2026-08-10T02:36:10Z,highest-temperature-in-los-angeles-on-august-10-2026,los-angeles,2026-08-10,1,NO,76-77°F,0.71,14.08,10.0,0.145,24.7,78-79°F,won,14.08,3.94,2026-08-11T13:42:06Z
2026-08-10T02:36:10Z,highest-temperature-in-london-on-august-11-2026,london,2026-08-11,1,NO,25°C,0.53,18.87,10.0,0.235,25.1,25°C,won,18.87,8.64,2026-08-12T13:45:12Z
2026-08-10T02:36:10Z,highest-temperature-in-shanghai-on-august-11-2026,shanghai,2026-08-11,1,NO,29°C,0.67,14.93,10.0,0.1651,28.8,30°C,lost,0.0,-10.17,2026-08-12T02:47:18Z
2026-08-10T02:36:10Z,highest-temperature-in-beijing-on-august-11-2026,beijing,2026-08-11,1,NO,33°C,0.73,13.7,10.0,0.135,33.3,34°C,lost,0.0,-10.13,2026-08-12T02:47:18Z
2026-08-10T02:36:10Z,highest-temperature-in-amsterdam-on-august-11-2026,amsterdam,2026-08-11,1,NO,23°C,0.66,15.15,10.0,0.17,23.0,22°C,won,15.15,4.98,2026-08-12T02:47:18Z
2026-08-10T02:36:10Z,highest-temperature-in-helsinki-on-august-11-2026,helsinki,2026-08-11,1,NO,18°C,0.74,13.51,10.0,0.13,18.2,19°C,lost,0.0,-10.13,2026-08-12T02:47:18Z
2026-08-10T02:36:10Z,highest-temperature-in-sao-paulo-on-august-11-2026,sao-paulo,2026-08-11,2,NO,17°C,0.6,16.67,10.0,0.2,17.0,17°C,won,16.67,6.47,2026-08-12T13:45:12Z
2026-08-10T02:36:10Z,highest-temperature-in-austin-on-august-11-2026,austin,2026-08-11,2,NO,100-101°F,0.73,13.7,10.0,0.135,38.4,98-99°F,lost,0.0,-10.13,2026-08-12T13:45:12Z
2026-08-10T13:43:33Z,highest-temperature-in-warsaw-on-august-12-2026,warsaw,2026-08-12,2,NO,24°C,0.66,15.15,10.0,0.17,24.4,23°C,won,15.15,4.98,2026-08-13T02:48:36Z
2026-08-10T13:43:33Z,highest-temperature-in-taipei-on-august-12-2026,taipei,2026-08-12,2,NO,35°C,0.75,13.33,10.0,0.125,35.0,36°C,won,13.33,3.21,2026-08-13T02:48:36Z
2026-08-10T13:43:33Z,highest-temperature-in-chongqing-on-august-12-2026,chongqing,2026-08-12,2,NO,36°C,0.58,17.24,10.0,0.21,36.2,36°C,lost,0.0,-10.21,2026-08-13T02:48:36Z
2026-08-10T13:43:33Z,highest-temperature-in-helsinki-on-august-12-2026,helsinki,2026-08-12,2,NO,19°C,0.53,18.87,10.0,0.235,18.9,19°C,won,18.87,8.64,2026-08-13T02:48:36Z
2026-08-10T13:43:33Z,highest-temperature-in-qingdao-on-august-12-2026,qingdao,2026-08-12,2,NO,31°C,0.7,14.29,10.0,0.15,31.0,30°C,won,14.29,4.14,2026-08-13T02:48:36Z
2026-08-10T13:43:33Z,highest-temperature-in-lucknow-on-august-12-2026,lucknow,2026-08-12,2,NO,36°C,0.56,17.86,10.0,0.22,36.5,36°C,won,17.86,7.64,2026-08-13T02:48:36Z
2026-08-10T13:43:33Z,highest-temperature-in-cape-town-on-august-12-2026,cape-town,2026-08-12,2,NO,23°C,0.74,13.51,10.0,0.13,23.0,23°C,lost,0.0,-10.13,2026-08-13T02:48:36Z
2026-08-11T02:31:08Z,highest-temperature-in-buenos-aires-on-august-11-2026,buenos-aires,2026-08-11,1,NO,12°C,0.51,19.61,10.0,0.245,12.0,12°C,lost,0.0,-10.24,2026-08-12T13:45:12Z
2026-08-11T02:31:08Z,highest-temperature-in-toronto-on-august-11-2026,toronto,2026-08-11,1,NO,29°C,0.71,14.08,10.0,0.145,29.3,28°C,lost,0.0,-10.14,2026-08-12T13:45:12Z
2026-08-11T02:31:08Z,highest-temperature-in-nyc-on-august-11-2026,nyc,2026-08-11,1,NO,90-91°F,0.7,14.29,10.0,0.15,32.4,88-89°F,won,14.29,4.14,2026-08-12T13:45:12Z
2026-08-11T02:31:08Z,highest-temperature-in-dallas-on-august-11-2026,dallas,2026-08-11,1,NO,100-101°F,0.51,19.61,10.0,0.245,37.5,100-101°F,won,19.61,9.37,2026-08-12T13:45:12Z
2026-08-11T02:31:08Z,highest-temperature-in-atlanta-on-august-11-2026,atlanta,2026-08-11,1,NO,92-93°F,0.56,17.86,10.0,0.22,33.3,92-93°F,lost,0.0,-10.22,2026-08-12T13:45:12Z
2026-08-11T02:31:08Z,highest-temperature-in-los-angeles-on-august-11-2026,los-angeles,2026-08-11,1,NO,76-77°F,0.65,15.38,10.0,0.1749,25.1,78-79°F,won,15.38,5.21,2026-08-12T13:45:12Z
2026-08-11T02:31:08Z,highest-temperature-in-ankara-on-august-12-2026,ankara,2026-08-12,1,NO,31°C,0.69,14.49,10.0,0.155,31.0,32°C,won,14.49,4.33,2026-08-13T02:48:36Z
2026-08-11T02:31:08Z,highest-temperature-in-tokyo-on-august-12-2026,tokyo,2026-08-12,1,NO,27°C,0.65,15.38,10.0,0.1749,26.7,27°C,won,15.38,5.21,2026-08-13T02:48:36Z
2026-08-11T02:31:08Z,highest-temperature-in-busan-on-august-12-2026,busan,2026-08-12,1,NO,32°C,0.73,13.7,10.0,0.135,31.5,31°C,won,13.7,3.56,2026-08-13T02:48:36Z
2026-08-11T02:31:08Z,highest-temperature-in-guangzhou-on-august-12-2026,guangzhou,2026-08-12,1,NO,38°C,0.48,20.83,10.0,0.26,38.1,38°C,won,20.83,10.57,2026-08-13T02:48:36Z
2026-08-11T02:31:08Z,highest-temperature-in-toronto-on-august-12-2026,toronto,2026-08-12,2,NO,27°C,0.75,13.33,10.0,0.125,26.8,28°C,lost,0.0,-10.12,2026-08-13T13:45:54Z
2026-08-11T02:31:08Z,highest-temperature-in-houston-on-august-12-2026,houston,2026-08-12,2,NO,96-97°F,0.68,14.71,10.0,0.16,35.7,94-95°F,won,14.71,4.55,2026-08-13T13:45:54Z
2026-08-11T13:42:06Z,highest-temperature-in-shanghai-on-august-13-2026,shanghai,2026-08-13,2,NO,29°C,0.67,14.93,10.0,0.1651,28.6,30°C,lost,0.0,-10.17,2026-08-14T02:47:24Z
2026-08-11T13:42:06Z,highest-temperature-in-chongqing-on-august-13-2026,chongqing,2026-08-13,2,NO,37°C,0.63,15.87,10.0,0.185,37.3,37°C,won,15.87,5.68,2026-08-14T02:47:24Z
2026-08-11T13:42:06Z,highest-temperature-in-guangzhou-on-august-13-2026,guangzhou,2026-08-13,2,NO,35°C,0.76,13.16,10.0,0.12,35.0,36°C,lost,0.0,-10.12,2026-08-14T02:47:24Z
2026-08-11T13:42:06Z,highest-temperature-in-qingdao-on-august-13-2026,qingdao,2026-08-13,2,NO,31°C,0.66,15.15,10.0,0.17,30.8,30°C,won,15.15,4.98,2026-08-14T02:47:24Z
2026-08-11T13:42:06Z,highest-temperature-in-manila-on-august-13-2026,manila,2026-08-13,2,NO,30°C,0.6,16.67,10.0,0.2,30.5,30°C,won,16.67,6.47,2026-08-14T02:47:24Z
2026-08-12T02:47:18Z,highest-temperature-in-sao-paulo-on-august-12-2026,sao-paulo,2026-08-12,1,NO,25°C,0.7,14.29,10.0,0.15,25.2,24°C,won,14.29,4.14,2026-08-13T13:45:54Z
2026-08-12T02:47:18Z,highest-temperature-in-wellington-on-august-13-2026,wellington,2026-08-13,1,NO,14°C,0.7,14.29,10.0,0.15,14.5,15°C,won,14.29,4.14,2026-08-14T02:47:24Z
2026-08-12T02:47:18Z,highest-temperature-in-taipei-on-august-13-2026,taipei,2026-08-13,1,NO,36°C,0.59,16.95,10.0,0.205,35.7,36°C,lost,0.0,-10.21,2026-08-14T02:47:24Z
2026-08-12T02:47:18Z,highest-temperature-in-ankara-on-august-13-2026,ankara,2026-08-13,1,NO,30°C,0.58,17.24,10.0,0.21,30.2,31°C,lost,0.0,-10.21,2026-08-14T02:47:24Z
2026-08-12T02:47:18Z,highest-temperature-in-munich-on-august-13-2026,munich,2026-08-13,1,NO,30°C,0.63,15.87,10.0,0.185,29.8,31°C,won,15.87,5.68,2026-08-14T02:47:24Z
2026-08-12T02:47:18Z,highest-temperature-in-moscow-on-august-13-2026,moscow,2026-08-13,1,NO,15°C,0.73,13.7,10.0,0.135,15.2,16°C,won,13.7,3.56,2026-08-14T02:47:24Z
2026-08-12T02:47:18Z,highest-temperature-in-helsinki-on-august-13-2026,helsinki,2026-08-13,1,NO,21°C,0.73,13.7,10.0,0.135,21.1,20°C,won,13.7,3.56,2026-08-14T02:47:24Z
2026-08-12T02:47:18Z,highest-temperature-in-los-angeles-on-august-13-2026,los-angeles,2026-08-13,2,NO,74-75°F,0.68,14.71,10.0,0.16,23.2,76-77°F,won,14.71,4.55,2026-08-14T13:41:21Z
2026-08-12T02:47:18Z,highest-temperature-in-san-francisco-on-august-13-2026,san-francisco,2026-08-13,2,NO,68-69°F,0.72,13.89,10.0,0.14,20.2,66-67°F,won,13.89,3.75,2026-08-14T13:41:21Z
2026-08-12T13:45:12Z,highest-temperature-in-wellington-on-august-14-2026,wellington,2026-08-14,1,NO,13°C,0.69,14.49,10.0,0.155,12.7,14°C,lost,0.0,-10.15,2026-08-15T01:53:49Z
2026-08-12T13:45:12Z,highest-temperature-in-tokyo-on-august-14-2026,tokyo,2026-08-14,2,NO,29°C,0.73,13.7,10.0,0.135,29.1,28°C,won,13.7,3.56,2026-08-15T01:53:49Z
2026-08-12T13:45:12Z,highest-temperature-in-busan-on-august-14-2026,busan,2026-08-14,2,NO,31°C,0.74,13.51,10.0,0.13,31.3,32°C,won,13.51,3.38,2026-08-15T01:53:49Z
2026-08-12T13:45:12Z,highest-temperature-in-qingdao-on-august-14-2026,qingdao,2026-08-14,2,NO,31°C,0.75,13.33,10.0,0.125,30.6,30°C,won,13.33,3.21,2026-08-15T01:53:49Z
2026-08-12T13:45:12Z,highest-temperature-in-munich-on-august-14-2026,munich,2026-08-14,2,NO,32°C,0.69,14.49,10.0,0.155,32.2,33°C,won,14.49,4.33,2026-08-15T01:53:49Z
2026-08-12T13:45:12Z,highest-temperature-in-helsinki-on-august-14-2026,helsinki,2026-08-14,2,NO,21°C,0.67,14.93,10.0,0.1651,21.2,21°C,won,14.93,4.76,2026-08-15T01:53:49Z
2026-08-13T02:48:36Z,highest-temperature-in-dallas-on-august-13-2026,dallas,2026-08-13,1,NO,100-101°F,0.33,30.3,10.0,0.335,38.0,100-101°F,lost,0.0,-10.34,2026-08-14T13:41:21Z
2026-08-13T02:48:36Z,highest-temperature-in-milan-on-august-14-2026,milan,2026-08-14,1,NO,35°C,0.6,16.67,10.0,0.2,35.4,34°C,won,16.67,6.47,2026-08-15T01:53:49Z
2026-08-13T02:48:36Z,highest-temperature-in-houston-on-august-14-2026,houston,2026-08-14,2,NO,94-95°F,0.69,14.49,10.0,0.155,34.6,92-93°F,won,14.49,4.33,2026-08-15T12:56:55Z
2026-08-13T02:48:36Z,highest-temperature-in-los-angeles-on-august-14-2026,los-angeles,2026-08-14,2,NO,76-77°F,0.72,13.89,10.0,0.14,24.6,74-75°F,won,13.89,3.75,2026-08-15T12:56:55Z
2026-08-13T02:48:36Z,highest-temperature-in-san-francisco-on-august-14-2026,san-francisco,2026-08-14,2,NO,68-69°F,0.71,14.08,10.0,0.145,20.5,66-67°F,won,14.08,3.94,2026-08-15T12:56:55Z
2026-08-13T02:48:36Z,highest-temperature-in-mexico-city-on-august-14-2026,mexico-city,2026-08-14,2,NO,26°C,0.7,14.29,10.0,0.15,26.0,25°C,lost,0.0,-10.15,2026-08-15T12:56:55Z
2026-08-13T02:48:36Z,highest-temperature-in-panama-city-on-august-14-2026,panama-city,2026-08-14,2,NO,32°C,0.76,13.16,10.0,0.12,32.2,33°C,won,13.16,3.04,2026-08-15T12:56:55Z
2026-08-13T13:45:54Z,highest-temperature-in-london-on-august-15-2026,london,2026-08-15,2,NO,26°C,0.65,15.38,10.0,0.1749,26.1,26°C,lost,0.0,-10.17,2026-08-16T13:02:04Z
2026-08-13T13:45:54Z,highest-temperature-in-wellington-on-august-15-2026,wellington,2026-08-15,1,NO,15°C,0.71,14.08,10.0,0.145,15.4,14°C,won,14.08,3.94,2026-08-16T02:01:24Z
2026-08-13T13:45:54Z,highest-temperature-in-hong-kong-on-august-15-2026,hong-kong,2026-08-15,2,NO,31°C,0.74,13.51,10.0,0.13,31.5,32°C,lost,0.0,-10.13,2026-08-17T13:07:02Z
2026-08-13T13:45:54Z,highest-temperature-in-warsaw-on-august-15-2026,warsaw,2026-08-15,2,NO,31°C,0.71,14.08,10.0,0.145,31.4,30°C,won,14.08,3.94,2026-08-16T13:02:04Z
2026-08-13T13:45:54Z,highest-temperature-in-qingdao-on-august-15-2026,qingdao,2026-08-15,2,NO,30°C,0.75,13.33,10.0,0.125,29.9,29°C,won,13.33,3.21,2026-08-16T02:01:24Z
2026-08-13T13:45:54Z,highest-temperature-in-manila-on-august-15-2026,manila,2026-08-15,2,NO,31°C,0.69,14.49,10.0,0.155,31.2,31°C,lost,0.0,-10.15,2026-08-16T02:01:24Z
2026-08-14T02:47:24Z,highest-temperature-in-dallas-on-august-14-2026,dallas,2026-08-14,1,NO,100-101°F,0.41,24.39,10.0,0.295,38.0,100-101°F,lost,0.0,-10.29,2026-08-15T12:56:55Z
2026-08-14T02:47:24Z,highest-temperature-in-busan-on-august-15-2026,busan,2026-08-15,1,NO,31°C,0.55,18.18,10.0,0.225,31.0,31°C,won,18.18,7.96,2026-08-16T02:01:24Z
2026-08-14T02:47:24Z,highest-temperature-in-toronto-on-august-15-2026,toronto,2026-08-15,2,NO,25°C,0.71,14.08,10.0,0.145,25.4,26°C,won,14.08,3.94,2026-08-16T13:02:04Z
2026-08-14T02:47:24Z,highest-temperature-in-denver-on-august-15-2026,denver,2026-08-15,2,NO,84-85°F,0.76,13.16,10.0,0.12,29.2,82-83°F,won,13.16,3.04,2026-08-16T13:02:04Z
2026-08-14T02:47:24Z,highest-temperature-in-los-angeles-on-august-15-2026,los-angeles,2026-08-15,2,NO,74-75°F,0.65,15.38,10.0,0.1749,23.4,76-77°F,won,15.38,5.21,2026-08-16T13:02:04Z
2026-08-14T02:47:24Z,highest-temperature-in-mexico-city-on-august-15-2026,mexico-city,2026-08-15,2,NO,26°C,0.7,14.29,10.0,0.15,26.0,27°C,lost,0.0,-10.15,2026-08-16T13:02:04Z
2026-08-14T13:41:21Z,highest-temperature-in-ankara-on-august-16-2026,ankara,2026-08-16,2,NO,28°C,0.66,15.15,10.0,0.17,28.0,27°C,won,15.15,4.98,2026-08-17T01:58:05Z
2026-08-14T13:41:21Z,highest-temperature-in-hong-kong-on-august-16-2026,hong-kong,2026-08-16,2,NO,32°C,0.69,14.49,10.0,0.155,32.0,33°C,won,14.49,4.33,2026-08-17T13:07:02Z
2026-08-14T13:41:21Z,highest-temperature-in-singapore-on-august-16-2026,singapore,2026-08-16,2,NO,31°C,0.7,14.29,10.0,0.15,31.1,32°C,won,14.29,4.14,2026-08-17T01:58:05Z
2026-08-14T13:41:21Z,highest-temperature-in-madrid-on-august-16-2026,madrid,2026-08-16,2,NO,35°C,0.65,15.38,10.0,0.1749,35.2,34°C,lost,0.0,-10.17,2026-08-17T01:58:05Z
2026-08-14T13:41:21Z,highest-temperature-in-taipei-on-august-16-2026,taipei,2026-08-16,2,NO,34°C,0.71,14.08,10.0,0.145,34.5,35°C,won,14.08,3.94,2026-08-17T01:58:05Z
2026-08-14T13:41:21Z,highest-temperature-in-chongqing-on-august-16-2026,chongqing,2026-08-16,2,NO,37°C,0.7,14.29,10.0,0.15,37.2,38°C,lost,0.0,-10.15,2026-08-17T01:58:05Z
2026-08-14T13:41:21Z,highest-temperature-in-wuhan-on-august-16-2026,wuhan,2026-08-16,2,NO,33°C,0.62,16.13,10.0,0.19,33.4,33°C,won,16.13,5.94,2026-08-17T01:58:05Z
2026-08-14T13:41:21Z,highest-temperature-in-amsterdam-on-august-16-2026,amsterdam,2026-08-16,2,NO,22°C,0.7,14.29,10.0,0.15,22.1,23°C,won,14.29,4.14,2026-08-17T13:07:02Z
2026-08-14T13:41:21Z,highest-temperature-in-qingdao-on-august-16-2026,qingdao,2026-08-16,2,NO,32°C,0.72,13.89,10.0,0.14,31.5,33°C,won,13.89,3.75,2026-08-17T01:58:05Z
2026-08-15T01:53:49Z,highest-temperature-in-seattle-on-august-15-2026,seattle,2026-08-15,1,NO,76-77°F,0.67,14.93,10.0,0.1651,24.6,76-77°F,won,14.93,4.76,2026-08-16T13:02:04Z
2026-08-15T01:53:49Z,highest-temperature-in-atlanta-on-august-15-2026,atlanta,2026-08-15,1,NO,96-97°F,0.65,15.38,10.0,0.1749,35.3,94-95°F,won,15.38,5.21,2026-08-16T13:02:04Z
2026-08-15T01:53:49Z,highest-temperature-in-london-on-august-16-2026,london,2026-08-16,1,NO,27°C,0.72,13.89,10.0,0.14,27.2,26°C,won,13.89,3.75,2026-08-17T13:07:02Z
2026-08-15T01:53:49Z,highest-temperature-in-paris-on-august-16-2026,paris,2026-08-16,1,NO,31°C,0.73,13.7,10.0,0.135,30.6,30°C,lost,0.0,-10.13,2026-08-17T01:58:05Z
2026-08-15T01:53:49Z,highest-temperature-in-tokyo-on-august-16-2026,tokyo,2026-08-16,1,NO,29°C,0.63,15.87,10.0,0.185,29.4,30°C,won,15.87,5.68,2026-08-17T01:58:05Z
2026-08-15T01:53:49Z,highest-temperature-in-shenzhen-on-august-16-2026,shenzhen,2026-08-16,1,NO,34°C,0.76,13.16,10.0,0.12,34.5,33°C,won,13.16,3.04,2026-08-17T01:58:05Z
2026-08-15T01:53:49Z,highest-temperature-in-moscow-on-august-16-2026,moscow,2026-08-16,1,NO,25°C,0.66,15.15,10.0,0.17,25.1,24°C,won,15.15,4.98,2026-08-17T01:58:05Z
2026-08-15T01:53:49Z,highest-temperature-in-helsinki-on-august-16-2026,helsinki,2026-08-16,1,NO,23°C,0.76,13.16,10.0,0.12,22.6,22°C,won,13.16,3.04,2026-08-17T01:58:05Z
2026-08-15T01:53:49Z,highest-temperature-in-manila-on-august-16-2026,manila,2026-08-16,1,NO,30°C,0.53,18.87,10.0,0.235,29.9,30°C,won,18.87,8.64,2026-08-17T01:58:05Z
2026-08-16T02:01:24Z,highest-temperature-in-sao-paulo-on-august-16-2026,sao-paulo,2026-08-16,1,NO,29°C,0.76,13.16,10.0,0.12,29.0,28°C,won,13.16,3.04,2026-08-17T13:07:02Z
2026-08-16T02:01:24Z,highest-temperature-in-toronto-on-august-16-2026,toronto,2026-08-16,1,NO,25°C,0.67,14.93,10.0,0.1651,25.4,26°C,won,14.93,4.76,2026-08-17T13:07:02Z
2026-08-16T02:01:24Z,highest-temperature-in-seattle-on-august-16-2026,seattle,2026-08-16,1,NO,74-75°F,0.72,13.89,10.0,0.14,23.6,76-77°F,lost,0.0,-10.14,2026-08-17T13:07:02Z
2026-08-16T02:01:24Z,highest-temperature-in-nyc-on-august-16-2026,nyc,2026-08-16,1,NO,82-83°F,0.64,15.62,10.0,0.1799,27.9,80-81°F,won,15.62,5.44,2026-08-17T13:07:02Z
2026-08-16T02:01:24Z,highest-temperature-in-los-angeles-on-august-16-2026,los-angeles,2026-08-16,1,NO,76-77°F,0.4,25.0,10.0,0.3,24.3,76-77°F,lost,0.0,-10.3,2026-08-17T13:07:02Z
2026-08-16T02:01:24Z,highest-temperature-in-san-francisco-on-august-16-2026,san-francisco,2026-08-16,1,NO,70-71°F,0.64,15.62,10.0,0.1799,21.4,70-71°F,won,15.62,5.44,2026-08-17T13:07:02Z
2026-08-16T02:01:24Z,highest-temperature-in-panama-city-on-august-16-2026,panama-city,2026-08-16,1,NO,30°C,0.76,13.16,10.0,0.12,29.9,31°C,won,13.16,3.04,2026-08-17T13:07:02Z
2026-08-16T02:01:24Z,highest-temperature-in-taipei-on-august-17-2026,taipei,2026-08-17,1,NO,35°C,0.61,16.39,10.0,0.195,34.6,35°C,won,16.39,6.2,2026-08-18T01:54:59Z
2026-08-16T02:01:24Z,highest-temperature-in-chengdu-on-august-17-2026,chengdu,2026-08-17,1,NO,27°C,0.74,13.51,10.0,0.13,27.2,28°C,lost,0.0,-10.13,2026-08-18T01:54:59Z
2026-08-16T02:01:24Z,highest-temperature-in-guangzhou-on-august-17-2026,guangzhou,2026-08-17,1,NO,35°C,0.74,13.51,10.0,0.13,34.8,35°C,won,13.51,3.38,2026-08-18T01:54:59Z
2026-08-16T02:01:24Z,highest-temperature-in-qingdao-on-august-17-2026,qingdao,2026-08-17,1,NO,33°C,0.57,17.54,10.0,0.215,32.6,33°C,won,17.54,7.32,2026-08-18T01:54:59Z
2026-08-16T13:02:04Z,highest-temperature-in-sao-paulo-on-august-17-2026,sao-paulo,2026-08-17,1,NO,30°C,0.62,16.13,10.0,0.19,30.0,30°C,won,16.13,5.94,2026-08-18T13:09:06Z
2026-08-16T13:02:04Z,highest-temperature-in-buenos-aires-on-august-17-2026,buenos-aires,2026-08-17,1,NO,15°C,0.65,15.38,10.0,0.1749,14.7,14°C,lost,0.0,-10.17,2026-08-18T13:09:06Z
2026-08-16T13:02:04Z,highest-temperature-in-toronto-on-august-17-2026,toronto,2026-08-17,1,NO,26°C,0.64,15.62,10.0,0.1799,25.9,27°C,lost,0.0,-10.18,2026-08-18T13:09:06Z
2026-08-16T13:02:04Z,highest-temperature-in-austin-on-august-17-2026,austin,2026-08-17,1,NO,100-101°F,0.59,16.95,10.0,0.205,38.5,102-103°F,won,16.95,6.74,2026-08-18T13:09:06Z
2026-08-16T13:02:04Z,highest-temperature-in-wellington-on-august-18-2026,wellington,2026-08-18,1,NO,12°C,0.67,14.93,10.0,0.1651,12.0,11°C,lost,0.0,-10.17,2026-08-19T01:57:24Z
2026-08-16T13:02:04Z,highest-temperature-in-munich-on-august-18-2026,munich,2026-08-18,2,NO,22°C,0.7,14.29,10.0,0.15,21.5,21°C,won,14.29,4.14,2026-08-19T01:57:24Z
2026-08-16T13:02:04Z,highest-temperature-in-tokyo-on-august-18-2026,tokyo,2026-08-18,2,NO,31°C,0.62,16.13,10.0,0.19,31.3,31°C,lost,0.0,-10.19,2026-08-19T01:57:24Z
2026-08-16T13:02:04Z,highest-temperature-in-taipei-on-august-18-2026,taipei,2026-08-18,2,NO,34°C,0.7,14.29,10.0,0.15,33.8,35°C,lost,0.0,-10.15,2026-08-19T01:57:24Z
2026-08-16T13:02:04Z,highest-temperature-in-wuhan-on-august-18-2026,wuhan,2026-08-18,2,NO,35°C,0.66,15.15,10.0,0.17,34.7,35°C,lost,0.0,-10.17,2026-08-19T01:57:24Z
2026-08-16T13:02:04Z,highest-temperature-in-kuala-lumpur-on-august-18-2026,kuala-lumpur,2026-08-18,2,NO,32°C,0.72,13.89,10.0,0.14,32.2,33°C,won,13.89,3.75,2026-08-19T01:57:24Z
2026-08-17T01:58:05Z,highest-temperature-in-ankara-on-august-18-2026,ankara,2026-08-18,1,NO,30°C,0.53,18.87,10.0,0.235,29.5,30°C,lost,0.0,-10.23,2026-08-19T01:57:24Z
2026-08-17T01:58:05Z,highest-temperature-in-lucknow-on-august-18-2026,lucknow,2026-08-18,1,NO,30°C,0.74,13.51,10.0,0.13,30.5,31°C,won,13.51,3.38,2026-08-19T01:57:24Z
2026-08-17T01:58:05Z,highest-temperature-in-warsaw-on-august-18-2026,warsaw,2026-08-18,1,NO,20°C,0.66,15.15,10.0,0.17,20.2,19°C,won,15.15,4.98,2026-08-19T01:57:24Z
2026-08-17T13:07:02Z,highest-temperature-in-sao-paulo-on-august-18-2026,sao-paulo,2026-08-18,1,NO,31°C,0.55,18.18,10.0,0.225,31.1,31°C,lost,0.0,-10.22,2026-08-19T13:09:44Z
2026-08-17T13:07:02Z,highest-temperature-in-buenos-aires-on-august-18-2026,buenos-aires,2026-08-18,1,NO,13°C,0.71,14.08,10.0,0.145,13.1,14°C,won,14.08,3.94,2026-08-19T13:09:44Z
2026-08-17T13:07:02Z,highest-temperature-in-toronto-on-august-18-2026,toronto,2026-08-18,1,NO,28°C,0.71,14.08,10.0,0.145,28.3,27°C,won,14.08,3.94,2026-08-19T13:09:44Z
2026-08-17T13:07:02Z,highest-temperature-in-dallas-on-august-18-2026,dallas,2026-08-18,1,NO,106-107°F,0.75,13.33,10.0,0.125,41.7,104-105°F,won,13.33,3.21,2026-08-19T13:09:44Z
2026-08-17T13:07:02Z,highest-temperature-in-san-francisco-on-august-18-2026,san-francisco,2026-08-18,1,NO,72-73°F,0.67,14.93,10.0,0.1651,22.4,72-73°F,won,14.93,4.76,2026-08-19T13:09:44Z
2026-08-17T13:07:02Z,highest-temperature-in-london-on-august-19-2026,london,2026-08-19,2,NO,23°C,0.72,13.89,10.0,0.14,22.9,24°C,won,13.89,3.75,2026-08-20T01:53:52Z
2026-08-17T13:07:02Z,highest-temperature-in-ankara-on-august-19-2026,ankara,2026-08-19,2,NO,32°C,0.65,15.38,10.0,0.1749,31.9,31°C,lost,0.0,-10.17,2026-08-20T01:53:52Z
2026-08-17T13:07:02Z,highest-temperature-in-singapore-on-august-19-2026,singapore,2026-08-19,2,NO,31°C,0.73,13.7,10.0,0.135,31.0,32°C,won,13.7,3.56,2026-08-20T01:53:52Z
2026-08-17T13:07:02Z,highest-temperature-in-milan-on-august-19-2026,milan,2026-08-19,2,NO,32°C,0.64,15.62,10.0,0.1799,32.1,32°C,lost,0.0,-10.18,2026-08-20T01:53:52Z
2026-08-17T13:07:02Z,highest-temperature-in-madrid-on-august-19-2026,madrid,2026-08-19,2,NO,36°C,0.59,16.95,10.0,0.205,35.8,36°C,lost,0.0,-10.21,2026-08-20T01:53:52Z
2026-08-17T13:07:02Z,highest-temperature-in-taipei-on-august-19-2026,taipei,2026-08-19,2,NO,32°C,0.73,13.7,10.0,0.135,31.9,33°C,lost,0.0,-10.13,2026-08-20T01:53:52Z
2026-08-17T13:07:02Z,highest-temperature-in-beijing-on-august-19-2026,beijing,2026-08-19,2,NO,33°C,0.71,14.08,10.0,0.145,32.7,32°C,won,14.08,3.94,2026-08-20T01:53:52Z
2026-08-17T13:07:02Z,highest-temperature-in-amsterdam-on-august-19-2026,amsterdam,2026-08-19,2,NO,22°C,0.64,15.62,10.0,0.1799,22.0,21°C,won,15.62,5.44,2026-08-20T01:53:52Z
2026-08-17T13:07:02Z,highest-temperature-in-helsinki-on-august-19-2026,helsinki,2026-08-19,2,NO,22°C,0.75,13.33,10.0,0.125,21.6,21°C,won,13.33,3.21,2026-08-20T01:53:52Z
2026-08-17T13:07:02Z,highest-temperature-in-kuala-lumpur-on-august-19-2026,kuala-lumpur,2026-08-19,2,NO,33°C,0.75,13.33,10.0,0.125,33.3,32°C,won,13.33,3.21,2026-08-20T01:53:52Z
2026-08-17T13:07:02Z,highest-temperature-in-qingdao-on-august-19-2026,qingdao,2026-08-19,2,NO,30°C,0.69,14.49,10.0,0.155,30.0,31°C,won,14.49,4.33,2026-08-20T01:53:52Z
2026-08-18T01:54:59Z,highest-temperature-in-nyc-on-august-18-2026,nyc,2026-08-18,1,NO,86-87°F,0.67,14.93,10.0,0.1651,30.2,84-85°F,won,14.93,4.76,2026-08-19T13:09:44Z
2026-08-18T01:54:59Z,highest-temperature-in-atlanta-on-august-18-2026,atlanta,2026-08-18,1,NO,94-95°F,0.41,24.39,10.0,0.295,34.9,94-95°F,won,24.39,14.1,2026-08-19T13:09:44Z
2026-08-18T01:54:59Z,highest-temperature-in-chicago-on-august-18-2026,chicago,2026-08-18,1,NO,82-83°F,0.73,13.7,10.0,0.135,27.7,80-81°F,won,13.7,3.56,2026-08-19T13:09:44Z
2026-08-18T01:54:59Z,highest-temperature-in-denver-on-august-18-2026,denver,2026-08-18,1,NO,92-93°F,0.72,13.89,10.0,0.14,33.9,90-91°F,won,13.89,3.75,2026-08-19T13:09:44Z
2026-08-18T01:54:59Z,highest-temperature-in-munich-on-august-19-2026,munich,2026-08-19,1,NO,28°C,0.71,14.08,10.0,0.145,27.5,29°C,won,14.08,3.94,2026-08-20T01:53:52Z
2026-08-18T13:09:06Z,highest-temperature-in-buenos-aires-on-august-19-2026,buenos-aires,2026-08-19,1,NO,16°C,0.49,20.41,10.0,0.255,15.7,16°C,won,20.41,10.15,2026-08-20T13:12:01Z
2026-08-18T13:09:06Z,highest-temperature-in-toronto-on-august-19-2026,toronto,2026-08-19,1,NO,25°C,0.73,13.7,10.0,0.135,25.2,26°C,won,13.7,3.56,2026-08-20T13:12:01Z
2026-08-18T13:09:06Z,highest-temperature-in-atlanta-on-august-19-2026,atlanta,2026-08-19,1,NO,96-97°F,0.65,15.38,10.0,0.1749,35.4,94-95°F,won,15.38,5.21,2026-08-20T13:12:01Z
2026-08-18T13:09:06Z,highest-temperature-in-san-francisco-on-august-19-2026,san-francisco,2026-08-19,1,NO,72-73°F,0.73,13.7,10.0,0.135,22.8,70-71°F,won,13.7,3.56,2026-08-20T13:12:01Z
2026-08-18T13:09:06Z,highest-temperature-in-tokyo-on-august-20-2026,tokyo,2026-08-20,2,NO,31°C,0.63,15.87,10.0,0.185,31.3,31°C,won,15.87,5.68,2026-08-21T02:02:24Z
2026-08-18T13:09:06Z,highest-temperature-in-madrid-on-august-20-2026,madrid,2026-08-20,2,NO,32°C,0.7,14.29,10.0,0.15,31.5,31°C,lost,0.0,-10.15,2026-08-21T02:02:24Z
2026-08-18T13:09:06Z,highest-temperature-in-warsaw-on-august-20-2026,warsaw,2026-08-20,2,NO,24°C,0.64,15.62,10.0,0.1799,23.8,24°C,won,15.62,5.44,2026-08-21T02:02:24Z
2026-08-18T13:09:06Z,highest-temperature-in-taipei-on-august-20-2026,taipei,2026-08-20,2,NO,34°C,0.64,15.62,10.0,0.1799,33.8,34°C,won,15.62,5.44,2026-08-21T02:02:24Z
2026-08-18T13:09:06Z,highest-temperature-in-busan-on-august-20-2026,busan,2026-08-20,2,NO,32°C,0.72,13.89,10.0,0.14,32.4,33°C,won,13.89,3.75,2026-08-21T02:02:24Z
2026-08-18T13:09:06Z,highest-temperature-in-helsinki-on-august-20-2026,helsinki,2026-08-20,2,NO,19°C,0.69,14.49,10.0,0.155,19.3,19°C,won,14.49,4.33,2026-08-21T02:02:24Z
2026-08-19T01:57:24Z,highest-temperature-in-houston-on-august-19-2026,houston,2026-08-19,1,NO,98-99°F,0.7,14.29,10.0,0.15,37.0,96-97°F,won,14.29,4.14,2026-08-20T13:12:01Z
2026-08-19T01:57:24Z,highest-temperature-in-mexico-city-on-august-19-2026,mexico-city,2026-08-19,1,NO,26°C,0.57,17.54,10.0,0.215,26.2,26°C,won,17.54,7.32,2026-08-20T13:12:01Z
2026-08-19T01:57:24Z,highest-temperature-in-wuhan-on-august-20-2026,wuhan,2026-08-20,1,NO,34°C,0.71,14.08,10.0,0.145,34.2,35°C,won,14.08,3.94,2026-08-21T02:02:24Z
2026-08-19T01:57:24Z,highest-temperature-in-manila-on-august-20-2026,manila,2026-08-20,1,NO,32°C,0.67,14.93,10.0,0.1651,32.1,31°C,lost,0.0,-10.17,2026-08-21T02:02:24Z
2026-08-19T13:09:44Z,highest-temperature-in-toronto-on-august-20-2026,toronto,2026-08-20,1,NO,26°C,0.67,14.93,10.0,0.1651,25.8,25°C,won,14.93,4.76,2026-08-21T13:11:09Z
2026-08-19T13:09:44Z,highest-temperature-in-miami-on-august-20-2026,miami,2026-08-20,1,NO,92-93°F,0.5,20.0,10.0,0.25,33.4,92-93°F,lost,0.0,-10.25,2026-08-21T13:11:09Z
2026-08-19T13:09:44Z,highest-temperature-in-chicago-on-august-20-2026,chicago,2026-08-20,1,NO,80-81°F,0.73,13.7,10.0,0.135,27.4,78-79°F,won,13.7,3.56,2026-08-21T13:11:09Z
2026-08-19T13:09:44Z,highest-temperature-in-denver-on-august-20-2026,denver,2026-08-20,1,NO,94-95°F,0.72,13.89,10.0,0.14,35.1,92-93°F,won,13.89,3.75,2026-08-21T13:11:09Z
2026-08-19T13:09:44Z,highest-temperature-in-los-angeles-on-august-20-2026,los-angeles,2026-08-20,1,NO,80-81°F,0.52,19.23,10.0,0.24,27.1,80-81°F,won,19.23,8.99,2026-08-21T13:11:09Z
2026-08-19T13:09:44Z,highest-temperature-in-london-on-august-21-2026,london,2026-08-21,2,NO,22°C,0.75,13.33,10.0,0.125,21.8,21°C,won,13.33,3.21,2026-08-22T01:54:44Z
2026-08-19T13:09:44Z,highest-temperature-in-wellington-on-august-21-2026,wellington,2026-08-21,1,NO,13°C,0.65,15.38,10.0,0.1749,13.4,14°C,won,15.38,5.21,2026-08-22T01:54:44Z
2026-08-19T13:09:44Z,highest-temperature-in-tokyo-on-august-21-2026,tokyo,2026-08-21,2,NO,30°C,0.73,13.7,10.0,0.135,30.5,31°C,won,13.7,3.56,2026-08-22T01:54:44Z
2026-08-19T13:09:44Z,highest-temperature-in-hong-kong-on-august-21-2026,hong-kong,2026-08-21,2,NO,30°C,0.6,16.67,10.0,0.2,30.0,30°C,won,16.67,6.47,2026-08-24T13:14:29Z
2026-08-19T13:09:44Z,highest-temperature-in-shanghai-on-august-21-2026,shanghai,2026-08-21,2,NO,30°C,0.71,14.08,10.0,0.145,30.3,31°C,won,14.08,3.94,2026-08-22T01:54:44Z
2026-08-19T13:09:44Z,highest-temperature-in-milan-on-august-21-2026,milan,2026-08-21,2,NO,23°C,0.64,15.62,10.0,0.1799,22.9,23°C,won,15.62,5.44,2026-08-22T01:54:44Z
2026-08-19T13:09:44Z,highest-temperature-in-taipei-on-august-21-2026,taipei,2026-08-21,2,NO,34°C,0.7,14.29,10.0,0.15,33.6,34°C,won,14.29,4.14,2026-08-22T01:54:44Z
2026-08-19T13:09:44Z,highest-temperature-in-wuhan-on-august-21-2026,wuhan,2026-08-21,2,NO,36°C,0.56,17.86,10.0,0.22,35.7,36°C,won,17.86,7.64,2026-08-22T01:54:44Z
2026-08-19T13:09:44Z,highest-temperature-in-moscow-on-august-21-2026,moscow,2026-08-21,2,NO,22°C,0.69,14.49,10.0,0.155,22.2,23°C,won,14.49,4.33,2026-08-22T01:54:44Z
2026-08-20T01:53:52Z,highest-temperature-in-seattle-on-august-20-2026,seattle,2026-08-20,1,NO,84-85°F,0.74,13.51,10.0,0.13,29.4,82-83°F,lost,0.0,-10.13,2026-08-21T13:11:09Z
2026-08-20T01:53:52Z,highest-temperature-in-san-francisco-on-august-20-2026,san-francisco,2026-08-20,1,NO,70-71°F,0.74,13.51,10.0,0.13,20.9,68-69°F,won,13.51,3.38,2026-08-21T13:11:09Z
2026-08-20T01:53:52Z,highest-temperature-in-panama-city-on-august-20-2026,panama-city,2026-08-20,1,NO,32°C,0.72,13.89,10.0,0.14,32.5,33°C,won,13.89,3.75,2026-08-21T13:11:09Z
2026-08-20T01:53:52Z,highest-temperature-in-beijing-on-august-21-2026,beijing,2026-08-21,1,NO,34°C,0.7,14.29,10.0,0.15,34.1,33°C,lost,0.0,-10.15,2026-08-22T01:54:44Z
2026-08-20T01:53:52Z,highest-temperature-in-cape-town-on-august-21-2026,cape-town,2026-08-21,1,NO,22°C,0.71,14.08,10.0,0.145,21.6,21°C,lost,0.0,-10.14,2026-08-22T01:54:44Z
2026-08-20T01:53:52Z,highest-temperature-in-manila-on-august-21-2026,manila,2026-08-21,1,NO,31°C,0.64,15.62,10.0,0.1799,30.6,32°C,won,15.62,5.44,2026-08-22T01:54:44Z
2026-08-20T13:12:01Z,highest-temperature-in-toronto-on-august-21-2026,toronto,2026-08-21,1,NO,25°C,0.47,21.28,10.0,0.265,24.9,25°C,lost,0.0,-10.27,2026-08-22T13:03:15Z
2026-08-20T13:12:01Z,highest-temperature-in-nyc-on-august-21-2026,nyc,2026-08-21,1,NO,78-79°F,0.63,15.87,10.0,0.185,25.5,78-79°F,lost,0.0,-10.19,2026-08-22T13:03:15Z
2026-08-20T13:12:01Z,highest-temperature-in-denver-on-august-21-2026,denver,2026-08-21,1,NO,98-99°F,0.72,13.89,10.0,0.14,37.0,96-97°F,won,13.89,3.75,2026-08-22T13:03:15Z
2026-08-20T13:12:01Z,highest-temperature-in-los-angeles-on-august-21-2026,los-angeles,2026-08-21,1,NO,78-79°F,0.65,15.38,10.0,0.1749,26.1,80-81°F,won,15.38,5.21,2026-08-22T13:03:15Z
2026-08-20T13:12:01Z,highest-temperature-in-mexico-city-on-august-21-2026,mexico-city,2026-08-21,1,NO,25°C,0.73,13.7,10.0,0.135,25.1,26°C,won,13.7,3.56,2026-08-22T13:03:15Z
2026-08-20T13:12:01Z,highest-temperature-in-panama-city-on-august-21-2026,panama-city,2026-08-21,1,NO,32°C,0.63,15.87,10.0,0.185,32.3,33°C,won,15.87,5.68,2026-08-22T13:03:15Z
2026-08-20T13:12:01Z,highest-temperature-in-ankara-on-august-22-2026,ankara,2026-08-22,2,NO,35°C,0.74,13.51,10.0,0.13,34.6,34°C,lost,0.0,-10.13,2026-08-23T02:04:27Z
2026-08-20T13:12:01Z,highest-temperature-in-munich-on-august-22-2026,munich,2026-08-22,2,NO,22°C,0.63,15.87,10.0,0.185,21.6,22°C,won,15.87,5.68,2026-08-23T02:04:27Z
2026-08-20T13:12:01Z,highest-temperature-in-madrid-on-august-22-2026,madrid,2026-08-22,2,NO,34°C,0.55,18.18,10.0,0.225,33.6,34°C,won,18.18,7.96,2026-08-23T02:04:27Z
2026-08-20T13:12:01Z,highest-temperature-in-taipei-on-august-22-2026,taipei,2026-08-22,2,NO,33°C,0.7,14.29,10.0,0.15,33.2,33°C,won,14.29,4.14,2026-08-23T02:04:27Z
2026-08-20T13:12:01Z,highest-temperature-in-wuhan-on-august-22-2026,wuhan,2026-08-22,2,NO,35°C,0.59,16.95,10.0,0.205,35.4,35°C,won,16.95,6.74,2026-08-23T02:04:27Z
2026-08-20T13:12:01Z,highest-temperature-in-guangzhou-on-august-22-2026,guangzhou,2026-08-22,2,NO,34°C,0.76,13.16,10.0,0.12,34.5,35°C,won,13.16,3.04,2026-08-23T02:04:27Z
2026-08-20T13:12:01Z,highest-temperature-in-karachi-on-august-22-2026,karachi,2026-08-22,2,NO,31°C,0.76,13.16,10.0,0.12,31.4,32°C,won,13.16,3.04,2026-08-23T02:04:27Z
2026-08-21T02:02:24Z,highest-temperature-in-sao-paulo-on-august-21-2026,sao-paulo,2026-08-21,1,NO,26°C,0.71,14.08,10.0,0.145,26.3,25°C,won,14.08,3.94,2026-08-22T13:03:15Z
2026-08-21T02:02:24Z,highest-temperature-in-miami-on-august-21-2026,miami,2026-08-21,1,NO,90-91°F,0.73,13.7,10.0,0.135,32.3,92-93°F,won,13.7,3.56,2026-08-22T13:03:15Z
2026-08-21T02:02:24Z,highest-temperature-in-san-francisco-on-august-21-2026,san-francisco,2026-08-21,1,NO,66-67°F,0.76,13.16,10.0,0.12,18.9,68-69°F,lost,0.0,-10.12,2026-08-22T13:03:15Z
2026-08-21T02:02:24Z,highest-temperature-in-paris-on-august-22-2026,paris,2026-08-22,1,NO,24°C,0.76,13.16,10.0,0.12,24.3,23°C,lost,0.0,-10.12,2026-08-23T02:04:27Z
2026-08-21T02:02:24Z,highest-temperature-in-moscow-on-august-22-2026,moscow,2026-08-22,1,NO,23°C,0.76,13.16,10.0,0.12,22.9,22°C,won,13.16,3.04,2026-08-23T02:04:27Z
2026-08-21T02:02:24Z,highest-temperature-in-amsterdam-on-august-22-2026,amsterdam,2026-08-22,1,NO,19°C,0.5,20.0,10.0,0.25,19.1,19°C,won,20.0,9.75,2026-08-23T02:04:27Z
2026-08-21T02:02:24Z,highest-temperature-in-helsinki-on-august-22-2026,helsinki,2026-08-22,1,NO,19°C,0.6,16.67,10.0,0.2,18.8,19°C,won,16.67,6.47,2026-08-23T02:04:27Z
2026-08-21T02:02:24Z,highest-temperature-in-qingdao-on-august-22-2026,qingdao,2026-08-22,1,NO,31°C,0.71,14.08,10.0,0.145,30.6,30°C,lost,0.0,-10.14,2026-08-23T02:04:27Z
2026-08-21T02:02:24Z,highest-temperature-in-manila-on-august-22-2026,manila,2026-08-22,1,NO,31°C,0.66,15.15,10.0,0.17,30.9,31°C,won,15.15,4.98,2026-08-23T02:04:27Z
2026-08-21T02:02:24Z,highest-temperature-in-sao-paulo-on-august-22-2026,sao-paulo,2026-08-22,2,NO,21°C,0.75,13.33,10.0,0.125,21.3,21°C,won,13.33,3.21,2026-08-23T13:02:51Z
2026-08-21T02:02:24Z,highest-temperature-in-seattle-on-august-22-2026,seattle,2026-08-22,2,NO,70-71°F,0.55,18.18,10.0,0.225,21.1,70-71°F,won,18.18,7.96,2026-08-23T13:02:51Z
2026-08-21T02:02:24Z,highest-temperature-in-austin-on-august-22-2026,austin,2026-08-22,2,NO,108-109°F,0.6,16.67,10.0,0.2,42.5,104-105°F,won,16.67,6.47,2026-08-23T13:02:51Z
2026-08-21T02:02:24Z,highest-temperature-in-los-angeles-on-august-22-2026,los-angeles,2026-08-22,2,NO,82-83°F,0.71,14.08,10.0,0.145,28.1,80-81°F,lost,0.0,-10.14,2026-08-23T13:02:51Z
2026-08-21T02:02:24Z,highest-temperature-in-panama-city-on-august-22-2026,panama-city,2026-08-22,2,NO,32°C,0.72,13.89,10.0,0.14,31.5,32°C,won,13.89,3.75,2026-08-23T13:02:51Z
2026-08-21T13:11:09Z,highest-temperature-in-ankara-on-august-23-2026,ankara,2026-08-23,2,NO,35°C,0.59,16.95,10.0,0.205,34.7,35°C,lost,0.0,-10.21,2026-08-24T02:07:52Z
2026-08-21T13:11:09Z,highest-temperature-in-tokyo-on-august-23-2026,tokyo,2026-08-23,2,NO,31°C,0.69,14.49,10.0,0.155,31.4,31°C,lost,0.0,-10.15,2026-08-24T02:07:52Z
2026-08-21T13:11:09Z,highest-temperature-in-chongqing-on-august-23-2026,chongqing,2026-08-23,2,NO,37°C,0.72,13.89,10.0,0.14,37.2,37°C,lost,0.0,-10.14,2026-08-24T02:07:52Z
2026-08-21T13:11:09Z,highest-temperature-in-wuhan-on-august-23-2026,wuhan,2026-08-23,2,NO,34°C,0.75,13.33,10.0,0.125,34.5,35°C,won,13.33,3.21,2026-08-24T02:07:52Z
2026-08-21T13:11:09Z,highest-temperature-in-shenzhen-on-august-23-2026,shenzhen,2026-08-23,2,NO,32°C,0.74,13.51,10.0,0.13,31.9,31°C,won,13.51,3.38,2026-08-24T02:07:52Z
2026-08-21T13:11:09Z,highest-temperature-in-busan-on-august-23-2026,busan,2026-08-23,2,NO,34°C,0.63,15.87,10.0,0.185,33.9,34°C,won,15.87,5.68,2026-08-24T02:07:52Z
2026-08-21T13:11:09Z,highest-temperature-in-amsterdam-on-august-23-2026,amsterdam,2026-08-23,2,NO,19°C,0.73,13.7,10.0,0.135,18.9,20°C,won,13.7,3.56,2026-08-24T02:07:52Z
2026-08-21T13:11:09Z,highest-temperature-in-qingdao-on-august-23-2026,qingdao,2026-08-23,2,NO,30°C,0.76,13.16,10.0,0.12,30.2,30°C,won,13.16,3.04,2026-08-24T02:07:52Z
2026-08-21T13:11:09Z,highest-temperature-in-karachi-on-august-23-2026,karachi,2026-08-23,2,NO,31°C,0.73,13.7,10.0,0.135,30.8,32°C,won,13.7,3.56,2026-08-24T02:07:52Z
2026-08-22T01:54:44Z,highest-temperature-in-toronto-on-august-22-2026,toronto,2026-08-22,1,NO,24°C,0.65,15.38,10.0,0.1749,24.0,24°C,won,15.38,5.21,2026-08-23T13:02:51Z
2026-08-22T01:54:44Z,highest-temperature-in-mexico-city-on-august-22-2026,mexico-city,2026-08-22,1,NO,24°C,0.63,15.87,10.0,0.185,24.4,24°C,won,15.87,5.68,2026-08-23T13:02:51Z
2026-08-22T01:54:44Z,highest-temperature-in-milan-on-august-23-2026,milan,2026-08-23,1,NO,27°C,0.76,13.16,10.0,0.12,26.6,28°C,won,13.16,3.04,2026-08-24T02:07:52Z
2026-08-22T13:03:15Z,highest-temperature-in-sao-paulo-on-august-23-2026,sao-paulo,2026-08-23,1,NO,23°C,0.76,13.16,10.0,0.12,23.4,24°C,won,13.16,3.04,2026-08-24T13:14:29Z
2026-08-22T13:03:15Z,highest-temperature-in-buenos-aires-on-august-23-2026,buenos-aires,2026-08-23,1,NO,12°C,0.66,15.15,10.0,0.17,11.5,13°C,lost,0.0,-10.17,2026-08-24T13:14:29Z
2026-08-22T13:03:15Z,highest-temperature-in-seattle-on-august-23-2026,seattle,2026-08-23,1,NO,72-73°F,0.69,14.49,10.0,0.155,22.8,74-75°F,won,14.49,4.33,2026-08-24T13:14:29Z
2026-08-22T13:03:15Z,highest-temperature-in-atlanta-on-august-23-2026,atlanta,2026-08-23,1,NO,92-93°F,0.5,20.0,10.0,0.25,33.9,92-93°F,lost,0.0,-10.25,2026-08-24T13:14:29Z
2026-08-22T13:03:15Z,highest-temperature-in-houston-on-august-23-2026,houston,2026-08-23,1,NO,100-101°F,0.44,22.73,10.0,0.28,38.2,100-101°F,won,22.73,12.45,2026-08-24T13:14:29Z
2026-08-22T13:03:15Z,highest-temperature-in-tokyo-on-august-24-2026,tokyo,2026-08-24,2,NO,33°C,0.75,13.33,10.0,0.125,32.8,32°C,lost,0.0,-10.12,2026-08-25T02:02:58Z
2026-08-22T13:03:15Z,highest-temperature-in-munich-on-august-24-2026,munich,2026-08-24,2,NO,23°C,0.76,13.16,10.0,0.12,23.1,24°C,won,13.16,3.04,2026-08-25T13:15:34Z
2026-08-22T13:03:15Z,highest-temperature-in-madrid-on-august-24-2026,madrid,2026-08-24,2,NO,28°C,0.52,19.23,10.0,0.24,27.5,28°C,won,19.23,8.99,2026-08-25T13:15:34Z
2026-08-22T13:03:15Z,highest-temperature-in-helsinki-on-august-24-2026,helsinki,2026-08-24,2,NO,18°C,0.75,13.33,10.0,0.125,18.3,19°C,lost,0.0,-10.12,2026-08-25T02:02:58Z
2026-08-22T13:03:15Z,highest-temperature-in-jeddah-on-august-24-2026,jeddah,2026-08-24,2,NO,37°C,0.76,13.16,10.0,0.12,36.9,38°C,won,13.16,3.04,2026-08-25T13:15:34Z
2026-08-23T02:04:27Z,highest-temperature-in-nyc-on-august-23-2026,nyc,2026-08-23,1,NO,80-81°F,0.71,14.08,10.0,0.145,27.0,82-83°F,won,14.08,3.94,2026-08-24T13:14:29Z
2026-08-23T02:04:27Z,highest-temperature-in-miami-on-august-23-2026,miami,2026-08-23,1,NO,90-91°F,0.67,14.93,10.0,0.1651,32.8,92-93°F,won,14.93,4.76,2026-08-24T13:14:29Z
2026-08-23T02:04:27Z,highest-temperature-in-chicago-on-august-23-2026,chicago,2026-08-23,1,NO,76-77°F,0.6,16.67,10.0,0.2,24.7,74-75°F,lost,0.0,-10.2,2026-08-24T13:14:29Z
2026-08-23T02:04:27Z,highest-temperature-in-hong-kong-on-august-24-2026,hong-kong,2026-08-24,1,NO,31°C,0.7,14.29,10.0,0.15,31.7,30°C,won,14.29,4.14,2026-08-25T13:15:34Z
2026-08-23T02:04:27Z,highest-temperature-in-wuhan-on-august-24-2026,wuhan,2026-08-24,1,NO,36°C,0.66,15.15,10.0,0.17,35.5,36°C,won,15.15,4.98,2026-08-25T13:15:34Z
2026-08-23T02:04:27Z,highest-temperature-in-chengdu-on-august-24-2026,chengdu,2026-08-24,1,NO,36°C,0.72,13.89,10.0,0.14,35.7,36°C,won,13.89,3.75,2026-08-25T13:15:34Z
2026-08-23T02:04:27Z,highest-temperature-in-milan-on-august-24-2026,milan,2026-08-24,1,NO,29°C,0.58,17.24,10.0,0.21,29.4,29°C,lost,0.0,-10.21,2026-08-25T13:15:34Z
2026-08-23T02:04:27Z,highest-temperature-in-warsaw-on-august-24-2026,warsaw,2026-08-24,1,NO,20°C,0.66,15.15,10.0,0.17,19.9,20°C,won,15.15,4.98,2026-08-25T13:15:34Z
2026-08-23T02:04:27Z,highest-temperature-in-amsterdam-on-august-24-2026,amsterdam,2026-08-24,1,NO,22°C,0.62,16.13,10.0,0.19,22.1,22°C,won,16.13,5.94,2026-08-25T13:15:34Z
2026-08-23T02:04:27Z,highest-temperature-in-karachi-on-august-24-2026,karachi,2026-08-24,1,NO,32°C,0.69,14.49,10.0,0.155,32.1,33°C,won,14.49,4.33,2026-08-25T13:15:34Z
2026-08-23T02:04:27Z,highest-temperature-in-miami-on-august-24-2026,miami,2026-08-24,2,NO,90-91°F,0.67,14.93,10.0,0.1651,32.5,92-93°F,lost,0.0,-10.17,2026-08-25T13:15:34Z
2026-08-23T02:04:27Z,highest-temperature-in-denver-on-august-24-2026,denver,2026-08-24,2,NO,92-93°F,0.63,15.87,10.0,0.185,33.8,90-91°F,lost,0.0,-10.19,2026-08-25T13:15:34Z
2026-08-23T13:02:51Z,highest-temperature-in-lucknow-on-august-25-2026,lucknow,2026-08-25,2,NO,32°C,0.68,14.71,10.0,0.16,32.0,32°C,won,14.71,4.55,2026-08-26T02:09:12Z
2026-08-23T13:02:51Z,highest-temperature-in-hong-kong-on-august-25-2026,hong-kong,2026-08-25,2,NO,31°C,0.7,14.29,10.0,0.15,31.4,31°C,lost,0.0,-10.15,2026-08-26T13:16:58Z
2026-08-23T13:02:51Z,highest-temperature-in-shanghai-on-august-25-2026,shanghai,2026-08-25,2,NO,32°C,0.69,14.49,10.0,0.155,32.4,31°C,won,14.49,4.33,2026-08-26T02:09:12Z
2026-08-23T13:02:51Z,highest-temperature-in-milan-on-august-25-2026,milan,2026-08-25,2,NO,28°C,0.76,13.16,10.0,0.12,27.8,27°C,lost,0.0,-10.12,2026-08-26T02:09:12Z
2026-08-23T13:02:51Z,highest-temperature-in-wuhan-on-august-25-2026,wuhan,2026-08-25,2,NO,37°C,0.73,13.7,10.0,0.135,37.3,36°C,lost,0.0,-10.13,2026-08-26T02:09:12Z
2026-08-23T13:02:51Z,highest-temperature-in-moscow-on-august-25-2026,moscow,2026-08-25,2,NO,17°C,0.62,16.13,10.0,0.19,16.8,17°C,lost,0.0,-10.19,2026-08-26T02:09:12Z
2026-08-23T13:02:51Z,highest-temperature-in-helsinki-on-august-25-2026,helsinki,2026-08-25,2,NO,20°C,0.68,14.71,10.0,0.16,20.5,19°C,won,14.71,4.55,2026-08-26T02:09:12Z
2026-08-23T13:02:51Z,highest-temperature-in-cape-town-on-august-25-2026,cape-town,2026-08-25,2,NO,21°C,0.6,16.67,10.0,0.2,20.7,21°C,won,16.67,6.47,2026-08-26T02:09:12Z
2026-08-24T02:07:52Z,highest-temperature-in-seattle-on-august-24-2026,seattle,2026-08-24,1,NO,78-79°F,0.52,19.23,10.0,0.24,26.2,78-79°F,won,19.23,8.99,2026-08-25T13:15:34Z
2026-08-24T02:07:52Z,highest-temperature-in-dallas-on-august-24-2026,dallas,2026-08-24,1,NO,106-107°F,0.48,20.83,10.0,0.26,41.9,106-107°F,lost,0.0,-10.26,2026-08-25T13:15:34Z
2026-08-24T02:07:52Z,highest-temperature-in-atlanta-on-august-24-2026,atlanta,2026-08-24,1,NO,92-93°F,0.49,20.41,10.0,0.255,33.1,92-93°F,won,20.41,10.15,2026-08-25T13:15:34Z
2026-08-24T02:07:52Z,highest-temperature-in-austin-on-august-24-2026,austin,2026-08-24,1,NO,102-103°F,0.65,15.38,10.0,0.1749,39.6,104-105°F,won,15.38,5.21,2026-08-25T13:15:34Z
2026-08-24T02:07:52Z,highest-temperature-in-panama-city-on-august-24-2026,panama-city,2026-08-24,1,NO,32°C,0.66,15.15,10.0,0.17,32.2,32°C,lost,0.0,-10.17,2026-08-25T13:15:34Z
2026-08-24T02:07:52Z,highest-temperature-in-warsaw-on-august-25-2026,warsaw,2026-08-25,1,NO,23°C,0.71,14.08,10.0,0.145,23.2,22°C,won,14.08,3.94,2026-08-26T02:09:12Z
2026-08-24T02:07:52Z,highest-temperature-in-manila-on-august-25-2026,manila,2026-08-25,1,NO,31°C,0.67,14.93,10.0,0.1651,31.1,31°C,lost,0.0,-10.17,2026-08-26T02:09:12Z
2026-08-24T02:07:52Z,highest-temperature-in-san-francisco-on-august-25-2026,san-francisco,2026-08-25,2,NO,70-71°F,0.76,13.16,10.0,0.12,21.3,72-73°F,won,13.16,3.04,2026-08-27T09:48:19Z
2026-08-24T13:14:29Z,highest-temperature-in-munich-on-august-26-2026,munich,2026-08-26,2,NO,27°C,0.62,16.13,10.0,0.19,27.3,27°C,won,16.13,5.94,2026-08-27T09:48:19Z
2026-08-24T13:14:29Z,highest-temperature-in-hong-kong-on-august-26-2026,hong-kong,2026-08-26,2,NO,30°C,0.75,13.33,10.0,0.125,30.5,31°C,won,13.33,3.21,2026-08-27T09:48:19Z
2026-08-24T13:14:29Z,highest-temperature-in-singapore-on-august-26-2026,singapore,2026-08-26,2,NO,31°C,0.71,14.08,10.0,0.145,31.1,32°C,lost,0.0,-10.14,2026-08-27T09:48:19Z
2026-08-24T13:14:29Z,highest-temperature-in-helsinki-on-august-26-2026,helsinki,2026-08-26,2,NO,22°C,0.71,14.08,10.0,0.145,22.3,21°C,won,14.08,3.94,2026-08-27T09:48:19Z
2026-08-24T13:14:29Z,highest-temperature-in-guangzhou-on-august-26-2026,guangzhou,2026-08-26,2,NO,32°C,0.76,13.16,10.0,0.12,31.9,32°C,won,13.16,3.04,2026-08-27T09:48:19Z
2026-08-24T13:14:29Z,highest-temperature-in-qingdao-on-august-26-2026,qingdao,2026-08-26,2,NO,32°C,0.75,13.33,10.0,0.125,31.7,33°C,lost,0.0,-10.12,2026-08-27T09:48:19Z
2026-08-24T13:14:29Z,highest-temperature-in-manila-on-august-26-2026,manila,2026-08-26,2,NO,31°C,0.69,14.49,10.0,0.155,31.0,31°C,won,14.49,4.33,2026-08-27T09:48:19Z
2026-08-25T02:02:58Z,highest-temperature-in-nyc-on-august-25-2026,nyc,2026-08-25,1,NO,78-79°F,0.61,16.39,10.0,0.195,25.5,80-81°F,lost,0.0,-10.2,2026-08-26T13:16:58Z
2026-08-25T02:02:58Z,highest-temperature-in-atlanta-on-august-25-2026,atlanta,2026-08-25,1,NO,94-95°F,0.62,16.13,10.0,0.19,34.2,92-93°F,won,16.13,5.94,2026-08-26T13:16:58Z
2026-08-25T02:02:58Z,highest-temperature-in-miami-on-august-25-2026,miami,2026-08-25,1,NO,90-91°F,0.6,16.67,10.0,0.2,32.1,92-93°F,won,16.67,6.47,2026-08-26T13:16:58Z
2026-08-25T02:02:58Z,highest-temperature-in-chicago-on-august-25-2026,chicago,2026-08-25,1,NO,78-79°F,0.63,15.87,10.0,0.185,25.9,80-81°F,won,15.87,5.68,2026-08-26T13:16:58Z
2026-08-25T02:02:58Z,highest-temperature-in-mexico-city-on-august-25-2026,mexico-city,2026-08-25,1,NO,22°C,0.74,13.51,10.0,0.13,22.5,23°C,lost,0.0,-10.13,2026-08-26T13:16:58Z
2026-08-25T02:02:58Z,highest-temperature-in-tokyo-on-august-26-2026,tokyo,2026-08-26,1,NO,35°C,0.73,13.7,10.0,0.135,35.4,34°C,won,13.7,3.56,2026-08-27T09:48:19Z
2026-08-25T02:02:58Z,highest-temperature-in-milan-on-august-26-2026,milan,2026-08-26,1,NO,30°C,0.72,13.89,10.0,0.14,29.9,29°C,won,13.89,3.75,2026-08-27T09:48:19Z
2026-08-25T02:02:58Z,highest-temperature-in-chengdu-on-august-26-2026,chengdu,2026-08-26,1,NO,>=37°C,0.75,13.33,10.0,0.125,36.8,36°C,won,13.33,3.21,2026-08-27T09:48:19Z
2026-08-25T02:02:58Z,highest-temperature-in-moscow-on-august-26-2026,moscow,2026-08-26,1,NO,16°C,0.73,13.7,10.0,0.135,16.1,17°C,won,13.7,3.56,2026-08-27T09:48:19Z
2026-08-25T02:02:58Z,highest-temperature-in-cape-town-on-august-26-2026,cape-town,2026-08-26,1,NO,25°C,0.65,15.38,10.0,0.1749,24.6,25°C,lost,0.0,-10.17,2026-08-27T09:48:19Z
2026-08-25T02:02:58Z,highest-temperature-in-san-francisco-on-august-26-2026,san-francisco,2026-08-26,2,NO,74-75°F,0.71,14.08,10.0,0.145,23.6,74-75°F,won,14.08,3.94,2026-08-27T09:48:19Z
2026-08-25T02:02:58Z,highest-temperature-in-mexico-city-on-august-26-2026,mexico-city,2026-08-26,2,NO,24°C,0.72,13.89,10.0,0.14,24.4,25°C,won,13.89,3.75,2026-08-27T09:48:19Z
2026-08-25T13:15:34Z,highest-temperature-in-lucknow-on-august-27-2026,lucknow,2026-08-27,2,NO,32°C,0.75,13.33,10.0,0.125,32.2,31°C,lost,0.0,-10.12,2026-08-28T11:29:56Z
2026-08-25T13:15:34Z,highest-temperature-in-hong-kong-on-august-27-2026,hong-kong,2026-08-27,2,NO,30°C,0.72,13.89,10.0,0.14,30.5,31°C,won,13.89,3.75,2026-08-28T11:29:56Z
2026-08-25T13:15:34Z,highest-temperature-in-milan-on-august-27-2026,milan,2026-08-27,2,NO,30°C,0.57,17.54,10.0,0.215,30.4,30°C,lost,0.0,-10.21,2026-08-28T11:29:56Z
2026-08-25T13:15:34Z,highest-temperature-in-chongqing-on-august-27-2026,chongqing,2026-08-27,2,NO,39°C,0.75,13.33,10.0,0.125,39.1,38°C,won,13.33,3.21,2026-08-28T11:29:56Z
2026-08-25T13:15:34Z,highest-temperature-in-chengdu-on-august-27-2026,chengdu,2026-08-27,2,NO,35°C,0.73,13.7,10.0,0.135,35.0,36°C,won,13.7,3.56,2026-08-28T11:29:56Z
2026-08-25T13:15:34Z,highest-temperature-in-shenzhen-on-august-27-2026,shenzhen,2026-08-27,2,NO,32°C,0.76,13.16,10.0,0.12,32.3,31°C,won,13.16,3.04,2026-08-28T11:29:56Z
2026-08-25T13:15:34Z,highest-temperature-in-helsinki-on-august-27-2026,helsinki,2026-08-27,2,NO,21°C,0.56,17.86,10.0,0.22,21.4,21°C,won,17.86,7.64,2026-08-28T11:29:56Z
2026-08-25T13:15:34Z,highest-temperature-in-qingdao-on-august-27-2026,qingdao,2026-08-27,2,NO,30°C,0.69,14.49,10.0,0.155,30.1,31°C,won,14.49,4.33,2026-08-28T11:29:56Z
2026-08-26T02:09:12Z,highest-temperature-in-seattle-on-august-26-2026,seattle,2026-08-26,1,NO,76-77°F,0.6,16.67,10.0,0.2,24.9,76-77°F,lost,0.0,-10.2,2026-08-27T09:48:19Z
2026-08-26T02:09:12Z,highest-temperature-in-miami-on-august-26-2026,miami,2026-08-26,1,NO,88-89°F,0.66,15.15,10.0,0.17,30.9,90-91°F,won,15.15,4.98,2026-08-27T09:48:19Z
2026-08-26T02:09:12Z,highest-temperature-in-houston-on-august-26-2026,houston,2026-08-26,1,NO,98-99°F,0.36,27.78,10.0,0.32,37.3,98-99°F,lost,0.0,-10.32,2026-08-27T09:48:19Z
2026-08-26T02:09:12Z,highest-temperature-in-london-on-august-27-2026,london,2026-08-27,1,NO,25°C,0.64,15.62,10.0,0.1799,25.3,25°C,lost,0.0,-10.18,2026-08-28T11:29:56Z
2026-08-26T02:09:12Z,highest-temperature-in-paris-on-august-27-2026,paris,2026-08-27,1,NO,28°C,0.75,13.33,10.0,0.125,28.0,27°C,won,13.33,3.21,2026-08-28T11:29:56Z
2026-08-26T02:09:12Z,highest-temperature-in-warsaw-on-august-27-2026,warsaw,2026-08-27,1,NO,25°C,0.57,17.54,10.0,0.215,25.3,25°C,won,17.54,7.32,2026-08-28T11:29:56Z
2026-08-26T02:09:12Z,highest-temperature-in-toronto-on-august-27-2026,toronto,2026-08-27,2,NO,27°C,0.73,13.7,10.0,0.135,26.7,26°C,won,13.7,3.56,2026-08-28T11:29:56Z
2026-08-26T13:16:58Z,highest-temperature-in-seoul-on-august-28-2026,seoul,2026-08-28,2,NO,31°C,0.76,13.16,10.0,0.12,31.2,30°C,lost,0.0,-10.12,2026-08-29T07:26:19Z
2026-08-26T13:16:58Z,highest-temperature-in-madrid-on-august-28-2026,madrid,2026-08-28,2,NO,27°C,0.58,17.24,10.0,0.21,26.7,27°C,won,17.24,7.03,2026-08-29T07:26:19Z
2026-08-26T13:16:58Z,highest-temperature-in-taipei-on-august-28-2026,taipei,2026-08-28,2,NO,35°C,0.75,13.33,10.0,0.125,34.6,35°C,won,13.33,3.21,2026-08-29T07:26:19Z
2026-08-26T13:16:58Z,highest-temperature-in-amsterdam-on-august-28-2026,amsterdam,2026-08-28,2,NO,22°C,0.64,15.62,10.0,0.1799,22.4,22°C,won,15.62,5.44,2026-08-29T07:26:19Z
2026-08-26T13:16:58Z,highest-temperature-in-jeddah-on-august-28-2026,jeddah,2026-08-28,2,NO,37°C,0.76,13.16,10.0,0.12,36.6,>=38°C,won,13.16,3.04,2026-08-29T07:26:19Z
2026-08-27T09:48:19Z,highest-temperature-in-hong-kong-on-august-28-2026,hong-kong,2026-08-28,1,NO,31°C,0.72,13.89,10.0,0.14,31.0,32°C,won,13.89,3.75,2026-08-31T19:09:47Z
2026-08-27T09:48:19Z,highest-temperature-in-beijing-on-august-28-2026,beijing,2026-08-28,1,NO,24°C,0.69,14.49,10.0,0.155,23.7,25°C,lost,0.0,-10.15,2026-08-29T07:26:19Z
2026-08-27T09:48:19Z,highest-temperature-in-moscow-on-august-28-2026,moscow,2026-08-28,1,NO,20°C,0.74,13.51,10.0,0.13,19.7,19°C,won,13.51,3.38,2026-08-29T07:26:19Z
2026-08-27T09:48:19Z,highest-temperature-in-guangzhou-on-august-28-2026,guangzhou,2026-08-28,1,NO,34°C,0.74,13.51,10.0,0.13,34.5,34°C,won,13.51,3.38,2026-08-29T07:26:19Z
2026-08-27T09:48:19Z,highest-temperature-in-dallas-on-august-28-2026,dallas,2026-08-28,1,NO,100-101°F,0.71,14.08,10.0,0.145,38.4,98-99°F,lost,0.0,-10.14,2026-08-29T16:42:19Z
2026-08-27T09:48:19Z,highest-temperature-in-miami-on-august-28-2026,miami,2026-08-28,1,NO,90-91°F,0.56,17.86,10.0,0.22,32.2,92-93°F,won,17.86,7.64,2026-08-29T07:26:19Z
2026-08-27T09:48:19Z,highest-temperature-in-houston-on-august-28-2026,houston,2026-08-28,1,NO,92-93°F,0.74,13.51,10.0,0.13,33.2,94-95°F,won,13.51,3.38,2026-08-29T07:26:19Z
2026-08-27T09:48:19Z,highest-temperature-in-mexico-city-on-august-28-2026,mexico-city,2026-08-28,1,NO,24°C,0.75,13.33,10.0,0.125,24.5,25°C,won,13.33,3.21,2026-08-29T07:26:19Z
2026-08-27T09:48:19Z,highest-temperature-in-panama-city-on-august-28-2026,panama-city,2026-08-28,1,NO,31°C,0.61,16.39,10.0,0.195,30.8,31°C,lost,0.0,-10.2,2026-08-29T07:26:19Z
2026-08-27T09:48:19Z,highest-temperature-in-paris-on-august-29-2026,paris,2026-08-29,2,NO,24°C,0.76,13.16,10.0,0.12,23.6,23°C,won,13.16,3.04,2026-08-30T05:29:20Z
2026-08-27T09:48:19Z,highest-temperature-in-ankara-on-august-29-2026,ankara,2026-08-29,2,NO,24°C,0.74,13.51,10.0,0.13,24.5,23°C,won,13.51,3.38,2026-08-30T05:29:20Z
2026-08-27T09:48:19Z,highest-temperature-in-tel-aviv-on-august-29-2026,tel-aviv,2026-08-29,2,NO,32°C,0.72,13.89,10.0,0.14,31.7,33°C,won,13.89,3.75,2026-08-30T05:29:20Z
2026-08-27T09:48:19Z,highest-temperature-in-tokyo-on-august-29-2026,tokyo,2026-08-29,2,NO,28°C,0.75,13.33,10.0,0.125,28.1,27°C,won,13.33,3.21,2026-08-30T05:29:20Z
2026-08-27T09:48:19Z,highest-temperature-in-milan-on-august-29-2026,milan,2026-08-29,2,NO,29°C,0.74,13.51,10.0,0.13,29.3,30°C,won,13.51,3.38,2026-08-30T05:29:20Z
2026-08-27T09:48:19Z,highest-temperature-in-amsterdam-on-august-29-2026,amsterdam,2026-08-29,2,NO,22°C,0.62,16.13,10.0,0.19,21.7,22°C,lost,0.0,-10.19,2026-08-30T05:29:20Z
2026-08-27T09:48:19Z,highest-temperature-in-helsinki-on-august-29-2026,helsinki,2026-08-29,2,NO,20°C,0.61,16.39,10.0,0.195,20.2,20°C,won,16.39,6.2,2026-08-30T05:29:20Z
2026-08-27T09:48:19Z,highest-temperature-in-kuala-lumpur-on-august-29-2026,kuala-lumpur,2026-08-29,2,NO,33°C,0.74,13.51,10.0,0.13,33.3,34°C,won,13.51,3.38,2026-08-30T05:29:20Z
2026-08-28T11:29:56Z,highest-temperature-in-singapore-on-august-29-2026,singapore,2026-08-29,1,NO,32°C,0.74,13.51,10.0,0.13,31.7,33°C,won,13.51,3.38,2026-08-30T05:29:20Z
2026-08-28T11:29:56Z,highest-temperature-in-moscow-on-august-29-2026,moscow,2026-08-29,1,NO,21°C,0.69,14.49,10.0,0.155,21.0,20°C,lost,0.0,-10.15,2026-08-30T05:29:20Z
2026-08-28T11:29:56Z,highest-temperature-in-qingdao-on-august-29-2026,qingdao,2026-08-29,1,NO,30°C,0.72,13.89,10.0,0.14,29.7,29°C,won,13.89,3.75,2026-08-30T05:29:20Z
2026-08-28T11:29:56Z,highest-temperature-in-austin-on-august-29-2026,austin,2026-08-29,1,NO,100-101°F,0.55,18.18,10.0,0.225,37.6,98-99°F,won,18.18,7.96,2026-08-30T16:40:59Z
2026-08-28T11:29:56Z,highest-temperature-in-san-francisco-on-august-29-2026,san-francisco,2026-08-29,1,NO,68-69°F,0.66,15.15,10.0,0.17,20.3,66-67°F,won,15.15,4.98,2026-08-30T16:40:59Z
2026-08-28T11:29:56Z,highest-temperature-in-mexico-city-on-august-29-2026,mexico-city,2026-08-29,1,NO,24°C,0.72,13.89,10.0,0.14,23.5,23°C,won,13.89,3.75,2026-08-30T16:40:59Z
2026-08-28T11:29:56Z,highest-temperature-in-zhengzhou-on-august-29-2026,zhengzhou,2026-08-29,1,NO,>=32°C,0.08,125.0,10.0,0.46,32.9,30°C,lost,0.0,-10.46,2026-08-30T05:29:20Z
2026-08-28T11:29:56Z,highest-temperature-in-london-on-august-30-2026,london,2026-08-30,2,NO,23°C,0.69,14.49,10.0,0.155,22.7,22°C,lost,0.0,-10.15,2026-08-31T19:09:47Z
2026-08-28T11:29:56Z,highest-temperature-in-paris-on-august-30-2026,paris,2026-08-30,2,NO,25°C,0.73,13.7,10.0,0.135,24.8,24°C,won,13.7,3.56,2026-08-31T05:41:15Z
2026-08-28T11:29:56Z,highest-temperature-in-ankara-on-august-30-2026,ankara,2026-08-30,2,NO,25°C,0.63,15.87,10.0,0.185,24.9,25°C,won,15.87,5.68,2026-08-31T05:41:15Z
2026-08-28T11:29:56Z,highest-temperature-in-tel-aviv-on-august-30-2026,tel-aviv,2026-08-30,2,NO,30°C,0.67,14.93,10.0,0.1651,30.1,31°C,won,14.93,4.76,2026-08-31T05:41:15Z
2026-08-28T11:29:56Z,highest-temperature-in-taipei-on-august-30-2026,taipei,2026-08-30,2,NO,34°C,0.74,13.51,10.0,0.13,33.8,35°C,won,13.51,3.38,2026-08-31T05:41:15Z
2026-08-28T11:29:56Z,highest-temperature-in-chongqing-on-august-30-2026,chongqing,2026-08-30,2,NO,<=26°C,0.74,13.51,10.0,0.13,25.3,<=26°C,won,13.51,3.38,2026-08-31T05:41:15Z
2026-08-28T11:29:56Z,highest-temperature-in-beijing-on-august-30-2026,beijing,2026-08-30,2,NO,32°C,0.73,13.7,10.0,0.135,32.3,33°C,won,13.7,3.56,2026-08-31T05:41:15Z
2026-08-28T11:29:56Z,highest-temperature-in-wuhan-on-august-30-2026,wuhan,2026-08-30,2,NO,33°C,0.73,13.7,10.0,0.135,32.8,33°C,lost,0.0,-10.13,2026-08-31T05:41:15Z
2026-08-28T11:29:56Z,highest-temperature-in-kuala-lumpur-on-august-30-2026,kuala-lumpur,2026-08-30,2,NO,34°C,0.66,15.15,10.0,0.17,34.1,33°C,lost,0.0,-10.17,2026-08-31T05:41:15Z
2026-08-28T11:29:56Z,highest-temperature-in-jeddah-on-august-30-2026,jeddah,2026-08-30,2,NO,39°C,0.76,13.16,10.0,0.12,38.7,>=40°C,won,13.16,3.04,2026-08-31T05:41:15Z
2026-08-28T22:16:12Z,highest-temperature-in-austin-on-august-30-2026,austin,2026-08-30,2,NO,100-101°F,0.69,14.49,10.0,0.155,38.2,98-99°F,won,14.49,4.33,2026-08-31T19:09:47Z
2026-08-28T22:16:12Z,highest-temperature-in-san-francisco-on-august-30-2026,san-francisco,2026-08-30,2,NO,68-69°F,0.71,14.08,10.0,0.145,20.1,68-69°F,won,14.08,3.94,2026-08-31T19:09:47Z
2026-08-28T22:16:12Z,highest-temperature-in-panama-city-on-august-30-2026,panama-city,2026-08-30,2,NO,31°C,0.71,14.08,10.0,0.145,30.7,32°C,won,14.08,3.94,2026-09-01T05:17:04Z
2026-08-29T07:26:19Z,highest-temperature-in-lucknow-on-august-30-2026,lucknow,2026-08-30,1,NO,>=33°C,0.74,13.51,10.0,0.13,34.9,32°C,won,13.51,3.38,2026-08-31T05:41:15Z
2026-08-29T07:26:19Z,highest-temperature-in-chengdu-on-august-30-2026,chengdu,2026-08-30,1,NO,33°C,0.75,13.33,10.0,0.125,33.0,33°C,lost,0.0,-10.12,2026-08-31T05:41:15Z
2026-08-29T07:26:19Z,highest-temperature-in-shenzhen-on-august-30-2026,shenzhen,2026-08-30,1,NO,30°C,0.76,13.16,10.0,0.12,29.7,31°C,won,13.16,3.04,2026-08-31T05:41:15Z
2026-08-29T07:26:19Z,highest-temperature-in-cape-town-on-august-30-2026,cape-town,2026-08-30,1,NO,17°C,0.53,18.87,10.0,0.235,16.7,17°C,won,18.87,8.64,2026-08-31T05:41:15Z
2026-08-29T07:26:19Z,highest-temperature-in-qingdao-on-august-30-2026,qingdao,2026-08-30,1,NO,27°C,0.75,13.33,10.0,0.125,26.9,28°C,lost,0.0,-10.12,2026-08-31T05:41:15Z
2026-08-29T07:26:19Z,highest-temperature-in-denver-on-august-30-2026,denver,2026-08-30,1,NO,86-87°F,0.74,13.51,10.0,0.13,29.8,88-89°F,won,13.51,3.38,2026-08-31T19:09:47Z
2026-08-29T07:26:19Z,highest-temperature-in-milan-on-august-31-2026,milan,2026-08-31,2,NO,31°C,0.72,13.89,10.0,0.14,30.7,30°C,lost,0.0,-10.14,2026-09-01T05:17:04Z
2026-08-29T07:26:19Z,highest-temperature-in-beijing-on-august-31-2026,beijing,2026-08-31,2,NO,30°C,0.7,14.29,10.0,0.15,30.2,30°C,won,14.29,4.14,2026-09-01T05:17:04Z
2026-08-29T07:26:19Z,highest-temperature-in-helsinki-on-august-31-2026,helsinki,2026-08-31,2,NO,18°C,0.75,13.33,10.0,0.125,18.0,19°C,won,13.33,3.21,2026-09-01T05:17:04Z
2026-08-29T07:26:19Z,highest-temperature-in-kuala-lumpur-on-august-31-2026,kuala-lumpur,2026-08-31,2,NO,34°C,0.68,14.71,10.0,0.16,33.8,33°C,won,14.71,4.55,2026-09-01T05:17:04Z
2026-08-29T07:26:19Z,highest-temperature-in-nyc-on-august-31-2026,nyc,2026-08-31,2,NO,82-83°F,0.63,15.87,10.0,0.185,28.5,<=73°F,won,15.87,5.68,2026-09-01T05:17:04Z
2026-08-29T07:26:19Z,highest-temperature-in-dallas-on-august-31-2026,dallas,2026-08-31,2,NO,102-103°F,0.5,20.0,10.0,0.25,39.7,96-97°F,won,20.0,9.75,2026-09-01T16:37:25Z
2026-08-29T16:42:19Z,highest-temperature-in-miami-on-august-31-2026,miami,2026-08-31,2,NO,90-91°F,0.55,18.18,10.0,0.225,32.0,90-91°F,lost,0.0,-10.22,2026-09-01T16:37:25Z
2026-08-29T16:42:19Z,highest-temperature-in-chicago-on-august-31-2026,chicago,2026-08-31,2,NO,90-91°F,0.7,14.29,10.0,0.15,32.9,90-91°F,won,14.29,4.14,2026-09-01T16:37:25Z
2026-08-29T16:42:19Z,highest-temperature-in-austin-on-august-31-2026,austin,2026-08-31,2,NO,100-101°F,0.64,15.62,10.0,0.1799,38.6,98-99°F,won,15.62,5.44,2026-09-01T16:37:25Z
2026-08-29T16:42:19Z,highest-temperature-in-san-francisco-on-august-31-2026,san-francisco,2026-08-31,2,NO,66-67°F,0.69,14.49,10.0,0.155,19.5,66-67°F,lost,0.0,-10.15,2026-09-01T16:37:25Z
2026-08-30T05:29:20Z,highest-temperature-in-seattle-on-august-30-2026,seattle,2026-08-30,1,NO,68-69°F,0.59,16.95,10.0,0.205,20.0,70-71°F,won,16.95,6.74,2026-08-31T19:09:47Z
2026-08-30T05:29:20Z,highest-temperature-in-tel-aviv-on-august-31-2026,tel-aviv,2026-08-31,1,NO,31°C,0.69,14.49,10.0,0.155,30.6,32°C,won,14.49,4.33,2026-09-01T05:17:04Z
2026-08-30T05:29:20Z,highest-temperature-in-shenzhen-on-august-31-2026,shenzhen,2026-08-31,1,NO,31°C,0.65,15.38,10.0,0.1749,31.1,31°C,won,15.38,5.21,2026-09-01T05:17:04Z
2026-08-30T05:29:20Z,highest-temperature-in-amsterdam-on-august-31-2026,amsterdam,2026-08-31,1,NO,19°C,0.61,16.39,10.0,0.195,18.8,20°C,won,16.39,6.2,2026-09-01T05:17:04Z
2026-08-30T05:29:20Z,highest-temperature-in-qingdao-on-august-31-2026,qingdao,2026-08-31,1,NO,30°C,0.61,16.39,10.0,0.195,29.7,31°C,won,16.39,6.2,2026-09-01T05:17:04Z
2026-08-30T05:29:20Z,highest-temperature-in-houston-on-august-31-2026,houston,2026-08-31,1,NO,96-97°F,0.74,13.51,10.0,0.13,36.1,94-95°F,won,13.51,3.38,2026-09-01T16:37:25Z
2026-08-30T05:29:20Z,highest-temperature-in-seattle-on-august-31-2026,seattle,2026-08-31,2,NO,72-73°F,0.73,13.7,10.0,0.135,23.0,74-75°F,won,13.7,3.56,2026-09-01T16:37:25Z
2026-08-30T05:29:20Z,highest-temperature-in-mexico-city-on-august-31-2026,mexico-city,2026-08-31,2,NO,25°C,0.7,14.29,10.0,0.15,24.7,24°C,won,14.29,4.14,2026-09-01T16:37:25Z
2026-08-30T05:29:20Z,highest-temperature-in-london-on-september-1-2026,london,2026-09-01,2,NO,23°C,0.64,15.62,10.0,0.1799,22.9,23°C,open,,,
2026-08-30T05:29:20Z,highest-temperature-in-seoul-on-september-1-2026,seoul,2026-09-01,2,NO,25°C,0.65,15.38,10.0,0.1749,24.7,26°C,open,,,
2026-08-30T05:29:20Z,highest-temperature-in-wellington-on-september-1-2026,wellington,2026-09-01,2,NO,11°C,0.53,18.87,10.0,0.235,10.8,13°C,open,,,
2026-08-30T05:29:20Z,highest-temperature-in-hong-kong-on-september-1-2026,hong-kong,2026-09-01,2,NO,30°C,0.64,15.62,10.0,0.1799,30.0,31°C,open,,,
2026-08-30T05:29:20Z,highest-temperature-in-madrid-on-september-1-2026,madrid,2026-09-01,2,NO,34°C,0.74,13.51,10.0,0.13,34.2,35°C,open,,,
2026-08-30T05:29:20Z,highest-temperature-in-warsaw-on-september-1-2026,warsaw,2026-09-01,2,NO,20°C,0.58,17.24,10.0,0.21,20.2,21°C,open,,,
2026-08-30T05:29:20Z,highest-temperature-in-taipei-on-september-1-2026,taipei,2026-09-01,2,NO,28°C,0.52,19.23,10.0,0.24,28.2,28°C,open,,,
2026-08-30T05:29:20Z,highest-temperature-in-chongqing-on-september-1-2026,chongqing,2026-09-01,2,NO,36°C,0.53,18.87,10.0,0.235,36.0,35°C,open,,,
2026-08-30T05:29:20Z,highest-temperature-in-helsinki-on-september-1-2026,helsinki,2026-09-01,2,NO,21°C,0.72,13.89,10.0,0.14,21.3,20°C,open,,,
2026-08-30T05:29:20Z,highest-temperature-in-kuala-lumpur-on-september-1-2026,kuala-lumpur,2026-09-01,2,NO,35°C,0.52,19.23,10.0,0.24,34.7,33°C,open,,,
2026-08-30T05:29:20Z,highest-temperature-in-cape-town-on-september-1-2026,cape-town,2026-09-01,2,NO,20°C,0.56,17.86,10.0,0.22,20.0,19°C,open,,,
2026-08-31T05:41:15Z,highest-temperature-in-chengdu-on-september-1-2026,chengdu,2026-09-01,1,NO,34°C,0.64,15.62,10.0,0.1799,33.6,35°C,open,,,
2026-08-31T05:41:15Z,highest-temperature-in-guangzhou-on-september-1-2026,guangzhou,2026-09-01,1,NO,31°C,0.74,13.51,10.0,0.13,31.3,32°C,open,,,
2026-08-31T05:41:15Z,highest-temperature-in-qingdao-on-september-1-2026,qingdao,2026-09-01,1,NO,30°C,0.74,13.51,10.0,0.13,30.0,29°C,open,,,
2026-08-31T05:41:15Z,highest-temperature-in-atlanta-on-september-1-2026,atlanta,2026-09-01,1,NO,96-97°F,0.68,14.71,10.0,0.16,36.3,94-95°F,open,,,
2026-08-31T05:41:15Z,highest-temperature-in-sao-paulo-on-september-1-2026,sao-paulo,2026-09-01,1,NO,23°C,0.76,13.16,10.0,0.12,23.2,23°C,open,,,
2026-08-31T05:41:15Z,highest-temperature-in-singapore-on-september-2-2026,singapore,2026-09-02,2,NO,33°C,0.6,16.67,10.0,0.2,32.6,33°C,open,,,
2026-08-31T19:09:47Z,highest-temperature-in-denver-on-september-2-2026,denver,2026-09-02,2,NO,90-91°F,0.74,13.51,10.0,0.13,32.7,88-89°F,open,,,
2026-08-31T19:09:47Z,highest-temperature-in-sao-paulo-on-september-2-2026,sao-paulo,2026-09-02,2,NO,19°C,0.76,13.16,10.0,0.12,18.7,20°C,open,,,
2026-08-31T19:09:47Z,highest-temperature-in-mexico-city-on-september-2-2026,mexico-city,2026-09-02,2,NO,24°C,0.6,16.67,10.0,0.2,24.1,24°C,open,,,
2026-09-01T05:17:04Z,highest-temperature-in-denver-on-september-1-2026,denver,2026-09-01,1,NO,86-87°F,0.7,14.29,10.0,0.15,30.8,84-85°F,open,,,
2026-09-01T05:17:04Z,highest-temperature-in-london-on-september-2-2026,london,2026-09-02,1,NO,22°C,0.64,15.62,10.0,0.1799,21.9,22°C,open,,,
2026-09-01T05:17:04Z,highest-temperature-in-ankara-on-september-2-2026,ankara,2026-09-02,1,NO,31°C,0.6,16.67,10.0,0.2,31.2,30°C,open,,,
2026-09-01T05:17:04Z,highest-temperature-in-shanghai-on-september-2-2026,shanghai,2026-09-02,1,NO,30°C,0.72,13.89,10.0,0.14,30.5,29°C,open,,,
2026-09-01T05:17:04Z,highest-temperature-in-chongqing-on-september-2-2026,chongqing,2026-09-02,1,NO,35°C,0.62,16.13,10.0,0.19,34.8,34°C,open,,,
2026-09-01T05:17:04Z,highest-temperature-in-wuhan-on-september-2-2026,wuhan,2026-09-02,1,NO,31°C,0.75,13.33,10.0,0.125,31.2,30°C,open,,,
2026-09-01T05:17:04Z,highest-temperature-in-helsinki-on-september-2-2026,helsinki,2026-09-02,1,NO,21°C,0.66,15.15,10.0,0.17,20.8,20°C,open,,,
2026-09-01T05:17:04Z,highest-temperature-in-cape-town-on-september-2-2026,cape-town,2026-09-02,1,NO,20°C,0.63,15.87,10.0,0.185,20.2,19°C,open,,,
2026-09-01T05:17:04Z,highest-temperature-in-qingdao-on-september-2-2026,qingdao,2026-09-02,1,NO,29°C,0.52,19.23,10.0,0.24,29.2,29°C,open,,,
2026-09-01T05:17:04Z,highest-temperature-in-dallas-on-september-2-2026,dallas,2026-09-02,1,NO,96-97°F,0.72,13.89,10.0,0.14,35.7,94-95°F,open,,,
2026-09-01T05:17:04Z,highest-temperature-in-atlanta-on-september-2-2026,atlanta,2026-09-02,1,NO,98-99°F,0.74,13.51,10.0,0.13,36.4,96-97°F,open,,,
2026-09-01T05:17:04Z,highest-temperature-in-austin-on-september-2-2026,austin,2026-09-02,1,NO,96-97°F,0.7,14.29,10.0,0.15,35.4,98-99°F,open,,,
2026-09-01T05:17:04Z,highest-temperature-in-houston-on-september-2-2026,houston,2026-09-02,1,NO,88-89°F,0.76,13.16,10.0,0.12,31.2,86-87°F,open,,,
2026-09-01T05:17:04Z,highest-temperature-in-shanghai-on-september-3-2026,shanghai,2026-09-03,2,NO,30°C,0.63,15.87,10.0,0.185,30.5,28°C,open,,,
2026-09-01T05:17:04Z,highest-temperature-in-warsaw-on-september-3-2026,warsaw,2026-09-03,2,NO,24°C,0.5,20.0,10.0,0.25,24.0,20°C,open,,,
2026-09-01T05:17:04Z,highest-temperature-in-kuala-lumpur-on-september-3-2026,kuala-lumpur,2026-09-03,2,NO,32°C,0.01,1000.0,10.0,0.495,31.5,>=39°C,open,,,
2026-09-01T05:17:04Z,highest-temperature-in-jeddah-on-september-3-2026,jeddah,2026-09-03,2,NO,37°C,0.01,1000.0,10.0,0.495,37.2,>=39°C,open,,,
2026-09-01T05:17:04Z,highest-temperature-in-cape-town-on-september-3-2026,cape-town,2026-09-03,2,NO,16°C,0.01,1000.0,10.0,0.495,16.0,>=20°C,open,,,
2026-09-01T05:17:04Z,highest-temperature-in-guangzhou-on-september-3-2026,guangzhou,2026-09-03,2,NO,<=25°C,0.63,15.87,10.0,0.185,24.3,<=25°C,open,,,
2026-09-01T16:37:25Z,highest-temperature-in-chicago-on-september-3-2026,chicago,2026-09-03,2,NO,88-89°F,0.74,13.51,10.0,0.13,31.8,88-89°F,open,,,
