entry_utc,event_slug,city,target_date,lead_days,side,bucket,ask,shares,stake,fee,model_median_c,pm_top_bucket,status,payout,pnl,settle_utc
2026-07-16T14:53:49Z,highest-temperature-in-london-on-july-16-2026,london,2026-07-16,0,YES,28°C,0.49,20.41,10.0,0.255,48.0,28°C,lost,0.0,-10.26,2026-07-17T07:42:56Z
2026-07-16T14:53:49Z,highest-temperature-in-paris-on-july-16-2026,paris,2026-07-16,0,YES,33°C,0.59,16.95,10.0,0.205,58.5,33°C,won,16.95,6.74,2026-07-17T07:42:56Z
2026-07-16T14:53:49Z,highest-temperature-in-munich-on-july-16-2026,munich,2026-07-16,0,YES,30°C,0.56,17.86,10.0,0.22,55.5,30°C,lost,0.0,-10.22,2026-07-17T07:42:56Z
2026-07-16T14:53:49Z,highest-temperature-in-milan-on-july-16-2026,milan,2026-07-16,0,YES,32°C,0.51,19.61,10.0,0.245,49.5,32°C,lost,0.0,-10.24,2026-07-17T07:42:56Z
2026-07-16T14:53:49Z,highest-temperature-in-warsaw-on-july-16-2026,warsaw,2026-07-16,0,YES,29°C,0.56,17.86,10.0,0.22,55.0,29°C,lost,0.0,-10.22,2026-07-17T07:42:56Z
2026-07-16T14:53:49Z,highest-temperature-in-moscow-on-july-16-2026,moscow,2026-07-16,0,YES,19°C,0.46,21.74,10.0,0.27,45.0,19°C,won,21.74,11.47,2026-07-17T07:42:56Z
2026-07-16T14:53:49Z,highest-temperature-in-istanbul-on-july-16-2026,istanbul,2026-07-16,0,YES,28°C,0.69,14.49,10.0,0.155,68.0,28°C,won,14.49,4.33,2026-07-17T07:42:56Z
2026-07-16T14:53:49Z,highest-temperature-in-amsterdam-on-july-16-2026,amsterdam,2026-07-16,0,YES,25°C,0.51,19.61,10.0,0.245,50.5,25°C,lost,0.0,-10.24,2026-07-17T07:42:56Z
2026-07-16T14:53:49Z,highest-temperature-in-helsinki-on-july-16-2026,helsinki,2026-07-16,0,YES,22°C,0.55,18.18,10.0,0.225,51.0,22°C,won,18.18,7.96,2026-07-17T07:42:56Z
2026-07-16T14:53:49Z,highest-temperature-in-jeddah-on-july-16-2026,jeddah,2026-07-16,0,YES,>=38°C,0.49,20.41,10.0,0.255,45.5,>=38°C,won,20.41,10.15,2026-07-17T07:42:56Z
2026-07-16T14:53:49Z,highest-temperature-in-lucknow-on-july-16-2026,lucknow,2026-07-16,0,YES,33°C,0.42,23.81,10.0,0.29,38.0,33°C,won,23.81,13.52,2026-07-17T07:42:56Z
2026-07-16T14:53:49Z,highest-temperature-in-cape-town-on-july-16-2026,cape-town,2026-07-16,0,YES,18°C,0.55,18.18,10.0,0.225,54.5,18°C,lost,0.0,-10.22,2026-07-17T07:42:56Z
2026-07-16T14:53:49Z,highest-temperature-in-karachi-on-july-16-2026,karachi,2026-07-16,0,YES,33°C,0.6,16.67,10.0,0.2,57.0,33°C,won,16.67,6.47,2026-07-17T07:42:56Z
2026-07-16T14:53:49Z,highest-temperature-in-sao-paulo-on-july-16-2026,sao-paulo,2026-07-16,0,YES,25°C,0.5,20.0,10.0,0.25,49.5,25°C,lost,0.0,-10.25,2026-07-17T07:42:56Z
2026-07-16T14:53:49Z,highest-temperature-in-buenos-aires-on-july-16-2026,buenos-aires,2026-07-16,0,YES,23°C,0.44,22.73,10.0,0.28,43.0,23°C,lost,0.0,-10.28,2026-07-17T07:42:56Z
2026-07-16T14:53:49Z,highest-temperature-in-toronto-on-july-16-2026,toronto,2026-07-16,0,YES,<=27°C,0.348,28.74,10.0,0.326,32.7,<=27°C,lost,0.0,-10.33,2026-07-17T07:42:56Z
2026-07-16T14:53:49Z,highest-temperature-in-seattle-on-july-16-2026,seattle,2026-07-16,0,YES,70-71°F,0.3,33.33,10.0,0.35,29.0,70-71°F,lost,0.0,-10.35,2026-07-17T09:19:37Z
2026-07-16T14:53:49Z,highest-temperature-in-nyc-on-july-16-2026,nyc,2026-07-16,0,YES,92-93°F,0.34,29.41,10.0,0.33,33.0,92-93°F,lost,0.0,-10.33,2026-07-17T07:42:56Z
2026-07-16T14:53:49Z,highest-temperature-in-dallas-on-july-16-2026,dallas,2026-07-16,0,YES,88-89°F,0.3,33.33,10.0,0.35,29.5,88-89°F,won,33.33,22.98,2026-07-17T07:42:56Z
2026-07-16T14:53:49Z,highest-temperature-in-atlanta-on-july-16-2026,atlanta,2026-07-16,0,YES,90-91°F,0.52,19.23,10.0,0.24,51.5,90-91°F,lost,0.0,-10.24,2026-07-17T07:42:56Z
2026-07-16T14:53:49Z,highest-temperature-in-miami-on-july-16-2026,miami,2026-07-16,0,YES,94-95°F,0.56,17.86,10.0,0.22,55.5,94-95°F,lost,0.0,-10.22,2026-07-17T07:42:56Z
2026-07-16T14:53:49Z,highest-temperature-in-chicago-on-july-16-2026,chicago,2026-07-16,0,YES,90-91°F,0.49,20.41,10.0,0.255,48.0,90-91°F,won,20.41,10.15,2026-07-17T07:42:56Z
2026-07-16T14:53:49Z,highest-temperature-in-austin-on-july-16-2026,austin,2026-07-16,0,YES,86-87°F,0.34,29.41,10.0,0.33,32.5,86-87°F,lost,0.0,-10.33,2026-07-17T07:42:56Z
2026-07-16T14:53:49Z,highest-temperature-in-denver-on-july-16-2026,denver,2026-07-16,0,YES,92-93°F,0.65,15.38,10.0,0.1749,64.5,92-93°F,won,15.38,5.21,2026-07-17T07:42:56Z
2026-07-16T14:53:49Z,highest-temperature-in-houston-on-july-16-2026,houston,2026-07-16,0,YES,92-93°F,0.46,21.74,10.0,0.27,45.5,92-93°F,lost,0.0,-10.27,2026-07-17T07:42:56Z
2026-07-16T14:53:49Z,highest-temperature-in-los-angeles-on-july-16-2026,los-angeles,2026-07-16,0,YES,80-81°F,0.53,18.87,10.0,0.235,52.5,80-81°F,lost,0.0,-10.23,2026-07-17T09:19:37Z
2026-07-16T14:53:49Z,highest-temperature-in-san-francisco-on-july-16-2026,san-francisco,2026-07-16,0,YES,68-69°F,0.4,25.0,10.0,0.3,39.5,68-69°F,won,25.0,14.7,2026-07-17T09:19:37Z
2026-07-16T14:53:49Z,highest-temperature-in-mexico-city-on-july-16-2026,mexico-city,2026-07-16,0,YES,25°C,0.45,22.22,10.0,0.275,44.5,25°C,won,22.22,11.94,2026-07-17T07:42:56Z
2026-07-16T14:53:49Z,highest-temperature-in-panama-city-on-july-16-2026,panama-city,2026-07-16,0,YES,34°C,0.55,18.18,10.0,0.225,54.5,34°C,won,18.18,7.96,2026-07-17T07:42:56Z
2026-07-16T14:53:49Z,highest-temperature-in-london-on-july-17-2026,london,2026-07-17,1,YES,28°C,0.43,23.26,10.0,0.2851,42.0,28°C,lost,0.0,-10.29,2026-07-18T07:11:09Z
2026-07-16T14:53:49Z,highest-temperature-in-paris-on-july-17-2026,paris,2026-07-17,1,YES,28°C,0.36,27.78,10.0,0.32,35.5,28°C,lost,0.0,-10.32,2026-07-18T07:11:09Z
2026-07-16T14:53:49Z,highest-temperature-in-ankara-on-july-17-2026,ankara,2026-07-17,1,YES,29°C,0.46,21.74,10.0,0.27,45.5,29°C,lost,0.0,-10.27,2026-07-18T07:11:09Z
2026-07-16T14:53:49Z,highest-temperature-in-munich-on-july-17-2026,munich,2026-07-17,1,YES,27°C,0.33,30.3,10.0,0.335,32.5,27°C,lost,0.0,-10.34,2026-07-18T07:11:09Z
2026-07-16T14:53:49Z,highest-temperature-in-tel-aviv-on-july-17-2026,tel-aviv,2026-07-17,1,YES,32°C,0.57,17.54,10.0,0.215,56.5,32°C,won,17.54,7.32,2026-07-18T07:11:09Z
2026-07-16T14:53:49Z,highest-temperature-in-tokyo-on-july-17-2026,tokyo,2026-07-17,1,YES,30°C,0.4,25.0,10.0,0.3,38.5,30°C,lost,0.0,-10.3,2026-07-18T07:11:09Z
2026-07-16T14:53:49Z,highest-temperature-in-shanghai-on-july-17-2026,shanghai,2026-07-17,1,YES,38°C,0.36,27.78,10.0,0.32,35.5,38°C,lost,0.0,-10.32,2026-07-18T07:11:09Z
2026-07-16T14:53:49Z,highest-temperature-in-singapore-on-july-17-2026,singapore,2026-07-17,1,YES,32°C,0.41,24.39,10.0,0.295,40.5,32°C,lost,0.0,-10.29,2026-07-18T07:11:09Z
2026-07-16T14:53:49Z,highest-temperature-in-milan-on-july-17-2026,milan,2026-07-17,1,YES,32°C,0.41,24.39,10.0,0.295,40.5,32°C,lost,0.0,-10.29,2026-07-18T07:11:09Z
2026-07-16T14:53:49Z,highest-temperature-in-madrid-on-july-17-2026,madrid,2026-07-17,1,YES,35°C,0.52,19.23,10.0,0.24,51.5,35°C,lost,0.0,-10.24,2026-07-18T07:11:09Z
2026-07-16T14:53:49Z,highest-temperature-in-warsaw-on-july-17-2026,warsaw,2026-07-17,1,YES,31°C,0.48,20.83,10.0,0.26,47.5,31°C,won,20.83,10.57,2026-07-18T07:11:09Z
2026-07-16T14:53:49Z,highest-temperature-in-taipei-on-july-17-2026,taipei,2026-07-17,1,YES,36°C,0.434,23.04,10.0,0.283,42.9,36°C,lost,0.0,-10.28,2026-07-18T07:11:09Z
2026-07-16T14:53:49Z,highest-temperature-in-chongqing-on-july-17-2026,chongqing,2026-07-17,1,YES,34°C,0.3,33.33,10.0,0.35,29.0,34°C,won,33.33,22.98,2026-07-18T07:11:09Z
2026-07-16T14:53:49Z,highest-temperature-in-beijing-on-july-17-2026,beijing,2026-07-17,1,YES,33°C,0.36,27.78,10.0,0.32,35.5,33°C,lost,0.0,-10.32,2026-07-18T07:11:09Z
2026-07-16T14:53:49Z,highest-temperature-in-wuhan-on-july-17-2026,wuhan,2026-07-17,1,YES,37°C,0.434,23.04,10.0,0.283,43.4,37°C,lost,0.0,-10.28,2026-07-18T07:11:09Z
2026-07-16T14:53:49Z,highest-temperature-in-shenzhen-on-july-17-2026,shenzhen,2026-07-17,1,YES,31°C,0.36,27.78,10.0,0.32,35.0,31°C,lost,0.0,-10.32,2026-07-18T07:11:09Z
2026-07-16T14:53:49Z,highest-temperature-in-moscow-on-july-17-2026,moscow,2026-07-17,1,YES,22°C,0.35,28.57,10.0,0.325,34.5,22°C,lost,0.0,-10.32,2026-07-18T07:11:09Z
2026-07-16T14:53:49Z,highest-temperature-in-istanbul-on-july-17-2026,istanbul,2026-07-17,1,YES,28°C,0.44,22.73,10.0,0.28,43.5,28°C,won,22.73,12.45,2026-07-18T07:11:09Z
2026-07-16T14:53:49Z,highest-temperature-in-busan-on-july-17-2026,busan,2026-07-17,1,YES,32°C,0.33,30.3,10.0,0.335,32.5,32°C,lost,0.0,-10.34,2026-07-18T07:11:09Z
2026-07-16T14:53:49Z,highest-temperature-in-amsterdam-on-july-17-2026,amsterdam,2026-07-17,1,YES,23°C,0.37,27.03,10.0,0.315,36.0,23°C,lost,0.0,-10.31,2026-07-18T07:11:09Z
2026-07-16T14:53:49Z,highest-temperature-in-helsinki-on-july-17-2026,helsinki,2026-07-17,1,YES,24°C,0.42,23.81,10.0,0.29,41.5,24°C,won,23.81,13.52,2026-07-18T07:11:09Z
2026-07-16T14:53:49Z,highest-temperature-in-kuala-lumpur-on-july-17-2026,kuala-lumpur,2026-07-17,1,YES,33°C,0.46,21.74,10.0,0.27,45.0,33°C,lost,0.0,-10.27,2026-07-18T07:11:09Z
2026-07-16T14:53:49Z,highest-temperature-in-jeddah-on-july-17-2026,jeddah,2026-07-17,1,YES,38°C,0.37,27.03,10.0,0.315,36.5,38°C,won,27.03,16.71,2026-07-18T07:11:09Z
2026-07-16T14:53:49Z,highest-temperature-in-guangzhou-on-july-17-2026,guangzhou,2026-07-17,1,YES,33°C,0.37,27.03,10.0,0.315,36.5,33°C,lost,0.0,-10.31,2026-07-18T07:11:09Z
2026-07-16T14:53:49Z,highest-temperature-in-qingdao-on-july-17-2026,qingdao,2026-07-17,1,YES,25°C,0.36,27.78,10.0,0.32,34.0,25°C,lost,0.0,-10.32,2026-07-18T07:11:09Z
2026-07-16T14:53:49Z,highest-temperature-in-manila-on-july-17-2026,manila,2026-07-17,1,YES,33°C,0.46,21.74,10.0,0.27,45.5,33°C,lost,0.0,-10.27,2026-07-18T07:11:09Z
2026-07-16T14:53:49Z,highest-temperature-in-lucknow-on-july-17-2026,lucknow,2026-07-17,1,YES,33°C,0.33,30.3,10.0,0.335,32.5,33°C,lost,0.0,-10.34,2026-07-18T07:11:09Z
2026-07-16T14:53:49Z,highest-temperature-in-cape-town-on-july-17-2026,cape-town,2026-07-17,1,YES,19°C,0.38,26.32,10.0,0.31,37.5,19°C,lost,0.0,-10.31,2026-07-18T07:11:09Z
2026-07-16T14:53:49Z,highest-temperature-in-karachi-on-july-17-2026,karachi,2026-07-17,1,YES,33°C,0.49,20.41,10.0,0.255,48.5,33°C,lost,0.0,-10.26,2026-07-18T07:11:09Z
2026-07-16T14:53:49Z,highest-temperature-in-sao-paulo-on-july-17-2026,sao-paulo,2026-07-17,1,YES,25°C,0.46,21.74,10.0,0.27,45.0,25°C,lost,0.0,-10.27,2026-07-18T07:11:09Z
2026-07-16T14:53:49Z,highest-temperature-in-toronto-on-july-17-2026,toronto,2026-07-17,1,YES,27°C,0.33,30.3,10.0,0.335,32.0,27°C,lost,0.0,-10.34,2026-07-18T07:11:09Z
2026-07-16T14:53:49Z,highest-temperature-in-seattle-on-july-17-2026,seattle,2026-07-17,1,YES,74-75°F,0.39,25.64,10.0,0.305,38.5,74-75°F,lost,0.0,-10.3,2026-07-18T15:33:39Z
2026-07-16T14:53:49Z,highest-temperature-in-nyc-on-july-17-2026,nyc,2026-07-17,1,YES,88-89°F,0.34,29.41,10.0,0.33,33.5,88-89°F,lost,0.0,-10.33,2026-07-18T07:11:09Z
2026-07-16T14:53:49Z,highest-temperature-in-dallas-on-july-17-2026,dallas,2026-07-17,1,YES,92-93°F,0.37,27.03,10.0,0.315,36.0,92-93°F,lost,0.0,-10.31,2026-07-18T07:11:09Z
2026-07-16T14:53:49Z,highest-temperature-in-atlanta-on-july-17-2026,atlanta,2026-07-17,1,YES,90-91°F,0.44,22.73,10.0,0.28,42.5,90-91°F,lost,0.0,-10.28,2026-07-18T07:11:09Z
2026-07-16T14:53:49Z,highest-temperature-in-miami-on-july-17-2026,miami,2026-07-17,1,YES,94-95°F,0.43,23.26,10.0,0.2851,42.0,94-95°F,lost,0.0,-10.29,2026-07-18T07:11:09Z
2026-07-16T14:53:49Z,highest-temperature-in-chicago-on-july-17-2026,chicago,2026-07-17,1,YES,90-91°F,0.42,23.81,10.0,0.29,41.5,90-91°F,lost,0.0,-10.29,2026-07-18T07:11:09Z
2026-07-16T14:53:49Z,highest-temperature-in-austin-on-july-17-2026,austin,2026-07-17,1,YES,90-91°F,0.4,25.0,10.0,0.3,39.5,90-91°F,lost,0.0,-10.3,2026-07-18T07:11:09Z
2026-07-16T14:53:49Z,highest-temperature-in-denver-on-july-17-2026,denver,2026-07-17,1,YES,92-93°F,0.4,25.0,10.0,0.3,39.0,92-93°F,won,25.0,14.7,2026-07-18T15:33:39Z
2026-07-16T14:53:49Z,highest-temperature-in-houston-on-july-17-2026,houston,2026-07-17,1,YES,92-93°F,0.53,18.87,10.0,0.235,52.5,92-93°F,won,18.87,8.64,2026-07-18T07:11:09Z
2026-07-16T14:53:49Z,highest-temperature-in-los-angeles-on-july-17-2026,los-angeles,2026-07-17,1,YES,78-79°F,0.62,16.13,10.0,0.19,57.0,78-79°F,lost,0.0,-10.19,2026-07-18T15:33:39Z
2026-07-16T14:53:49Z,highest-temperature-in-san-francisco-on-july-17-2026,san-francisco,2026-07-17,1,YES,64-65°F,0.37,27.03,10.0,0.315,36.5,64-65°F,lost,0.0,-10.31,2026-07-18T15:33:39Z
2026-07-16T14:53:49Z,highest-temperature-in-mexico-city-on-july-17-2026,mexico-city,2026-07-17,1,YES,24°C,0.45,22.22,10.0,0.275,44.5,24°C,won,22.22,11.94,2026-07-18T15:33:39Z
2026-07-16T14:53:49Z,highest-temperature-in-panama-city-on-july-17-2026,panama-city,2026-07-17,1,YES,34°C,0.39,25.64,10.0,0.305,38.5,34°C,won,25.64,15.34,2026-07-18T07:11:09Z
2026-07-16T14:53:49Z,highest-temperature-in-seoul-on-july-18-2026,seoul,2026-07-18,2,YES,28°C,0.31,32.26,10.0,0.345,29.5,28°C,lost,0.0,-10.35,2026-07-19T08:24:41Z
2026-07-16T14:53:49Z,highest-temperature-in-wellington-on-july-18-2026,wellington,2026-07-18,2,YES,14°C,0.55,18.18,10.0,0.225,54.5,14°C,lost,0.0,-10.22,2026-07-19T08:24:41Z
2026-07-16T14:53:49Z,highest-temperature-in-tokyo-on-july-18-2026,tokyo,2026-07-18,2,YES,30°C,0.37,27.03,10.0,0.315,35.5,30°C,lost,0.0,-10.31,2026-07-19T08:24:41Z
2026-07-16T14:53:49Z,highest-temperature-in-singapore-on-july-18-2026,singapore,2026-07-18,2,YES,32°C,0.46,21.74,10.0,0.27,45.0,32°C,won,21.74,11.47,2026-07-19T08:24:41Z
2026-07-16T14:53:49Z,highest-temperature-in-taipei-on-july-18-2026,taipei,2026-07-18,2,YES,37°C,0.36,27.78,10.0,0.32,35.0,37°C,lost,0.0,-10.32,2026-07-19T08:24:41Z
2026-07-16T14:53:49Z,highest-temperature-in-beijing-on-july-18-2026,beijing,2026-07-18,2,YES,31°C,0.33,30.3,10.0,0.335,29.5,31°C,won,30.3,19.96,2026-07-19T08:24:41Z
2026-07-16T14:53:49Z,highest-temperature-in-shenzhen-on-july-18-2026,shenzhen,2026-07-18,2,YES,31°C,0.31,32.26,10.0,0.345,30.5,31°C,won,32.26,21.91,2026-07-19T08:24:41Z
2026-07-16T14:53:49Z,highest-temperature-in-busan-on-july-18-2026,busan,2026-07-18,2,YES,29°C,0.32,31.25,10.0,0.34,30.0,29°C,lost,0.0,-10.34,2026-07-19T08:24:41Z
2026-07-16T14:53:49Z,highest-temperature-in-kuala-lumpur-on-july-18-2026,kuala-lumpur,2026-07-18,2,YES,31°C,0.34,29.41,10.0,0.33,32.5,31°C,lost,0.0,-10.33,2026-07-19T08:24:41Z
2026-07-16T14:53:49Z,highest-temperature-in-guangzhou-on-july-18-2026,guangzhou,2026-07-18,2,YES,34°C,0.34,29.41,10.0,0.33,33.5,34°C,lost,0.0,-10.33,2026-07-19T08:24:41Z
2026-07-16T14:53:49Z,highest-temperature-in-qingdao-on-july-18-2026,qingdao,2026-07-18,2,YES,29°C,0.32,31.25,10.0,0.34,31.5,29°C,lost,0.0,-10.34,2026-07-19T08:24:41Z
2026-07-16T14:53:49Z,highest-temperature-in-manila-on-july-18-2026,manila,2026-07-18,2,YES,32°C,0.36,27.78,10.0,0.32,34.5,32°C,won,27.78,17.46,2026-07-19T08:24:41Z
2026-07-16T14:53:49Z,highest-temperature-in-london-on-july-18-2026,london,2026-07-18,2,YES,24°C,0.33,30.3,10.0,0.335,31.5,24°C,lost,0.0,-10.34,2026-07-19T08:24:41Z
2026-07-16T14:53:49Z,highest-temperature-in-paris-on-july-18-2026,paris,2026-07-18,2,YES,28°C,0.37,27.03,10.0,0.315,36.5,28°C,lost,0.0,-10.31,2026-07-19T08:24:41Z
2026-07-16T14:53:49Z,highest-temperature-in-ankara-on-july-18-2026,ankara,2026-07-18,2,YES,30°C,0.5,20.0,10.0,0.25,48.5,30°C,lost,0.0,-10.25,2026-07-19T08:24:41Z
2026-07-16T14:53:49Z,highest-temperature-in-munich-on-july-18-2026,munich,2026-07-18,2,YES,24°C,0.34,29.41,10.0,0.33,33.5,24°C,lost,0.0,-10.33,2026-07-19T08:24:41Z
2026-07-16T14:53:49Z,highest-temperature-in-tel-aviv-on-july-18-2026,tel-aviv,2026-07-18,2,YES,33°C,0.46,21.74,10.0,0.27,44.5,33°C,lost,0.0,-10.27,2026-07-19T08:24:41Z
2026-07-16T14:53:49Z,highest-temperature-in-milan-on-july-18-2026,milan,2026-07-18,2,YES,33°C,0.44,22.73,10.0,0.28,43.0,33°C,lost,0.0,-10.28,2026-07-19T08:24:41Z
2026-07-16T14:53:49Z,highest-temperature-in-madrid-on-july-18-2026,madrid,2026-07-18,2,YES,37°C,0.58,17.24,10.0,0.21,57.5,37°C,lost,0.0,-10.21,2026-07-19T08:24:41Z
2026-07-16T14:53:49Z,highest-temperature-in-warsaw-on-july-18-2026,warsaw,2026-07-18,2,YES,26°C,0.36,27.78,10.0,0.32,35.5,26°C,won,27.78,17.46,2026-07-19T08:24:41Z
2026-07-16T14:53:49Z,highest-temperature-in-moscow-on-july-18-2026,moscow,2026-07-18,2,YES,25°C,0.36,27.78,10.0,0.32,27.0,25°C,lost,0.0,-10.32,2026-07-19T08:24:41Z
2026-07-16T14:53:49Z,highest-temperature-in-istanbul-on-july-18-2026,istanbul,2026-07-18,2,YES,28°C,0.37,27.03,10.0,0.315,36.5,28°C,won,27.03,16.71,2026-07-19T08:24:41Z
2026-07-16T14:53:49Z,highest-temperature-in-amsterdam-on-july-18-2026,amsterdam,2026-07-18,2,YES,20°C,0.37,27.03,10.0,0.315,35.5,20°C,lost,0.0,-10.31,2026-07-19T08:24:41Z
2026-07-16T14:53:49Z,highest-temperature-in-helsinki-on-july-18-2026,helsinki,2026-07-18,2,YES,25°C,0.32,31.25,10.0,0.34,31.0,25°C,lost,0.0,-10.34,2026-07-19T08:24:41Z
2026-07-16T14:53:49Z,highest-temperature-in-cape-town-on-july-18-2026,cape-town,2026-07-18,2,YES,17°C,0.36,27.78,10.0,0.32,30.0,17°C,lost,0.0,-10.32,2026-07-19T08:24:41Z
2026-07-16T14:53:49Z,highest-temperature-in-karachi-on-july-18-2026,karachi,2026-07-18,2,YES,33°C,0.41,24.39,10.0,0.295,40.5,33°C,won,24.39,14.1,2026-07-19T08:24:41Z
2026-07-17T07:42:56Z,highest-temperature-in-buenos-aires-on-july-17-2026,buenos-aires,2026-07-17,0,YES,23°C,0.41,24.39,10.0,0.295,40.0,23°C,lost,0.0,-10.29,2026-07-18T07:11:09Z
2026-07-17T07:42:56Z,highest-temperature-in-shanghai-on-july-18-2026,shanghai,2026-07-18,1,YES,36°C,0.34,29.41,10.0,0.33,33.5,36°C,lost,0.0,-10.33,2026-07-19T08:24:41Z
2026-07-17T07:42:56Z,highest-temperature-in-chongqing-on-july-18-2026,chongqing,2026-07-18,1,YES,31°C,0.36,27.78,10.0,0.32,35.0,31°C,lost,0.0,-10.32,2026-07-19T08:24:41Z
2026-07-17T07:42:56Z,highest-temperature-in-wuhan-on-july-18-2026,wuhan,2026-07-18,1,YES,31°C,0.36,27.78,10.0,0.32,35.5,31°C,won,27.78,17.46,2026-07-19T08:24:41Z
2026-07-17T07:42:56Z,highest-temperature-in-lucknow-on-july-18-2026,lucknow,2026-07-18,1,YES,33°C,0.34,29.41,10.0,0.33,33.0,33°C,lost,0.0,-10.33,2026-07-19T08:24:41Z
2026-07-17T07:42:56Z,highest-temperature-in-jeddah-on-july-18-2026,jeddah,2026-07-18,1,YES,39°C,0.37,27.03,10.0,0.315,36.0,39°C,won,27.03,16.71,2026-07-19T08:24:41Z
2026-07-17T07:42:56Z,highest-temperature-in-sao-paulo-on-july-18-2026,sao-paulo,2026-07-18,1,YES,25°C,0.48,20.83,10.0,0.26,47.0,25°C,lost,0.0,-10.26,2026-07-19T08:24:41Z
2026-07-17T07:42:56Z,highest-temperature-in-buenos-aires-on-july-18-2026,buenos-aires,2026-07-18,1,YES,18°C,0.44,22.73,10.0,0.28,43.5,18°C,lost,0.0,-10.28,2026-07-19T08:24:41Z
2026-07-17T07:42:56Z,highest-temperature-in-toronto-on-july-18-2026,toronto,2026-07-18,1,YES,28°C,0.36,27.78,10.0,0.32,35.5,28°C,won,27.78,17.46,2026-07-19T08:24:41Z
2026-07-17T07:42:56Z,highest-temperature-in-nyc-on-july-18-2026,nyc,2026-07-18,1,YES,80-81°F,0.36,27.78,10.0,0.32,35.5,80-81°F,won,27.78,17.46,2026-07-19T08:24:41Z
2026-07-17T07:42:56Z,highest-temperature-in-dallas-on-july-18-2026,dallas,2026-07-18,1,YES,96-97°F,0.42,23.81,10.0,0.29,41.0,96-97°F,won,23.81,13.52,2026-07-19T08:24:41Z
2026-07-17T07:42:56Z,highest-temperature-in-atlanta-on-july-18-2026,atlanta,2026-07-18,1,YES,92-93°F,0.45,22.22,10.0,0.275,44.5,92-93°F,won,22.22,11.94,2026-07-19T08:24:41Z
2026-07-17T07:42:56Z,highest-temperature-in-miami-on-july-18-2026,miami,2026-07-18,1,YES,90-91°F,0.47,21.28,10.0,0.265,45.5,90-91°F,won,21.28,11.02,2026-07-19T08:24:41Z
2026-07-17T07:42:56Z,highest-temperature-in-chicago-on-july-18-2026,chicago,2026-07-18,1,YES,88-89°F,0.4,25.0,10.0,0.3,39.5,88-89°F,lost,0.0,-10.3,2026-07-19T08:24:41Z
2026-07-17T07:42:56Z,highest-temperature-in-austin-on-july-18-2026,austin,2026-07-18,1,YES,92-93°F,0.5,20.0,10.0,0.25,49.0,92-93°F,lost,0.0,-10.25,2026-07-19T08:24:41Z
2026-07-17T07:42:56Z,highest-temperature-in-denver-on-july-18-2026,denver,2026-07-18,1,YES,94-95°F,0.47,21.28,10.0,0.265,45.5,94-95°F,won,21.28,11.02,2026-07-19T08:24:41Z
2026-07-17T07:42:56Z,highest-temperature-in-houston-on-july-18-2026,houston,2026-07-18,1,YES,92-93°F,0.43,23.26,10.0,0.2851,42.0,92-93°F,won,23.26,12.97,2026-07-19T08:24:41Z
2026-07-17T07:42:56Z,highest-temperature-in-los-angeles-on-july-18-2026,los-angeles,2026-07-18,1,YES,76-77°F,0.46,21.74,10.0,0.27,45.5,76-77°F,lost,0.0,-10.27,2026-07-19T08:24:41Z
2026-07-17T07:42:56Z,highest-temperature-in-mexico-city-on-july-18-2026,mexico-city,2026-07-18,1,YES,24°C,0.46,21.74,10.0,0.27,44.5,24°C,lost,0.0,-10.27,2026-07-19T08:24:41Z
2026-07-17T07:42:56Z,highest-temperature-in-panama-city-on-july-18-2026,panama-city,2026-07-18,1,YES,34°C,0.44,22.73,10.0,0.28,43.5,34°C,lost,0.0,-10.28,2026-07-19T08:24:41Z
2026-07-18T07:11:09Z,highest-temperature-in-wuhan-on-july-20-2026,wuhan,2026-07-20,2,YES,>=34°C,0.69,14.49,10.0,0.155,66.0,>=34°C,lost,0.0,-10.15,2026-07-21T09:44:02Z
2026-07-19T08:24:41Z,highest-temperature-in-jeddah-on-july-20-2026,jeddah,2026-07-20,1,YES,>=40°C,0.64,15.62,10.0,0.1799,62.5,>=40°C,won,15.62,5.44,2026-07-21T09:44:02Z
2026-07-19T08:24:41Z,highest-temperature-in-tel-aviv-on-july-21-2026,tel-aviv,2026-07-21,2,YES,33°C,0.64,15.62,10.0,0.1799,62.0,33°C,won,15.62,5.44,2026-07-22T09:46:08Z
2026-07-19T09:35:08Z,highest-temperature-in-chongqing-on-july-19-2026,chongqing,2026-07-19,0,YES,35°C,0.953,10.49,10.0,0.0235,94.2,35°C,won,10.49,0.47,2026-07-20T06:37:36Z
2026-07-19T09:35:08Z,highest-temperature-in-wuhan-on-july-19-2026,wuhan,2026-07-19,0,YES,33°C,0.958,10.44,10.0,0.021,93.3,33°C,won,10.44,0.42,2026-07-20T06:37:36Z
2026-07-19T09:35:08Z,highest-temperature-in-chengdu-on-july-19-2026,chengdu,2026-07-19,0,YES,37°C,0.8,12.5,10.0,0.1,75.0,37°C,won,12.5,2.4,2026-07-20T06:37:36Z
2026-07-19T09:35:08Z,highest-temperature-in-ankara-on-july-19-2026,ankara,2026-07-19,0,YES,32°C,0.64,15.62,10.0,0.1799,62.5,32°C,won,15.62,5.44,2026-07-20T06:37:36Z
2026-07-19T09:35:08Z,highest-temperature-in-tel-aviv-on-july-19-2026,tel-aviv,2026-07-19,0,YES,36°C,0.75,13.33,10.0,0.125,71.5,36°C,lost,0.0,-10.12,2026-07-20T06:37:36Z
2026-07-19T09:35:08Z,highest-temperature-in-madrid-on-july-19-2026,madrid,2026-07-19,0,YES,36°C,0.77,12.99,10.0,0.115,76.0,36°C,won,12.99,2.88,2026-07-20T06:37:36Z
2026-07-19T09:35:08Z,highest-temperature-in-istanbul-on-july-19-2026,istanbul,2026-07-19,0,YES,28°C,0.82,12.2,10.0,0.09,80.5,28°C,won,12.2,2.11,2026-07-20T06:37:36Z
2026-07-19T09:35:08Z,highest-temperature-in-helsinki-on-july-19-2026,helsinki,2026-07-19,0,YES,20°C,0.86,11.63,10.0,0.07,84.5,20°C,won,11.63,1.56,2026-07-20T06:37:36Z
2026-07-19T09:35:08Z,highest-temperature-in-karachi-on-july-19-2026,karachi,2026-07-19,0,YES,32°C,0.74,13.51,10.0,0.13,71.5,32°C,won,13.51,3.38,2026-07-20T06:37:36Z
2026-07-20T06:37:36Z,highest-temperature-in-seoul-on-july-20-2026,seoul,2026-07-20,0,YES,26°C,0.89,11.24,10.0,0.055,86.5,26°C,lost,0.0,-10.05,2026-07-21T09:44:02Z
2026-07-20T06:37:36Z,highest-temperature-in-ankara-on-july-20-2026,ankara,2026-07-20,0,YES,34°C,0.76,13.16,10.0,0.12,74.5,34°C,lost,0.0,-10.12,2026-07-21T09:44:02Z
2026-07-20T06:37:36Z,highest-temperature-in-tel-aviv-on-july-20-2026,tel-aviv,2026-07-20,0,YES,34°C,0.62,16.13,10.0,0.19,61.0,34°C,lost,0.0,-10.19,2026-07-21T09:44:02Z
2026-07-20T06:37:36Z,highest-temperature-in-hong-kong-on-july-20-2026,hong-kong,2026-07-20,0,YES,29°C,0.89,11.24,10.0,0.055,88.0,29°C,won,11.24,1.19,2026-07-21T09:44:02Z
2026-07-20T06:37:36Z,highest-temperature-in-madrid-on-july-20-2026,madrid,2026-07-20,0,YES,36°C,0.66,15.15,10.0,0.17,65.0,36°C,won,15.15,4.98,2026-07-21T09:44:02Z
2026-07-20T06:37:36Z,highest-temperature-in-chongqing-on-july-20-2026,chongqing,2026-07-20,0,YES,38°C,0.62,16.13,10.0,0.19,60.0,38°C,won,16.13,5.94,2026-07-21T09:44:02Z
2026-07-20T06:37:36Z,highest-temperature-in-beijing-on-july-20-2026,beijing,2026-07-20,0,YES,30°C,0.89,11.24,10.0,0.055,80.5,30°C,won,11.24,1.19,2026-07-21T09:44:02Z
2026-07-20T06:37:36Z,highest-temperature-in-busan-on-july-20-2026,busan,2026-07-20,0,YES,31°C,0.81,12.35,10.0,0.095,77.5,31°C,lost,0.0,-10.1,2026-07-21T09:44:02Z
2026-07-20T06:37:36Z,highest-temperature-in-kuala-lumpur-on-july-20-2026,kuala-lumpur,2026-07-20,0,YES,29°C,0.827,12.09,10.0,0.0865,75.3,29°C,won,12.09,2.0,2026-07-21T09:44:02Z
2026-07-20T06:37:36Z,highest-temperature-in-manila-on-july-20-2026,manila,2026-07-20,0,YES,33°C,0.97,10.31,10.0,0.015,95.5,33°C,won,10.31,0.3,2026-07-21T09:44:02Z
2026-07-20T06:37:36Z,highest-temperature-in-san-francisco-on-july-21-2026,san-francisco,2026-07-21,2,YES,<=81°F,0.63,15.87,10.0,0.185,61.5,<=81°F,lost,0.0,-10.19,2026-07-22T09:46:08Z
2026-07-21T09:44:02Z,highest-temperature-in-ankara-on-july-21-2026,ankara,2026-07-21,0,YES,33°C,0.77,12.99,10.0,0.115,76.5,33°C,won,12.99,2.88,2026-07-22T09:46:08Z
2026-07-21T09:44:02Z,highest-temperature-in-madrid-on-july-21-2026,madrid,2026-07-21,0,YES,37°C,0.68,14.71,10.0,0.16,67.0,37°C,won,14.71,4.55,2026-07-22T09:46:08Z
2026-07-21T09:44:02Z,highest-temperature-in-istanbul-on-july-21-2026,istanbul,2026-07-21,0,YES,29°C,0.64,15.62,10.0,0.1799,63.0,29°C,lost,0.0,-10.18,2026-07-22T09:46:08Z
2026-07-21T09:44:02Z,highest-temperature-in-helsinki-on-july-21-2026,helsinki,2026-07-21,0,YES,14°C,0.64,15.62,10.0,0.1799,62.0,14°C,won,15.62,5.44,2026-07-22T09:46:08Z
2026-07-21T09:44:02Z,highest-temperature-in-karachi-on-july-21-2026,karachi,2026-07-21,0,YES,33°C,0.94,10.64,10.0,0.03,93.5,33°C,won,10.64,0.61,2026-07-22T09:46:08Z
2026-07-21T09:44:02Z,highest-temperature-in-lucknow-on-july-21-2026,lucknow,2026-07-21,0,YES,31°C,0.95,10.53,10.0,0.025,94.5,31°C,won,10.53,0.5,2026-07-22T09:46:08Z
2026-07-21T09:44:02Z,highest-temperature-in-miami-on-july-21-2026,miami,2026-07-21,0,YES,92-93°F,0.69,14.49,10.0,0.155,67.5,92-93°F,lost,0.0,-10.15,2026-07-22T09:46:08Z
2026-07-21T09:44:02Z,highest-temperature-in-austin-on-july-21-2026,austin,2026-07-21,0,YES,100-101°F,0.69,14.49,10.0,0.155,67.5,100-101°F,won,14.49,4.33,2026-07-22T09:46:08Z
2026-07-22T09:46:08Z,highest-temperature-in-ankara-on-july-22-2026,ankara,2026-07-22,0,YES,31°C,0.62,16.13,10.0,0.19,60.5,31°C,won,16.13,5.94,2026-07-23T09:24:14Z
2026-07-22T09:46:08Z,highest-temperature-in-lucknow-on-july-22-2026,lucknow,2026-07-22,0,YES,33°C,0.85,11.76,10.0,0.075,83.5,33°C,won,11.76,1.68,2026-07-23T09:24:14Z
2026-07-22T09:46:08Z,highest-temperature-in-tel-aviv-on-july-22-2026,tel-aviv,2026-07-22,0,YES,33°C,0.76,13.16,10.0,0.12,74.5,33°C,won,13.16,3.04,2026-07-23T09:24:14Z
2026-07-22T09:46:08Z,highest-temperature-in-madrid-on-july-22-2026,madrid,2026-07-22,0,YES,39°C,0.69,14.49,10.0,0.155,65.0,39°C,won,14.49,4.33,2026-07-23T09:24:14Z
2026-07-22T09:46:08Z,highest-temperature-in-istanbul-on-july-22-2026,istanbul,2026-07-22,0,YES,29°C,0.69,14.49,10.0,0.155,67.0,29°C,lost,0.0,-10.15,2026-07-23T09:24:14Z
2026-07-22T09:46:08Z,highest-temperature-in-kuala-lumpur-on-july-22-2026,kuala-lumpur,2026-07-22,0,YES,31°C,0.97,10.31,10.0,0.015,96.0,31°C,won,10.31,0.3,2026-07-23T09:24:14Z
2026-07-22T09:46:08Z,highest-temperature-in-karachi-on-july-22-2026,karachi,2026-07-22,0,YES,34°C,0.94,10.64,10.0,0.03,93.0,34°C,won,10.64,0.61,2026-07-23T09:24:14Z
2026-07-22T09:46:08Z,highest-temperature-in-moscow-on-july-22-2026,moscow,2026-07-22,0,YES,24°C,0.77,12.99,10.0,0.115,69.5,24°C,won,12.99,2.88,2026-07-23T09:24:14Z
2026-07-22T09:46:08Z,highest-temperature-in-denver-on-july-22-2026,denver,2026-07-22,0,YES,>=94°F,0.82,12.2,10.0,0.09,81.5,>=94°F,won,12.2,2.11,2026-07-23T17:04:19Z
2026-07-22T09:46:08Z,highest-temperature-in-wellington-on-july-23-2026,wellington,2026-07-23,1,YES,14°C,0.63,15.87,10.0,0.185,62.5,14°C,won,15.87,5.68,2026-07-24T09:18:06Z
2026-07-23T09:24:14Z,highest-temperature-in-paris-on-july-23-2026,paris,2026-07-23,0,YES,25°C,0.64,15.62,10.0,0.1799,62.5,25°C,won,15.62,5.44,2026-07-24T09:18:06Z
2026-07-23T09:24:14Z,highest-temperature-in-tel-aviv-on-july-23-2026,tel-aviv,2026-07-23,0,YES,33°C,0.85,11.76,10.0,0.075,84.0,33°C,won,11.76,1.68,2026-07-24T09:18:06Z
2026-07-23T09:24:14Z,highest-temperature-in-madrid-on-july-23-2026,madrid,2026-07-23,0,YES,38°C,0.8,12.5,10.0,0.1,78.0,38°C,won,12.5,2.4,2026-07-24T09:18:06Z
2026-07-23T09:24:14Z,highest-temperature-in-beijing-on-july-23-2026,beijing,2026-07-23,0,YES,28°C,0.94,10.64,10.0,0.03,93.5,28°C,won,10.64,0.61,2026-07-24T09:18:06Z
2026-07-23T09:24:14Z,highest-temperature-in-chengdu-on-july-23-2026,chengdu,2026-07-23,0,YES,37°C,0.97,10.31,10.0,0.015,86.2,37°C,won,10.31,0.3,2026-07-24T09:18:06Z
2026-07-23T09:24:14Z,highest-temperature-in-kuala-lumpur-on-july-23-2026,kuala-lumpur,2026-07-23,0,YES,31°C,0.96,10.42,10.0,0.02,94.5,31°C,lost,0.0,-10.02,2026-07-24T09:18:06Z
2026-07-23T09:24:14Z,highest-temperature-in-karachi-on-july-23-2026,karachi,2026-07-23,0,YES,35°C,0.96,10.42,10.0,0.02,94.5,35°C,won,10.42,0.4,2026-07-24T09:18:06Z
2026-07-23T09:24:14Z,highest-temperature-in-wellington-on-july-24-2026,wellington,2026-07-24,1,YES,14°C,0.62,16.13,10.0,0.19,61.5,14°C,won,16.13,5.94,2026-07-25T07:41:46Z
2026-07-24T09:18:06Z,highest-temperature-in-ankara-on-july-24-2026,ankara,2026-07-24,0,YES,28°C,0.63,15.87,10.0,0.185,61.5,28°C,lost,0.0,-10.19,2026-07-25T07:41:46Z
2026-07-24T09:18:06Z,highest-temperature-in-lucknow-on-july-24-2026,lucknow,2026-07-24,0,YES,32°C,0.96,10.42,10.0,0.02,94.0,32°C,won,10.42,0.4,2026-07-25T07:41:46Z
2026-07-24T09:18:06Z,highest-temperature-in-tel-aviv-on-july-24-2026,tel-aviv,2026-07-24,0,YES,32°C,0.85,11.76,10.0,0.075,82.5,32°C,won,11.76,1.68,2026-07-25T07:41:46Z
2026-07-24T09:18:06Z,highest-temperature-in-madrid-on-july-24-2026,madrid,2026-07-24,0,YES,33°C,0.65,15.38,10.0,0.1749,64.0,33°C,won,15.38,5.21,2026-07-25T07:41:46Z
2026-07-24T09:18:06Z,highest-temperature-in-istanbul-on-july-24-2026,istanbul,2026-07-24,0,YES,25°C,0.76,13.16,10.0,0.12,74.5,25°C,won,13.16,3.04,2026-07-25T07:41:46Z
2026-07-24T09:18:06Z,highest-temperature-in-amsterdam-on-july-24-2026,amsterdam,2026-07-24,0,YES,23°C,0.63,15.87,10.0,0.185,60.5,23°C,lost,0.0,-10.19,2026-07-25T07:41:46Z
2026-07-24T09:18:06Z,highest-temperature-in-jeddah-on-july-24-2026,jeddah,2026-07-24,0,YES,40°C,0.72,13.89,10.0,0.14,63.5,40°C,won,13.89,3.75,2026-07-25T07:41:46Z
2026-07-24T09:18:06Z,highest-temperature-in-guangzhou-on-july-24-2026,guangzhou,2026-07-24,0,YES,36°C,0.94,10.64,10.0,0.03,92.5,36°C,won,10.64,0.61,2026-07-25T07:41:46Z
2026-07-24T09:18:06Z,highest-temperature-in-denver-on-july-24-2026,denver,2026-07-24,0,YES,96-97°F,0.72,13.89,10.0,0.14,71.0,96-97°F,won,13.89,3.75,2026-07-25T15:49:54Z
2026-07-24T09:18:06Z,highest-temperature-in-wellington-on-july-25-2026,wellington,2026-07-25,1,YES,12°C,0.67,14.93,10.0,0.1651,66.5,12°C,won,14.93,4.76,2026-07-26T05:49:24Z
2026-07-25T07:41:46Z,highest-temperature-in-paris-on-july-25-2026,paris,2026-07-25,0,YES,30°C,0.62,16.13,10.0,0.19,61.0,30°C,won,16.13,5.94,2026-07-26T05:49:24Z
2026-07-25T07:41:46Z,highest-temperature-in-tel-aviv-on-july-25-2026,tel-aviv,2026-07-25,0,YES,34°C,0.69,14.49,10.0,0.155,66.5,34°C,lost,0.0,-10.15,2026-07-26T05:49:24Z
2026-07-25T07:41:46Z,highest-temperature-in-madrid-on-july-25-2026,madrid,2026-07-25,0,YES,30°C,0.74,13.51,10.0,0.13,71.0,30°C,lost,0.0,-10.13,2026-07-26T05:49:24Z
2026-07-25T07:41:46Z,highest-temperature-in-chongqing-on-july-25-2026,chongqing,2026-07-25,0,YES,40°C,0.72,13.89,10.0,0.14,70.0,40°C,lost,0.0,-10.14,2026-07-26T05:49:24Z
2026-07-25T07:41:46Z,highest-temperature-in-beijing-on-july-25-2026,beijing,2026-07-25,0,YES,31°C,0.84,11.9,10.0,0.08,80.5,31°C,won,11.9,1.82,2026-07-26T05:49:24Z
2026-07-25T07:41:46Z,highest-temperature-in-wuhan-on-july-25-2026,wuhan,2026-07-25,0,YES,36°C,0.97,10.31,10.0,0.015,96.0,36°C,won,10.31,0.3,2026-07-26T05:49:24Z
2026-07-25T07:41:46Z,highest-temperature-in-chengdu-on-july-25-2026,chengdu,2026-07-25,0,YES,39°C,0.78,12.82,10.0,0.11,77.5,39°C,lost,0.0,-10.11,2026-07-26T05:49:24Z
2026-07-25T07:41:46Z,highest-temperature-in-shenzhen-on-july-25-2026,shenzhen,2026-07-25,0,YES,35°C,0.89,11.24,10.0,0.055,88.0,35°C,won,11.24,1.19,2026-07-26T05:49:24Z
2026-07-25T07:41:46Z,highest-temperature-in-istanbul-on-july-25-2026,istanbul,2026-07-25,0,YES,23°C,0.7,14.29,10.0,0.15,59.5,23°C,won,14.29,4.14,2026-07-26T05:49:24Z
2026-07-25T07:41:46Z,highest-temperature-in-guangzhou-on-july-25-2026,guangzhou,2026-07-25,0,YES,37°C,0.93,10.75,10.0,0.035,84.5,37°C,won,10.75,0.71,2026-07-26T05:49:24Z
2026-07-25T07:41:46Z,highest-temperature-in-lucknow-on-july-25-2026,lucknow,2026-07-25,0,YES,34°C,0.86,11.63,10.0,0.07,78.0,34°C,won,11.63,1.56,2026-07-26T05:49:24Z
2026-07-25T07:41:46Z,highest-temperature-in-karachi-on-july-25-2026,karachi,2026-07-25,0,YES,33°C,0.75,13.33,10.0,0.125,73.0,33°C,won,13.33,3.21,2026-07-26T05:49:24Z
2026-07-25T07:41:46Z,highest-temperature-in-wellington-on-july-26-2026,wellington,2026-07-26,1,YES,10°C,0.67,14.93,10.0,0.1651,66.0,10°C,won,14.93,4.76,2026-07-27T12:49:12Z
2026-07-25T07:41:46Z,highest-temperature-in-tel-aviv-on-july-26-2026,tel-aviv,2026-07-26,1,YES,31°C,0.63,15.87,10.0,0.185,62.5,31°C,won,15.87,5.68,2026-07-27T12:49:12Z
2026-07-26T05:49:24Z,highest-temperature-in-seoul-on-july-26-2026,seoul,2026-07-26,0,YES,31°C,0.82,12.2,10.0,0.09,80.0,31°C,won,12.2,2.11,2026-07-27T12:49:12Z
2026-07-26T05:49:24Z,highest-temperature-in-hong-kong-on-july-26-2026,hong-kong,2026-07-26,0,YES,28°C,0.77,12.99,10.0,0.115,76.5,28°C,won,12.99,2.88,2026-07-27T12:49:12Z
2026-07-26T05:49:24Z,highest-temperature-in-singapore-on-july-26-2026,singapore,2026-07-26,0,YES,29°C,0.81,12.35,10.0,0.095,79.0,29°C,lost,0.0,-10.1,2026-07-27T12:49:12Z
2026-07-26T05:49:24Z,highest-temperature-in-madrid-on-july-26-2026,madrid,2026-07-26,0,YES,31°C,0.7,14.29,10.0,0.15,69.0,31°C,won,14.29,4.14,2026-07-27T12:49:12Z
2026-07-26T05:49:24Z,highest-temperature-in-taipei-on-july-26-2026,taipei,2026-07-26,0,YES,37°C,0.95,10.53,10.0,0.025,91.5,37°C,won,10.53,0.5,2026-07-27T12:49:12Z
2026-07-26T05:49:24Z,highest-temperature-in-beijing-on-july-26-2026,beijing,2026-07-26,0,YES,33°C,0.69,14.49,10.0,0.155,67.0,33°C,lost,0.0,-10.15,2026-07-27T12:49:12Z
2026-07-26T05:49:24Z,highest-temperature-in-shenzhen-on-july-26-2026,shenzhen,2026-07-26,0,YES,29°C,0.93,10.75,10.0,0.035,91.5,29°C,won,10.75,0.71,2026-07-27T12:49:12Z
2026-07-26T05:49:24Z,highest-temperature-in-kuala-lumpur-on-july-26-2026,kuala-lumpur,2026-07-26,0,YES,32°C,0.66,15.15,10.0,0.17,62.5,32°C,lost,0.0,-10.17,2026-07-27T12:49:12Z
2026-07-26T05:49:24Z,highest-temperature-in-manila-on-july-26-2026,manila,2026-07-26,0,YES,31°C,0.82,12.2,10.0,0.09,78.0,31°C,won,12.2,2.11,2026-07-27T12:49:12Z
2026-07-26T05:49:24Z,highest-temperature-in-los-angeles-on-july-26-2026,los-angeles,2026-07-26,1,YES,78-79°F,0.66,15.15,10.0,0.17,64.5,78-79°F,won,15.15,4.98,2026-07-27T12:49:12Z
2026-07-26T05:49:24Z,highest-temperature-in-wellington-on-july-27-2026,wellington,2026-07-27,1,YES,11°C,0.65,15.38,10.0,0.1749,64.5,11°C,won,15.38,5.21,2026-07-28T10:22:08Z
2026-07-26T09:05:27Z,highest-temperature-in-tel-aviv-on-july-28-2026,tel-aviv,2026-07-28,2,YES,32°C,0.63,15.87,10.0,0.185,61.5,32°C,won,15.87,5.68,2026-07-29T10:21:20Z
2026-07-27T12:49:12Z,highest-temperature-in-ankara-on-july-27-2026,ankara,2026-07-27,0,YES,27°C,0.71,14.08,10.0,0.145,69.0,27°C,lost,0.0,-10.14,2026-07-28T10:22:08Z
2026-07-27T12:49:12Z,highest-temperature-in-milan-on-july-27-2026,milan,2026-07-27,0,YES,34°C,0.69,14.49,10.0,0.155,61.5,34°C,lost,0.0,-10.15,2026-07-28T10:22:08Z
2026-07-27T12:49:12Z,highest-temperature-in-madrid-on-july-27-2026,madrid,2026-07-27,0,YES,34°C,0.73,13.7,10.0,0.135,70.0,34°C,lost,0.0,-10.13,2026-07-28T10:22:08Z
2026-07-27T12:49:12Z,highest-temperature-in-istanbul-on-july-27-2026,istanbul,2026-07-27,0,YES,31°C,0.7,14.29,10.0,0.15,64.5,31°C,lost,0.0,-10.15,2026-07-28T10:22:08Z
2026-07-27T12:49:12Z,highest-temperature-in-helsinki-on-july-27-2026,helsinki,2026-07-27,0,YES,20°C,0.7,14.29,10.0,0.15,67.5,20°C,lost,0.0,-10.15,2026-07-28T10:22:08Z
2026-07-27T12:49:12Z,highest-temperature-in-sao-paulo-on-july-27-2026,sao-paulo,2026-07-27,0,YES,27°C,0.74,13.51,10.0,0.13,64.5,27°C,lost,0.0,-10.13,2026-07-28T10:22:08Z
2026-07-27T12:49:12Z,highest-temperature-in-dallas-on-july-27-2026,dallas,2026-07-27,0,YES,100-101°F,0.65,15.38,10.0,0.1749,64.0,100-101°F,lost,0.0,-10.17,2026-07-28T10:22:08Z
2026-07-27T12:49:12Z,highest-temperature-in-austin-on-july-27-2026,austin,2026-07-27,0,YES,98-99°F,0.63,15.87,10.0,0.185,62.5,98-99°F,won,15.87,5.68,2026-07-28T10:22:08Z
2026-07-27T12:49:12Z,highest-temperature-in-wellington-on-july-28-2026,wellington,2026-07-28,0,YES,12°C,0.8,12.5,10.0,0.1,79.5,12°C,lost,0.0,-10.1,2026-07-29T10:21:20Z
2026-07-28T10:22:08Z,highest-temperature-in-paris-on-july-28-2026,paris,2026-07-28,0,YES,32°C,0.65,15.38,10.0,0.1749,63.5,32°C,won,15.38,5.21,2026-07-29T10:21:20Z
2026-07-28T10:22:08Z,highest-temperature-in-ankara-on-july-28-2026,ankara,2026-07-28,0,YES,30°C,0.62,16.13,10.0,0.19,59.5,30°C,won,16.13,5.94,2026-07-29T10:21:20Z
2026-07-28T10:22:08Z,highest-temperature-in-lucknow-on-july-28-2026,lucknow,2026-07-28,0,YES,34°C,0.95,10.53,10.0,0.025,94.0,34°C,won,10.53,0.5,2026-07-29T10:21:20Z
2026-07-28T10:22:08Z,highest-temperature-in-munich-on-july-28-2026,munich,2026-07-28,0,YES,28°C,0.71,14.08,10.0,0.145,69.0,28°C,lost,0.0,-10.14,2026-07-29T10:21:20Z
2026-07-28T10:22:08Z,highest-temperature-in-milan-on-july-28-2026,milan,2026-07-28,0,YES,33°C,0.7,14.29,10.0,0.15,68.0,33°C,won,14.29,4.14,2026-07-29T10:21:20Z
2026-07-28T10:22:08Z,highest-temperature-in-madrid-on-july-28-2026,madrid,2026-07-28,0,YES,38°C,0.75,13.33,10.0,0.125,74.5,38°C,won,13.33,3.21,2026-07-29T10:21:20Z
2026-07-28T10:22:08Z,highest-temperature-in-moscow-on-july-28-2026,moscow,2026-07-28,0,YES,28°C,0.74,13.51,10.0,0.13,69.0,28°C,won,13.51,3.38,2026-07-29T10:21:20Z
2026-07-28T10:22:08Z,highest-temperature-in-istanbul-on-july-28-2026,istanbul,2026-07-28,0,YES,29°C,0.9,11.11,10.0,0.05,86.0,29°C,won,11.11,1.06,2026-07-29T10:21:20Z
2026-07-28T10:22:08Z,highest-temperature-in-helsinki-on-july-28-2026,helsinki,2026-07-28,0,YES,21°C,0.84,11.9,10.0,0.08,81.5,21°C,lost,0.0,-10.08,2026-07-29T10:21:20Z
2026-07-28T10:22:08Z,highest-temperature-in-cape-town-on-july-28-2026,cape-town,2026-07-28,0,YES,20°C,0.63,15.87,10.0,0.185,60.5,20°C,won,15.87,5.68,2026-07-29T10:21:20Z
2026-07-28T10:22:08Z,highest-temperature-in-austin-on-july-28-2026,austin,2026-07-28,0,YES,98-99°F,0.75,13.33,10.0,0.125,74.0,98-99°F,lost,0.0,-10.12,2026-07-29T10:21:20Z
2026-07-29T10:21:20Z,highest-temperature-in-paris-on-july-29-2026,paris,2026-07-29,0,YES,38°C,0.63,15.87,10.0,0.185,61.5,38°C,won,15.87,5.68,2026-07-30T09:47:01Z
2026-07-29T10:21:20Z,highest-temperature-in-wellington-on-july-29-2026,wellington,2026-07-29,0,YES,12°C,0.877,11.4,10.0,0.0615,86.1,12°C,won,11.4,1.34,2026-07-30T09:47:01Z
2026-07-29T10:21:20Z,highest-temperature-in-lucknow-on-july-29-2026,lucknow,2026-07-29,0,YES,34°C,0.97,10.31,10.0,0.015,96.5,34°C,won,10.31,0.3,2026-07-30T09:47:01Z
2026-07-29T10:21:20Z,highest-temperature-in-tel-aviv-on-july-29-2026,tel-aviv,2026-07-29,0,YES,33°C,0.78,12.82,10.0,0.11,75.0,33°C,won,12.82,2.71,2026-07-30T09:47:01Z
2026-07-29T10:21:20Z,highest-temperature-in-milan-on-july-29-2026,milan,2026-07-29,0,YES,34°C,0.64,15.62,10.0,0.1799,63.5,34°C,won,15.62,5.44,2026-07-30T09:47:01Z
2026-07-29T10:21:20Z,highest-temperature-in-warsaw-on-july-29-2026,warsaw,2026-07-29,0,YES,26°C,0.65,15.38,10.0,0.1749,63.0,26°C,lost,0.0,-10.17,2026-07-30T09:47:01Z
2026-07-29T10:21:20Z,highest-temperature-in-moscow-on-july-29-2026,moscow,2026-07-29,0,YES,17°C,0.65,15.38,10.0,0.1749,63.0,17°C,won,15.38,5.21,2026-07-30T09:47:01Z
2026-07-29T10:21:20Z,highest-temperature-in-istanbul-on-july-29-2026,istanbul,2026-07-29,0,YES,27°C,0.79,12.66,10.0,0.105,76.5,27°C,won,12.66,2.56,2026-07-30T09:47:01Z
2026-07-29T10:21:20Z,highest-temperature-in-amsterdam-on-july-29-2026,amsterdam,2026-07-29,0,YES,32°C,0.69,14.49,10.0,0.155,66.5,32°C,won,14.49,4.33,2026-07-30T09:47:01Z
2026-07-29T10:21:20Z,highest-temperature-in-helsinki-on-july-29-2026,helsinki,2026-07-29,0,YES,24°C,0.62,16.13,10.0,0.19,60.5,24°C,won,16.13,5.94,2026-07-30T09:47:01Z
2026-07-29T10:21:20Z,highest-temperature-in-jeddah-on-july-29-2026,jeddah,2026-07-29,0,YES,40°C,0.7,14.29,10.0,0.15,68.0,40°C,won,14.29,4.14,2026-07-30T09:47:01Z
2026-07-29T10:21:20Z,highest-temperature-in-austin-on-july-29-2026,austin,2026-07-29,0,YES,98-99°F,0.65,15.38,10.0,0.1749,63.5,98-99°F,won,15.38,5.21,2026-07-30T09:47:01Z
2026-07-29T10:21:20Z,highest-temperature-in-los-angeles-on-july-29-2026,los-angeles,2026-07-29,0,YES,78-79°F,0.62,16.13,10.0,0.19,61.0,78-79°F,won,16.13,5.94,2026-07-30T17:10:41Z
2026-07-29T10:21:20Z,highest-temperature-in-toronto-on-july-29-2026,toronto,2026-07-29,0,YES,26°C,0.64,15.62,10.0,0.1799,63.0,26°C,lost,0.0,-10.18,2026-07-30T09:47:01Z
2026-07-29T10:21:20Z,highest-temperature-in-tel-aviv-on-july-30-2026,tel-aviv,2026-07-30,1,YES,34°C,0.63,15.87,10.0,0.185,62.5,34°C,won,15.87,5.68,2026-07-31T10:15:49Z
2026-07-29T10:21:20Z,highest-temperature-in-madrid-on-july-30-2026,madrid,2026-07-30,1,YES,39°C,0.63,15.87,10.0,0.185,62.0,39°C,lost,0.0,-10.19,2026-07-31T10:15:49Z
2026-07-30T09:47:01Z,highest-temperature-in-chengdu-on-july-30-2026,chengdu,2026-07-30,0,YES,28°C,0.97,10.31,10.0,0.015,95.0,28°C,won,10.31,0.3,2026-07-31T10:15:49Z
2026-07-30T09:47:01Z,highest-temperature-in-lucknow-on-july-30-2026,lucknow,2026-07-30,0,YES,34°C,0.82,12.2,10.0,0.09,81.5,34°C,won,12.2,2.11,2026-07-31T10:15:49Z
2026-07-30T09:47:01Z,highest-temperature-in-milan-on-july-30-2026,milan,2026-07-30,0,YES,36°C,0.65,15.38,10.0,0.1749,60.0,36°C,won,15.38,5.21,2026-07-31T10:15:49Z
2026-07-30T09:47:01Z,highest-temperature-in-istanbul-on-july-30-2026,istanbul,2026-07-30,0,YES,26°C,0.82,12.2,10.0,0.09,80.0,26°C,won,12.2,2.11,2026-07-31T10:15:49Z
2026-07-30T09:47:01Z,highest-temperature-in-karachi-on-july-30-2026,karachi,2026-07-30,0,YES,35°C,0.96,10.42,10.0,0.02,94.5,35°C,won,10.42,0.4,2026-07-31T10:15:49Z
2026-07-30T09:47:01Z,highest-temperature-in-denver-on-july-30-2026,denver,2026-07-30,0,YES,92-93°F,0.65,15.38,10.0,0.1749,63.0,92-93°F,lost,0.0,-10.17,2026-07-31T10:15:49Z
2026-07-30T09:47:01Z,highest-temperature-in-houston-on-july-30-2026,houston,2026-07-30,0,YES,96-97°F,0.65,15.38,10.0,0.1749,64.5,96-97°F,won,15.38,5.21,2026-07-31T10:15:49Z
2026-07-30T09:47:01Z,highest-temperature-in-tel-aviv-on-july-31-2026,tel-aviv,2026-07-31,1,YES,34°C,0.65,15.38,10.0,0.1749,63.5,34°C,won,15.38,5.21,2026-08-01T08:03:25Z
2026-07-31T10:15:49Z,highest-temperature-in-chengdu-on-july-31-2026,chengdu,2026-07-31,0,YES,26°C,0.79,12.66,10.0,0.105,73.5,26°C,lost,0.0,-10.11,2026-08-01T08:03:25Z
2026-07-31T10:15:49Z,highest-temperature-in-amsterdam-on-july-31-2026,amsterdam,2026-07-31,0,YES,23°C,0.63,15.87,10.0,0.185,58.5,23°C,lost,0.0,-10.19,2026-08-01T08:03:25Z
2026-07-31T10:15:49Z,highest-temperature-in-helsinki-on-july-31-2026,helsinki,2026-07-31,0,YES,26°C,0.71,14.08,10.0,0.145,67.0,26°C,won,14.08,3.94,2026-08-01T08:03:25Z
2026-07-31T10:15:49Z,highest-temperature-in-london-on-july-31-2026,london,2026-07-31,0,YES,25°C,0.63,15.87,10.0,0.185,61.5,25°C,won,15.87,5.68,2026-08-01T08:03:25Z
2026-07-31T10:15:49Z,highest-temperature-in-lucknow-on-july-31-2026,lucknow,2026-07-31,0,YES,32°C,0.89,11.24,10.0,0.055,85.5,32°C,lost,0.0,-10.05,2026-08-01T08:03:25Z
2026-07-31T10:15:49Z,highest-temperature-in-munich-on-july-31-2026,munich,2026-07-31,0,YES,36°C,0.64,15.62,10.0,0.1799,63.0,36°C,won,15.62,5.44,2026-08-01T08:03:25Z
2026-07-31T10:15:49Z,highest-temperature-in-moscow-on-july-31-2026,moscow,2026-07-31,0,YES,25°C,0.64,15.62,10.0,0.1799,61.0,25°C,lost,0.0,-10.18,2026-08-01T08:03:25Z
2026-07-31T10:15:49Z,highest-temperature-in-istanbul-on-july-31-2026,istanbul,2026-07-31,0,YES,26°C,0.84,11.9,10.0,0.08,83.0,26°C,won,11.9,1.82,2026-08-01T08:03:25Z
2026-07-31T10:15:49Z,highest-temperature-in-austin-on-july-31-2026,austin,2026-07-31,0,YES,100-101°F,0.62,16.13,10.0,0.19,61.0,100-101°F,won,16.13,5.94,2026-08-01T15:43:31Z
2026-07-31T10:15:49Z,highest-temperature-in-houston-on-july-31-2026,houston,2026-07-31,0,YES,96-97°F,0.68,14.71,10.0,0.16,65.0,96-97°F,won,14.71,4.55,2026-08-01T15:43:31Z
2026-08-01T08:03:25Z,highest-temperature-in-paris-on-august-1-2026,paris,2026-08-01,0,YES,28°C,0.64,15.62,10.0,0.1799,63.5,28°C,lost,0.0,-10.18,2026-08-02T09:05:08Z
2026-08-01T08:03:25Z,highest-temperature-in-ankara-on-august-1-2026,ankara,2026-08-01,0,YES,28°C,0.69,14.49,10.0,0.155,67.5,28°C,won,14.49,4.33,2026-08-02T09:05:08Z
2026-08-01T08:03:25Z,highest-temperature-in-tel-aviv-on-august-1-2026,tel-aviv,2026-08-01,0,YES,35°C,0.65,15.38,10.0,0.1749,64.0,35°C,lost,0.0,-10.17,2026-08-02T09:05:08Z
2026-08-01T08:03:25Z,highest-temperature-in-madrid-on-august-1-2026,madrid,2026-08-01,0,YES,38°C,0.64,15.62,10.0,0.1799,63.0,38°C,lost,0.0,-10.18,2026-08-02T09:05:08Z
2026-08-01T08:03:25Z,highest-temperature-in-beijing-on-august-1-2026,beijing,2026-08-01,0,YES,36°C,0.939,10.65,10.0,0.0305,92.0,36°C,won,10.65,0.62,2026-08-02T09:05:08Z
2026-08-01T08:03:25Z,highest-temperature-in-wuhan-on-august-1-2026,wuhan,2026-08-01,0,YES,36°C,0.85,11.76,10.0,0.075,81.5,36°C,won,11.76,1.68,2026-08-02T09:05:08Z
2026-08-01T08:03:25Z,highest-temperature-in-chengdu-on-august-1-2026,chengdu,2026-08-01,0,YES,27°C,0.88,11.36,10.0,0.06,85.0,27°C,won,11.36,1.3,2026-08-02T09:05:08Z
2026-08-01T08:03:25Z,highest-temperature-in-istanbul-on-august-1-2026,istanbul,2026-08-01,0,YES,27°C,0.8,12.5,10.0,0.1,78.0,27°C,won,12.5,2.4,2026-08-02T09:05:08Z
2026-08-01T08:03:25Z,highest-temperature-in-qingdao-on-august-1-2026,qingdao,2026-08-01,0,YES,35°C,0.968,10.33,10.0,0.016,93.5,35°C,won,10.33,0.31,2026-08-02T09:05:08Z
2026-08-01T08:03:25Z,highest-temperature-in-karachi-on-august-1-2026,karachi,2026-08-01,0,YES,35°C,0.94,10.64,10.0,0.03,93.0,35°C,won,10.64,0.61,2026-08-02T09:05:08Z
2026-08-01T08:03:25Z,highest-temperature-in-sao-paulo-on-august-1-2026,sao-paulo,2026-08-01,0,YES,27°C,0.63,15.87,10.0,0.185,62.5,27°C,won,15.87,5.68,2026-08-02T09:05:08Z
2026-08-01T08:03:25Z,highest-temperature-in-chicago-on-august-1-2026,chicago,2026-08-01,0,YES,72-73°F,0.68,14.71,10.0,0.16,66.0,72-73°F,won,14.71,4.55,2026-08-02T09:05:08Z
2026-08-01T08:03:25Z,highest-temperature-in-chongqing-on-august-2-2026,chongqing,2026-08-02,1,YES,<=33°C,0.74,13.51,10.0,0.13,73.0,<=33°C,won,13.51,3.38,2026-08-03T12:51:58Z
2026-08-01T08:03:25Z,highest-temperature-in-tel-aviv-on-august-3-2026,tel-aviv,2026-08-03,2,YES,34°C,0.62,16.13,10.0,0.19,60.5,34°C,won,16.13,5.94,2026-08-04T10:26:41Z
2026-08-02T09:05:08Z,highest-temperature-in-hong-kong-on-august-2-2026,hong-kong,2026-08-02,0,YES,26°C,0.96,10.42,10.0,0.02,95.5,26°C,won,10.42,0.4,2026-08-03T12:51:58Z
2026-08-02T09:05:08Z,highest-temperature-in-shenzhen-on-august-2-2026,shenzhen,2026-08-02,0,YES,30°C,0.95,10.53,10.0,0.025,93.0,30°C,won,10.53,0.5,2026-08-03T12:51:58Z
2026-08-02T09:05:08Z,highest-temperature-in-kuala-lumpur-on-august-2-2026,kuala-lumpur,2026-08-02,0,YES,34°C,0.97,10.31,10.0,0.015,96.5,34°C,won,10.31,0.3,2026-08-03T12:51:58Z
2026-08-02T09:05:08Z,highest-temperature-in-tel-aviv-on-august-2-2026,tel-aviv,2026-08-02,0,YES,35°C,0.66,15.15,10.0,0.17,63.5,35°C,won,15.15,4.98,2026-08-03T12:51:58Z
2026-08-02T09:05:08Z,highest-temperature-in-madrid-on-august-2-2026,madrid,2026-08-02,0,YES,37°C,0.65,15.38,10.0,0.1749,62.5,37°C,won,15.38,5.21,2026-08-03T12:51:58Z
2026-08-02T09:05:08Z,highest-temperature-in-moscow-on-august-2-2026,moscow,2026-08-02,0,YES,30°C,0.63,15.87,10.0,0.185,58.5,30°C,won,15.87,5.68,2026-08-03T12:51:58Z
2026-08-02T09:05:08Z,highest-temperature-in-istanbul-on-august-2-2026,istanbul,2026-08-02,0,YES,27°C,0.64,15.62,10.0,0.1799,63.0,27°C,won,15.62,5.44,2026-08-03T12:51:58Z
2026-08-02T09:05:08Z,highest-temperature-in-karachi-on-august-2-2026,karachi,2026-08-02,0,YES,29°C,0.663,15.08,10.0,0.1685,47.9,29°C,lost,0.0,-10.17,2026-08-03T12:51:58Z
2026-08-02T09:05:08Z,highest-temperature-in-toronto-on-august-2-2026,toronto,2026-08-02,0,YES,24°C,0.77,12.99,10.0,0.115,75.5,24°C,won,12.99,2.88,2026-08-03T12:51:58Z
2026-08-03T12:51:58Z,highest-temperature-in-ankara-on-august-3-2026,ankara,2026-08-03,0,YES,33°C,0.91,10.99,10.0,0.045,90.5,33°C,won,10.99,0.95,2026-08-04T10:26:41Z
2026-08-03T12:51:58Z,highest-temperature-in-munich-on-august-3-2026,munich,2026-08-03,0,YES,36°C,0.72,13.89,10.0,0.14,71.5,36°C,won,13.89,3.75,2026-08-04T10:26:41Z
2026-08-03T12:51:58Z,highest-temperature-in-milan-on-august-3-2026,milan,2026-08-03,0,YES,36°C,0.77,12.99,10.0,0.115,76.5,36°C,won,12.99,2.88,2026-08-04T10:26:41Z
2026-08-03T12:51:58Z,highest-temperature-in-madrid-on-august-3-2026,madrid,2026-08-03,0,YES,33°C,0.65,15.38,10.0,0.1749,64.5,33°C,won,15.38,5.21,2026-08-04T10:26:41Z
2026-08-03T12:51:58Z,highest-temperature-in-moscow-on-august-3-2026,moscow,2026-08-03,0,YES,25°C,0.84,11.9,10.0,0.08,82.0,25°C,won,11.9,1.82,2026-08-04T10:26:41Z
2026-08-03T12:51:58Z,highest-temperature-in-istanbul-on-august-3-2026,istanbul,2026-08-03,0,YES,28°C,0.93,10.75,10.0,0.035,92.5,28°C,won,10.75,0.71,2026-08-04T10:26:41Z
2026-08-03T12:51:58Z,highest-temperature-in-cape-town-on-august-3-2026,cape-town,2026-08-03,0,YES,22°C,0.67,14.93,10.0,0.1651,43.5,22°C,lost,0.0,-10.17,2026-08-04T10:26:41Z
2026-08-03T12:51:58Z,highest-temperature-in-seattle-on-august-3-2026,seattle,2026-08-03,0,YES,76-77°F,0.63,15.87,10.0,0.185,62.5,76-77°F,lost,0.0,-10.19,2026-08-04T18:16:36Z
2026-08-03T12:51:58Z,highest-temperature-in-austin-on-august-3-2026,austin,2026-08-03,0,YES,100-101°F,0.64,15.62,10.0,0.1799,63.0,100-101°F,lost,0.0,-10.18,2026-08-04T10:26:41Z
2026-08-03T12:51:58Z,highest-temperature-in-denver-on-august-3-2026,denver,2026-08-03,0,YES,100-101°F,0.73,13.7,10.0,0.135,72.0,100-101°F,won,13.7,3.56,2026-08-04T18:16:36Z
2026-08-03T12:51:58Z,highest-temperature-in-wellington-on-august-4-2026,wellington,2026-08-04,0,YES,10°C,0.81,12.35,10.0,0.095,79.5,10°C,won,12.35,2.25,2026-08-05T10:22:44Z
2026-08-04T10:26:41Z,highest-temperature-in-ankara-on-august-4-2026,ankara,2026-08-04,0,YES,32°C,0.66,15.15,10.0,0.17,64.0,32°C,lost,0.0,-10.17,2026-08-05T10:22:44Z
2026-08-04T10:26:41Z,highest-temperature-in-tel-aviv-on-august-4-2026,tel-aviv,2026-08-04,0,YES,33°C,0.73,13.7,10.0,0.135,70.5,33°C,lost,0.0,-10.13,2026-08-05T10:22:44Z
2026-08-04T10:26:41Z,highest-temperature-in-madrid-on-august-4-2026,madrid,2026-08-04,0,YES,34°C,0.7,14.29,10.0,0.15,69.5,34°C,won,14.29,4.14,2026-08-05T10:22:44Z
2026-08-04T10:26:41Z,highest-temperature-in-moscow-on-august-4-2026,moscow,2026-08-04,0,YES,25°C,0.66,15.15,10.0,0.17,58.5,25°C,won,15.15,4.98,2026-08-05T10:22:44Z
2026-08-04T10:26:41Z,highest-temperature-in-istanbul-on-august-4-2026,istanbul,2026-08-04,0,YES,30°C,0.84,11.9,10.0,0.08,82.5,30°C,lost,0.0,-10.08,2026-08-05T10:22:44Z
2026-08-04T10:26:41Z,highest-temperature-in-lucknow-on-august-4-2026,lucknow,2026-08-04,0,YES,29°C,0.82,12.2,10.0,0.09,74.5,29°C,won,12.2,2.11,2026-08-05T10:22:44Z
2026-08-04T10:26:41Z,highest-temperature-in-los-angeles-on-august-4-2026,los-angeles,2026-08-04,0,YES,76-77°F,0.63,15.87,10.0,0.185,62.5,76-77°F,won,15.87,5.68,2026-08-05T10:22:44Z
2026-08-04T10:26:41Z,highest-temperature-in-wellington-on-august-5-2026,wellington,2026-08-05,1,YES,9°C,0.62,16.13,10.0,0.19,61.5,9°C,won,16.13,5.94,2026-08-06T10:24:37Z
2026-08-04T10:26:41Z,highest-temperature-in-tel-aviv-on-august-5-2026,tel-aviv,2026-08-05,1,YES,33°C,0.64,15.62,10.0,0.1799,63.5,33°C,won,15.62,5.44,2026-08-06T10:24:37Z
2026-08-04T10:26:41Z,highest-temperature-in-madrid-on-august-5-2026,madrid,2026-08-05,1,YES,36°C,0.65,15.38,10.0,0.1749,64.5,36°C,won,15.38,5.21,2026-08-06T10:24:37Z
2026-08-04T10:26:41Z,highest-temperature-in-karachi-on-august-5-2026,karachi,2026-08-05,1,YES,33°C,0.62,16.13,10.0,0.19,61.5,33°C,lost,0.0,-10.19,2026-08-06T10:24:37Z
2026-08-05T10:22:44Z,highest-temperature-in-london-on-august-5-2026,london,2026-08-05,0,YES,25°C,0.62,16.13,10.0,0.19,61.5,25°C,lost,0.0,-10.19,2026-08-06T10:24:37Z
2026-08-05T10:22:44Z,highest-temperature-in-ankara-on-august-5-2026,ankara,2026-08-05,0,YES,32°C,0.75,13.33,10.0,0.125,74.5,32°C,won,13.33,3.21,2026-08-06T10:24:37Z
2026-08-05T10:22:44Z,highest-temperature-in-munich-on-august-5-2026,munich,2026-08-05,0,YES,34°C,0.62,16.13,10.0,0.19,61.0,34°C,won,16.13,5.94,2026-08-06T10:24:37Z
2026-08-05T10:22:44Z,highest-temperature-in-milan-on-august-5-2026,milan,2026-08-05,0,YES,36°C,0.62,16.13,10.0,0.19,60.5,36°C,won,16.13,5.94,2026-08-06T10:24:37Z
2026-08-05T10:22:44Z,highest-temperature-in-moscow-on-august-5-2026,moscow,2026-08-05,0,YES,27°C,0.65,15.38,10.0,0.1749,61.5,27°C,won,15.38,5.21,2026-08-06T10:24:37Z
2026-08-05T10:22:44Z,highest-temperature-in-istanbul-on-august-5-2026,istanbul,2026-08-05,0,YES,29°C,0.68,14.71,10.0,0.16,63.5,29°C,lost,0.0,-10.16,2026-08-06T10:24:37Z
2026-08-05T10:22:44Z,highest-temperature-in-amsterdam-on-august-5-2026,amsterdam,2026-08-05,0,YES,25°C,0.64,15.62,10.0,0.1799,63.0,25°C,won,15.62,5.44,2026-08-06T10:24:37Z
2026-08-05T10:22:44Z,highest-temperature-in-jeddah-on-august-5-2026,jeddah,2026-08-05,0,YES,37°C,0.75,13.33,10.0,0.125,74.6,37°C,lost,0.0,-10.12,2026-08-06T10:24:37Z
2026-08-05T10:22:44Z,highest-temperature-in-lucknow-on-august-5-2026,lucknow,2026-08-05,0,YES,31°C,0.88,11.36,10.0,0.06,84.0,31°C,won,11.36,1.3,2026-08-06T10:24:37Z
2026-08-05T10:22:44Z,highest-temperature-in-denver-on-august-5-2026,denver,2026-08-05,0,YES,86-87°F,0.62,16.13,10.0,0.19,57.5,86-87°F,lost,0.0,-10.19,2026-08-06T10:24:37Z
2026-08-05T10:22:44Z,highest-temperature-in-los-angeles-on-august-5-2026,los-angeles,2026-08-05,0,YES,76-77°F,0.75,13.33,10.0,0.125,74.5,76-77°F,won,13.33,3.21,2026-08-06T10:24:37Z
2026-08-05T10:22:44Z,highest-temperature-in-tel-aviv-on-august-6-2026,tel-aviv,2026-08-06,1,YES,32°C,0.68,14.71,10.0,0.16,67.0,32°C,lost,0.0,-10.16,2026-08-07T06:02:18Z
2026-08-06T10:24:37Z,highest-temperature-in-ankara-on-august-6-2026,ankara,2026-08-06,0,YES,32°C,0.71,14.08,10.0,0.145,69.5,32°C,won,14.08,3.94,2026-08-07T06:02:18Z
2026-08-06T10:24:37Z,highest-temperature-in-lucknow-on-august-6-2026,lucknow,2026-08-06,0,YES,29°C,0.72,13.89,10.0,0.14,68.5,29°C,won,13.89,3.75,2026-08-07T06:02:18Z
2026-08-06T10:24:37Z,highest-temperature-in-madrid-on-august-6-2026,madrid,2026-08-06,0,YES,38°C,0.69,14.49,10.0,0.155,67.0,38°C,won,14.49,4.33,2026-08-07T06:02:18Z
2026-08-06T10:24:37Z,highest-temperature-in-istanbul-on-august-6-2026,istanbul,2026-08-06,0,YES,28°C,0.64,15.62,10.0,0.1799,60.5,28°C,won,15.62,5.44,2026-08-07T06:02:18Z
2026-08-06T10:24:37Z,highest-temperature-in-jeddah-on-august-6-2026,jeddah,2026-08-06,0,YES,39°C,0.84,11.9,10.0,0.08,81.5,39°C,lost,0.0,-10.08,2026-08-07T06:02:18Z
2026-08-06T10:24:37Z,highest-temperature-in-buenos-aires-on-august-6-2026,buenos-aires,2026-08-06,0,YES,14°C,0.65,15.38,10.0,0.1749,64.5,14°C,won,15.38,5.21,2026-08-07T06:02:18Z
2026-08-06T10:24:37Z,highest-temperature-in-dallas-on-august-6-2026,dallas,2026-08-06,0,YES,100-101°F,0.65,15.38,10.0,0.1749,64.5,100-101°F,won,15.38,5.21,2026-08-07T15:13:43Z
2026-08-06T10:24:37Z,highest-temperature-in-austin-on-august-6-2026,austin,2026-08-06,0,YES,98-99°F,0.67,14.93,10.0,0.1651,66.5,98-99°F,lost,0.0,-10.17,2026-08-07T15:13:43Z
2026-08-07T06:02:18Z,highest-temperature-in-london-on-august-7-2026,london,2026-08-07,0,YES,25°C,0.64,15.62,10.0,0.1799,63.5,25°C,lost,0.0,-10.18,2026-08-08T04:27:20Z
2026-08-07T06:02:18Z,highest-temperature-in-tel-aviv-on-august-7-2026,tel-aviv,2026-08-07,0,YES,32°C,0.66,15.15,10.0,0.17,63.5,32°C,won,15.15,4.98,2026-08-08T04:27:20Z
2026-08-07T06:02:18Z,highest-temperature-in-hong-kong-on-august-7-2026,hong-kong,2026-08-07,0,YES,34°C,0.67,14.93,10.0,0.1651,65.5,34°C,lost,0.0,-10.17,2026-08-10T13:43:33Z
2026-08-07T06:02:18Z,highest-temperature-in-shanghai-on-august-7-2026,shanghai,2026-08-07,0,YES,34°C,0.92,10.87,10.0,0.04,91.5,34°C,won,10.87,0.83,2026-08-08T04:27:20Z
2026-08-07T06:02:18Z,highest-temperature-in-madrid-on-august-7-2026,madrid,2026-08-07,0,YES,38°C,0.65,15.38,10.0,0.1749,64.5,38°C,lost,0.0,-10.17,2026-08-08T14:09:24Z
2026-08-07T06:02:18Z,highest-temperature-in-taipei-on-august-7-2026,taipei,2026-08-07,0,YES,33°C,0.83,12.05,10.0,0.085,66.0,33°C,won,12.05,1.97,2026-08-08T04:27:20Z
2026-08-07T06:02:18Z,highest-temperature-in-beijing-on-august-7-2026,beijing,2026-08-07,0,YES,36°C,0.69,14.49,10.0,0.155,67.5,36°C,won,14.49,4.33,2026-08-08T04:27:20Z
2026-08-07T06:02:18Z,highest-temperature-in-shenzhen-on-august-7-2026,shenzhen,2026-08-07,0,YES,34°C,0.75,13.33,10.0,0.125,60.5,34°C,lost,0.0,-10.12,2026-08-08T04:27:20Z
2026-08-07T06:02:18Z,highest-temperature-in-busan-on-august-7-2026,busan,2026-08-07,0,YES,37°C,0.93,10.75,10.0,0.035,88.0,37°C,won,10.75,0.71,2026-08-08T04:27:20Z
2026-08-07T06:02:18Z,highest-temperature-in-kuala-lumpur-on-august-7-2026,kuala-lumpur,2026-08-07,0,YES,34°C,0.84,11.9,10.0,0.08,83.5,34°C,lost,0.0,-10.08,2026-08-08T04:27:20Z
2026-08-07T06:02:18Z,highest-temperature-in-guangzhou-on-august-7-2026,guangzhou,2026-08-07,0,YES,37°C,0.62,16.13,10.0,0.19,57.0,37°C,won,16.13,5.94,2026-08-08T04:27:20Z
2026-08-07T06:02:18Z,highest-temperature-in-qingdao-on-august-7-2026,qingdao,2026-08-07,0,YES,37°C,0.69,14.49,10.0,0.155,64.5,37°C,won,14.49,4.33,2026-08-08T04:27:20Z
2026-08-07T06:02:18Z,highest-temperature-in-manila-on-august-7-2026,manila,2026-08-07,0,YES,28°C,0.9,11.11,10.0,0.05,87.0,28°C,lost,0.0,-10.05,2026-08-08T04:27:20Z
2026-08-07T06:02:18Z,highest-temperature-in-lucknow-on-august-7-2026,lucknow,2026-08-07,0,YES,33°C,0.7,14.29,10.0,0.15,67.5,33°C,lost,0.0,-10.15,2026-08-08T04:27:20Z
2026-08-07T06:02:18Z,highest-temperature-in-denver-on-august-7-2026,denver,2026-08-07,1,YES,96-97°F,0.62,16.13,10.0,0.19,60.5,96-97°F,won,16.13,5.94,2026-08-08T14:09:24Z
2026-08-07T06:02:18Z,highest-temperature-in-taipei-on-august-8-2026,taipei,2026-08-08,1,YES,>=32°C,0.65,15.38,10.0,0.1749,64.5,>=32°C,won,15.38,5.21,2026-08-09T02:31:38Z
2026-08-07T06:02:18Z,highest-temperature-in-zhengzhou-on-august-8-2026,zhengzhou,2026-08-08,1,YES,30°C,0.87,11.49,10.0,0.065,46.0,30°C,lost,0.0,-10.06,2026-08-09T02:31:38Z
2026-08-07T06:02:18Z,highest-temperature-in-kuala-lumpur-on-august-9-2026,kuala-lumpur,2026-08-09,2,YES,34°C,0.64,15.62,10.0,0.1799,42.5,34°C,lost,0.0,-10.18,2026-08-10T02:36:10Z
2026-08-08T04:27:20Z,highest-temperature-in-seoul-on-august-8-2026,seoul,2026-08-08,0,YES,36°C,0.87,11.49,10.0,0.065,86.0,36°C,won,11.49,1.43,2026-08-09T02:31:38Z
2026-08-08T04:27:20Z,highest-temperature-in-tokyo-on-august-8-2026,tokyo,2026-08-08,0,YES,34°C,0.87,11.49,10.0,0.065,83.0,34°C,won,11.49,1.43,2026-08-09T02:31:38Z
2026-08-08T04:27:20Z,highest-temperature-in-singapore-on-august-8-2026,singapore,2026-08-08,0,YES,33°C,0.73,13.7,10.0,0.135,70.0,33°C,lost,0.0,-10.13,2026-08-09T02:31:38Z
2026-08-08T04:27:20Z,highest-temperature-in-busan-on-august-8-2026,busan,2026-08-08,0,YES,35°C,0.8,12.5,10.0,0.1,79.5,35°C,lost,0.0,-10.1,2026-08-09T02:31:38Z
2026-08-08T04:27:20Z,highest-temperature-in-manila-on-august-8-2026,manila,2026-08-08,0,YES,28°C,0.87,11.49,10.0,0.065,83.0,28°C,won,11.49,1.43,2026-08-09T02:31:38Z
2026-08-08T04:27:20Z,highest-temperature-in-paris-on-august-8-2026,paris,2026-08-08,0,YES,31°C,0.64,15.62,10.0,0.1799,63.5,31°C,won,15.62,5.44,2026-08-09T02:31:38Z
2026-08-08T04:27:20Z,highest-temperature-in-ankara-on-august-8-2026,ankara,2026-08-08,0,YES,33°C,0.64,15.62,10.0,0.1799,63.5,33°C,won,15.62,5.44,2026-08-09T02:31:38Z
2026-08-08T04:27:20Z,highest-temperature-in-tel-aviv-on-august-8-2026,tel-aviv,2026-08-08,0,YES,32°C,0.68,14.71,10.0,0.16,67.5,32°C,won,14.71,4.55,2026-08-09T02:31:38Z
2026-08-08T04:27:20Z,highest-temperature-in-madrid-on-august-8-2026,madrid,2026-08-08,0,YES,38°C,0.63,15.87,10.0,0.185,62.0,38°C,won,15.87,5.68,2026-08-09T02:31:38Z
2026-08-08T04:27:20Z,highest-temperature-in-helsinki-on-august-8-2026,helsinki,2026-08-08,0,YES,21°C,0.64,15.62,10.0,0.1799,62.5,21°C,lost,0.0,-10.18,2026-08-09T02:31:38Z
2026-08-08T04:27:20Z,highest-temperature-in-los-angeles-on-august-8-2026,los-angeles,2026-08-08,1,YES,78-79°F,0.7,14.29,10.0,0.15,69.5,78-79°F,won,14.29,4.14,2026-08-09T13:15:27Z
2026-08-08T04:27:20Z,highest-temperature-in-tel-aviv-on-august-9-2026,tel-aviv,2026-08-09,1,YES,33°C,0.65,15.38,10.0,0.1749,64.5,33°C,won,15.38,5.21,2026-08-10T13:43:33Z
2026-08-08T04:27:20Z,highest-temperature-in-jinan-on-august-9-2026,jinan,2026-08-09,1,YES,25°C,0.96,10.42,10.0,0.02,49.5,25°C,lost,0.0,-10.02,2026-08-10T02:36:10Z
2026-08-08T04:27:20Z,highest-temperature-in-wellington-on-august-10-2026,wellington,2026-08-10,2,YES,14°C,0.67,14.93,10.0,0.1651,52.5,14°C,lost,0.0,-10.17,2026-08-11T02:31:08Z
2026-08-08T04:27:20Z,highest-temperature-in-singapore-on-august-10-2026,singapore,2026-08-10,2,YES,32°C,0.7,14.29,10.0,0.15,52.5,32°C,won,14.29,4.14,2026-08-11T02:31:08Z
2026-08-08T04:27:20Z,highest-temperature-in-taipei-on-august-10-2026,taipei,2026-08-10,2,YES,35°C,0.68,14.71,10.0,0.16,45.0,35°C,lost,0.0,-10.16,2026-08-11T02:31:08Z
2026-08-08T04:27:20Z,highest-temperature-in-kuala-lumpur-on-august-10-2026,kuala-lumpur,2026-08-10,2,YES,>=36°C,0.97,10.31,10.0,0.015,48.5,>=36°C,lost,0.0,-10.02,2026-08-11T02:31:08Z
2026-08-09T02:31:38Z,highest-temperature-in-ankara-on-august-9-2026,ankara,2026-08-09,0,YES,32°C,0.68,14.71,10.0,0.16,67.0,32°C,lost,0.0,-10.16,2026-08-10T13:43:33Z
2026-08-09T02:31:38Z,highest-temperature-in-hong-kong-on-august-9-2026,hong-kong,2026-08-09,0,YES,35°C,0.62,16.13,10.0,0.19,61.5,35°C,lost,0.0,-10.19,2026-08-10T13:43:33Z
2026-08-09T02:31:38Z,highest-temperature-in-shanghai-on-august-9-2026,shanghai,2026-08-09,0,YES,28°C,0.83,12.05,10.0,0.085,81.5,28°C,won,12.05,1.97,2026-08-10T02:36:10Z
2026-08-09T02:31:38Z,highest-temperature-in-madrid-on-august-9-2026,madrid,2026-08-09,0,YES,37°C,0.63,15.87,10.0,0.185,61.5,37°C,won,15.87,5.68,2026-08-10T02:36:10Z
2026-08-09T02:31:38Z,highest-temperature-in-istanbul-on-august-9-2026,istanbul,2026-08-09,0,YES,27°C,0.67,14.93,10.0,0.1651,66.5,27°C,won,14.93,4.76,2026-08-10T02:36:10Z
2026-08-09T02:31:38Z,highest-temperature-in-buenos-aires-on-august-9-2026,buenos-aires,2026-08-09,1,YES,14°C,0.7,14.29,10.0,0.15,69.0,14°C,lost,0.0,-10.15,2026-08-10T13:43:33Z
2026-08-09T02:31:38Z,highest-temperature-in-los-angeles-on-august-9-2026,los-angeles,2026-08-09,1,YES,78-79°F,0.69,14.49,10.0,0.155,67.0,78-79°F,lost,0.0,-10.15,2026-08-10T13:43:33Z
2026-08-10T02:36:10Z,highest-temperature-in-shanghai-on-august-10-2026,shanghai,2026-08-10,0,YES,28°C,0.69,14.49,10.0,0.155,67.5,28°C,won,14.49,4.33,2026-08-11T02:31:08Z
2026-08-10T02:36:10Z,highest-temperature-in-wuhan-on-august-10-2026,wuhan,2026-08-10,0,YES,29°C,0.629,15.9,10.0,0.1855,59.1,29°C,won,15.9,5.71,2026-08-11T02:31:08Z
2026-08-10T02:36:10Z,highest-temperature-in-manila-on-august-10-2026,manila,2026-08-10,0,YES,31°C,0.69,14.49,10.0,0.155,67.5,31°C,lost,0.0,-10.15,2026-08-11T02:31:08Z
2026-08-10T02:36:10Z,highest-temperature-in-paris-on-august-10-2026,paris,2026-08-10,0,YES,32°C,0.64,15.62,10.0,0.1799,63.5,32°C,won,15.62,5.44,2026-08-11T02:31:08Z
2026-08-10T02:36:10Z,highest-temperature-in-tel-aviv-on-august-10-2026,tel-aviv,2026-08-10,0,YES,34°C,0.71,14.08,10.0,0.145,70.5,34°C,won,14.08,3.94,2026-08-11T02:31:08Z
2026-08-10T02:36:10Z,highest-temperature-in-madrid-on-august-10-2026,madrid,2026-08-10,0,YES,37°C,0.7,14.29,10.0,0.15,69.0,37°C,won,14.29,4.14,2026-08-11T02:31:08Z
2026-08-10T02:36:10Z,highest-temperature-in-moscow-on-august-10-2026,moscow,2026-08-10,0,YES,24°C,0.65,15.38,10.0,0.1749,64.0,24°C,won,15.38,5.21,2026-08-11T02:31:08Z
2026-08-10T02:36:10Z,highest-temperature-in-istanbul-on-august-10-2026,istanbul,2026-08-10,0,YES,28°C,0.66,15.15,10.0,0.17,65.5,28°C,won,15.15,4.98,2026-08-11T02:31:08Z
2026-08-10T02:36:10Z,highest-temperature-in-amsterdam-on-august-10-2026,amsterdam,2026-08-10,0,YES,23°C,0.62,16.13,10.0,0.19,61.5,23°C,won,16.13,5.94,2026-08-11T02:31:08Z
2026-08-10T02:36:10Z,highest-temperature-in-dallas-on-august-10-2026,dallas,2026-08-10,1,YES,98-99°F,0.65,15.38,10.0,0.1749,64.5,98-99°F,won,15.38,5.21,2026-08-11T13:42:06Z
2026-08-10T02:36:10Z,highest-temperature-in-miami-on-august-10-2026,miami,2026-08-10,1,YES,92-93°F,0.71,14.08,10.0,0.145,70.5,92-93°F,won,14.08,3.94,2026-08-11T13:42:06Z
2026-08-10T02:36:10Z,highest-temperature-in-los-angeles-on-august-10-2026,los-angeles,2026-08-10,1,YES,78-79°F,0.65,15.38,10.0,0.1749,64.5,78-79°F,won,15.38,5.21,2026-08-11T13:42:06Z
2026-08-10T02:36:10Z,highest-temperature-in-zhengzhou-on-august-10-2026,zhengzhou,2026-08-10,0,YES,>=32°C,0.7,14.29,10.0,0.15,42.5,>=32°C,won,14.29,4.14,2026-08-11T02:31:08Z
2026-08-10T02:36:10Z,highest-temperature-in-wellington-on-august-11-2026,wellington,2026-08-11,1,YES,12°C,0.63,15.87,10.0,0.185,62.5,12°C,won,15.87,5.68,2026-08-12T02:47:18Z
2026-08-10T02:36:10Z,highest-temperature-in-singapore-on-august-11-2026,singapore,2026-08-11,1,YES,32°C,0.63,15.87,10.0,0.185,62.5,32°C,lost,0.0,-10.19,2026-08-12T02:47:18Z
2026-08-10T02:36:10Z,highest-temperature-in-madrid-on-august-11-2026,madrid,2026-08-11,1,YES,37°C,0.67,14.93,10.0,0.1651,66.5,37°C,lost,0.0,-10.17,2026-08-12T02:47:18Z
2026-08-10T02:36:10Z,highest-temperature-in-miami-on-august-11-2026,miami,2026-08-11,2,YES,92-93°F,0.67,14.93,10.0,0.1651,66.5,92-93°F,won,14.93,4.76,2026-08-12T13:45:13Z
2026-08-11T02:31:08Z,highest-temperature-in-paris-on-august-11-2026,paris,2026-08-11,0,YES,32°C,0.63,15.87,10.0,0.185,61.5,32°C,won,15.87,5.68,2026-08-12T02:47:18Z
2026-08-11T02:31:08Z,highest-temperature-in-tel-aviv-on-august-11-2026,tel-aviv,2026-08-11,0,YES,35°C,0.68,14.71,10.0,0.16,67.0,35°C,won,14.71,4.55,2026-08-12T02:47:18Z
2026-08-11T02:31:08Z,highest-temperature-in-taipei-on-august-11-2026,taipei,2026-08-11,0,YES,36°C,0.62,16.13,10.0,0.19,61.5,36°C,lost,0.0,-10.19,2026-08-12T02:47:18Z
2026-08-11T02:31:08Z,highest-temperature-in-chongqing-on-august-11-2026,chongqing,2026-08-11,0,YES,36°C,0.62,16.13,10.0,0.19,59.5,36°C,lost,0.0,-10.19,2026-08-12T02:47:18Z
2026-08-11T02:31:08Z,highest-temperature-in-guangzhou-on-august-11-2026,guangzhou,2026-08-11,0,YES,37°C,0.68,14.71,10.0,0.16,66.5,37°C,won,14.71,4.55,2026-08-12T02:47:18Z
2026-08-11T02:31:08Z,highest-temperature-in-zhengzhou-on-august-11-2026,zhengzhou,2026-08-11,0,YES,26°C,0.82,12.2,10.0,0.09,67.0,26°C,won,12.2,2.11,2026-08-12T02:47:18Z
2026-08-11T13:42:06Z,highest-temperature-in-jinan-on-august-12-2026,jinan,2026-08-12,1,YES,>=26°C,0.93,10.75,10.0,0.035,91.5,>=26°C,won,10.75,0.71,2026-08-13T02:48:36Z
2026-08-12T02:47:18Z,highest-temperature-in-paris-on-august-12-2026,paris,2026-08-12,0,YES,35°C,0.64,15.62,10.0,0.1799,62.5,35°C,won,15.62,5.44,2026-08-13T02:48:36Z
2026-08-12T02:47:18Z,highest-temperature-in-ankara-on-august-12-2026,ankara,2026-08-12,0,YES,32°C,0.74,13.51,10.0,0.13,73.5,32°C,won,13.51,3.38,2026-08-13T02:48:36Z
2026-08-12T02:47:18Z,highest-temperature-in-wellington-on-august-12-2026,wellington,2026-08-12,0,YES,14°C,0.97,10.31,10.0,0.015,95.5,14°C,won,10.31,0.3,2026-08-13T02:48:36Z
2026-08-12T02:47:18Z,highest-temperature-in-tel-aviv-on-august-12-2026,tel-aviv,2026-08-12,0,YES,35°C,0.69,14.49,10.0,0.155,68.0,35°C,won,14.49,4.33,2026-08-13T02:48:36Z
2026-08-12T02:47:18Z,highest-temperature-in-singapore-on-august-12-2026,singapore,2026-08-12,0,YES,32°C,0.7,14.29,10.0,0.15,67.5,32°C,won,14.29,4.14,2026-08-13T02:48:36Z
2026-08-12T02:47:18Z,highest-temperature-in-istanbul-on-august-12-2026,istanbul,2026-08-12,0,YES,28°C,0.74,13.51,10.0,0.13,73.5,28°C,won,13.51,3.38,2026-08-13T02:48:36Z
2026-08-12T02:47:18Z,highest-temperature-in-helsinki-on-august-12-2026,helsinki,2026-08-12,0,YES,18°C,0.71,14.08,10.0,0.145,70.5,18°C,lost,0.0,-10.14,2026-08-13T02:48:36Z
2026-08-12T02:47:18Z,highest-temperature-in-manila-on-august-12-2026,manila,2026-08-12,0,YES,30°C,0.65,15.38,10.0,0.1749,64.0,30°C,won,15.38,5.21,2026-08-13T02:48:36Z
2026-08-12T02:47:18Z,highest-temperature-in-dallas-on-august-12-2026,dallas,2026-08-12,1,YES,100-101°F,0.68,14.71,10.0,0.16,67.5,100-101°F,won,14.71,4.55,2026-08-13T13:45:54Z
2026-08-12T02:47:18Z,highest-temperature-in-austin-on-august-12-2026,austin,2026-08-12,1,YES,100-101°F,0.64,15.62,10.0,0.1799,63.5,100-101°F,won,15.62,5.44,2026-08-13T13:45:54Z
2026-08-12T02:47:18Z,highest-temperature-in-singapore-on-august-13-2026,singapore,2026-08-13,1,YES,32°C,0.63,15.87,10.0,0.185,62.5,32°C,won,15.87,5.68,2026-08-14T02:47:25Z
2026-08-12T02:47:18Z,highest-temperature-in-paris-on-august-13-2026,paris,2026-08-13,1,YES,38°C,0.69,14.49,10.0,0.155,68.0,38°C,won,14.49,4.33,2026-08-14T02:47:25Z
2026-08-12T02:47:18Z,highest-temperature-in-jeddah-on-august-13-2026,jeddah,2026-08-13,1,YES,>=41°C,0.68,14.71,10.0,0.16,67.0,>=41°C,lost,0.0,-10.16,2026-08-14T02:47:25Z
2026-08-12T13:45:13Z,highest-temperature-in-zhengzhou-on-august-13-2026,zhengzhou,2026-08-13,1,YES,25°C,0.84,11.9,10.0,0.08,49.5,25°C,lost,0.0,-10.08,2026-08-14T02:47:25Z
2026-08-13T02:48:36Z,highest-temperature-in-shanghai-on-august-13-2026,shanghai,2026-08-13,0,YES,28°C,0.63,15.87,10.0,0.185,62.5,28°C,lost,0.0,-10.19,2026-08-14T02:47:25Z
2026-08-13T02:48:36Z,highest-temperature-in-munich-on-august-13-2026,munich,2026-08-13,0,YES,31°C,0.68,14.71,10.0,0.16,67.5,31°C,won,14.71,4.55,2026-08-14T02:47:25Z
2026-08-13T02:48:36Z,highest-temperature-in-tel-aviv-on-august-13-2026,tel-aviv,2026-08-13,0,YES,33°C,0.84,11.9,10.0,0.08,83.5,33°C,lost,0.0,-10.08,2026-08-14T02:47:25Z
2026-08-13T02:48:36Z,highest-temperature-in-madrid-on-august-13-2026,madrid,2026-08-13,0,YES,39°C,0.75,13.33,10.0,0.125,74.5,39°C,lost,0.0,-10.12,2026-08-14T02:47:25Z
2026-08-13T02:48:36Z,highest-temperature-in-helsinki-on-august-13-2026,helsinki,2026-08-13,0,YES,20°C,0.66,15.15,10.0,0.17,65.0,20°C,lost,0.0,-10.17,2026-08-14T02:47:25Z
2026-08-13T02:48:36Z,highest-temperature-in-dallas-on-august-13-2026,dallas,2026-08-13,1,YES,100-101°F,0.68,14.71,10.0,0.16,67.5,100-101°F,won,14.71,4.55,2026-08-14T13:41:21Z
2026-08-13T02:48:36Z,highest-temperature-in-miami-on-august-13-2026,miami,2026-08-13,1,YES,92-93°F,0.72,13.89,10.0,0.14,71.5,92-93°F,lost,0.0,-10.14,2026-08-14T13:41:21Z
2026-08-13T02:48:36Z,highest-temperature-in-karachi-on-august-14-2026,karachi,2026-08-14,1,YES,32°C,0.66,15.15,10.0,0.17,65.5,32°C,won,15.15,4.98,2026-08-15T01:53:49Z
2026-08-13T13:45:54Z,highest-temperature-in-jeddah-on-august-15-2026,jeddah,2026-08-15,2,YES,>=40°C,0.69,14.49,10.0,0.155,68.5,>=40°C,won,14.49,4.33,2026-08-16T02:01:24Z
2026-08-14T02:47:25Z,highest-temperature-in-seoul-on-august-14-2026,seoul,2026-08-14,0,YES,31°C,0.66,15.15,10.0,0.17,65.5,31°C,lost,0.0,-10.17,2026-08-15T01:53:49Z
2026-08-14T02:47:25Z,highest-temperature-in-hong-kong-on-august-14-2026,hong-kong,2026-08-14,0,YES,30°C,0.83,12.05,10.0,0.085,82.5,30°C,won,12.05,1.97,2026-08-17T13:07:02Z
2026-08-14T02:47:25Z,highest-temperature-in-shanghai-on-august-14-2026,shanghai,2026-08-14,0,YES,28°C,0.73,13.7,10.0,0.135,71.0,28°C,won,13.7,3.56,2026-08-15T01:53:49Z
2026-08-14T02:47:25Z,highest-temperature-in-taipei-on-august-14-2026,taipei,2026-08-14,0,YES,36°C,0.76,13.16,10.0,0.12,73.5,36°C,lost,0.0,-10.12,2026-08-15T01:53:49Z
2026-08-14T02:47:25Z,highest-temperature-in-ankara-on-august-14-2026,ankara,2026-08-14,0,YES,28°C,0.7,14.29,10.0,0.15,69.5,28°C,lost,0.0,-10.15,2026-08-15T01:53:49Z
2026-08-14T02:47:25Z,highest-temperature-in-tel-aviv-on-august-14-2026,tel-aviv,2026-08-14,0,YES,33°C,0.76,13.16,10.0,0.12,75.5,33°C,lost,0.0,-10.12,2026-08-15T01:53:49Z
2026-08-14T02:47:25Z,highest-temperature-in-madrid-on-august-14-2026,madrid,2026-08-14,0,YES,38°C,0.68,14.71,10.0,0.16,67.5,38°C,lost,0.0,-10.16,2026-08-15T01:53:49Z
2026-08-14T02:47:25Z,highest-temperature-in-warsaw-on-august-14-2026,warsaw,2026-08-14,0,YES,26°C,0.63,15.87,10.0,0.185,62.5,26°C,won,15.87,5.68,2026-08-15T01:53:49Z
2026-08-14T02:47:25Z,highest-temperature-in-moscow-on-august-14-2026,moscow,2026-08-14,0,YES,18°C,0.7,14.29,10.0,0.15,69.0,18°C,won,14.29,4.14,2026-08-15T01:53:49Z
2026-08-14T02:47:25Z,highest-temperature-in-istanbul-on-august-14-2026,istanbul,2026-08-14,0,YES,26°C,0.67,14.93,10.0,0.1651,66.5,26°C,lost,0.0,-10.17,2026-08-15T01:53:49Z
2026-08-14T02:47:25Z,highest-temperature-in-amsterdam-on-august-14-2026,amsterdam,2026-08-14,0,YES,34°C,0.62,16.13,10.0,0.19,60.5,34°C,won,16.13,5.94,2026-08-15T01:53:49Z
2026-08-14T02:47:25Z,highest-temperature-in-helsinki-on-august-14-2026,helsinki,2026-08-14,0,YES,21°C,0.74,13.51,10.0,0.13,73.0,21°C,lost,0.0,-10.13,2026-08-15T01:53:49Z
2026-08-14T02:47:25Z,highest-temperature-in-miami-on-august-14-2026,miami,2026-08-14,1,YES,92-93°F,0.7,14.29,10.0,0.15,69.0,92-93°F,lost,0.0,-10.15,2026-08-15T12:56:55Z
2026-08-14T02:47:25Z,highest-temperature-in-tel-aviv-on-august-15-2026,tel-aviv,2026-08-15,1,YES,33°C,0.72,13.89,10.0,0.14,71.0,33°C,won,13.89,3.75,2026-08-16T02:01:24Z
2026-08-14T02:47:25Z,highest-temperature-in-singapore-on-august-15-2026,singapore,2026-08-15,1,YES,32°C,0.62,16.13,10.0,0.19,61.5,32°C,lost,0.0,-10.19,2026-08-16T02:01:24Z
2026-08-14T13:41:21Z,highest-temperature-in-zhengzhou-on-august-15-2026,zhengzhou,2026-08-15,1,YES,>=32°C,0.79,12.66,10.0,0.105,45.0,>=32°C,lost,0.0,-10.11,2026-08-16T02:01:24Z
2026-08-14T13:41:21Z,highest-temperature-in-wellington-on-august-16-2026,wellington,2026-08-16,1,YES,10°C,0.64,15.62,10.0,0.1799,63.5,10°C,won,15.62,5.44,2026-08-17T01:58:06Z
2026-08-14T13:41:21Z,highest-temperature-in-tel-aviv-on-august-16-2026,tel-aviv,2026-08-16,2,YES,33°C,0.65,15.38,10.0,0.1749,64.5,33°C,won,15.38,5.21,2026-08-17T01:58:06Z
2026-08-15T01:53:49Z,highest-temperature-in-ankara-on-august-15-2026,ankara,2026-08-15,0,YES,26°C,0.65,15.38,10.0,0.1749,64.5,26°C,won,15.38,5.21,2026-08-16T02:01:24Z
2026-08-15T01:53:49Z,highest-temperature-in-wellington-on-august-15-2026,wellington,2026-08-15,0,YES,13°C,0.92,10.87,10.0,0.04,91.0,13°C,won,10.87,0.83,2026-08-16T02:01:24Z
2026-08-15T01:53:49Z,highest-temperature-in-milan-on-august-15-2026,milan,2026-08-15,0,YES,34°C,0.63,15.87,10.0,0.185,62.0,34°C,won,15.87,5.68,2026-08-16T13:02:05Z
2026-08-15T01:53:49Z,highest-temperature-in-istanbul-on-august-15-2026,istanbul,2026-08-15,0,YES,26°C,0.75,13.33,10.0,0.125,74.0,26°C,lost,0.0,-10.12,2026-08-16T02:01:24Z
2026-08-15T01:53:49Z,highest-temperature-in-karachi-on-august-15-2026,karachi,2026-08-15,0,YES,32°C,0.66,15.15,10.0,0.17,65.0,32°C,won,15.15,4.98,2026-08-16T13:02:05Z
2026-08-16T02:01:24Z,highest-temperature-in-paris-on-august-16-2026,paris,2026-08-16,0,YES,31°C,0.66,15.15,10.0,0.17,64.5,31°C,won,15.15,4.98,2026-08-17T01:58:06Z
2026-08-16T02:01:24Z,highest-temperature-in-ankara-on-august-16-2026,ankara,2026-08-16,0,YES,27°C,0.67,14.93,10.0,0.1651,66.0,27°C,won,14.93,4.76,2026-08-17T01:58:06Z
2026-08-16T02:01:24Z,highest-temperature-in-istanbul-on-august-16-2026,istanbul,2026-08-16,0,YES,26°C,0.72,13.89,10.0,0.14,71.0,26°C,won,13.89,3.75,2026-08-17T01:58:06Z
2026-08-16T02:01:24Z,highest-temperature-in-busan-on-august-16-2026,busan,2026-08-16,0,YES,26°C,0.75,13.33,10.0,0.125,71.5,26°C,won,13.33,3.21,2026-08-17T01:58:06Z
2026-08-16T02:01:24Z,highest-temperature-in-helsinki-on-august-16-2026,helsinki,2026-08-16,0,YES,22°C,0.73,13.7,10.0,0.135,68.5,22°C,lost,0.0,-10.13,2026-08-17T01:58:06Z
2026-08-16T02:01:24Z,highest-temperature-in-jeddah-on-august-16-2026,jeddah,2026-08-16,0,YES,>=41°C,0.69,14.49,10.0,0.155,68.0,>=41°C,lost,0.0,-10.15,2026-08-17T01:58:06Z
2026-08-16T02:01:24Z,highest-temperature-in-karachi-on-august-16-2026,karachi,2026-08-16,0,YES,32°C,0.62,16.13,10.0,0.19,61.5,32°C,won,16.13,5.94,2026-08-17T01:58:06Z
2026-08-16T02:01:24Z,highest-temperature-in-dallas-on-august-16-2026,dallas,2026-08-16,1,YES,102-103°F,0.62,16.13,10.0,0.19,61.5,102-103°F,won,16.13,5.94,2026-08-17T13:07:02Z
2026-08-16T02:01:24Z,highest-temperature-in-los-angeles-on-august-16-2026,los-angeles,2026-08-16,1,YES,76-77°F,0.64,15.62,10.0,0.1799,62.0,76-77°F,won,15.62,5.44,2026-08-17T13:07:02Z
2026-08-16T02:01:24Z,highest-temperature-in-zhengzhou-on-august-16-2026,zhengzhou,2026-08-16,0,YES,>=32°C,0.87,11.49,10.0,0.065,69.0,>=32°C,won,11.49,1.43,2026-08-17T01:58:06Z
2026-08-16T02:01:24Z,highest-temperature-in-singapore-on-august-17-2026,singapore,2026-08-17,1,YES,32°C,0.65,15.38,10.0,0.1749,64.5,32°C,lost,0.0,-10.17,2026-08-18T01:54:59Z
2026-08-16T13:02:05Z,highest-temperature-in-zhengzhou-on-august-17-2026,zhengzhou,2026-08-17,1,YES,>=32°C,0.8,12.5,10.0,0.1,51.5,>=32°C,won,12.5,2.4,2026-08-18T01:54:59Z
2026-08-17T01:58:06Z,highest-temperature-in-tel-aviv-on-august-17-2026,tel-aviv,2026-08-17,0,YES,32°C,0.67,14.93,10.0,0.1651,66.0,32°C,lost,0.0,-10.17,2026-08-18T01:54:59Z
2026-08-17T01:58:06Z,highest-temperature-in-chengdu-on-august-17-2026,chengdu,2026-08-17,0,YES,27°C,0.97,10.31,10.0,0.015,96.5,27°C,won,10.31,0.3,2026-08-18T01:54:59Z
2026-08-17T01:58:06Z,highest-temperature-in-istanbul-on-august-17-2026,istanbul,2026-08-17,0,YES,26°C,0.63,15.87,10.0,0.185,62.5,26°C,lost,0.0,-10.19,2026-08-18T01:54:59Z
2026-08-17T01:58:06Z,highest-temperature-in-helsinki-on-august-17-2026,helsinki,2026-08-17,0,YES,21°C,0.64,15.62,10.0,0.1799,63.0,21°C,lost,0.0,-10.18,2026-08-18T01:54:59Z
2026-08-17T01:58:06Z,highest-temperature-in-karachi-on-august-17-2026,karachi,2026-08-17,0,YES,32°C,0.64,15.62,10.0,0.1799,63.0,32°C,lost,0.0,-10.18,2026-08-18T01:54:59Z
2026-08-17T01:58:06Z,highest-temperature-in-manila-on-august-17-2026,manila,2026-08-17,0,YES,29°C,0.74,13.51,10.0,0.13,70.0,29°C,lost,0.0,-10.13,2026-08-18T01:54:59Z
2026-08-17T13:07:02Z,highest-temperature-in-houston-on-august-18-2026,houston,2026-08-18,1,YES,96-97°F,0.68,14.71,10.0,0.16,67.5,96-97°F,lost,0.0,-10.16,2026-08-19T13:09:45Z
2026-08-17T13:07:02Z,highest-temperature-in-tel-aviv-on-august-19-2026,tel-aviv,2026-08-19,2,YES,32°C,0.64,15.62,10.0,0.1799,63.5,32°C,won,15.62,5.44,2026-08-20T01:53:53Z
2026-08-18T01:54:59Z,highest-temperature-in-tel-aviv-on-august-18-2026,tel-aviv,2026-08-18,0,YES,32°C,0.64,15.62,10.0,0.1799,63.5,32°C,won,15.62,5.44,2026-08-19T01:57:24Z
2026-08-18T01:54:59Z,highest-temperature-in-shanghai-on-august-18-2026,shanghai,2026-08-18,0,YES,31°C,0.62,16.13,10.0,0.19,59.5,31°C,won,16.13,5.94,2026-08-19T01:57:24Z
2026-08-18T01:54:59Z,highest-temperature-in-chengdu-on-august-18-2026,chengdu,2026-08-18,0,YES,23°C,0.64,15.62,10.0,0.1799,62.5,23°C,won,15.62,5.44,2026-08-19T01:57:24Z
2026-08-18T01:54:59Z,highest-temperature-in-helsinki-on-august-18-2026,helsinki,2026-08-18,0,YES,20°C,0.63,15.87,10.0,0.185,61.0,20°C,won,15.87,5.68,2026-08-19T01:57:24Z
2026-08-18T01:54:59Z,highest-temperature-in-karachi-on-august-18-2026,karachi,2026-08-18,0,YES,32°C,0.69,14.49,10.0,0.155,68.5,32°C,won,14.49,4.33,2026-08-19T01:57:24Z
2026-08-18T01:54:59Z,highest-temperature-in-toronto-on-august-18-2026,toronto,2026-08-18,1,YES,27°C,0.62,16.13,10.0,0.19,61.5,27°C,won,16.13,5.94,2026-08-19T13:09:45Z
2026-08-18T01:54:59Z,highest-temperature-in-zhengzhou-on-august-18-2026,zhengzhou,2026-08-18,0,YES,>=32°C,0.76,13.16,10.0,0.12,53.5,>=32°C,won,13.16,3.04,2026-08-19T01:57:24Z
2026-08-18T01:54:59Z,highest-temperature-in-wellington-on-august-19-2026,wellington,2026-08-19,1,YES,11°C,0.64,15.62,10.0,0.1799,63.5,11°C,won,15.62,5.44,2026-08-20T01:53:53Z
2026-08-19T01:57:24Z,highest-temperature-in-milan-on-august-19-2026,milan,2026-08-19,0,YES,32°C,0.75,13.33,10.0,0.125,73.5,32°C,won,13.33,3.21,2026-08-20T01:53:53Z
2026-08-19T01:57:24Z,highest-temperature-in-madrid-on-august-19-2026,madrid,2026-08-19,0,YES,36°C,0.7,14.29,10.0,0.15,69.0,36°C,won,14.29,4.14,2026-08-20T01:53:53Z
2026-08-19T01:57:24Z,highest-temperature-in-moscow-on-august-19-2026,moscow,2026-08-19,0,YES,19°C,0.7,14.29,10.0,0.15,69.5,19°C,won,14.29,4.14,2026-08-20T01:53:53Z
2026-08-19T01:57:24Z,highest-temperature-in-amsterdam-on-august-19-2026,amsterdam,2026-08-19,0,YES,21°C,0.7,14.29,10.0,0.15,69.0,21°C,won,14.29,4.14,2026-08-20T01:53:53Z
2026-08-19T01:57:24Z,highest-temperature-in-helsinki-on-august-19-2026,helsinki,2026-08-19,0,YES,20°C,0.65,15.38,10.0,0.1749,64.5,20°C,won,15.38,5.21,2026-08-20T01:53:53Z
2026-08-19T01:57:24Z,highest-temperature-in-karachi-on-august-19-2026,karachi,2026-08-19,0,YES,32°C,0.63,15.87,10.0,0.185,62.0,32°C,won,15.87,5.68,2026-08-20T01:53:53Z
2026-08-19T01:57:24Z,highest-temperature-in-nyc-on-august-19-2026,nyc,2026-08-19,1,YES,86-87°F,0.64,15.62,10.0,0.1799,63.0,86-87°F,won,15.62,5.44,2026-08-20T13:12:01Z
2026-08-19T01:57:24Z,highest-temperature-in-miami-on-august-19-2026,miami,2026-08-19,1,YES,96-97°F,0.65,15.38,10.0,0.1749,64.5,96-97°F,lost,0.0,-10.17,2026-08-20T13:12:01Z
2026-08-19T01:57:24Z,highest-temperature-in-tel-aviv-on-august-20-2026,tel-aviv,2026-08-20,1,YES,33°C,0.67,14.93,10.0,0.1651,65.5,33°C,lost,0.0,-10.17,2026-08-21T02:02:24Z
2026-08-19T13:09:45Z,highest-temperature-in-zhengzhou-on-august-20-2026,zhengzhou,2026-08-20,1,YES,31°C,0.82,12.2,10.0,0.09,43.5,31°C,lost,0.0,-10.09,2026-08-21T02:02:24Z
2026-08-19T13:09:45Z,highest-temperature-in-tel-aviv-on-august-21-2026,tel-aviv,2026-08-21,2,YES,33°C,0.68,14.71,10.0,0.16,66.5,33°C,won,14.71,4.55,2026-08-22T01:54:44Z
2026-08-20T01:53:53Z,highest-temperature-in-wellington-on-august-20-2026,wellington,2026-08-20,0,YES,12°C,0.75,13.33,10.0,0.125,68.5,12°C,won,13.33,3.21,2026-08-21T02:02:24Z
2026-08-20T01:53:53Z,highest-temperature-in-hong-kong-on-august-20-2026,hong-kong,2026-08-20,0,YES,29°C,0.7,14.29,10.0,0.15,68.5,29°C,won,14.29,4.14,2026-08-21T13:11:10Z
2026-08-20T01:53:53Z,highest-temperature-in-shanghai-on-august-20-2026,shanghai,2026-08-20,0,YES,31°C,0.74,13.51,10.0,0.13,73.5,31°C,lost,0.0,-10.13,2026-08-21T02:02:24Z
2026-08-20T01:53:53Z,highest-temperature-in-warsaw-on-august-20-2026,warsaw,2026-08-20,0,YES,>=25°C,0.63,15.87,10.0,0.185,62.0,>=25°C,won,15.87,5.68,2026-08-21T02:02:24Z
2026-08-20T01:53:53Z,highest-temperature-in-chicago-on-august-20-2026,chicago,2026-08-20,1,YES,78-79°F,0.65,15.38,10.0,0.1749,64.5,78-79°F,lost,0.0,-10.17,2026-08-21T13:11:10Z
2026-08-20T01:53:53Z,highest-temperature-in-austin-on-august-20-2026,austin,2026-08-20,1,YES,102-103°F,0.64,15.62,10.0,0.1799,63.5,102-103°F,won,15.62,5.44,2026-08-21T13:11:10Z
2026-08-20T01:53:53Z,highest-temperature-in-singapore-on-august-21-2026,singapore,2026-08-21,1,YES,33°C,0.69,14.49,10.0,0.155,68.5,33°C,won,14.49,4.33,2026-08-22T01:54:44Z
2026-08-20T01:53:53Z,highest-temperature-in-karachi-on-august-21-2026,karachi,2026-08-21,1,YES,32°C,0.67,14.93,10.0,0.1651,66.5,32°C,won,14.93,4.76,2026-08-22T01:54:44Z
2026-08-20T13:12:01Z,highest-temperature-in-denver-on-august-21-2026,denver,2026-08-21,1,YES,96-97°F,0.68,14.71,10.0,0.16,67.0,96-97°F,lost,0.0,-10.16,2026-08-22T13:03:16Z
2026-08-20T13:12:01Z,highest-temperature-in-zhengzhou-on-august-21-2026,zhengzhou,2026-08-21,1,YES,30°C,0.68,14.71,10.0,0.16,43.5,30°C,lost,0.0,-10.16,2026-08-22T01:54:44Z
2026-08-20T13:12:01Z,highest-temperature-in-tel-aviv-on-august-22-2026,tel-aviv,2026-08-22,2,YES,33°C,0.64,15.62,10.0,0.1799,63.5,33°C,won,15.62,5.44,2026-08-23T02:04:27Z
2026-08-20T13:12:01Z,highest-temperature-in-jeddah-on-august-22-2026,jeddah,2026-08-22,2,YES,>=38°C,0.82,12.2,10.0,0.09,80.5,>=38°C,won,12.2,2.11,2026-08-23T02:04:27Z
2026-08-21T02:02:24Z,highest-temperature-in-madrid-on-august-21-2026,madrid,2026-08-21,0,YES,31°C,0.63,15.87,10.0,0.185,61.5,31°C,lost,0.0,-10.19,2026-08-22T01:54:44Z
2026-08-21T02:02:24Z,highest-temperature-in-istanbul-on-august-21-2026,istanbul,2026-08-21,0,YES,27°C,0.72,13.89,10.0,0.14,71.0,27°C,lost,0.0,-10.14,2026-08-22T01:54:44Z
2026-08-21T02:02:24Z,highest-temperature-in-kuala-lumpur-on-august-21-2026,kuala-lumpur,2026-08-21,0,YES,34°C,0.66,15.15,10.0,0.17,65.5,34°C,lost,0.0,-10.17,2026-08-22T01:54:44Z
2026-08-21T02:02:24Z,highest-temperature-in-manila-on-august-21-2026,manila,2026-08-21,0,YES,32°C,0.74,13.51,10.0,0.13,73.5,32°C,won,13.51,3.38,2026-08-22T01:54:44Z
2026-08-21T02:02:24Z,highest-temperature-in-houston-on-august-21-2026,houston,2026-08-21,1,YES,98-99°F,0.65,15.38,10.0,0.1749,64.5,98-99°F,won,15.38,5.21,2026-08-22T13:03:16Z
2026-08-21T02:02:24Z,highest-temperature-in-wellington-on-august-22-2026,wellington,2026-08-22,1,YES,15°C,0.63,15.87,10.0,0.185,62.5,15°C,lost,0.0,-10.19,2026-08-23T02:04:27Z
2026-08-21T02:02:24Z,highest-temperature-in-kuala-lumpur-on-august-22-2026,kuala-lumpur,2026-08-22,1,YES,34°C,0.64,15.62,10.0,0.1799,62.5,34°C,won,15.62,5.44,2026-08-23T02:04:27Z
2026-08-21T13:11:09Z,highest-temperature-in-zhengzhou-on-august-22-2026,zhengzhou,2026-08-22,1,YES,>=32°C,0.69,14.49,10.0,0.155,58.5,>=32°C,won,14.49,4.33,2026-08-23T02:04:27Z
2026-08-21T13:11:09Z,highest-temperature-in-tel-aviv-on-august-23-2026,tel-aviv,2026-08-23,2,YES,32°C,0.64,15.62,10.0,0.1799,63.5,32°C,won,15.62,5.44,2026-08-24T02:07:52Z
2026-08-22T01:54:44Z,highest-temperature-in-ankara-on-august-22-2026,ankara,2026-08-22,0,YES,35°C,0.66,15.15,10.0,0.17,64.5,35°C,won,15.15,4.98,2026-08-23T02:04:27Z
2026-08-22T01:54:44Z,highest-temperature-in-singapore-on-august-22-2026,singapore,2026-08-22,0,YES,33°C,0.74,13.51,10.0,0.13,72.5,33°C,won,13.51,3.38,2026-08-23T02:04:27Z
2026-08-22T01:54:44Z,highest-temperature-in-madrid-on-august-22-2026,madrid,2026-08-22,0,YES,33°C,0.62,16.13,10.0,0.19,61.0,33°C,won,16.13,5.94,2026-08-23T02:04:27Z
2026-08-22T01:54:44Z,highest-temperature-in-warsaw-on-august-22-2026,warsaw,2026-08-22,0,YES,22°C,0.83,12.05,10.0,0.085,82.5,22°C,lost,0.0,-10.09,2026-08-23T02:04:27Z
2026-08-22T01:54:44Z,highest-temperature-in-moscow-on-august-22-2026,moscow,2026-08-22,0,YES,22°C,0.64,15.62,10.0,0.1799,62.5,22°C,won,15.62,5.44,2026-08-23T02:04:27Z
2026-08-22T01:54:44Z,highest-temperature-in-buenos-aires-on-august-22-2026,buenos-aires,2026-08-22,1,YES,14°C,0.69,14.49,10.0,0.155,68.5,14°C,won,14.49,4.33,2026-08-23T13:02:51Z
2026-08-22T01:54:44Z,highest-temperature-in-chicago-on-august-22-2026,chicago,2026-08-22,1,YES,80-81°F,0.63,15.87,10.0,0.185,61.5,80-81°F,won,15.87,5.68,2026-08-23T13:02:51Z
2026-08-22T01:54:44Z,highest-temperature-in-singapore-on-august-23-2026,singapore,2026-08-23,1,YES,33°C,0.67,14.93,10.0,0.1651,66.5,33°C,won,14.93,4.76,2026-08-24T02:07:52Z
2026-08-22T13:03:15Z,highest-temperature-in-jinan-on-august-23-2026,jinan,2026-08-23,1,YES,>=26°C,0.97,10.31,10.0,0.015,95.0,>=26°C,won,10.31,0.3,2026-08-24T02:07:52Z
2026-08-22T13:03:15Z,highest-temperature-in-zhengzhou-on-august-23-2026,zhengzhou,2026-08-23,1,YES,>=32°C,0.79,12.66,10.0,0.105,70.0,>=32°C,won,12.66,2.56,2026-08-24T02:07:52Z
2026-08-23T02:04:27Z,highest-temperature-in-wellington-on-august-23-2026,wellington,2026-08-23,0,YES,17°C,0.94,10.64,10.0,0.03,91.5,17°C,won,10.64,0.61,2026-08-24T02:07:52Z
2026-08-23T02:04:27Z,highest-temperature-in-moscow-on-august-23-2026,moscow,2026-08-23,0,YES,23°C,0.65,15.38,10.0,0.1749,63.5,23°C,won,15.38,5.21,2026-08-24T02:07:52Z
2026-08-23T02:04:27Z,highest-temperature-in-houston-on-august-23-2026,houston,2026-08-23,1,YES,100-101°F,0.64,15.62,10.0,0.1799,62.5,100-101°F,lost,0.0,-10.18,2026-08-24T13:14:29Z
2026-08-23T02:04:27Z,highest-temperature-in-ankara-on-august-24-2026,ankara,2026-08-24,1,YES,32°C,0.64,15.62,10.0,0.1799,62.5,32°C,lost,0.0,-10.18,2026-08-25T13:15:35Z
2026-08-23T13:02:51Z,highest-temperature-in-zhengzhou-on-august-24-2026,zhengzhou,2026-08-24,1,YES,>=32°C,0.81,12.35,10.0,0.095,44.0,>=32°C,won,12.35,2.25,2026-08-25T13:15:35Z
2026-08-24T02:07:52Z,highest-temperature-in-wellington-on-august-24-2026,wellington,2026-08-24,0,YES,15°C,0.89,11.24,10.0,0.055,88.5,15°C,won,11.24,1.19,2026-08-25T02:02:58Z
2026-08-24T02:07:52Z,highest-temperature-in-singapore-on-august-24-2026,singapore,2026-08-24,0,YES,33°C,0.81,12.35,10.0,0.095,79.5,33°C,won,12.35,2.25,2026-08-25T02:02:58Z
2026-08-24T02:07:52Z,highest-temperature-in-taipei-on-august-24-2026,taipei,2026-08-24,0,YES,>=32°C,0.74,13.51,10.0,0.13,69.5,>=32°C,lost,0.0,-10.13,2026-08-25T13:15:35Z
2026-08-24T02:07:52Z,highest-temperature-in-qingdao-on-august-24-2026,qingdao,2026-08-24,0,YES,32°C,0.62,16.13,10.0,0.19,59.5,32°C,lost,0.0,-10.19,2026-08-25T13:15:35Z
2026-08-24T02:07:52Z,highest-temperature-in-tel-aviv-on-august-24-2026,tel-aviv,2026-08-24,0,YES,33°C,0.63,15.87,10.0,0.185,61.5,33°C,won,15.87,5.68,2026-08-25T02:02:58Z
2026-08-24T02:07:52Z,highest-temperature-in-madrid-on-august-24-2026,madrid,2026-08-24,0,YES,27°C,0.62,16.13,10.0,0.19,60.5,27°C,lost,0.0,-10.19,2026-08-25T13:15:35Z
2026-08-24T02:07:52Z,highest-temperature-in-istanbul-on-august-24-2026,istanbul,2026-08-24,0,YES,28°C,0.71,14.08,10.0,0.145,69.5,28°C,won,14.08,3.94,2026-08-25T02:02:58Z
2026-08-24T13:14:29Z,highest-temperature-in-zhengzhou-on-august-25-2026,zhengzhou,2026-08-25,1,YES,>=32°C,0.96,10.42,10.0,0.02,94.0,>=32°C,won,10.42,0.4,2026-08-26T02:09:12Z
2026-08-24T13:14:29Z,highest-temperature-in-wellington-on-august-26-2026,wellington,2026-08-26,1,YES,16°C,0.64,15.62,10.0,0.1799,63.5,16°C,won,15.62,5.44,2026-08-27T09:48:20Z
2026-08-25T02:02:58Z,highest-temperature-in-ankara-on-august-25-2026,ankara,2026-08-25,0,YES,31°C,0.74,13.51,10.0,0.13,73.5,31°C,lost,0.0,-10.13,2026-08-26T02:09:12Z
2026-08-25T02:02:58Z,highest-temperature-in-tel-aviv-on-august-25-2026,tel-aviv,2026-08-25,0,YES,33°C,0.74,13.51,10.0,0.13,73.0,33°C,won,13.51,3.38,2026-08-26T02:09:12Z
2026-08-25T02:02:58Z,highest-temperature-in-shanghai-on-august-25-2026,shanghai,2026-08-25,0,YES,31°C,0.65,15.38,10.0,0.1749,63.5,31°C,won,15.38,5.21,2026-08-26T02:09:12Z
2026-08-25T02:02:58Z,highest-temperature-in-singapore-on-august-25-2026,singapore,2026-08-25,0,YES,33°C,0.74,13.51,10.0,0.13,73.0,33°C,won,13.51,3.38,2026-08-26T02:09:12Z
2026-08-25T02:02:58Z,highest-temperature-in-madrid-on-august-25-2026,madrid,2026-08-25,0,YES,29°C,0.66,15.15,10.0,0.17,64.5,29°C,lost,0.0,-10.17,2026-08-26T02:09:12Z
2026-08-25T02:02:58Z,highest-temperature-in-istanbul-on-august-25-2026,istanbul,2026-08-25,0,YES,28°C,0.62,16.13,10.0,0.19,61.5,28°C,won,16.13,5.94,2026-08-26T02:09:12Z
2026-08-25T02:02:58Z,highest-temperature-in-helsinki-on-august-25-2026,helsinki,2026-08-25,0,YES,19°C,0.65,15.38,10.0,0.1749,63.5,19°C,won,15.38,5.21,2026-08-26T02:09:12Z
2026-08-25T02:02:58Z,highest-temperature-in-qingdao-on-august-25-2026,qingdao,2026-08-25,0,YES,33°C,0.62,16.13,10.0,0.19,60.5,33°C,lost,0.0,-10.19,2026-08-26T02:09:12Z
2026-08-25T02:02:58Z,highest-temperature-in-austin-on-august-25-2026,austin,2026-08-25,1,YES,102-103°F,0.66,15.15,10.0,0.17,64.5,102-103°F,won,15.15,4.98,2026-08-26T13:16:59Z
2026-08-25T13:15:35Z,highest-temperature-in-zhengzhou-on-august-26-2026,zhengzhou,2026-08-26,1,YES,>=32°C,0.95,10.53,10.0,0.025,93.0,>=32°C,won,10.53,0.5,2026-08-27T22:13:44Z
2026-08-25T13:15:35Z,highest-temperature-in-tel-aviv-on-august-27-2026,tel-aviv,2026-08-27,2,YES,33°C,0.62,16.13,10.0,0.19,61.5,33°C,won,16.13,5.94,2026-08-28T11:29:56Z
2026-08-26T02:09:12Z,highest-temperature-in-tel-aviv-on-august-26-2026,tel-aviv,2026-08-26,0,YES,33°C,0.65,15.38,10.0,0.1749,63.5,33°C,won,15.38,5.21,2026-08-27T09:48:20Z
2026-08-26T02:09:12Z,highest-temperature-in-shanghai-on-august-26-2026,shanghai,2026-08-26,0,YES,32°C,0.7,14.29,10.0,0.15,69.0,32°C,won,14.29,4.14,2026-08-27T09:48:20Z
2026-08-26T02:09:12Z,highest-temperature-in-milan-on-august-26-2026,milan,2026-08-26,0,YES,29°C,0.63,15.87,10.0,0.185,62.0,29°C,won,15.87,5.68,2026-08-27T09:48:20Z
2026-08-26T02:09:12Z,highest-temperature-in-warsaw-on-august-26-2026,warsaw,2026-08-26,0,YES,23°C,0.64,15.62,10.0,0.1799,63.0,23°C,won,15.62,5.44,2026-08-27T09:48:20Z
2026-08-26T02:09:12Z,highest-temperature-in-istanbul-on-august-26-2026,istanbul,2026-08-26,0,YES,27°C,0.63,15.87,10.0,0.185,62.0,27°C,lost,0.0,-10.19,2026-08-27T09:48:20Z
2026-08-26T02:09:12Z,highest-temperature-in-busan-on-august-26-2026,busan,2026-08-26,0,YES,35°C,0.62,16.13,10.0,0.19,60.5,35°C,lost,0.0,-10.19,2026-08-27T09:48:20Z
2026-08-26T02:09:12Z,highest-temperature-in-houston-on-august-26-2026,houston,2026-08-26,1,YES,98-99°F,0.65,15.38,10.0,0.1749,64.5,98-99°F,won,15.38,5.21,2026-08-27T09:48:20Z
2026-08-26T02:09:12Z,highest-temperature-in-nyc-on-august-27-2026,nyc,2026-08-27,2,YES,80-81°F,0.69,14.49,10.0,0.155,52.0,80-81°F,lost,0.0,-10.15,2026-08-28T11:29:56Z
2026-08-26T02:09:12Z,highest-temperature-in-denver-on-august-27-2026,denver,2026-08-27,2,YES,90-91°F,0.64,15.62,10.0,0.1799,50.5,90-91°F,won,15.62,5.44,2026-08-28T11:29:56Z
2026-08-26T13:16:59Z,highest-temperature-in-jinan-on-august-27-2026,jinan,2026-08-27,1,YES,>=26°C,0.7,14.29,10.0,0.15,69.5,>=26°C,won,14.29,4.14,2026-08-28T11:29:56Z
2026-08-26T13:16:59Z,highest-temperature-in-zhengzhou-on-august-27-2026,zhengzhou,2026-08-27,1,YES,31°C,0.83,12.05,10.0,0.085,44.0,31°C,lost,0.0,-10.09,2026-08-28T11:29:56Z
2026-08-26T13:16:59Z,highest-temperature-in-wellington-on-august-28-2026,wellington,2026-08-28,1,YES,15°C,0.63,15.87,10.0,0.185,62.5,15°C,lost,0.0,-10.19,2026-08-29T07:26:19Z
2026-08-26T13:16:59Z,highest-temperature-in-jeddah-on-august-28-2026,jeddah,2026-08-28,2,YES,>=38°C,0.66,15.15,10.0,0.17,65.5,>=38°C,won,15.15,4.98,2026-08-29T07:26:19Z
2026-08-27T09:48:20Z,highest-temperature-in-ankara-on-august-27-2026,ankara,2026-08-27,0,YES,32°C,0.63,15.87,10.0,0.185,59.0,32°C,lost,0.0,-10.19,2026-08-28T11:29:56Z
2026-08-27T09:48:20Z,highest-temperature-in-lucknow-on-august-27-2026,lucknow,2026-08-27,0,YES,32°C,0.96,10.42,10.0,0.02,94.5,32°C,won,10.42,0.4,2026-08-28T11:29:56Z
2026-08-27T09:48:20Z,highest-temperature-in-munich-on-august-27-2026,munich,2026-08-27,0,YES,31°C,0.66,15.15,10.0,0.17,64.5,31°C,lost,0.0,-10.17,2026-08-28T11:29:56Z
2026-08-27T09:48:20Z,highest-temperature-in-madrid-on-august-27-2026,madrid,2026-08-27,0,YES,24°C,0.64,15.62,10.0,0.1799,58.5,24°C,lost,0.0,-10.18,2026-08-28T11:29:56Z
2026-08-27T09:48:20Z,highest-temperature-in-warsaw-on-august-27-2026,warsaw,2026-08-27,0,YES,25°C,0.68,14.71,10.0,0.16,64.5,25°C,lost,0.0,-10.16,2026-08-28T11:29:56Z
2026-08-27T09:48:20Z,highest-temperature-in-moscow-on-august-27-2026,moscow,2026-08-27,0,YES,17°C,0.64,15.62,10.0,0.1799,60.5,17°C,won,15.62,5.44,2026-08-28T11:29:56Z
2026-08-27T09:48:20Z,highest-temperature-in-istanbul-on-august-27-2026,istanbul,2026-08-27,0,YES,27°C,0.83,12.05,10.0,0.085,81.5,27°C,won,12.05,1.97,2026-08-28T11:29:56Z
2026-08-27T09:48:20Z,highest-temperature-in-jeddah-on-august-27-2026,jeddah,2026-08-27,0,YES,38°C,0.74,13.51,10.0,0.13,73.5,38°C,won,13.51,3.38,2026-08-28T11:29:56Z
2026-08-27T09:48:20Z,highest-temperature-in-karachi-on-august-27-2026,karachi,2026-08-27,0,YES,32°C,0.94,10.64,10.0,0.03,92.0,32°C,won,10.64,0.61,2026-08-28T11:29:56Z
2026-08-27T09:48:20Z,highest-temperature-in-chicago-on-august-27-2026,chicago,2026-08-27,0,YES,80-81°F,0.71,14.08,10.0,0.145,70.0,80-81°F,lost,0.0,-10.14,2026-08-28T11:29:56Z
2026-08-27T09:48:20Z,highest-temperature-in-tel-aviv-on-august-28-2026,tel-aviv,2026-08-28,1,YES,33°C,0.68,14.71,10.0,0.16,67.0,33°C,won,14.71,4.55,2026-08-29T07:26:19Z
2026-08-27T09:48:20Z,highest-temperature-in-jinan-on-august-28-2026,jinan,2026-08-28,1,YES,>=26°C,0.89,11.24,10.0,0.055,55.5,>=26°C,lost,0.0,-10.05,2026-08-29T07:26:19Z
2026-08-28T11:29:56Z,highest-temperature-in-london-on-august-28-2026,london,2026-08-28,0,YES,>=25°C,0.86,11.63,10.0,0.07,84.0,>=25°C,won,11.63,1.56,2026-08-29T07:26:19Z
2026-08-28T11:29:56Z,highest-temperature-in-ankara-on-august-28-2026,ankara,2026-08-28,0,YES,27°C,0.79,12.66,10.0,0.105,78.5,27°C,won,12.66,2.56,2026-08-29T07:26:19Z
2026-08-28T11:29:56Z,highest-temperature-in-munich-on-august-28-2026,munich,2026-08-28,0,YES,29°C,0.96,10.42,10.0,0.02,94.5,29°C,won,10.42,0.4,2026-08-29T07:26:19Z
2026-08-28T11:29:56Z,highest-temperature-in-moscow-on-august-28-2026,moscow,2026-08-28,0,YES,21°C,0.68,14.71,10.0,0.16,58.5,21°C,won,14.71,4.55,2026-08-29T07:26:19Z
2026-08-28T11:29:56Z,highest-temperature-in-istanbul-on-august-28-2026,istanbul,2026-08-28,0,YES,24°C,0.79,12.66,10.0,0.105,70.5,24°C,won,12.66,2.56,2026-08-29T07:26:19Z
2026-08-28T11:29:56Z,highest-temperature-in-amsterdam-on-august-28-2026,amsterdam,2026-08-28,0,YES,21°C,0.71,14.08,10.0,0.145,59.0,21°C,lost,0.0,-10.14,2026-08-29T07:26:19Z
2026-08-28T11:29:56Z,highest-temperature-in-helsinki-on-august-28-2026,helsinki,2026-08-28,0,YES,20°C,0.65,15.38,10.0,0.1749,64.5,20°C,won,15.38,5.21,2026-08-29T07:26:19Z
2026-08-28T11:29:56Z,highest-temperature-in-cape-town-on-august-28-2026,cape-town,2026-08-28,0,YES,22°C,0.7,14.29,10.0,0.15,60.5,22°C,won,14.29,4.14,2026-08-29T07:26:19Z
2026-08-28T11:29:56Z,highest-temperature-in-toronto-on-august-28-2026,toronto,2026-08-28,0,YES,23°C,0.66,15.15,10.0,0.17,63.5,23°C,lost,0.0,-10.17,2026-08-29T07:26:19Z
2026-08-28T11:29:56Z,highest-temperature-in-seattle-on-august-28-2026,seattle,2026-08-28,0,YES,72-73°F,0.65,15.38,10.0,0.1749,64.5,72-73°F,won,15.38,5.21,2026-08-29T16:42:19Z
2026-08-28T11:29:56Z,highest-temperature-in-atlanta-on-august-28-2026,atlanta,2026-08-28,0,YES,90-91°F,0.64,15.62,10.0,0.1799,62.5,90-91°F,won,15.62,5.44,2026-08-29T07:26:19Z
2026-08-28T11:29:56Z,highest-temperature-in-miami-on-august-28-2026,miami,2026-08-28,0,YES,92-93°F,0.71,14.08,10.0,0.145,67.0,92-93°F,won,14.08,3.94,2026-08-29T07:26:19Z
2026-08-28T11:29:56Z,highest-temperature-in-chicago-on-august-28-2026,chicago,2026-08-28,0,YES,82-83°F,0.69,14.49,10.0,0.155,68.5,82-83°F,won,14.49,4.33,2026-08-29T07:26:19Z
2026-08-28T11:29:56Z,highest-temperature-in-mexico-city-on-august-28-2026,mexico-city,2026-08-28,0,YES,25°C,0.62,16.13,10.0,0.19,61.5,25°C,won,16.13,5.94,2026-08-29T07:26:19Z
2026-08-28T11:29:56Z,highest-temperature-in-wellington-on-august-29-2026,wellington,2026-08-29,1,YES,15°C,0.69,14.49,10.0,0.155,68.5,15°C,won,14.49,4.33,2026-08-30T05:29:20Z
2026-08-28T11:29:56Z,highest-temperature-in-tel-aviv-on-august-29-2026,tel-aviv,2026-08-29,1,YES,33°C,0.67,14.93,10.0,0.1651,66.0,33°C,won,14.93,4.76,2026-08-30T05:29:20Z
2026-08-28T11:29:56Z,highest-temperature-in-singapore-on-august-29-2026,singapore,2026-08-29,1,YES,33°C,0.69,14.49,10.0,0.155,68.5,33°C,won,14.49,4.33,2026-08-30T05:29:20Z
2026-08-28T11:29:56Z,highest-temperature-in-zhengzhou-on-august-29-2026,zhengzhou,2026-08-29,1,YES,30°C,0.89,11.24,10.0,0.055,47.5,30°C,lost,0.0,-10.05,2026-08-30T05:29:20Z
2026-08-28T11:29:56Z,highest-temperature-in-tel-aviv-on-august-30-2026,tel-aviv,2026-08-30,2,YES,31°C,0.64,15.62,10.0,0.1799,62.0,31°C,lost,0.0,-10.18,2026-08-31T05:41:15Z
2026-08-29T07:26:19Z,highest-temperature-in-lucknow-on-august-29-2026,lucknow,2026-08-29,0,YES,33°C,0.89,11.24,10.0,0.055,80.5,33°C,won,11.24,1.19,2026-08-30T05:29:20Z
2026-08-29T07:26:19Z,highest-temperature-in-hong-kong-on-august-29-2026,hong-kong,2026-08-29,0,YES,32°C,0.83,12.05,10.0,0.085,82.0,32°C,won,12.05,1.97,2026-08-31T19:09:47Z
2026-08-29T07:26:19Z,highest-temperature-in-shanghai-on-august-29-2026,shanghai,2026-08-29,0,YES,31°C,0.95,10.53,10.0,0.025,93.5,31°C,won,10.53,0.5,2026-08-30T05:29:20Z
2026-08-29T07:26:19Z,highest-temperature-in-madrid-on-august-29-2026,madrid,2026-08-29,0,YES,31°C,0.65,15.38,10.0,0.1749,64.5,31°C,lost,0.0,-10.17,2026-08-30T05:29:20Z
2026-08-29T07:26:19Z,highest-temperature-in-chongqing-on-august-29-2026,chongqing,2026-08-29,0,YES,27°C,0.88,11.36,10.0,0.06,86.5,27°C,won,11.36,1.3,2026-08-30T05:29:20Z
2026-08-29T07:26:19Z,highest-temperature-in-beijing-on-august-29-2026,beijing,2026-08-29,0,YES,29°C,0.78,12.82,10.0,0.11,64.0,29°C,lost,0.0,-10.11,2026-08-30T05:29:20Z
2026-08-29T07:26:19Z,highest-temperature-in-wuhan-on-august-29-2026,wuhan,2026-08-29,0,YES,30°C,0.65,15.38,10.0,0.1749,60.0,30°C,won,15.38,5.21,2026-08-30T05:29:20Z
2026-08-29T07:26:19Z,highest-temperature-in-helsinki-on-august-29-2026,helsinki,2026-08-29,0,YES,20°C,0.63,15.87,10.0,0.185,60.5,20°C,lost,0.0,-10.19,2026-08-30T05:29:20Z
2026-08-29T07:26:19Z,highest-temperature-in-kuala-lumpur-on-august-29-2026,kuala-lumpur,2026-08-29,0,YES,34°C,0.88,11.36,10.0,0.06,87.5,34°C,won,11.36,1.3,2026-08-30T05:29:20Z
2026-08-29T07:26:19Z,highest-temperature-in-guangzhou-on-august-29-2026,guangzhou,2026-08-29,0,YES,36°C,0.89,11.24,10.0,0.055,84.5,36°C,won,11.24,1.19,2026-08-30T05:29:20Z
2026-08-29T07:26:19Z,highest-temperature-in-qingdao-on-august-29-2026,qingdao,2026-08-29,0,YES,28°C,0.85,11.76,10.0,0.075,80.5,28°C,won,11.76,1.68,2026-08-30T05:29:20Z
2026-08-29T07:26:19Z,highest-temperature-in-manila-on-august-29-2026,manila,2026-08-29,0,YES,26°C,0.91,10.99,10.0,0.045,83.0,26°C,lost,0.0,-10.04,2026-08-30T05:29:20Z
2026-08-29T07:26:19Z,highest-temperature-in-jinan-on-august-29-2026,jinan,2026-08-29,0,YES,>=26°C,0.89,11.24,10.0,0.055,71.5,>=26°C,won,11.24,1.19,2026-08-30T05:29:20Z
2026-08-29T07:26:19Z,highest-temperature-in-madrid-on-august-30-2026,madrid,2026-08-30,1,YES,33°C,0.63,15.87,10.0,0.185,62.0,33°C,won,15.87,5.68,2026-08-31T05:41:15Z
2026-08-29T07:26:19Z,highest-temperature-in-jeddah-on-august-30-2026,jeddah,2026-08-30,1,YES,>=40°C,0.65,15.38,10.0,0.1749,64.0,>=40°C,lost,0.0,-10.17,2026-08-31T05:41:15Z
2026-08-29T07:26:19Z,highest-temperature-in-tel-aviv-on-august-31-2026,tel-aviv,2026-08-31,2,YES,32°C,0.64,15.62,10.0,0.1799,63.5,32°C,won,15.62,5.44,2026-09-01T05:17:04Z
2026-08-30T05:29:20Z,highest-temperature-in-paris-on-august-30-2026,paris,2026-08-30,0,YES,24°C,0.62,16.13,10.0,0.19,61.0,24°C,won,16.13,5.94,2026-08-31T05:41:15Z
2026-08-30T05:29:20Z,highest-temperature-in-seoul-on-august-30-2026,seoul,2026-08-30,0,YES,27°C,0.85,11.76,10.0,0.075,80.5,27°C,won,11.76,1.68,2026-08-31T05:41:15Z
2026-08-30T05:29:20Z,highest-temperature-in-munich-on-august-30-2026,munich,2026-08-30,0,YES,27°C,0.7,14.29,10.0,0.15,68.5,27°C,won,14.29,4.14,2026-08-31T19:09:47Z
2026-08-30T05:29:20Z,highest-temperature-in-tokyo-on-august-30-2026,tokyo,2026-08-30,0,YES,26°C,0.79,12.66,10.0,0.105,72.0,26°C,won,12.66,2.56,2026-08-31T05:41:15Z
2026-08-30T05:29:20Z,highest-temperature-in-hong-kong-on-august-30-2026,hong-kong,2026-08-30,0,YES,30°C,0.93,10.75,10.0,0.035,92.5,30°C,won,10.75,0.71,2026-08-31T19:09:47Z
2026-08-30T05:29:20Z,highest-temperature-in-shanghai-on-august-30-2026,shanghai,2026-08-30,0,YES,32°C,0.67,14.93,10.0,0.1651,61.5,32°C,lost,0.0,-10.17,2026-08-31T05:41:15Z
2026-08-30T05:29:20Z,highest-temperature-in-singapore-on-august-30-2026,singapore,2026-08-30,0,YES,32°C,0.74,13.51,10.0,0.13,72.0,32°C,won,13.51,3.38,2026-08-31T05:41:15Z
2026-08-30T05:29:20Z,highest-temperature-in-milan-on-august-30-2026,milan,2026-08-30,0,YES,30°C,0.75,13.33,10.0,0.125,74.0,30°C,lost,0.0,-10.12,2026-08-31T19:09:47Z
2026-08-30T05:29:20Z,highest-temperature-in-taipei-on-august-30-2026,taipei,2026-08-30,0,YES,35°C,0.64,15.62,10.0,0.1799,50.5,35°C,won,15.62,5.44,2026-08-31T05:41:15Z
2026-08-30T05:29:20Z,highest-temperature-in-beijing-on-august-30-2026,beijing,2026-08-30,0,YES,33°C,0.63,15.87,10.0,0.185,59.0,33°C,lost,0.0,-10.19,2026-08-31T05:41:15Z
2026-08-30T05:29:20Z,highest-temperature-in-istanbul-on-august-30-2026,istanbul,2026-08-30,0,YES,26°C,0.68,14.71,10.0,0.16,66.5,26°C,won,14.71,4.55,2026-08-31T05:41:15Z
2026-08-30T05:29:20Z,highest-temperature-in-busan-on-august-30-2026,busan,2026-08-30,0,YES,32°C,0.72,13.89,10.0,0.14,65.5,32°C,lost,0.0,-10.14,2026-08-31T05:41:15Z
2026-08-30T05:29:20Z,highest-temperature-in-cape-town-on-august-30-2026,cape-town,2026-08-30,0,YES,17°C,0.71,14.08,10.0,0.145,69.0,17°C,lost,0.0,-10.14,2026-08-31T05:41:15Z
2026-08-30T05:29:20Z,highest-temperature-in-qingdao-on-august-30-2026,qingdao,2026-08-30,0,YES,27°C,0.7,14.29,10.0,0.15,58.0,27°C,won,14.29,4.14,2026-08-31T05:41:15Z
2026-08-30T05:29:20Z,highest-temperature-in-dallas-on-august-30-2026,dallas,2026-08-30,0,YES,100-101°F,0.64,15.62,10.0,0.1799,63.0,100-101°F,won,15.62,5.44,2026-08-31T19:09:47Z
2026-08-30T05:29:20Z,highest-temperature-in-atlanta-on-august-30-2026,atlanta,2026-08-30,0,YES,90-91°F,0.62,16.13,10.0,0.19,61.0,90-91°F,won,16.13,5.94,2026-08-31T19:09:47Z
2026-08-30T05:29:20Z,highest-temperature-in-austin-on-august-30-2026,austin,2026-08-30,0,YES,98-99°F,0.62,16.13,10.0,0.19,61.5,98-99°F,won,16.13,5.94,2026-08-31T19:09:47Z
2026-08-30T05:29:20Z,highest-temperature-in-zhengzhou-on-august-30-2026,zhengzhou,2026-08-30,0,YES,>=32°C,0.92,10.87,10.0,0.04,48.5,>=32°C,won,10.87,0.83,2026-08-31T05:41:15Z
2026-08-30T05:29:20Z,highest-temperature-in-madrid-on-august-31-2026,madrid,2026-08-31,1,YES,34°C,0.62,16.13,10.0,0.19,61.0,34°C,lost,0.0,-10.19,2026-09-01T05:17:04Z
2026-08-31T05:41:15Z,highest-temperature-in-seoul-on-august-31-2026,seoul,2026-08-31,0,YES,25°C,0.93,10.75,10.0,0.035,92.5,25°C,won,10.75,0.71,2026-09-01T05:17:04Z
2026-08-31T05:41:15Z,highest-temperature-in-munich-on-august-31-2026,munich,2026-08-31,0,YES,25°C,0.68,14.71,10.0,0.16,66.5,25°C,won,14.71,4.55,2026-09-01T05:17:04Z
2026-08-31T05:41:15Z,highest-temperature-in-hong-kong-on-august-31-2026,hong-kong,2026-08-31,0,YES,29°C,0.96,10.42,10.0,0.02,95.5,29°C,won,10.42,0.4,2026-09-01T05:17:04Z
2026-08-31T05:41:15Z,highest-temperature-in-shanghai-on-august-31-2026,shanghai,2026-08-31,0,YES,33°C,0.93,10.75,10.0,0.035,87.0,33°C,won,10.75,0.71,2026-09-01T05:17:04Z
2026-08-31T05:41:15Z,highest-temperature-in-milan-on-august-31-2026,milan,2026-08-31,0,YES,31°C,0.8,12.5,10.0,0.1,76.5,31°C,won,12.5,2.4,2026-09-01T05:17:04Z
2026-08-31T05:41:15Z,highest-temperature-in-warsaw-on-august-31-2026,warsaw,2026-08-31,0,YES,>=27°C,0.69,14.49,10.0,0.155,66.5,>=27°C,won,14.49,4.33,2026-09-01T05:17:04Z
2026-08-31T05:41:15Z,highest-temperature-in-taipei-on-august-31-2026,taipei,2026-08-31,0,YES,34°C,0.91,10.99,10.0,0.045,88.0,34°C,won,10.99,0.95,2026-09-01T05:17:04Z
2026-08-31T05:41:15Z,highest-temperature-in-shenzhen-on-august-31-2026,shenzhen,2026-08-31,0,YES,30°C,0.95,10.53,10.0,0.025,93.0,30°C,won,10.53,0.5,2026-09-01T05:17:04Z
2026-08-31T05:41:15Z,highest-temperature-in-moscow-on-august-31-2026,moscow,2026-08-31,0,YES,22°C,0.62,16.13,10.0,0.19,60.5,22°C,lost,0.0,-10.19,2026-09-01T05:17:04Z
2026-08-31T05:41:15Z,highest-temperature-in-amsterdam-on-august-31-2026,amsterdam,2026-08-31,0,YES,19°C,0.63,15.87,10.0,0.185,61.0,19°C,lost,0.0,-10.19,2026-09-01T05:17:04Z
2026-08-31T05:41:15Z,highest-temperature-in-cape-town-on-august-31-2026,cape-town,2026-08-31,0,YES,17°C,0.63,15.87,10.0,0.185,61.5,17°C,lost,0.0,-10.19,2026-09-01T05:17:04Z
2026-08-31T05:41:15Z,highest-temperature-in-qingdao-on-august-31-2026,qingdao,2026-08-31,0,YES,31°C,0.84,11.9,10.0,0.08,64.0,31°C,won,11.9,1.82,2026-09-01T05:17:04Z
2026-08-31T05:41:15Z,highest-temperature-in-manila-on-august-31-2026,manila,2026-08-31,0,YES,33°C,0.94,10.64,10.0,0.03,75.0,33°C,won,10.64,0.61,2026-09-01T05:17:04Z
2026-08-31T05:41:15Z,highest-temperature-in-atlanta-on-august-31-2026,atlanta,2026-08-31,0,YES,92-93°F,0.63,15.87,10.0,0.185,62.0,92-93°F,won,15.87,5.68,2026-09-01T16:37:25Z
2026-08-31T05:41:15Z,highest-temperature-in-sao-paulo-on-august-31-2026,sao-paulo,2026-08-31,0,YES,<=29°C,0.78,12.82,10.0,0.11,76.5,<=29°C,won,12.82,2.71,2026-09-01T05:17:04Z
2026-08-31T05:41:15Z,highest-temperature-in-tel-aviv-on-september-1-2026,tel-aviv,2026-09-01,1,YES,32°C,0.62,16.13,10.0,0.19,61.0,32°C,won,16.13,5.94,2026-09-02T04:36:54Z
2026-08-31T05:41:15Z,highest-temperature-in-tel-aviv-on-september-2-2026,tel-aviv,2026-09-02,2,YES,33°C,0.64,15.62,10.0,0.1799,59.5,33°C,won,15.62,5.44,2026-09-03T04:30:29Z
2026-08-31T05:41:15Z,highest-temperature-in-milan-on-september-2-2026,milan,2026-09-02,2,YES,30°C,0.7,14.29,10.0,0.15,52.5,30°C,won,14.29,4.14,2026-09-03T04:30:29Z
2026-08-31T19:09:47Z,highest-temperature-in-nyc-on-september-2-2026,nyc,2026-09-02,2,YES,76-77°F,0.66,15.15,10.0,0.17,46.5,76-77°F,lost,0.0,-10.17,2026-09-03T16:28:10Z
2026-08-31T19:09:47Z,highest-temperature-in-chicago-on-september-2-2026,chicago,2026-09-02,2,YES,92-93°F,0.63,15.87,10.0,0.185,42.0,92-93°F,lost,0.0,-10.19,2026-09-03T16:28:10Z
2026-09-01T05:17:04Z,highest-temperature-in-seoul-on-september-1-2026,seoul,2026-09-01,0,YES,25°C,0.65,15.38,10.0,0.1749,59.0,25°C,won,15.38,5.21,2026-09-02T04:36:54Z
2026-09-01T05:17:04Z,highest-temperature-in-ankara-on-september-1-2026,ankara,2026-09-01,0,YES,30°C,0.63,15.87,10.0,0.185,62.0,30°C,won,15.87,5.68,2026-09-02T04:36:54Z
2026-09-01T05:17:04Z,highest-temperature-in-munich-on-september-1-2026,munich,2026-09-01,0,YES,24°C,0.63,15.87,10.0,0.185,62.0,24°C,won,15.87,5.68,2026-09-02T04:36:54Z
2026-09-01T05:17:04Z,highest-temperature-in-tokyo-on-september-1-2026,tokyo,2026-09-01,0,YES,28°C,0.7,14.29,10.0,0.15,68.0,28°C,won,14.29,4.14,2026-09-02T04:36:54Z
2026-09-01T05:17:04Z,highest-temperature-in-hong-kong-on-september-1-2026,hong-kong,2026-09-01,0,YES,28°C,0.92,10.87,10.0,0.04,91.0,28°C,won,10.87,0.83,2026-09-02T16:35:23Z
2026-09-01T05:17:04Z,highest-temperature-in-wuhan-on-september-1-2026,wuhan,2026-09-01,0,YES,28°C,0.85,11.76,10.0,0.075,83.0,28°C,won,11.76,1.68,2026-09-02T04:36:54Z
2026-09-01T05:17:04Z,highest-temperature-in-shenzhen-on-september-1-2026,shenzhen,2026-09-01,0,YES,28°C,0.75,13.33,10.0,0.125,64.0,28°C,lost,0.0,-10.12,2026-09-02T04:36:54Z
2026-09-01T05:17:04Z,highest-temperature-in-istanbul-on-september-1-2026,istanbul,2026-09-01,0,YES,27°C,0.71,14.08,10.0,0.145,70.5,27°C,lost,0.0,-10.14,2026-09-02T04:36:54Z
2026-09-01T05:17:04Z,highest-temperature-in-amsterdam-on-september-1-2026,amsterdam,2026-09-01,0,YES,20°C,0.64,15.62,10.0,0.1799,62.5,20°C,won,15.62,5.44,2026-09-02T04:36:54Z
2026-09-01T05:17:04Z,highest-temperature-in-helsinki-on-september-1-2026,helsinki,2026-09-01,0,YES,20°C,0.66,15.15,10.0,0.17,64.5,20°C,won,15.15,4.98,2026-09-02T04:36:54Z
2026-09-01T05:17:04Z,highest-temperature-in-qingdao-on-september-1-2026,qingdao,2026-09-01,0,YES,30°C,0.86,11.63,10.0,0.07,77.0,30°C,won,11.63,1.56,2026-09-02T04:36:54Z
2026-09-01T05:17:04Z,highest-temperature-in-karachi-on-september-1-2026,karachi,2026-09-01,0,YES,31°C,0.69,14.49,10.0,0.155,67.0,31°C,lost,0.0,-10.15,2026-09-02T04:36:54Z
2026-09-01T05:17:04Z,highest-temperature-in-manila-on-september-1-2026,manila,2026-09-01,0,YES,32°C,0.74,13.51,10.0,0.13,66.5,32°C,won,13.51,3.38,2026-09-02T04:36:54Z
2026-09-01T05:17:04Z,highest-temperature-in-dallas-on-september-1-2026,dallas,2026-09-01,0,YES,98-99°F,0.64,15.62,10.0,0.1799,63.5,98-99°F,won,15.62,5.44,2026-09-02T16:35:23Z
2026-09-01T05:17:04Z,highest-temperature-in-miami-on-september-1-2026,miami,2026-09-01,0,YES,90-91°F,0.63,15.87,10.0,0.185,61.5,90-91°F,lost,0.0,-10.19,2026-09-02T16:35:23Z
2026-09-01T05:17:04Z,highest-temperature-in-moscow-on-september-3-2026,moscow,2026-09-03,2,YES,20°C,0.7,14.29,10.0,0.15,36.0,20°C,lost,0.0,-10.15,2026-09-04T04:33:01Z
2026-09-02T04:36:54Z,highest-temperature-in-ankara-on-september-2-2026,ankara,2026-09-02,0,YES,31°C,0.64,15.62,10.0,0.1799,60.5,31°C,won,15.62,5.44,2026-09-03T04:30:29Z
2026-09-02T04:36:54Z,highest-temperature-in-wellington-on-september-2-2026,wellington,2026-09-02,0,YES,15°C,0.88,11.36,10.0,0.06,78.5,15°C,won,11.36,1.3,2026-09-03T04:30:29Z
2026-09-02T04:36:54Z,highest-temperature-in-munich-on-september-2-2026,munich,2026-09-02,0,YES,25°C,0.64,15.62,10.0,0.1799,63.0,25°C,won,15.62,5.44,2026-09-03T04:30:29Z
2026-09-02T04:36:54Z,highest-temperature-in-singapore-on-september-2-2026,singapore,2026-09-02,0,YES,33°C,0.79,12.66,10.0,0.105,75.5,33°C,won,12.66,2.56,2026-09-03T04:30:29Z
2026-09-02T04:36:54Z,highest-temperature-in-madrid-on-september-2-2026,madrid,2026-09-02,0,YES,36°C,0.77,12.99,10.0,0.115,75.5,36°C,won,12.99,2.88,2026-09-03T04:30:29Z
2026-09-02T04:36:54Z,highest-temperature-in-beijing-on-september-2-2026,beijing,2026-09-02,0,YES,31°C,0.65,15.38,10.0,0.1749,64.0,31°C,won,15.38,5.21,2026-09-03T04:30:29Z
2026-09-02T04:36:54Z,highest-temperature-in-amsterdam-on-september-2-2026,amsterdam,2026-09-02,0,YES,21°C,0.67,14.93,10.0,0.1651,65.5,21°C,lost,0.0,-10.17,2026-09-03T04:30:29Z
2026-09-02T04:36:54Z,highest-temperature-in-manila-on-september-2-2026,manila,2026-09-02,0,YES,32°C,0.62,16.13,10.0,0.19,60.5,32°C,lost,0.0,-10.19,2026-09-03T04:30:29Z
2026-09-02T04:36:54Z,highest-temperature-in-ankara-on-september-3-2026,ankara,2026-09-03,1,YES,30°C,0.62,16.13,10.0,0.19,61.5,30°C,won,16.13,5.94,2026-09-04T04:33:01Z
2026-09-02T04:36:54Z,highest-temperature-in-tel-aviv-on-september-3-2026,tel-aviv,2026-09-03,1,YES,32°C,0.71,14.08,10.0,0.145,70.0,32°C,won,14.08,3.94,2026-09-04T04:33:01Z
2026-09-02T04:36:54Z,highest-temperature-in-singapore-on-september-3-2026,singapore,2026-09-03,1,YES,33°C,0.63,15.87,10.0,0.185,62.5,33°C,won,15.87,5.68,2026-09-04T04:33:01Z
2026-09-02T16:35:23Z,highest-temperature-in-tel-aviv-on-september-4-2026,tel-aviv,2026-09-04,2,YES,32°C,0.7,14.29,10.0,0.15,69.5,32°C,won,14.29,4.14,2026-09-05T04:34:59Z
2026-09-02T16:35:23Z,highest-temperature-in-singapore-on-september-4-2026,singapore,2026-09-04,1,YES,33°C,0.64,15.62,10.0,0.1799,63.5,33°C,won,15.62,5.44,2026-09-05T04:34:59Z
2026-09-02T16:35:23Z,highest-temperature-in-panama-city-on-september-4-2026,panama-city,2026-09-04,2,YES,30°C,0.67,14.93,10.0,0.1651,33.5,30°C,open,,,
2026-09-03T04:30:29Z,highest-temperature-in-seoul-on-september-3-2026,seoul,2026-09-03,0,YES,30°C,0.64,15.62,10.0,0.1799,61.5,30°C,lost,0.0,-10.18,2026-09-04T04:33:01Z
2026-09-03T04:30:29Z,highest-temperature-in-munich-on-september-3-2026,munich,2026-09-03,0,YES,25°C,0.64,15.62,10.0,0.1799,63.0,25°C,won,15.62,5.44,2026-09-04T04:33:01Z
2026-09-03T04:30:29Z,highest-temperature-in-tokyo-on-september-3-2026,tokyo,2026-09-03,0,YES,31°C,0.88,11.36,10.0,0.06,85.0,31°C,won,11.36,1.3,2026-09-04T04:33:01Z
2026-09-03T04:30:29Z,highest-temperature-in-shanghai-on-september-3-2026,shanghai,2026-09-03,0,YES,31°C,0.83,12.05,10.0,0.085,79.0,31°C,won,12.05,1.97,2026-09-04T04:33:01Z
2026-09-03T04:30:29Z,highest-temperature-in-milan-on-september-3-2026,milan,2026-09-03,0,YES,31°C,0.7,14.29,10.0,0.15,68.0,31°C,won,14.29,4.14,2026-09-04T04:33:01Z
2026-09-03T04:30:29Z,highest-temperature-in-madrid-on-september-3-2026,madrid,2026-09-03,0,YES,38°C,0.75,13.33,10.0,0.125,73.5,38°C,won,13.33,3.21,2026-09-04T04:33:01Z
2026-09-03T04:30:29Z,highest-temperature-in-taipei-on-september-3-2026,taipei,2026-09-03,0,YES,30°C,0.83,12.05,10.0,0.085,82.0,30°C,won,12.05,1.97,2026-09-04T04:33:01Z
2026-09-03T04:30:29Z,highest-temperature-in-istanbul-on-september-3-2026,istanbul,2026-09-03,0,YES,26°C,0.74,13.51,10.0,0.13,72.5,26°C,lost,0.0,-10.13,2026-09-04T04:33:01Z
2026-09-03T04:30:29Z,highest-temperature-in-busan-on-september-3-2026,busan,2026-09-03,0,YES,31°C,0.79,12.66,10.0,0.105,63.5,31°C,won,12.66,2.56,2026-09-04T04:33:01Z
2026-09-03T04:30:29Z,highest-temperature-in-helsinki-on-september-3-2026,helsinki,2026-09-03,0,YES,19°C,0.73,13.7,10.0,0.135,72.5,19°C,won,13.7,3.56,2026-09-04T04:33:01Z
2026-09-03T04:30:29Z,highest-temperature-in-kuala-lumpur-on-september-3-2026,kuala-lumpur,2026-09-03,0,YES,33°C,0.72,13.89,10.0,0.14,70.0,33°C,won,13.89,3.75,2026-09-04T04:33:01Z
2026-09-03T04:30:29Z,highest-temperature-in-manila-on-september-3-2026,manila,2026-09-03,0,YES,32°C,0.88,11.36,10.0,0.06,87.5,32°C,won,11.36,1.3,2026-09-04T04:33:01Z
2026-09-03T04:30:29Z,highest-temperature-in-los-angeles-on-september-3-2026,los-angeles,2026-09-03,1,YES,76-77°F,0.67,14.93,10.0,0.1651,66.0,76-77°F,won,14.93,4.76,2026-09-04T16:23:58Z
2026-09-03T04:30:29Z,highest-temperature-in-wellington-on-september-4-2026,wellington,2026-09-04,1,YES,18°C,0.62,16.13,10.0,0.19,61.0,18°C,won,16.13,5.94,2026-09-05T04:34:59Z
2026-09-03T16:28:10Z,highest-temperature-in-tel-aviv-on-september-5-2026,tel-aviv,2026-09-05,2,YES,32°C,0.71,14.08,10.0,0.145,69.5,32°C,open,,,
2026-09-04T04:33:01Z,highest-temperature-in-seoul-on-september-4-2026,seoul,2026-09-04,0,YES,30°C,0.66,15.15,10.0,0.17,64.0,30°C,won,15.15,4.98,2026-09-05T04:34:59Z
2026-09-04T04:33:01Z,highest-temperature-in-shanghai-on-september-4-2026,shanghai,2026-09-04,0,YES,31°C,0.89,11.24,10.0,0.055,87.0,31°C,won,11.24,1.19,2026-09-05T04:34:59Z
2026-09-04T04:33:01Z,highest-temperature-in-milan-on-september-4-2026,milan,2026-09-04,0,YES,32°C,0.65,15.38,10.0,0.1749,62.5,32°C,lost,0.0,-10.17,2026-09-05T04:34:59Z
2026-09-04T04:33:01Z,highest-temperature-in-madrid-on-september-4-2026,madrid,2026-09-04,0,YES,39°C,0.73,13.7,10.0,0.135,72.0,39°C,lost,0.0,-10.13,2026-09-05T04:34:59Z
2026-09-04T04:33:01Z,highest-temperature-in-taipei-on-september-4-2026,taipei,2026-09-04,0,YES,27°C,0.7,14.29,10.0,0.15,68.2,27°C,won,14.29,4.14,2026-09-05T04:34:59Z
2026-09-04T04:33:01Z,highest-temperature-in-moscow-on-september-4-2026,moscow,2026-09-04,0,YES,21°C,0.7,14.29,10.0,0.15,69.5,21°C,won,14.29,4.14,2026-09-05T04:34:59Z
2026-09-04T04:33:01Z,highest-temperature-in-istanbul-on-september-4-2026,istanbul,2026-09-04,0,YES,26°C,0.74,13.51,10.0,0.13,72.0,26°C,won,13.51,3.38,2026-09-05T04:34:59Z
2026-09-04T04:33:01Z,highest-temperature-in-denver-on-september-4-2026,denver,2026-09-04,1,YES,92-93°F,0.62,16.13,10.0,0.19,61.5,92-93°F,open,,,
2026-09-04T04:33:01Z,highest-temperature-in-los-angeles-on-september-4-2026,los-angeles,2026-09-04,1,YES,76-77°F,0.62,16.13,10.0,0.19,61.5,76-77°F,open,,,
2026-09-04T04:33:01Z,highest-temperature-in-buenos-aires-on-september-4-2026,buenos-aires,2026-09-04,0,YES,18°C,0.62,16.13,10.0,0.19,61.0,18°C,won,16.13,5.94,2026-09-05T04:34:59Z
2026-09-04T04:33:01Z,highest-temperature-in-singapore-on-september-5-2026,singapore,2026-09-05,1,YES,33°C,0.65,15.38,10.0,0.1749,63.5,33°C,open,,,
2026-09-04T16:23:58Z,highest-temperature-in-jinan-on-september-5-2026,jinan,2026-09-05,0,YES,>=26°C,0.91,10.99,10.0,0.045,90.5,>=26°C,open,,,
2026-09-04T16:23:58Z,highest-temperature-in-zhengzhou-on-september-5-2026,zhengzhou,2026-09-05,0,YES,>=32°C,0.66,15.15,10.0,0.17,51.0,>=32°C,open,,,
2026-09-04T16:23:58Z,highest-temperature-in-singapore-on-september-6-2026,singapore,2026-09-06,1,YES,33°C,0.69,14.49,10.0,0.155,68.5,33°C,open,,,
2026-09-05T04:34:58Z,highest-temperature-in-ankara-on-september-5-2026,ankara,2026-09-05,0,YES,29°C,0.66,15.15,10.0,0.17,65.5,29°C,open,,,
2026-09-05T04:34:58Z,highest-temperature-in-munich-on-september-5-2026,munich,2026-09-05,0,YES,24°C,0.62,16.13,10.0,0.19,61.0,24°C,open,,,
2026-09-05T04:34:58Z,highest-temperature-in-milan-on-september-5-2026,milan,2026-09-05,0,YES,33°C,0.67,14.93,10.0,0.1651,65.5,33°C,open,,,
2026-09-05T04:34:58Z,highest-temperature-in-warsaw-on-september-5-2026,warsaw,2026-09-05,0,YES,21°C,0.62,16.13,10.0,0.19,61.5,21°C,open,,,
2026-09-05T04:34:58Z,highest-temperature-in-taipei-on-september-5-2026,taipei,2026-09-05,0,YES,31°C,0.68,14.71,10.0,0.16,63.5,31°C,open,,,
2026-09-05T04:34:58Z,highest-temperature-in-istanbul-on-september-5-2026,istanbul,2026-09-05,0,YES,27°C,0.77,12.99,10.0,0.115,76.5,27°C,open,,,
2026-09-05T04:34:58Z,highest-temperature-in-busan-on-september-5-2026,busan,2026-09-05,0,YES,29°C,0.79,12.66,10.0,0.105,75.0,29°C,open,,,
2026-09-05T04:34:58Z,highest-temperature-in-helsinki-on-september-5-2026,helsinki,2026-09-05,0,YES,18°C,0.63,15.87,10.0,0.185,61.5,18°C,open,,,
2026-09-05T04:34:58Z,highest-temperature-in-manila-on-september-5-2026,manila,2026-09-05,0,YES,29°C,0.94,10.64,10.0,0.03,91.0,29°C,open,,,
2026-09-05T04:34:58Z,highest-temperature-in-miami-on-september-5-2026,miami,2026-09-05,0,YES,90-91°F,0.62,16.13,10.0,0.19,61.5,90-91°F,open,,,
2026-09-05T04:34:58Z,highest-temperature-in-wellington-on-september-6-2026,wellington,2026-09-06,1,YES,15°C,0.62,16.13,10.0,0.19,61.0,15°C,open,,,
